{"train_auroc":0.474683552980423,"test_recall0.75":0,"test_recall0.25":1,"test_precision0.5":0.2531645596027374,"test_precision0.75":0,"val_recall0.75":0,"test_balanced_accuracy0.5":0.5,"test_precision0.25":0.2531645596027374,"val_recall0.5":1,"val_balanced_accuracy0.5":0.5,"val_accuracy0.75":0.7523809671401978,"val_accuracy0.5":0.24761904776096344,"val_recall0.25":1,"_timestamp":1.751457536573906e+09,"val_auroc":0.5,"val_balanced_accuracy0.25":0.5,"val_precision0.25":0.24761904776096344,"_wandb":{"runtime":1803},"val_precision0.75":0,"test_balanced_accuracy0.75":0.5,"test_balanced_accuracy0.25":0.5,"val_balanced_accuracy0.75":0.5,"test_auroc":0.5,"val_accuracy0.25":0.24761904776096344,"val_precision0.5":0.24761904776096344,"test_recall0.5":1,"test_accuracy0.25":0.2531645596027374,"test_accuracy0.5":0.2531645596027374,"test_accuracy0.75":0.746835470199585,"train_loss":2.093630790710449,"_runtime":1803.577955533,"_step":429}