{"_wandb":{"runtime":1760},"val_accuracy":0.75,"val_loss":0.36908355355262756,"val_auroc":0.5,"val_precision":0,"train_auroc":0.5,"test_auroc":0.5,"_step":47,"test_accuracy":0.75,"train_loss":0.37684115767478943,"_runtime":1758.100685726,"val_recall":0,"test_precision":0,"_timestamp":1.7476537288057647e+09,"test_recall":0}