{"test_recall":0,"_runtime":166.694481687,"val_precision":0,"test_balanced_accuracy":0.5,"test_auroc":0.5194805264472961,"train_loss":1.6414848566055298,"test_accuracy":0.7480915784835815,"val_balanced_accuracy":0.5,"train_auroc":0.6633087992668152,"_step":55,"_wandb":{"runtime":166},"val_loss":1.717764139175415,"val_recall":0,"test_precision":0,"_timestamp":1.749487693472216e+09,"val_accuracy":0.7407407164573669,"val_auroc":0.5357142686843872}