{"test_precision0.25":0.25,"val_precision0.75":0,"test_accuracy0.5":0.25,"train_kld_loss":0.27961423993110657,"val_precision0.25":0.25233644247055054,"val_recall0.25":1,"val_accuracy0.75":0.7476635575294495,"test_precision0.75":0,"test_recall0.5":1,"val_accuracy0.5":0.25233644247055054,"train_mu":-3.76444546645871e-08,"train_logvar":7.400825552394963e-08,"val_recall0.5":1,"test_recall0.25":1,"test_precision0.5":0.25,"test_accuracy0.25":0.25,"_step":99,"train_surv_loss":0.997563362121582,"val_accuracy0.25":0.25233644247055054,"val_auroc":0.5,"train_auroc":0.420770525932312,"_runtime":1938.886854,"test_balanced_accuracy0.5":0.5,"train_loss":1.4288235902786255,"train_recon_loss_no_kld":0.5829062461853027,"val_recall0.75":0,"test_balanced_accuracy0.25":0.5,"val_balanced_accuracy0.5":0.5,"test_balanced_accuracy0.75":0.5,"test_auroc":0.5,"val_balanced_accuracy0.75":0.5,"test_accuracy0.75":0.75,"_wandb":{"runtime":1938},"_timestamp":1.754926384570516e+09,"test_recall0.75":0,"val_balanced_accuracy0.25":0.5,"val_precision0.5":0.25233644247055054}