{"test_auroc":0.5499999523162842,"test_accuracy0.75":0.746835470199585,"train_loss":1.5914111137390137,"val_balanced_accuracy0.5":0.5,"train_auroc":0.7358812093734741,"_step":499,"val_recall0.75":0,"val_precision0.75":0,"_timestamp":1.749923042667161e+09,"test_precision0.75":0,"val_accuracy0.75":0.7523809671401978,"test_accuracy0.25":0.5316455960273743,"test_recall0.25":0.550000011920929,"test_recall0.5":0,"val_accuracy0.25":0.5333333611488342,"val_recall0.5":0,"test_balanced_accuracy0.5":0.5,"val_auroc":0.5345667004585266,"_runtime":2193.05364179,"val_accuracy0.5":0.7523809671401978,"val_balanced_accuracy0.25":0.5350535540408958,"test_precision0.25":0.28205129504203796,"val_balanced_accuracy0.75":0.5,"test_balanced_accuracy0.75":0.5,"val_recall0.25":0.5384615659713745,"test_balanced_accuracy0.25":0.5377118644067798,"test_recall0.75":0,"test_accuracy0.5":0.746835470199585,"test_precision0.5":0,"val_precision0.5":0,"val_precision0.25":0.27450981736183167,"_wandb":{"runtime":2193}}