{"val_balanced_accuracy0.75":0.5,"val_accuracy0.75":0.7476635575294495,"val_precision0.5":0,"test_recall0.25":1,"val_recall0.5":0,"val_recall0.25":1,"train_loss":2.0725600719451904,"test_recall0.75":0,"test_balanced_accuracy0.25":0.5,"test_accuracy0.75":0.75,"_runtime":1609.519885717,"_timestamp":1.7531009847470663e+09,"val_balanced_accuracy0.5":0.5,"val_precision0.25":0.25233644247055054,"test_precision0.25":0.25,"test_recall0.5":0,"train_auroc":0.43429845571517944,"test_balanced_accuracy0.75":0.5,"_step":292,"val_recall0.75":0,"_wandb":{"runtime":1609},"val_accuracy0.25":0.25233644247055054,"test_auroc":0.5,"test_precision0.75":0,"test_balanced_accuracy0.5":0.5,"test_accuracy0.25":0.25,"val_balanced_accuracy0.25":0.5,"val_auroc":0.5,"test_precision0.5":0,"val_precision0.75":0,"test_accuracy0.5":0.75,"val_accuracy0.5":0.7476635575294495}