{"test_accuracy0.25":0.594936728477478,"test_recall0.25":0.20000000298023224,"val_precision0.5":0.25,"_runtime":2842.198129947,"val_accuracy0.5":0.6571428775787354,"test_recall0.75":0.10000000149011612,"train_loss":0.38485029339790344,"val_balanced_accuracy0.5":0.5012171372930867,"val_balanced_accuracy0.75":0.5199610516066212,"test_accuracy0.5":0.6202531456947327,"test_balanced_accuracy0.5":0.4483050847457627,"val_accuracy0.25":0.6666666865348816,"_step":490,"val_recall0.75":0.1538461595773697,"test_recall0.5":0.10000000149011612,"test_auroc":0.443220317363739,"val_precision0.25":0.3199999928474426,"_wandb":{"runtime":2842},"val_auroc":0.6056475639343262,"test_precision0.75":0.1818181872367859,"val_precision0.75":0.3076923191547394,"test_precision0.5":0.1428571492433548,"val_recall0.5":0.19230769574642181,"val_accuracy0.75":0.7047619223594666,"test_precision0.25":0.20000000298023224,"test_balanced_accuracy0.25":0.46440677966101696,"val_recall0.25":0.3076923191547394,"test_accuracy0.75":0.6582278609275818,"train_auroc":0.9860199093818665,"val_balanced_accuracy0.25":0.5462512171372931,"_timestamp":1.7513979426954608e+09,"test_balanced_accuracy0.75":0.473728813559322}