{"test_accuracy0.25":0.25,"test_balanced_accuracy0.75":0.5,"val_balanced_accuracy0.5":0.5,"train_auroc":0.44082510471343994,"test_precision0.25":0.25,"val_recall0.75":0,"train_logvar":-1.0382743553805085e-08,"_step":150,"test_auroc":0.5,"val_accuracy0.5":0.25233644247055054,"train_recon_loss_no_kld":1.60856032371521,"test_recall0.25":1,"test_balanced_accuracy0.5":0.5,"val_accuracy0.75":0.7476635575294495,"test_accuracy0.75":0.75,"test_recall0.5":1,"test_balanced_accuracy0.25":0.5,"train_surv_loss":0.9992215037345886,"test_precision0.5":0.25,"_runtime":3416.642950881,"val_recall0.25":1,"test_accuracy0.5":0.25,"train_loss":2.4500386714935303,"train_mu":-1.1982423941958587e-08,"val_balanced_accuracy0.75":0.5,"val_precision0.25":0.25233644247055054,"train_kld_loss":1.2930737733840942,"val_precision0.5":0.25233644247055054,"val_balanced_accuracy0.25":0.5,"test_recall0.75":0,"val_accuracy0.25":0.25233644247055054,"val_precision0.75":0,"val_auroc":0.5,"test_precision0.75":0,"_wandb":{"runtime":3416},"val_recall0.5":1,"_timestamp":1.7549064578316867e+09}