{"val_accuracy0.5":0.5904762148857117,"_step":999,"_wandb":{"runtime":3750},"val_balanced_accuracy0.5":0.5214216163583252,"train_loss":1.7349709272384644,"test_recall0.5":0.4000000059604645,"val_precision0.75":0.4000000059604645,"test_precision0.5":0.29629629850387573,"val_accuracy0.25":0.32380953431129456,"test_recall0.75":0,"test_precision0.75":0,"val_auroc":0.5267770290374756,"test_balanced_accuracy0.5":0.5389830508474576,"_timestamp":1.7502175935653117e+09,"test_balanced_accuracy0.75":0.5,"val_balanced_accuracy0.25":0.5119279454722493,"test_accuracy0.75":0.746835470199585,"val_balanced_accuracy0.75":0.5194741966893865,"test_balanced_accuracy0.25":0.476271186440678,"val_precision0.25":0.2527472674846649,"test_precision0.25":0.24242424964904785,"val_precision0.5":0.2702702581882477,"test_recall0.25":0.800000011920929,"val_accuracy0.75":0.7428571581840515,"test_accuracy0.5":0.607594907283783,"val_recall0.25":0.8846153616905212,"test_auroc":0.5432202816009521,"val_recall0.5":0.38461539149284363,"_runtime":3750.278102467,"val_recall0.75":0.07692307978868484,"train_auroc":0.7705095410346985,"test_accuracy0.25":0.3164556920528412}