{"test_accuracy0.75":0.75,"train_auroc":0.4751046895980835,"val_recall0.25":1,"_runtime":1350.730912352,"val_recall0.75":0,"test_recall0.75":0,"val_precision0.5":0.25233644247055054,"test_precision0.25":0.25,"train_loss":2.088566303253174,"val_balanced_accuracy0.5":0.5,"val_balanced_accuracy0.75":0.5,"val_accuracy0.5":0.25233644247055054,"test_recall0.25":1,"val_accuracy0.75":0.7476635575294495,"_wandb":{"runtime":1350},"test_accuracy0.25":0.25,"test_balanced_accuracy0.25":0.5,"val_accuracy0.25":0.25233644247055054,"val_balanced_accuracy0.25":0.5,"val_auroc":0.42662036418914795,"val_precision0.75":0,"test_precision0.75":0,"test_precision0.5":0.25,"_timestamp":1.7550024100126963e+09,"val_recall0.5":1,"test_balanced_accuracy0.75":0.5,"test_auroc":0.41083335876464844,"test_recall0.5":1,"test_balanced_accuracy0.5":0.5,"_step":226,"val_precision0.25":0.25233644247055054,"test_accuracy0.5":0.25}