{"_timestamp":1.7536934279120905e+09,"test_auroc":0.5716667175292969,"val_accuracy0.25":0.2358490526676178,"train_auroc":0.7386504411697388,"test_precision0.25":0.25,"val_accuracy0.5":0.43396225571632385,"test_precision0.75":0,"val_precision0.25":0.2380952388048172,"val_precision0.5":0.2571428716182709,"test_accuracy0.25":0.25,"test_accuracy0.5":0.4625000059604645,"test_recall0.25":1,"test_accuracy0.75":0.737500011920929,"val_balanced_accuracy0.5":0.5211538461538461,"train_loss":1.887755274772644,"test_balanced_accuracy0.5":0.5083333333333333,"val_recall0.5":0.692307710647583,"_step":313,"val_precision0.75":0,"val_accuracy0.75":0.7547169923782349,"val_balanced_accuracy0.25":0.4807692307692308,"val_auroc":0.5514422655105591,"test_balanced_accuracy0.75":0.49166666666666664,"val_recall0.75":0,"val_recall0.25":0.9615384340286255,"_wandb":{"runtime":2846},"val_balanced_accuracy0.75":0.5,"test_recall0.75":0,"test_balanced_accuracy0.25":0.5,"test_recall0.5":0.6000000238418579,"_runtime":2846.628064949,"test_precision0.5":0.25531914830207825}