{"test_recall0.25":0.25,"val_recall0.5":0.3076923191547394,"train_auroc":1,"test_recall0.75":0.25,"val_auroc":0.6017526388168335,"val_balanced_accuracy0.75":0.5399221032132424,"val_accuracy0.75":0.6571428775787354,"val_balanced_accuracy0.5":0.51460564751704,"val_recall0.75":0.3076923191547394,"test_balanced_accuracy0.75":0.5402542372881356,"test_accuracy0.25":0.5569620132446289,"_timestamp":1.75107463586998e+09,"test_balanced_accuracy0.5":0.4978813559322034,"test_balanced_accuracy0.25":0.4555084745762712,"test_precision0.5":0.25,"_runtime":4050.642825187,"val_balanced_accuracy0.25":0.5211781888997079,"test_auroc":0.43050849437713623,"val_accuracy0.5":0.6190476417541504,"test_precision0.75":0.3333333432674408,"val_precision0.25":0.27272728085517883,"test_precision0.25":0.20000000298023224,"_wandb":{"runtime":4050},"val_accuracy0.25":0.6095238327980042,"test_recall0.5":0.25,"test_accuracy0.75":0.6835442781448364,"_step":325,"val_precision0.5":0.2666666805744171,"train_loss":0.0055656130425632,"val_precision0.75":0.3076923191547394,"val_recall0.25":0.3461538553237915,"test_accuracy0.5":0.6202531456947327}