{"val_accuracy0.25":0.6226415038108826,"val_recall0.25":0.37037035822868347,"val_precision0.5":0.27272728085517883,"_timestamp":1.7542119241981213e+09,"_step":999,"test_accuracy0.5":0.7124999761581421,"test_recall0.5":0.20000000298023224,"test_precision0.5":0.3636363744735718,"val_precision0.25":0.3030303120613098,"_runtime":8639.728656381,"val_accuracy0.5":0.650943398475647,"val_accuracy0.75":0.7264150977134705,"val_precision0.75":0.375,"test_accuracy0.75":0.737500011920929,"test_balanced_accuracy0.5":0.5416666666666666,"val_auroc":0.5199249982833862,"test_balanced_accuracy0.25":0.6166666666666667,"test_auroc":0.5833333134651184,"test_precision0.25":0.38461539149284363,"_wandb":{"runtime":8639},"train_auroc":0.9468749761581421,"test_balanced_accuracy0.75":0.525,"val_balanced_accuracy0.25":0.5396155649320207,"test_precision0.75":0.4000000059604645,"val_balanced_accuracy0.5":0.5098452883263009,"val_recall0.75":0.1111111119389534,"val_balanced_accuracy0.75":0.5239099859353024,"test_recall0.25":0.5,"val_recall0.5":0.2222222238779068,"train_loss":0.8486908078193665,"test_accuracy0.25":0.675000011920929,"test_recall0.75":0.10000000149011612}