{"_step":253,"test_balanced_accuracy0.5":0.48333333333333334,"train_loss":0.02240968868136406,"test_precision0.5":0.22727273404598236,"test_recall0.5":0.25,"_wandb":{"runtime":6198},"_runtime":6198.065017055,"val_precision0.75":0.29032257199287415,"val_recall0.75":0.3461538553237915,"val_accuracy0.5":0.6132075190544128,"test_accuracy0.75":0.6000000238418579,"val_balanced_accuracy0.75":0.5355769230769231,"val_auroc":0.48701924085617065,"train_auroc":1,"test_accuracy0.25":0.6000000238418579,"val_recall0.25":0.3461538553237915,"test_recall0.25":0.3499999940395355,"test_recall0.75":0.20000000298023224,"_timestamp":1.7550642318966265e+09,"val_accuracy0.75":0.6320754885673523,"test_balanced_accuracy0.25":0.5166666666666666,"test_balanced_accuracy0.75":0.4666666666666667,"val_balanced_accuracy0.25":0.4855769230769231,"test_auroc":0.51583331823349,"val_balanced_accuracy0.5":0.523076923076923,"val_precision0.25":0.23076923191547394,"test_precision0.25":0.26923078298568726,"val_precision0.5":0.27272728085517883,"test_accuracy0.5":0.6000000238418579,"val_accuracy0.25":0.5566037893295288,"val_recall0.5":0.3461538553237915,"test_precision0.75":0.20000000298023224}