{"test_balanced_accuracy0.5":0.5,"test_recall0.5":1,"test_precision0.75":0,"test_precision0.5":0.25,"_wandb":{"runtime":576},"val_balanced_accuracy0.25":0.5,"val_recall0.5":1,"val_accuracy0.25":0.25233644247055054,"val_balanced_accuracy0.5":0.5,"train_mu":4.591057404468302e-06,"test_recall0.25":1,"val_recall0.75":0,"train_logvar":-9.317033800471108e-06,"val_precision0.25":0.25233644247055054,"test_accuracy0.75":0.75,"test_recall0.75":0,"val_precision0.5":0.25233644247055054,"train_loss":2.5795936584472656,"val_accuracy0.5":0.25233644247055054,"val_balanced_accuracy0.75":0.5,"_timestamp":1.7549214875473292e+09,"test_accuracy0.25":0.25,"train_surv_loss":0.9969179034233093,"train_recon_loss_no_kld":0.9167268872261047,"test_balanced_accuracy0.25":0.5,"test_auroc":0.5108333230018616,"test_accuracy0.5":0.25,"test_balanced_accuracy0.75":0.5,"val_recall0.25":1,"_runtime":576.569404259,"test_precision0.25":0.25,"train_kld_loss":2.248624086380005,"val_auroc":0.4131944179534912,"val_accuracy0.75":0.7476635575294495,"_step":50,"train_auroc":0.4537004232406616,"val_precision0.75":0}