{"train_loss":0.0027864337898790836,"test_accuracy0.25":0.7250000238418579,"test_precision0.25":0.4166666567325592,"val_balanced_accuracy0.25":0.4980769230769231,"test_balanced_accuracy0.5":0.5833333333333333,"val_recall0.75":0.26923078298568726,"val_precision0.75":0.25925925374031067,"test_auroc":0.5391666889190674,"test_recall0.5":0.25,"test_accuracy0.75":0.737500011920929,"test_balanced_accuracy0.25":0.5666666666666667,"_wandb":{"runtime":3196},"val_precision0.25":0.2432432472705841,"val_recall0.25":0.3461538553237915,"train_auroc":1,"test_recall0.25":0.25,"test_precision0.5":0.5,"test_accuracy0.5":0.75,"test_balanced_accuracy0.75":0.525,"test_recall0.75":0.10000000149011612,"val_accuracy0.5":0.6132075190544128,"test_precision0.75":0.4000000059604645,"_runtime":3196.267484101,"_step":331,"val_auroc":0.49182695150375366,"val_precision0.5":0.27272728085517883,"val_recall0.5":0.3461538553237915,"val_balanced_accuracy0.5":0.523076923076923,"val_accuracy0.25":0.5754716992378235,"val_balanced_accuracy0.75":0.5096153846153846,"val_accuracy0.75":0.6320754885673523,"_timestamp":1.753672494773734e+09}