{"train_auroc":0.5162307024002075,"val_loss":0.37525367736816406,"_runtime":507.997853025,"_step":16,"test_recall":0,"val_recall":0,"val_precision":0,"_timestamp":1.7477658174321806e+09,"train_loss":0.3762470781803131,"test_precision":0,"test_accuracy":0.746835470199585,"test_auroc":0.4902542233467102,"val_accuracy":0.75,"_wandb":{"runtime":507},"val_auroc":0.3489583134651184}