{"val_precision0.75":0.2666666805744171,"val_precision0.5":0.2777777910232544,"test_precision0.75":0.4000000059604645,"test_recall0.5":0.4000000059604645,"val_auroc":0.489776074886322,"_runtime":2547.546502703,"test_balanced_accuracy0.75":0.5983050847457627,"_step":460,"test_precision0.25":0.31578946113586426,"val_balanced_accuracy0.5":0.5277507302823758,"test_balanced_accuracy0.25":0.5796610169491525,"train_auroc":1,"test_recall0.25":0.6000000238418579,"val_balanced_accuracy0.75":0.51460564751704,"val_recall0.25":0.5,"test_accuracy0.75":0.6962025165557861,"test_balanced_accuracy0.5":0.5559322033898305,"test_precision0.5":0.3199999928474426,"val_recall0.75":0.3076923191547394,"val_balanced_accuracy0.25":0.5031645569620253,"test_accuracy0.25":0.5696202516555786,"_timestamp":1.750169417806902e+09,"test_recall0.75":0.4000000059604645,"val_accuracy0.25":0.5047619342803955,"val_precision0.25":0.25,"test_accuracy0.5":0.6329113841056824,"val_recall0.5":0.38461539149284363,"val_accuracy0.5":0.6000000238418579,"train_loss":0.05393805727362633,"val_accuracy0.75":0.6190476417541504,"_wandb":{"runtime":2547},"test_auroc":0.6025423407554626}