{"val_accuracy0.75":0.7452830076217651,"_step":336,"_wandb":{"runtime":2075},"test_recall0.25":1,"test_accuracy0.5":0.75,"val_precision0.75":0,"val_balanced_accuracy0.75":0.5,"_runtime":2075.814240923,"test_balanced_accuracy0.5":0.5,"test_recall0.75":0,"val_auroc":0.5611814856529236,"train_auroc":0.4932074546813965,"val_accuracy0.25":0.25471699237823486,"val_recall0.25":1,"val_accuracy0.5":0.7452830076217651,"val_recall0.75":0,"test_recall0.5":0,"test_accuracy0.75":0.75,"test_precision0.75":0,"val_balanced_accuracy0.25":0.5,"test_balanced_accuracy0.75":0.5,"test_auroc":0.5266666412353516,"test_balanced_accuracy0.25":0.5,"test_precision0.5":0,"val_balanced_accuracy0.5":0.5,"val_recall0.5":0,"val_precision0.5":0,"test_accuracy0.25":0.25,"test_precision0.25":0.25,"train_loss":2.087739944458008,"_timestamp":1.7550010492113907e+09,"val_precision0.25":0.25471699237823486}