{"train_auroc":0.5819584131240845,"test_precision":0,"val_auroc":0.3359375,"train_loss":0.3758487105369568,"val_recall":0,"_runtime":845.124376582,"test_recall":0,"test_auroc":0.4843220114707947,"_timestamp":1.7477748528768468e+09,"val_loss":0.37439411878585815,"_wandb":{"runtime":845},"test_accuracy":0.746835470199585,"val_accuracy":0.75,"val_precision":0,"_step":19}