{"val_auroc":0.5071429014205933,"_step":51,"val_accuracy":0.7407407164573669,"val_precision":0,"_wandb":{"runtime":225},"train_auroc":0.5384765267372131,"test_accuracy":0.75,"val_balanced_accuracy":0.5,"test_recall":0,"val_recall":0,"train_loss":1.7149853706359863,"_runtime":225.690266568,"test_auroc":0.5246403813362122,"val_loss":1.7311577796936035,"_timestamp":1.7494953529582963e+09,"test_precision":0,"test_balanced_accuracy":0.5}