{"val_balanced_accuracy0.25":0.5,"test_balanced_accuracy0.5":0.5,"val_precision0.5":0,"_timestamp":1.749737523723906e+09,"val_recall0.5":0,"train_loss":1.6948331594467163,"test_precision0.5":0,"_runtime":90.298891624,"val_accuracy0.25":0.2539682686328888,"val_accuracy0.5":0.7460317611694336,"test_balanced_accuracy0.25":0.5,"test_recall0.5":0,"test_recall0.25":1,"_step":4,"val_balanced_accuracy0.5":0.5,"test_accuracy0.25":0.2531645596027374,"val_precision0.25":0.2539682686328888,"test_precision0.75":0,"val_recall0.75":0,"test_precision0.25":0.2531645596027374,"test_accuracy0.75":0.746835470199585,"test_recall0.75":0,"train_auroc":0.5112478733062744,"val_precision0.75":0,"val_recall0.25":1,"test_accuracy0.5":0.746835470199585,"val_accuracy0.75":0.7460317611694336,"val_balanced_accuracy0.75":0.5,"_wandb":{"runtime":90},"val_auroc":0.5678191184997559,"test_auroc":0.4669491648674011,"test_balanced_accuracy0.75":0.5}