{"train_loss":1.5060347318649292,"test_recall0.25":1,"test_balanced_accuracy0.75":0.525,"test_auroc":0.46864402294158936,"test_recall0.5":0.75,"val_accuracy0.5":0.3619047701358795,"val_precision0.25":0.24761904776096344,"train_auroc":0.6769717931747437,"test_recall0.75":0.05000000074505806,"test_accuracy0.5":0.27848100662231445,"test_precision0.75":1,"val_balanced_accuracy0.25":0.5,"_timestamp":1.7502327087916064e+09,"val_balanced_accuracy0.75":0.5771665043816943,"val_auroc":0.5591528415679932,"_step":257,"val_precision0.5":0.25882354378700256,"test_accuracy0.75":0.7594936490058899,"test_accuracy0.25":0.2531645596027374,"test_precision0.25":0.2531645596027374,"test_balanced_accuracy0.25":0.5,"val_precision0.75":0.625,"val_accuracy0.25":0.24761904776096344,"_wandb":{"runtime":717},"test_balanced_accuracy0.5":0.4343220338983051,"val_recall0.25":1,"val_accuracy0.75":0.7714285850524902,"val_balanced_accuracy0.5":0.5243427458617332,"test_precision0.5":0.2238806039094925,"_runtime":717.050739507,"val_recall0.5":0.8461538553237915,"val_recall0.75":0.19230769574642181}