{"test_recall":0,"_wandb":{"runtime":561},"val_precision":0,"val_auroc":0.5,"test_accuracy":0.746835470199585,"_timestamp":1.7476865079309578e+09,"train_loss":0.37913981080055237,"_step":59,"train_auroc":0.5,"test_precision":0,"val_accuracy":0.75,"val_loss":0.3748345971107483,"val_recall":0,"test_auroc":0.5,"_runtime":560.188344448}