{"test_recall0.25":0.15000000596046448,"test_recall0.75":0.15000000596046448,"val_balanced_accuracy0.25":0.5138753651411879,"val_precision0.25":0.2777777910232544,"val_auroc":0.5060856342315674,"test_precision0.75":0.2142857164144516,"val_accuracy0.5":0.6761904954910278,"val_recall0.25":0.19230769574642181,"train_auroc":0.9999999403953552,"test_auroc":0.498305082321167,"_wandb":{"runtime":4160},"_timestamp":1.7500944187939281e+09,"test_balanced_accuracy0.25":0.4817796610169492,"train_loss":8.57287396627271e-09,"val_recall0.75":0.19230769574642181,"test_balanced_accuracy0.5":0.4817796610169492,"val_balanced_accuracy0.5":0.5138753651411879,"val_recall0.5":0.19230769574642181,"val_balanced_accuracy0.75":0.5138753651411879,"_runtime":4160.287265853,"val_precision0.75":0.2777777910232544,"test_accuracy0.75":0.6455696225166321,"val_precision0.5":0.2777777910232544,"val_accuracy0.75":0.6761904954910278,"test_accuracy0.25":0.6455696225166321,"test_balanced_accuracy0.75":0.4817796610169492,"test_recall0.5":0.15000000596046448,"test_precision0.5":0.2142857164144516,"val_accuracy0.25":0.6761904954910278,"_step":999,"test_precision0.25":0.2142857164144516,"test_accuracy0.5":0.6455696225166321}