{"train_auroc":0.5251364707946777,"_wandb":{"runtime":522},"test_recall":0,"test_balanced_accuracy":0.5,"val_recall":0,"val_auroc":0.6285714507102966,"val_balanced_accuracy":0.5,"val_precision":0,"_runtime":522.033146244,"train_loss":1.7004715204238892,"test_accuracy":0.7557252049446106,"_timestamp":1.7495713379971316e+09,"test_auroc":0.528724730014801,"_step":81,"test_precision":0,"val_loss":1.7270622253417969,"val_accuracy":0.7407407164573669}