{"test_accuracy0.25":0.49367088079452515,"val_precision0.5":0.25641027092933655,"train_auroc":1,"val_balanced_accuracy0.5":0.508763388510224,"_timestamp":1.7501571443158777e+09,"train_loss":0.0019173366017639637,"test_balanced_accuracy0.75":0.5216101694915254,"test_balanced_accuracy0.5":0.5792372881355932,"_runtime":1031.433566762,"val_accuracy0.75":0.5904762148857117,"val_auroc":0.48052579164505005,"test_auroc":0.508474588394165,"val_recall0.25":0.5,"val_accuracy0.25":0.5142857432365417,"_step":240,"_wandb":{"runtime":1031},"test_recall0.25":0.699999988079071,"val_accuracy0.5":0.5714285969734192,"val_recall0.75":0.3461538553237915,"test_balanced_accuracy0.25":0.561864406779661,"val_recall0.5":0.38461539149284363,"val_precision0.75":0.2571428716182709,"val_balanced_accuracy0.25":0.509493670886076,"val_balanced_accuracy0.75":0.5085199610516067,"test_accuracy0.5":0.5443037748336792,"test_precision0.25":0.2916666567325592,"test_recall0.5":0.6499999761581421,"val_precision0.25":0.2549019753932953,"test_accuracy0.75":0.5569620132446289,"test_precision0.75":0.27272728085517883,"test_recall0.75":0.44999998807907104,"test_precision0.5":0.3095238208770752}