{"val_recall0.25":0.5,"test_precision0.75":0,"test_recall0.75":0,"val_accuracy0.25":0.6095238327980042,"val_balanced_accuracy0.5":0.5,"train_auroc":0.6152629256248474,"val_recall0.75":0,"train_loss":1.666377305984497,"test_accuracy0.75":0.746835470199585,"test_precision0.25":0.26923078298568726,"test_accuracy0.25":0.594936728477478,"val_precision0.75":0,"_runtime":416.657178009,"test_recall0.25":0.3499999940395355,"val_precision0.25":0.31707316637039185,"test_accuracy0.5":0.746835470199585,"val_accuracy0.75":0.7523809671401978,"test_balanced_accuracy0.75":0.5,"val_auroc":0.6141674518585205,"test_recall0.5":0,"val_recall0.5":0,"test_precision0.5":0,"val_balanced_accuracy0.25":0.5727848101265822,"test_balanced_accuracy0.5":0.5,"test_auroc":0.49322035908699036,"val_precision0.5":0,"val_balanced_accuracy0.75":0.5,"test_balanced_accuracy0.25":0.5139830508474577,"_wandb":{"runtime":416},"_step":153,"val_accuracy0.5":0.7523809671401978,"_timestamp":1.7502590759193494e+09}