{"test_balanced_accuracy0.75":0.4916666666666667,"val_balanced_accuracy0.5":0.5014423076923077,"test_recall0.5":0.10000000149011612,"val_recall0.25":0.11538461595773697,"train_loss":0.007751300930976868,"test_precision0.5":0.3333333432674408,"val_auroc":0.4408653974533081,"val_precision0.25":0.1666666716337204,"test_accuracy0.5":0.7250000238418579,"_runtime":1979.543456257,"test_accuracy0.25":0.7250000238418579,"test_balanced_accuracy0.5":0.5166666666666667,"test_recall0.75":0.05000000074505806,"_step":453,"val_accuracy0.25":0.6415094137191772,"_timestamp":1.75376326086249e+09,"_wandb":{"runtime":1979},"test_accuracy0.75":0.7124999761581421,"val_precision0.5":0.25,"test_precision0.25":0.375,"val_precision0.75":0.27272728085517883,"train_auroc":1,"val_recall0.75":0.11538461595773697,"val_accuracy0.75":0.7075471878051758,"test_balanced_accuracy0.25":0.5333333333333333,"val_accuracy0.5":0.698113203048706,"val_balanced_accuracy0.75":0.5076923076923077,"val_recall0.5":0.11538461595773697,"test_precision0.75":0.20000000298023224,"test_auroc":0.6116666793823242,"val_balanced_accuracy0.25":0.4639423076923077,"test_recall0.25":0.15000000596046448}