{"test_precision0.5":0.3529411852359772,"val_auroc":0.5213314294815063,"val_balanced_accuracy0.25":0.5269573370839193,"test_balanced_accuracy0.5":0.5583333333333333,"val_recall0.25":0.37037035822868347,"test_auroc":0.5575000047683716,"_runtime":1577.366459178,"val_recall0.75":0.29629629850387573,"test_recall0.5":0.30000001192092896,"train_auroc":0.9996093511581421,"val_balanced_accuracy0.5":0.5147679324894515,"_timestamp":1.7539356028122828e+09,"test_accuracy0.5":0.6875,"train_loss":0.07794032990932465,"test_recall0.75":0.25,"test_balanced_accuracy0.75":0.5333333333333333,"val_accuracy0.75":0.6320754885673523,"test_precision0.25":0.3499999940395355,"test_accuracy0.75":0.675000011920929,"_wandb":{"runtime":1577},"val_precision0.25":0.2857142984867096,"_step":213,"test_accuracy0.25":0.675000011920929,"val_balanced_accuracy0.75":0.5215658696671355,"test_precision0.75":0.3125,"val_recall0.5":0.3333333432674408,"val_accuracy0.5":0.6037735939025879,"val_accuracy0.25":0.6037735939025879,"val_precision0.5":0.27272728085517883,"test_balanced_accuracy0.25":0.5666666666666667,"test_recall0.25":0.3499999940395355,"val_precision0.75":0.2857142984867096}