{"train_auroc":0.8200857043266296,"train_loss":1.373897671699524,"test_accuracy":0.689393937587738,"test_recall":0.12121212482452393,"_timestamp":1.7495619760574567e+09,"test_auroc":0.5148454308509827,"val_balanced_accuracy":0.45,"val_recall":0,"test_precision":0.25,"test_balanced_accuracy":0.5,"val_loss":1.8700706958770752,"_wandb":{"runtime":507},"val_accuracy":0.6666666865348816,"val_auroc":0.5285714268684387,"val_precision":0,"_runtime":507.660508502,"_step":117}