{"val_balanced_accuracy0.5":0.5039351851851852,"val_balanced_accuracy0.75":0.5479166666666666,"val_recall0.25":0.37037035822868347,"_wandb":{"runtime":7502},"val_precision0.25":0.2083333283662796,"val_accuracy0.25":0.4859813153743744,"test_balanced_accuracy0.5":0.4666666666666667,"test_precision0.5":0.2083333283662796,"train_loss":0.028867578133940697,"test_recall0.5":0.25,"val_accuracy0.5":0.5700934529304504,"val_balanced_accuracy0.25":0.4476851851851852,"val_recall0.5":0.37037035822868347,"test_auroc":0.3841666579246521,"test_balanced_accuracy0.75":0.4916666666666667,"test_recall0.75":0.20000000298023224,"val_precision0.75":0.3214285671710968,"val_auroc":0.5,"test_accuracy0.5":0.574999988079071,"val_accuracy0.75":0.6542056202888489,"test_accuracy0.25":0.48750001192092896,"val_precision0.5":0.25641027092933655,"test_accuracy0.75":0.637499988079071,"_runtime":7502.821700466,"train_auroc":1,"test_balanced_accuracy0.25":0.44166666666666665,"test_recall0.25":0.3499999940395355,"_step":314,"val_recall0.75":0.3333333432674408,"_timestamp":1.7550717625101514e+09,"test_precision0.25":0.20000000298023224,"test_precision0.75":0.23529411852359772}