{"val_accuracy0.25":0.5523809790611267,"val_recall0.75":0.19230769574642181,"test_accuracy0.5":0.594936728477478,"train_auroc":0.9994392395019531,"_timestamp":1.75140723457489e+09,"test_precision0.25":0.23333333432674408,"test_auroc":0.5322033762931824,"val_precision0.25":0.20000000298023224,"_runtime":1288.678068701,"test_balanced_accuracy0.75":0.5228813559322034,"val_balanced_accuracy0.25":0.4574001947419669,"val_recall0.25":0.26923078298568726,"val_balanced_accuracy0.75":0.46324245374878287,"test_accuracy0.75":0.6329113841056824,"val_accuracy0.5":0.5714285969734192,"val_accuracy0.75":0.6000000238418579,"val_balanced_accuracy0.5":0.45715676728334953,"test_recall0.25":0.3499999940395355,"test_balanced_accuracy0.5":0.49745762711864405,"test_accuracy0.25":0.5443037748336792,"test_precision0.5":0.25,"test_balanced_accuracy0.25":0.4800847457627119,"val_recall0.5":0.23076923191547394,"val_auroc":0.5051119327545166,"train_loss":0.1481688916683197,"test_recall0.75":0.30000001192092896,"val_precision0.75":0.19230769574642181,"test_precision0.75":0.2857142984867096,"_step":212,"val_precision0.5":0.19354838132858276,"_wandb":{"runtime":1288},"test_recall0.5":0.30000001192092896}