{"_wandb":{"runtime":1754},"test_auroc":0.48895204067230225,"val_precision0.25":0.3333333432674408,"val_balanced_accuracy0.75":0.425,"_runtime":1754.768198064,"val_precision0.75":0,"test_recall0.5":0.09375,"test_precision0.5":0.1666666716337204,"test_balanced_accuracy0.75":0.4550189393939394,"val_auroc":0.6785714626312256,"val_balanced_accuracy0.5":0.425,"test_balanced_accuracy0.25":0.4872159090909091,"test_accuracy0.25":0.6564885377883911,"val_precision0.5":0,"_step":499,"test_recall0.25":0.15625,"val_accuracy0.25":0.6666666865348816,"test_precision0.75":0.07692307978868484,"test_recall0.75":0.03125,"val_accuracy0.75":0.6296296119689941,"val_recall0.75":0,"val_accuracy0.5":0.6296296119689941,"test_balanced_accuracy0.5":0.47111742424242425,"test_accuracy0.5":0.6641221642494202,"test_precision0.25":0.21739129722118378,"train_loss":7.986914170032833e-06,"_timestamp":1.7497128400452816e+09,"test_accuracy0.75":0.6717557311058044,"train_auroc":1,"val_recall0.5":0,"val_balanced_accuracy0.25":0.5428571428571429,"val_recall0.25":0.2857142984867096}