{"test_balanced_accuracy0.5":0.4242424242424242,"val_recall0.75":0.2857142984867096,"val_recall0.5":0.2857142984867096,"test_balanced_accuracy0.75":0.43434343434343436,"_timestamp":1.7497055012539454e+09,"test_accuracy0.5":0.5454545617103577,"test_accuracy0.25":0.5530303120613098,"val_accuracy0.75":0.7407407164573669,"val_precision0.25":0.5,"val_precision0.5":0.5,"test_accuracy0.75":0.560606062412262,"_runtime":1915.593722157,"test_recall0.5":0.1818181872367859,"test_recall0.75":0.1818181872367859,"train_auroc":1,"_step":499,"val_balanced_accuracy0.5":0.5928571428571429,"test_precision0.5":0.1538461595773697,"test_auroc":0.4331190586090088,"test_balanced_accuracy0.25":0.4494949494949495,"val_auroc":0.625,"test_precision0.75":0.1621621549129486,"val_accuracy0.5":0.7407407164573669,"val_recall0.25":0.2857142984867096,"val_balanced_accuracy0.75":0.5928571428571429,"test_recall0.25":0.24242424964904785,"test_precision0.25":0.190476194024086,"train_loss":6.021378794685006e-06,"val_balanced_accuracy0.25":0.5928571428571429,"val_accuracy0.25":0.7407407164573669,"_wandb":{"runtime":1915},"val_precision0.75":0.5}