{"test_precision0.75":0,"val_recall0.25":1,"_timestamp":1.754448719357512e+09,"test_auroc":0.5,"test_balanced_accuracy0.75":0.5,"val_balanced_accuracy0.5":0.5,"_step":259,"val_recall0.75":0,"test_recall0.75":0,"val_accuracy0.25":0.24528302252292633,"test_recall0.5":0,"test_balanced_accuracy0.25":0.5,"val_precision0.25":0.24528302252292633,"test_balanced_accuracy0.5":0.5,"_runtime":11132.951367589,"test_precision0.25":0.25,"train_loss":2.0795209407806396,"test_recall0.25":1,"test_accuracy0.5":0.75,"val_recall0.5":0,"val_balanced_accuracy0.75":0.5,"test_accuracy0.75":0.75,"_wandb":{"runtime":11132},"val_balanced_accuracy0.25":0.5,"val_precision0.5":0,"val_accuracy0.5":0.7547169923782349,"val_precision0.75":0,"test_accuracy0.25":0.25,"val_accuracy0.75":0.7547169923782349,"test_precision0.5":0,"val_auroc":0.5,"train_auroc":0.3957812488079071}