{"test_recall0.25":0.25,"test_balanced_accuracy0.5":0.5416666666666667,"test_auroc":0.5408333539962769,"val_accuracy0.25":0.5849056839942932,"val_precision0.75":0.1818181872367859,"test_precision0.5":0.3333333432674408,"_wandb":{"runtime":2014},"val_balanced_accuracy0.25":0.4394230769230769,"val_balanced_accuracy0.75":0.46442307692307694,"val_accuracy0.5":0.5849056839942932,"val_recall0.75":0.1538461595773697,"val_recall0.25":0.1538461595773697,"val_auroc":0.3495192527770996,"val_accuracy0.75":0.6226415038108826,"test_accuracy0.75":0.699999988079071,"_timestamp":1.7534652930750864e+09,"test_accuracy0.25":0.6499999761581421,"val_precision0.25":0.1538461595773697,"train_auroc":1,"test_balanced_accuracy0.25":0.5166666666666666,"_step":361,"val_balanced_accuracy0.5":0.4394230769230769,"test_precision0.25":0.2777777910232544,"test_recall0.5":0.25,"test_balanced_accuracy0.75":0.55,"train_loss":1.2761767720803618e-05,"_runtime":2014.181637645,"val_recall0.5":0.1538461595773697,"test_recall0.75":0.25,"test_precision0.75":0.3571428656578064,"val_precision0.5":0.1538461595773697,"test_accuracy0.5":0.6875}