{"test_auroc":0.625,"val_recall0.75":0.23076923191547394,"test_balanced_accuracy0.5":0.575,"_wandb":{"runtime":1314},"val_balanced_accuracy0.75":0.48413461538461544,"_runtime":1314.935959295,"val_recall0.25":0.42307692766189575,"val_precision0.75":0.2222222238779068,"_timestamp":1.7537577757035606e+09,"train_loss":0.00652644457295537,"test_accuracy0.75":0.7124999761581421,"val_accuracy0.5":0.6226415038108826,"val_balanced_accuracy0.25":0.49278846153846156,"test_precision0.5":0.3684210479259491,"test_balanced_accuracy0.75":0.575,"test_recall0.5":0.3499999940395355,"train_auroc":1,"_step":373,"val_precision0.25":0.239130437374115,"test_precision0.25":0.36000001430511475,"test_precision0.75":0.4000000059604645,"val_accuracy0.25":0.5283018946647644,"val_accuracy0.75":0.6132075190544128,"test_accuracy0.5":0.6875,"val_precision0.5":0.29411765933036804,"val_balanced_accuracy0.5":0.5423076923076923,"val_auroc":0.48317307233810425,"test_balanced_accuracy0.25":0.5916666666666667,"test_recall0.25":0.44999998807907104,"val_recall0.5":0.38461539149284363,"test_recall0.75":0.30000001192092896,"test_accuracy0.25":0.6625000238418579}