{"val_balanced_accuracy0.25":0.4962962962962963,"test_precision0.75":0,"test_auroc":0.5249999761581421,"test_balanced_accuracy0.75":0.5,"_timestamp":1.7535126248471987e+09,"test_balanced_accuracy0.5":0.5,"test_accuracy0.25":0.512499988079071,"val_precision0.25":0.25,"_step":162,"val_accuracy0.75":0.7476635575294495,"val_accuracy0.25":0.44859811663627625,"test_accuracy0.5":0.75,"test_accuracy0.75":0.75,"val_precision0.5":0,"val_recall0.25":0.5925925970077515,"val_auroc":0.5486111640930176,"train_auroc":0.5716150403022766,"test_precision0.25":0.27906978130340576,"test_recall0.75":0,"train_loss":1.6733895540237427,"test_balanced_accuracy0.25":0.5416666666666666,"test_recall0.5":0,"test_precision0.5":0,"val_balanced_accuracy0.75":0.5,"val_balanced_accuracy0.5":0.5,"val_recall0.5":0,"val_recall0.75":0,"_runtime":1003.363901275,"test_recall0.25":0.6000000238418579,"val_accuracy0.5":0.7476635575294495,"_wandb":{"runtime":1003},"val_precision0.75":0}