{"test_accuracy0.5":0.5,"train_auroc":0,"_wandb":{"runtime":4},"val_accuracy0.75":0.6666666865348816,"val_balanced_accuracy0.5":0.5,"train_loss":0.7011922597885132,"test_precision0.5":0.5,"test_balanced_accuracy0.25":0.5,"test_balanced_accuracy0.75":0.5,"test_accuracy0.75":0.5,"val_accuracy0.5":0.3333333432674408,"test_recall0.75":0,"val_accuracy0.25":0.3333333432674408,"val_precision0.75":0,"test_precision0.75":0,"_runtime":4.3079311,"val_precision0.25":0.3333333432674408,"test_balanced_accuracy0.5":0.5,"test_precision0.25":0.5,"test_accuracy0.25":0.5,"test_recall0.25":1,"val_precision0.5":0.3333333432674408,"val_auroc":0,"test_auroc":1,"_timestamp":1.7512819209489233e+09,"test_recall0.5":1,"val_balanced_accuracy0.25":0.5,"val_balanced_accuracy0.75":0.5,"val_recall0.25":1,"val_recall0.5":1,"_step":1,"val_recall0.75":0}