{"test_balanced_accuracy0.5":0.5,"test_accuracy0.25":0.5822784900665283,"val_balanced_accuracy0.5":0.5,"train_loss":1.445773959159851,"val_accuracy0.5":0.7523809671401978,"val_precision0.75":0,"_wandb":{"runtime":1836},"test_recall0.5":0,"test_accuracy0.75":0.746835470199585,"test_auroc":0.5491525530815125,"test_recall0.25":0.6000000238418579,"val_precision0.5":0,"val_accuracy0.75":0.7523809671401978,"val_recall0.75":0,"test_balanced_accuracy0.25":0.5881355932203389,"val_balanced_accuracy0.75":0.5,"test_balanced_accuracy0.75":0.5,"val_auroc":0.5486854910850525,"test_precision0.5":0,"test_recall0.75":0,"_timestamp":1.7499132654027555e+09,"val_precision0.25":0.25,"val_accuracy0.25":0.523809552192688,"val_recall0.25":0.4615384638309479,"val_recall0.5":0,"_step":499,"test_precision0.25":0.3243243098258972,"test_accuracy0.5":0.746835470199585,"train_auroc":0.8140214681625366,"test_precision0.75":0,"val_balanced_accuracy0.25":0.502921129503408,"_runtime":1836.142934478}