{"val_precision0.25":0.3030303120613098,"val_balanced_accuracy0.75":0.5520934761441091,"val_recall0.25":0.38461539149284363,"val_accuracy0.5":0.6666666865348816,"test_accuracy0.75":0.6708860993385315,"test_accuracy0.25":0.607594907283783,"val_balanced_accuracy0.5":0.5591528724440117,"test_precision0.25":0.2800000011920929,"test_recall0.25":0.3499999940395355,"test_recall0.75":0.10000000149011612,"test_precision0.5":0.3529411852359772,"_timestamp":1.7514699340680833e+09,"val_accuracy0.75":0.7142857313156128,"val_recall0.5":0.3461538553237915,"test_balanced_accuracy0.25":0.5224576271186441,"test_auroc":0.5889830589294434,"_step":999,"train_auroc":0.9996795654296875,"val_precision0.75":0.375,"train_loss":0.13373738527297974,"test_precision0.75":0.20000000298023224,"val_precision0.5":0.3333333432674408,"val_recall0.75":0.23076923191547394,"val_balanced_accuracy0.25":0.5467380720545277,"test_recall0.5":0.30000001192092896,"test_balanced_accuracy0.5":0.5567796610169492,"val_auroc":0.6292599439620972,"test_balanced_accuracy0.75":0.4822033898305085,"test_accuracy0.5":0.6835442781448364,"val_accuracy0.25":0.6285714507102966,"_runtime":5940.087650448,"_wandb":{"runtime":5940}}