{"train_loss":0.0044264839962124825,"val_precision0.75":0.2750000059604645,"val_precision0.25":0.25,"train_auroc":1,"test_balanced_accuracy0.75":0.513135593220339,"test_precision0.25":0.25641027092933655,"test_precision0.75":0.2647058963775635,"test_recall0.5":0.44999998807907104,"val_auroc":0.5085200071334839,"test_balanced_accuracy0.25":0.5042372881355932,"_wandb":{"runtime":938},"val_balanced_accuracy0.75":0.5279941577409932,"test_recall0.75":0.44999998807907104,"test_balanced_accuracy0.5":0.4877118644067797,"val_accuracy0.25":0.523809552192688,"test_accuracy0.25":0.5063291192054749,"test_auroc":0.506779670715332,"_runtime":938.976922678,"val_precision0.5":0.2666666805744171,"val_balanced_accuracy0.5":0.52190847127556,"val_recall0.75":0.42307692766189575,"_step":202,"test_accuracy0.75":0.5443037748336792,"test_recall0.25":0.5,"val_accuracy0.5":0.5523809790611267,"val_recall0.25":0.4615384638309479,"val_balanced_accuracy0.25":0.502921129503408,"val_recall0.5":0.4615384638309479,"val_accuracy0.75":0.5809524059295654,"test_precision0.5":0.2432432472705841,"test_accuracy0.5":0.5063291192054749,"_timestamp":1.7514033448233883e+09}