{"test_recall0.5":0.21212121844291687,"test_balanced_accuracy0.25":0.4696969696969697,"val_balanced_accuracy0.25":0.6142857142857143,"train_auroc":1,"test_balanced_accuracy0.75":0.47979797979797983,"val_precision0.25":0.4285714328289032,"test_accuracy0.75":0.6136363744735718,"test_precision0.5":0.20000000298023224,"_wandb":{"runtime":1822},"val_balanced_accuracy0.5":0.6142857142857143,"_runtime":1822.636299114,"train_loss":7.231847689581627e-07,"val_recall0.25":0.4285714328289032,"val_recall0.75":0.4285714328289032,"val_precision0.5":0.4285714328289032,"_step":499,"val_accuracy0.5":0.7037037014961243,"test_recall0.75":0.21212121844291687,"val_precision0.75":0.4285714328289032,"test_accuracy0.25":0.5833333134651184,"_timestamp":1.74968364486199e+09,"test_precision0.75":0.21875,"val_accuracy0.75":0.7037037014961243,"test_accuracy0.5":0.5909090638160706,"test_precision0.25":0.21052631735801697,"test_balanced_accuracy0.5":0.46464646464646464,"val_accuracy0.25":0.7037037014961243,"val_auroc":0.4714285731315613,"val_recall0.5":0.4285714328289032,"test_recall0.25":0.24242424964904785,"val_balanced_accuracy0.75":0.6142857142857143,"test_auroc":0.4989286959171295}