{"test_recall0.5":0.05000000074505806,"test_balanced_accuracy0.75":0.525,"test_precision0.75":1,"test_auroc":0.6279661059379578,"test_precision0.25":0.2380952388048172,"train_loss":0.2101341336965561,"val_auroc":0.5973710417747498,"test_accuracy0.25":0.607594907283783,"_timestamp":1.7502637070779393e+09,"_wandb":{"runtime":3021},"val_recall0.5":0.19230769574642181,"test_precision0.5":0.20000000298023224,"val_accuracy0.25":0.6952381134033203,"val_accuracy0.5":0.761904776096344,"val_balanced_accuracy0.25":0.5781402142161636,"val_recall0.75":0.11538461595773697,"test_recall0.75":0.05000000074505806,"val_balanced_accuracy0.75":0.5450340798442064,"test_recall0.25":0.25,"val_balanced_accuracy0.5":0.5708373904576436,"test_accuracy0.75":0.7594936490058899,"_runtime":3021.576918048,"val_precision0.25":0.375,"val_recall0.25":0.3461538553237915,"val_precision0.75":0.6000000238418579,"val_accuracy0.75":0.761904776096344,"train_auroc":0.99881911277771,"val_precision0.5":0.5555555820465088,"test_accuracy0.5":0.7088607549667358,"test_balanced_accuracy0.5":0.49110169491525424,"_step":892,"test_balanced_accuracy0.25":0.4894067796610169}