{"_step":207,"test_precision0.75":0.26923078298568726,"test_recall0.25":0.3499999940395355,"test_balanced_accuracy0.25":0.4970338983050847,"test_auroc":0.5423728823661804,"val_accuracy0.25":0.6095238327980042,"test_balanced_accuracy0.5":0.5055084745762712,"test_recall0.5":0.3499999940395355,"_runtime":983.101832168,"val_accuracy0.5":0.6000000238418579,"val_auroc":0.5572054386138916,"test_accuracy0.5":0.5822784900665283,"val_balanced_accuracy0.75":0.47663096397273613,"test_accuracy0.25":0.5696202516555786,"val_precision0.25":0.31707316637039185,"train_auroc":1,"train_loss":7.63842836022377e-05,"val_balanced_accuracy0.5":0.5535540408958131,"test_precision0.25":0.25,"val_recall0.75":0.3076923191547394,"val_balanced_accuracy0.25":0.5727848101265822,"val_precision0.5":0.30000001192092896,"test_precision0.5":0.25925925374031067,"val_recall0.5":0.4615384638309479,"_wandb":{"runtime":983},"test_accuracy0.75":0.594936728477478,"val_precision0.75":0.2222222238779068,"test_balanced_accuracy0.75":0.5139830508474577,"val_accuracy0.75":0.561904788017273,"_timestamp":1.751389024488762e+09,"val_recall0.25":0.5,"test_recall0.75":0.3499999940395355}