{"val_balanced_accuracy0.25":0.5,"val_recall0.25":1,"val_accuracy0.5":0.4761904776096344,"val_accuracy0.25":0.24761904776096344,"test_recall0.25":1,"val_balanced_accuracy0.5":0.6518987341772152,"test_precision0.5":0.21052631735801697,"val_precision0.25":0.24761904776096344,"test_accuracy0.75":0.746835470199585,"test_precision0.25":0.2531645596027374,"test_recall0.75":0,"test_precision0.75":0,"val_auroc":0.6801363229751587,"val_recall0.5":1,"train_auroc":0.5925505757331848,"test_accuracy0.25":0.2531645596027374,"test_balanced_accuracy0.25":0.5,"val_precision0.5":0.32098764181137085,"val_precision0.75":0,"_runtime":1660.955759082,"test_balanced_accuracy0.75":0.5,"val_balanced_accuracy0.75":0.5,"_timestamp":1.7502918057790751e+09,"_step":469,"test_balanced_accuracy0.5":0.4186440677966102,"test_auroc":0.47203391790390015,"val_recall0.75":0,"test_accuracy0.5":0.3291139304637909,"test_recall0.5":0.6000000238418579,"_wandb":{"runtime":1660},"val_accuracy0.75":0.7523809671401978,"train_loss":2.0909810066223145}