{"val_loss":2.7502856254577637,"test_balanced_accuracy":0.5411016949152542,"_step":85,"val_recall":0.71875,"_timestamp":1.747885728326445e+09,"train_loss":0.09771028906106949,"val_precision":0.71875,"val_auroc":0.484375,"train_auroc":0.9953721761703491,"test_accuracy":0.7341772317886353,"test_precision":0.7341772317886353,"_runtime":2695.060376876,"val_accuracy":0.71875,"test_auroc":0.5449152588844299,"test_recall":0.7341772317886353,"val_balanced_accuracy":0.4791666666666667,"_wandb":{"runtime":2695}}