{"val_accuracy0.75":0.7009345889091492,"val_auroc":0.4416666626930237,"test_recall0.5":0.10000000149011612,"_timestamp":1.7535512204337566e+09,"test_accuracy0.75":0.737500011920929,"val_recall0.75":0.07407407462596893,"_step":283,"val_recall0.25":0.07407407462596893,"val_accuracy0.5":0.6822429895401001,"test_precision0.25":0.4000000059604645,"train_auroc":1,"test_recall0.75":0.05000000074505806,"val_balanced_accuracy0.75":0.493287037037037,"test_auroc":0.4908333420753479,"test_balanced_accuracy0.5":0.525,"test_precision0.5":0.4000000059604645,"val_balanced_accuracy0.5":0.480787037037037,"val_precision0.5":0.1818181872367859,"test_balanced_accuracy0.25":0.55,"test_balanced_accuracy0.75":0.5083333333333333,"test_recall0.25":0.20000000298023224,"test_precision0.75":0.3333333432674408,"val_balanced_accuracy0.25":0.45578703703703705,"val_precision0.75":0.2222222238779068,"_runtime":1833.960422057,"_wandb":{"runtime":1833},"val_recall0.5":0.07407407462596893,"train_loss":1.0948495400953107e-05,"test_accuracy0.5":0.737500011920929,"val_accuracy0.25":0.644859790802002,"val_precision0.25":0.13333334028720856,"test_accuracy0.25":0.7250000238418579}