{"val_balanced_accuracy0.5":0.46932814021421615,"_step":621,"val_recall0.25":0.19230769574642181,"test_precision0.25":0.1428571492433548,"val_precision0.5":0.190476194024086,"val_recall0.75":0.1538461595773697,"val_balanced_accuracy0.25":0.46324245374878287,"test_accuracy0.75":0.6329113841056824,"_wandb":{"runtime":2475},"test_recall0.75":0.05000000074505806,"val_accuracy0.25":0.6000000238418579,"val_accuracy0.5":0.6285714507102966,"test_precision0.5":0.0833333358168602,"_timestamp":1.7505730026791744e+09,"val_precision0.25":0.19230769574642181,"test_recall0.5":0.05000000074505806,"val_balanced_accuracy0.75":0.4883154819863681,"test_auroc":0.5194915533065796,"test_recall0.25":0.10000000149011612,"test_balanced_accuracy0.25":0.4483050847457627,"train_loss":0.04001498222351074,"val_auroc":0.4595910310745239,"test_precision0.75":0.09090909361839294,"test_accuracy0.5":0.6202531456947327,"test_balanced_accuracy0.75":0.4402542372881356,"val_recall0.5":0.1538461595773697,"val_precision0.75":0.2222222238779068,"val_accuracy0.75":0.6571428775787354,"test_balanced_accuracy0.5":0.4317796610169492,"test_accuracy0.25":0.6202531456947327,"train_auroc":0.9994522333145142,"_runtime":2475.624541638}