{"test_balanced_accuracy0.75":0.5,"val_recall0.25":1,"_step":155,"val_recall0.75":0,"test_precision0.5":0.2916666567325592,"val_recall0.5":0.42307692766189575,"val_precision0.5":0.3235294222831726,"val_balanced_accuracy0.75":0.5,"val_accuracy0.75":0.7547169923782349,"val_precision0.75":0,"test_recall0.75":0,"test_recall0.25":1,"_timestamp":1.7538006046378157e+09,"test_balanced_accuracy0.25":0.5,"test_precision0.75":0,"val_balanced_accuracy0.25":0.5,"val_accuracy0.5":0.6415094137191772,"test_accuracy0.25":0.25,"test_accuracy0.75":0.75,"_wandb":{"runtime":529},"test_precision0.25":0.25,"train_loss":1.9984809160232544,"test_balanced_accuracy0.5":0.5333333333333333,"val_accuracy0.25":0.24528302252292633,"val_balanced_accuracy0.5":0.5677884615384615,"test_auroc":0.5399999618530273,"train_auroc":0.6276255249977112,"_runtime":529.553648763,"test_recall0.5":0.3499999940395355,"val_precision0.25":0.24528302252292633,"test_accuracy0.5":0.625,"val_auroc":0.5615384578704834}