{"val_accuracy0.25":0.6886792182922363,"val_balanced_accuracy0.25":0.4985935302390998,"test_recall0.5":0.10000000149011612,"val_accuracy0.5":0.7264150977134705,"test_recall0.25":0.15000000596046448,"val_recall0.75":0.1111111119389534,"test_accuracy0.25":0.675000011920929,"test_balanced_accuracy0.75":0.4916666666666667,"val_precision0.75":0.375,"val_recall0.5":0.1111111119389534,"test_precision0.5":0.2222222238779068,"_wandb":{"runtime":1751},"test_accuracy0.5":0.6875,"test_precision0.25":0.25,"val_balanced_accuracy0.5":0.5239099859353024,"_timestamp":1.7538314380149047e+09,"train_loss":0.14559726417064667,"test_accuracy0.75":0.7124999761581421,"test_recall0.75":0.05000000074505806,"test_precision0.75":0.20000000298023224,"val_accuracy0.75":0.7264150977134705,"val_auroc":0.4985935091972351,"val_precision0.5":0.375,"val_balanced_accuracy0.75":0.5239099859353024,"test_auroc":0.49666666984558105,"_step":392,"val_precision0.25":0.25,"_runtime":1751.027867277,"train_auroc":0.9989062547683716,"test_balanced_accuracy0.5":0.49166666666666664,"val_recall0.25":0.1111111119389534,"test_balanced_accuracy0.25":0.5}