{"val_accuracy0.75":0.6542056202888489,"val_balanced_accuracy0.5":0.5108796296296296,"_step":197,"val_balanced_accuracy0.25":0.5168981481481482,"val_accuracy0.25":0.6261682510375977,"test_balanced_accuracy0.5":0.4666666666666667,"val_recall0.25":0.29629629850387573,"val_precision0.75":0.2916666567325592,"val_balanced_accuracy0.75":0.5233796296296296,"test_recall0.5":0.25,"val_precision0.25":0.27586206793785095,"test_precision0.5":0.2083333283662796,"test_recall0.75":0.25,"val_recall0.75":0.25925925374031067,"test_balanced_accuracy0.75":0.49166666666666664,"test_recall0.25":0.25,"val_auroc":0.4824073910713196,"test_accuracy0.5":0.574999988079071,"test_accuracy0.75":0.612500011920929,"_wandb":{"runtime":1121},"_timestamp":1.7539247334009886e+09,"test_precision0.75":0.2380952388048172,"train_auroc":1,"val_precision0.5":0.26923078298568726,"test_accuracy0.25":0.550000011920929,"test_balanced_accuracy0.25":0.45,"_runtime":1121.669783521,"test_auroc":0.4950000047683716,"val_recall0.5":0.25925925374031067,"val_accuracy0.5":0.6355140209197998,"train_loss":1.9162152966600843e-05,"test_precision0.25":0.19230769574642181}