{"_wandb":{"runtime":2180},"val_recall0.25":0.5,"test_recall0.75":0.4000000059604645,"train_loss":0.25293731689453125,"test_recall0.25":0.5,"test_accuracy0.5":0.5443037748336792,"val_precision0.25":0.27659574151039124,"val_precision0.75":0.3030303120613098,"val_accuracy0.25":0.5523809790611267,"test_balanced_accuracy0.5":0.513135593220339,"val_precision0.5":0.28947368264198303,"val_balanced_accuracy0.5":0.5406523855890945,"val_balanced_accuracy0.25":0.5348101265822784,"train_auroc":0.9830155372619629,"test_balanced_accuracy0.75":0.5135593220338983,"_runtime":2180.999732733,"test_recall0.5":0.44999998807907104,"val_recall0.5":0.42307692766189575,"_step":405,"test_precision0.75":0.2666666805744171,"val_accuracy0.5":0.6000000238418579,"test_precision0.25":0.25641027092933655,"test_accuracy0.25":0.5063291192054749,"val_auroc":0.5367575287818909,"val_recall0.75":0.38461539149284363,"test_balanced_accuracy0.25":0.5042372881355932,"test_auroc":0.5203390121459961,"_timestamp":1.7513712730850463e+09,"test_accuracy0.75":0.5696202516555786,"val_balanced_accuracy0.75":0.5467380720545277,"test_precision0.5":0.2647058963775635,"val_accuracy0.75":0.6285714507102966}