{"test_recall0.25":0.30000001192092896,"test_precision0.75":0.31578946113586426,"val_balanced_accuracy0.75":0.5718111002921129,"val_recall0.25":0.38461539149284363,"test_balanced_accuracy0.75":0.5398305084745763,"test_balanced_accuracy0.25":0.5144067796610169,"test_recall0.5":0.30000001192092896,"val_accuracy0.5":0.6857143044471741,"val_balanced_accuracy0.25":0.5847127555988315,"val_precision0.5":0.36000001430511475,"val_auroc":0.6431353092193604,"test_accuracy0.25":0.6202531456947327,"val_recall0.75":0.3461538553237915,"test_auroc":0.5762711763381958,"test_balanced_accuracy0.5":0.5228813559322034,"test_precision0.25":0.27272728085517883,"train_loss":3.13274867949076e-05,"val_balanced_accuracy0.5":0.5718111002921129,"_wandb":{"runtime":1029},"test_recall0.75":0.30000001192092896,"val_recall0.5":0.3461538553237915,"test_precision0.5":0.2857142984867096,"_step":309,"val_accuracy0.75":0.6857143044471741,"test_accuracy0.75":0.6582278609275818,"test_accuracy0.5":0.6329113841056824,"_runtime":1029.657411835,"val_precision0.75":0.36000001430511475,"_timestamp":1.7502480192687407e+09,"val_accuracy0.25":0.6857143044471741,"val_precision0.25":0.37037035822868347,"train_auroc":0.9999999403953552}