{"test_accuracy0.25":0.5569620132446289,"val_balanced_accuracy0.5":0.5,"val_precision0.75":0,"val_accuracy0.25":0.5428571701049805,"val_accuracy0.5":0.7523809671401978,"val_auroc":0.5491722822189331,"test_balanced_accuracy0.75":0.5,"val_balanced_accuracy0.75":0.5,"test_precision0.25":0.31707316637039185,"_wandb":{"runtime":8890},"val_recall0.25":0.5769230723381042,"test_recall0.75":0,"_step":999,"_timestamp":1.7508325643144634e+09,"val_precision0.25":0.2884615361690521,"val_accuracy0.75":0.7523809671401978,"_runtime":8890.568485181,"train_loss":1.5952212810516357,"val_balanced_accuracy0.25":0.554284323271665,"train_auroc":0.7060613036155701,"test_balanced_accuracy0.5":0.5,"test_accuracy0.75":0.746835470199585,"test_recall0.5":0,"val_recall0.5":0,"val_recall0.75":0,"test_precision0.75":0,"test_precision0.5":0,"test_auroc":0.5237288475036621,"val_precision0.5":0,"test_balanced_accuracy0.25":0.5877118644067797,"test_accuracy0.5":0.746835470199585,"test_recall0.25":0.6499999761581421}