{"test_accuracy0.25":0.689393937587738,"val_recall0.25":0,"test_precision0.5":0.30000001192092896,"val_auroc":0.5,"train_auroc":1,"test_recall0.5":0.1818181872367859,"test_auroc":0.5289256572723389,"_wandb":{"runtime":1568},"_runtime":1568.112648478,"val_recall0.75":0,"test_balanced_accuracy0.25":0.5202020202020202,"train_loss":6.940732646398828e-07,"val_precision0.5":0,"val_precision0.75":0,"val_accuracy0.75":0.6666666865348816,"_timestamp":1.7496785505729535e+09,"val_recall0.5":0,"val_balanced_accuracy0.75":0.45,"test_balanced_accuracy0.5":0.5202020202020202,"val_accuracy0.25":0.6296296119689941,"val_balanced_accuracy0.25":0.425,"test_accuracy0.75":0.689393937587738,"val_accuracy0.5":0.6666666865348816,"test_precision0.75":0.30000001192092896,"val_precision0.25":0,"test_accuracy0.5":0.689393937587738,"test_recall0.25":0.1818181872367859,"test_balanced_accuracy0.75":0.5202020202020202,"test_recall0.75":0.1818181872367859,"_step":499,"val_balanced_accuracy0.5":0.45,"test_precision0.25":0.30000001192092896}