{"_step":316,"test_auroc":0.5440678000450134,"val_accuracy0.25":0.2571428716182709,"test_balanced_accuracy0.75":0.5,"val_balanced_accuracy0.75":0.5,"test_recall0.25":0.949999988079071,"train_loss":1.997925043106079,"val_recall0.5":0.6153846383094788,"test_precision0.75":0,"test_accuracy0.25":0.26582279801368713,"_wandb":{"runtime":901},"val_balanced_accuracy0.5":0.5481986368062317,"val_auroc":0.536514163017273,"_timestamp":1.7501443632642426e+09,"val_recall0.75":0,"val_balanced_accuracy0.25":0.5063291139240507,"test_recall0.5":0.6499999761581421,"val_accuracy0.5":0.5142857432365417,"_runtime":901.439822804,"val_recall0.25":1,"val_precision0.5":0.28070175647735596,"train_auroc":0.6685729622840881,"val_precision0.25":0.25,"test_balanced_accuracy0.25":0.49194915254237287,"test_recall0.75":0,"test_precision0.5":0.26530611515045166,"val_accuracy0.75":0.7523809671401978,"val_precision0.75":0,"test_balanced_accuracy0.5":0.5199152542372881,"test_precision0.25":0.25,"test_accuracy0.5":0.4556961953639984,"test_accuracy0.75":0.746835470199585}