{"test_recall0.5":1,"_runtime":4192.965815787,"test_balanced_accuracy0.75":0.5,"val_precision0.75":0,"test_balanced_accuracy0.25":0.5,"test_accuracy0.5":0.2531645596027374,"test_precision0.25":0.2531645596027374,"val_balanced_accuracy0.75":0.5,"_step":999,"val_accuracy0.75":0.7523809671401978,"val_accuracy0.25":0.24761904776096344,"val_balanced_accuracy0.5":0.5,"_wandb":{"runtime":4192},"test_auroc":0.5813559293746948,"test_accuracy0.75":0.746835470199585,"test_accuracy0.25":0.2531645596027374,"val_recall0.5":1,"_timestamp":1.7500639330489855e+09,"train_auroc":0.489288330078125,"test_precision0.75":0,"val_precision0.5":0.24761904776096344,"val_recall0.75":0,"train_loss":2.0939929485321045,"test_balanced_accuracy0.5":0.5,"val_recall0.25":1,"val_auroc":0.5523369312286377,"val_precision0.25":0.24761904776096344,"val_balanced_accuracy0.25":0.5,"test_precision0.5":0.2531645596027374,"val_accuracy0.5":0.24761904776096344,"test_recall0.75":0,"test_recall0.25":1}