{"_runtime":1108.268207996,"test_balanced_accuracy0.75":0.5,"val_balanced_accuracy0.75":0.5,"val_recall0.5":0.1538461595773697,"test_auroc":0.4974576234817505,"test_accuracy0.5":0.7594936490058899,"val_accuracy0.25":0.39047619700431824,"val_balanced_accuracy0.25":0.5046251217137293,"test_accuracy0.25":0.4177215099334717,"test_recall0.25":0.6000000238418579,"val_balanced_accuracy0.5":0.5579357351509251,"train_auroc":0.6458130478858948,"val_recall0.25":0.7307692170143127,"test_balanced_accuracy0.5":0.525,"_timestamp":1.7504974022970183e+09,"test_recall0.5":0.05000000074505806,"test_accuracy0.75":0.746835470199585,"test_precision0.75":0,"val_precision0.25":0.25,"train_loss":1.6067389249801636,"val_precision0.75":0,"val_precision0.5":0.5714285969734192,"test_balanced_accuracy0.25":0.47796610169491527,"test_recall0.75":0,"val_accuracy0.5":0.761904776096344,"val_accuracy0.75":0.7523809671401978,"val_auroc":0.5942064523696899,"test_precision0.5":1,"val_recall0.75":0,"test_precision0.25":0.23999999463558197,"_wandb":{"runtime":1108},"_step":420}