{"val_precision0.5":0.4545454680919647,"val_accuracy0.75":0.7714285850524902,"_runtime":2391.669903273,"test_balanced_accuracy0.25":0.5398305084745763,"test_accuracy0.75":0.7215189933776855,"val_recall0.5":0.19230769574642181,"test_recall0.25":0.30000001192092896,"test_precision0.75":0,"val_auroc":0.4466893672943115,"_wandb":{"runtime":2391},"val_recall0.25":0.26923078298568726,"val_precision0.75":0.6666666865348816,"val_accuracy0.5":0.7428571581840515,"test_precision0.5":0.20000000298023224,"val_accuracy0.25":0.6285714507102966,"train_auroc":0.9858812093734741,"test_recall0.75":0,"test_precision0.25":0.31578946113586426,"val_balanced_accuracy0.75":0.5642648490749756,"val_balanced_accuracy0.5":0.5581791626095424,"test_recall0.5":0.05000000074505806,"val_recall0.75":0.1538461595773697,"test_auroc":0.5398305058479309,"_step":999,"test_accuracy0.5":0.7088607549667358,"train_loss":0.35261788964271545,"test_balanced_accuracy0.75":0.4830508474576271,"val_balanced_accuracy0.25":0.5080331061343719,"test_balanced_accuracy0.5":0.49110169491525424,"test_accuracy0.25":0.6582278609275818,"val_precision0.25":0.25925925374031067,"_timestamp":1.750255570335648e+09}