{"test_recall0.25":1,"val_recall0.5":1,"test_recall0.5":1,"test_auroc":0.4805084764957428,"val_precision0.75":0,"val_recall0.75":0,"val_accuracy0.5":0.24761904776096344,"val_precision0.25":0.24761904776096344,"val_balanced_accuracy0.25":0.5,"test_precision0.5":0.2531645596027374,"train_loss":2.09350323677063,"val_accuracy0.75":0.7523809671401978,"val_auroc":0.5355404019355774,"_runtime":502.780826147,"val_accuracy0.25":0.24761904776096344,"test_accuracy0.25":0.2531645596027374,"test_balanced_accuracy0.5":0.5,"_timestamp":1.7502387698764136e+09,"test_accuracy0.5":0.2531645596027374,"_step":150,"test_balanced_accuracy0.25":0.5,"_wandb":{"runtime":502},"val_balanced_accuracy0.75":0.5,"train_auroc":0.42818182706832886,"test_accuracy0.75":0.746835470199585,"test_precision0.25":0.2531645596027374,"test_precision0.75":0,"test_balanced_accuracy0.75":0.5,"val_recall0.25":1,"test_recall0.75":0,"val_balanced_accuracy0.5":0.5,"val_precision0.5":0.24761904776096344}