{"val_precision0.75":0,"test_accuracy0.75":0.75,"val_recall0.25":1,"train_loss":2.0801570415496826,"_timestamp":1.7543655975010364e+09,"val_precision0.25":0.24528302252292633,"test_precision0.75":0,"val_recall0.5":0,"_wandb":{"runtime":6496},"test_precision0.5":0,"test_precision0.25":0.25,"test_recall0.5":0,"train_auroc":0.45109373331069946,"test_accuracy0.25":0.25,"test_accuracy0.5":0.75,"val_precision0.5":0,"val_recall0.75":0,"val_accuracy0.5":0.7547169923782349,"_runtime":6496.181966728,"val_accuracy0.25":0.24528302252292633,"val_balanced_accuracy0.25":0.5,"val_accuracy0.75":0.7547169923782349,"_step":152,"test_balanced_accuracy0.5":0.5,"test_recall0.75":0,"val_balanced_accuracy0.5":0.5,"test_balanced_accuracy0.25":0.5,"test_balanced_accuracy0.75":0.5,"test_auroc":0.5,"test_recall0.25":1,"val_auroc":0.5,"val_balanced_accuracy0.75":0.5}