{"val_recall0.25":0.3461538553237915,"val_balanced_accuracy0.75":0.5591528724440117,"test_auroc":0.41525423526763916,"test_accuracy0.25":0.594936728477478,"test_recall0.25":0.20000000298023224,"_step":296,"test_accuracy0.5":0.594936728477478,"val_precision0.25":0.30000001192092896,"train_loss":1.6043937648646533e-05,"test_precision0.75":0.1764705926179886,"test_accuracy0.75":0.607594907283783,"val_recall0.75":0.3461538553237915,"test_precision0.25":0.20000000298023224,"val_balanced_accuracy0.5":0.5464946445959105,"val_balanced_accuracy0.25":0.5401655306718598,"_wandb":{"runtime":1061},"train_auroc":1,"val_auroc":0.5878773331642151,"val_accuracy0.25":0.6380952596664429,"val_accuracy0.75":0.6666666865348816,"val_precision0.5":0.3103448152542114,"val_accuracy0.5":0.6476190686225891,"test_balanced_accuracy0.75":0.4563559322033898,"_runtime":1061.930750173,"test_balanced_accuracy0.5":0.4478813559322034,"test_precision0.5":0.1666666716337204,"test_balanced_accuracy0.25":0.46440677966101696,"val_recall0.5":0.3461538553237915,"val_precision0.75":0.3333333432674408,"test_recall0.5":0.15000000596046448,"_timestamp":1.7502512675380356e+09,"test_recall0.75":0.15000000596046448}