{"val_accuracy0.5":0.7523809671401978,"test_balanced_accuracy0.25":0.5792372881355932,"train_loss":1.1863328218460083,"test_recall0.75":0,"val_auroc":0.5331061482429504,"test_accuracy0.5":0.746835470199585,"val_balanced_accuracy0.5":0.5258033106134372,"test_recall0.25":0.6499999761581421,"test_balanced_accuracy0.5":0.5330508474576271,"test_precision0.75":0,"_wandb":{"runtime":3969},"val_recall0.25":0.5769230723381042,"val_accuracy0.25":0.46666666865348816,"test_precision0.5":0.5,"val_accuracy0.75":0.7523809671401978,"val_precision0.75":0,"_timestamp":1.7501050155204961e+09,"_runtime":3969.118031181,"val_balanced_accuracy0.25":0.50365141187926,"val_recall0.5":0.07692307978868484,"val_balanced_accuracy0.75":0.5,"val_precision0.5":0.5,"val_recall0.75":0,"_step":999,"test_accuracy0.25":0.5443037748336792,"test_auroc":0.6008474230766296,"train_auroc":0.9205209016799927,"test_balanced_accuracy0.75":0.5,"val_precision0.25":0.25,"test_recall0.5":0.10000000149011612,"test_precision0.25":0.3095238208770752,"test_accuracy0.75":0.746835470199585}