{"test_balanced_accuracy0.5":0.48333333333333334,"test_accuracy0.5":0.6000000238418579,"val_recall0.25":1,"test_balanced_accuracy0.75":0.5,"val_precision0.75":0,"val_balanced_accuracy0.25":0.5,"test_recall0.75":0,"test_recall0.5":0.25,"_wandb":{"runtime":1106},"_step":167,"test_precision0.5":0.22727273404598236,"_timestamp":1.753989616266237e+09,"test_recall0.25":1,"val_auroc":0.6139422655105591,"val_recall0.5":0.3461538553237915,"test_accuracy0.75":0.75,"val_accuracy0.75":0.7547169923782349,"val_balanced_accuracy0.5":0.573076923076923,"test_auroc":0.5375000238418579,"val_accuracy0.25":0.24528302252292633,"train_loss":1.7769678831100464,"_runtime":1106.59592959,"test_precision0.75":0,"val_balanced_accuracy0.75":0.5,"val_precision0.25":0.24528302252292633,"val_recall0.75":0,"train_auroc":0.7682053446769714,"val_accuracy0.5":0.6886792182922363,"test_precision0.25":0.25,"val_precision0.5":0.36000001430511475,"test_balanced_accuracy0.25":0.5,"test_accuracy0.25":0.25}