{"test_recall0.5":0.10000000149011612,"val_recall0.5":0.1111111119389534,"train_auroc":1,"test_recall0.75":0.05000000074505806,"test_auroc":0.4962500035762787,"test_precision0.75":0.1111111119389534,"_wandb":{"runtime":2185},"val_recall0.25":0.14814814925193787,"val_accuracy0.25":0.672897219657898,"test_balanced_accuracy0.25":0.44166666666666665,"val_auroc":0.4495370388031006,"test_precision0.5":0.1818181872367859,"val_balanced_accuracy0.75":0.49930555555555556,"test_balanced_accuracy0.75":0.45833333333333337,"train_loss":0.0001341094175586477,"val_precision0.75":0.25,"val_precision0.25":0.25,"test_accuracy0.25":0.612500011920929,"test_accuracy0.75":0.6625000238418579,"_step":235,"_timestamp":1.7536536964212608e+09,"val_balanced_accuracy0.25":0.49907407407407406,"test_accuracy0.5":0.6625000238418579,"test_precision0.25":0.13333334028720856,"val_recall0.75":0.1111111119389534,"test_balanced_accuracy0.5":0.475,"val_precision0.5":0.20000000298023224,"_runtime":2185.52293707,"val_accuracy0.5":0.663551390171051,"val_balanced_accuracy0.5":0.4805555555555555,"test_recall0.25":0.10000000149011612,"val_accuracy0.75":0.6915887594223022}