{"val_loss":0.8995509147644043,"test_recall":0,"val_auroc":0.4791666567325592,"_step":53,"val_accuracy":0.71875,"test_auroc":0.49152541160583496,"_runtime":623.587356745,"val_precision":0,"val_recall":0,"_timestamp":1.7474450870808737e+09,"train_auroc":0.8575452566146851,"test_precision":0,"test_accuracy":0.7341772317886353,"train_loss":0.15891076624393463,"_wandb":{"runtime":624}}