{"_step":870,"test_accuracy0.25":0.6329113841056824,"test_accuracy0.5":0.6329113841056824,"val_recall0.25":0.42307692766189575,"val_precision0.5":0.3030303120613098,"test_accuracy0.75":0.6329113841056824,"test_precision0.75":0.3333333432674408,"train_loss":0.05547018349170685,"_wandb":{"runtime":5152},"_runtime":5152.144045751,"val_recall0.5":0.38461539149284363,"val_recall0.75":0.38461539149284363,"test_recall0.25":0.6000000238418579,"test_recall0.5":0.44999998807907104,"test_auroc":0.5771186351776123,"val_precision0.25":0.28205129504203796,"val_balanced_accuracy0.25":0.5343232716650438,"_timestamp":1.751429267918464e+09,"test_balanced_accuracy0.75":0.5724576271186441,"val_accuracy0.5":0.6285714507102966,"val_accuracy0.25":0.5904762148857117,"test_balanced_accuracy0.25":0.6220338983050847,"train_auroc":0.9997396469116211,"val_balanced_accuracy0.75":0.5530671859785784,"val_precision0.75":0.3125,"test_precision0.25":0.3636363744735718,"val_accuracy0.75":0.6380952596664429,"test_recall0.75":0.44999998807907104,"test_balanced_accuracy0.5":0.5724576271186441,"val_auroc":0.5150924921035767,"test_precision0.5":0.3333333432674408,"val_balanced_accuracy0.5":0.5467380720545277}