{"_step":150,"test_precision0.25":0.21875,"val_balanced_accuracy0.75":0.5,"test_precision0.5":0,"val_balanced_accuracy0.25":0.44560185185185186,"test_auroc":0.4233333468437195,"test_recall0.5":0,"test_balanced_accuracy0.75":0.5,"test_balanced_accuracy0.25":0.4333333333333333,"test_accuracy0.75":0.75,"train_loss":1.7317596673965454,"val_precision0.25":0.2261904776096344,"_timestamp":1.753621178618224e+09,"val_accuracy0.25":0.3177570104598999,"val_auroc":0.4287036955356598,"test_recall0.25":0.699999988079071,"test_precision0.75":0,"val_recall0.75":0,"val_accuracy0.5":0.7476635575294495,"_runtime":1523.145551228,"test_balanced_accuracy0.5":0.5,"val_balanced_accuracy0.5":0.5,"_wandb":{"runtime":1523},"test_accuracy0.25":0.30000001192092896,"val_recall0.25":0.7037037014961243,"test_recall0.75":0,"train_auroc":0.4416755437850952,"val_precision0.75":0,"val_accuracy0.75":0.7476635575294495,"val_precision0.5":0,"test_accuracy0.5":0.75,"val_recall0.5":0}