{"test_recall0.5":1,"val_precision0.5":0.25233644247055054,"val_balanced_accuracy0.25":0.5,"val_balanced_accuracy0.75":0.5,"val_precision0.25":0.25233644247055054,"train_loss":2.104689598083496,"test_recall0.25":1,"test_precision0.5":0.25,"val_precision0.75":0,"val_auroc":0.5363426208496094,"test_accuracy0.25":0.25,"test_recall0.75":0,"test_precision0.75":0,"test_accuracy0.5":0.25,"val_recall0.5":1,"val_recall0.75":0,"val_accuracy0.75":0.7476635575294495,"test_accuracy0.75":0.75,"_timestamp":1.7549978848982768e+09,"_wandb":{"runtime":1805},"val_accuracy0.25":0.25233644247055054,"train_auroc":0.4522281587123871,"val_accuracy0.5":0.25233644247055054,"test_balanced_accuracy0.25":0.5,"_step":298,"test_auroc":0.5458333492279053,"val_recall0.25":1,"val_balanced_accuracy0.5":0.5,"test_balanced_accuracy0.5":0.5,"test_balanced_accuracy0.75":0.5,"test_precision0.25":0.25,"_runtime":1805.653424371}