{"val_precision0.25":0.26530611515045166,"test_auroc":0.5966101884841919,"val_auroc":0.5038948059082031,"test_balanced_accuracy0.25":0.603813559322034,"val_accuracy0.75":0.5428571701049805,"val_balanced_accuracy0.25":0.5221518987341772,"_wandb":{"runtime":1644},"test_balanced_accuracy0.75":0.5542372881355933,"_runtime":1644.08404973,"val_recall0.75":0.4615384638309479,"test_balanced_accuracy0.5":0.6207627118644068,"val_balanced_accuracy0.75":0.5155793573515093,"test_precision0.75":0.2926829159259796,"test_accuracy0.75":0.5316455960273743,"train_auroc":1,"test_precision0.25":0.3191489279270172,"val_accuracy0.25":0.5333333611488342,"test_recall0.25":0.75,"val_precision0.75":0.260869562625885,"val_recall0.25":0.5,"val_balanced_accuracy0.5":0.5092502434274586,"test_accuracy0.25":0.5316455960273743,"test_recall0.5":0.75,"val_precision0.5":0.25531914830207825,"val_accuracy0.5":0.5333333611488342,"val_recall0.5":0.4615384638309479,"train_loss":0.0016954760067164898,"test_accuracy0.5":0.5569620132446289,"test_precision0.5":0.3333333432674408,"_step":304,"_timestamp":1.7507021961237507e+09,"test_recall0.75":0.6000000238418579}