{"_step":162,"test_accuracy0.75":0.6625000238418579,"test_accuracy0.5":0.612500011920929,"val_precision0.25":0.1818181872367859,"train_auroc":0.9947265982627869,"val_accuracy0.5":0.5943396091461182,"test_balanced_accuracy0.75":0.45833333333333337,"val_balanced_accuracy0.25":0.440225035161744,"val_recall0.25":0.2222222238779068,"val_precision0.5":0.0555555559694767,"val_balanced_accuracy0.75":0.4805438349742147,"val_balanced_accuracy0.5":0.4109235818096577,"test_recall0.5":0.15000000596046448,"test_precision0.75":0.1111111119389534,"_timestamp":1.7551700021631591e+09,"test_precision0.25":0.23999999463558197,"train_loss":0.3315878212451935,"test_recall0.25":0.30000001192092896,"test_recall0.75":0.05000000074505806,"val_precision0.75":0.1428571492433548,"test_auroc":0.47083333134651184,"val_accuracy0.75":0.698113203048706,"val_recall0.75":0.03703703731298447,"_runtime":1170.538916664,"test_precision0.5":0.1764705926179886,"test_balanced_accuracy0.25":0.4916666666666667,"val_auroc":0.4275668263435364,"test_accuracy0.25":0.5874999761581421,"_wandb":{"runtime":1170},"test_balanced_accuracy0.5":0.45833333333333337,"val_accuracy0.25":0.5471698045730591,"val_recall0.5":0.03703703731298447}