val_loss,val_accuracy,val_auroc,val_precision,val_recall,epoch,step
0.6896476149559021,0.5,0.0,0.0,0.0,0,2
0.6842880845069885,1.0,0.0,1.0,1.0,1,5
0.6753811836242676,1.0,0.0,1.0,1.0,2,8
0.665452241897583,1.0,0.0,1.0,1.0,3,11
0.6589376926422119,1.0,0.0,1.0,1.0,4,14
