{"_wandb":{"runtime":5525},"test_recall0.5":0.3499999940395355,"val_recall0.5":0.3333333432674408,"_timestamp":1.7550017609655998e+09,"val_auroc":0.5013889074325562,"test_recall0.75":0.30000001192092896,"val_precision0.5":0.2571428716182709,"test_precision0.75":0.19354838132858276,"train_loss":0.003447921248152852,"val_accuracy0.5":0.5887850522994995,"val_balanced_accuracy0.5":0.5041666666666667,"val_accuracy0.25":0.5700934529304504,"val_balanced_accuracy0.25":0.5039351851851852,"val_recall0.25":0.37037035822868347,"_runtime":5525.731510498,"test_recall0.25":0.4000000059604645,"_step":238,"test_precision0.25":0.20512820780277252,"val_balanced_accuracy0.75":0.4983796296296297,"test_accuracy0.5":0.48750001192092896,"train_auroc":1,"val_precision0.25":0.25641027092933655,"test_precision0.5":0.20000000298023224,"val_recall0.75":0.25925925374031067,"test_accuracy0.75":0.512499988079071,"test_balanced_accuracy0.75":0.44166666666666665,"test_accuracy0.25":0.4625000059604645,"test_auroc":0.43416666984558105,"val_precision0.75":0.25,"test_balanced_accuracy0.25":0.44166666666666665,"test_balanced_accuracy0.5":0.44166666666666665,"val_accuracy0.75":0.6168224215507507}