{"test_accuracy0.75":0.675000011920929,"test_accuracy0.5":0.574999988079071,"test_precision0.75":0.125,"test_precision0.5":0.2083333283662796,"val_accuracy0.5":0.5849056839942932,"val_balanced_accuracy0.75":0.5336538461538461,"val_precision0.5":0.2857142984867096,"val_precision0.25":0.26829269528388977,"test_recall0.75":0.05000000074505806,"test_accuracy0.25":0.42500001192092896,"val_recall0.75":0.19230769574642181,"test_recall0.5":0.25,"_step":999,"test_balanced_accuracy0.5":0.4666666666666667,"_runtime":5482.074187424,"test_recall0.25":0.699999988079071,"_wandb":{"runtime":5482},"val_accuracy0.75":0.7075471878051758,"test_auroc":0.48249998688697815,"val_auroc":0.5865384340286255,"val_balanced_accuracy0.25":0.5480769230769231,"val_balanced_accuracy0.5":0.5432692307692308,"_timestamp":1.7538884187976215e+09,"test_balanced_accuracy0.75":0.4666666666666667,"val_precision0.75":0.3333333432674408,"train_auroc":0.9324393272399902,"val_accuracy0.25":0.3962264060974121,"val_recall0.25":0.8461538553237915,"test_balanced_accuracy0.25":0.5166666666666666,"test_precision0.25":0.25925925374031067,"train_loss":1.036692500114441,"val_recall0.5":0.4615384638309479}