{"val_auroc":0.4642857313156128,"test_accuracy":0.7480915784835815,"_wandb":{"runtime":518},"val_loss":1.7935662269592285,"train_auroc":0.6224331855773926,"_timestamp":1.7495768587744157e+09,"test_auroc":0.5757575631141663,"val_precision":0,"val_recall":0,"train_loss":1.649160385131836,"test_recall":0,"_runtime":518.360004048,"val_balanced_accuracy":0.5,"_step":72,"test_precision":0,"val_accuracy":0.7407407164573669,"test_balanced_accuracy":0.5}