{"test_auroc":0.4107744097709656,"test_accuracy":0.5833333134651184,"val_recall":0.4285714328289032,"train_loss":0.9768100380897522,"val_precision":0.4285714328289032,"test_balanced_accuracy":0.4393939393939394,"val_accuracy":0.7037037014961243,"_timestamp":1.7494834127739408e+09,"val_balanced_accuracy":0.6142857142857143,"test_recall":0.1515151560306549,"val_loss":2.505887985229492,"train_auroc":0.9230470061302185,"test_precision":0.15625,"val_auroc":0.6285714507102966,"_step":62,"_wandb":{"runtime":194},"_runtime":194.296189489}