{"val_recall0.5":0.38461539149284363,"test_accuracy0.25":0.49367088079452515,"test_precision0.75":0.20588235557079315,"test_precision0.5":0.1944444477558136,"_timestamp":1.7513870056455712e+09,"val_recall0.25":0.42307692766189575,"val_balanced_accuracy0.75":0.5404089581304772,"val_accuracy0.25":0.561904788017273,"val_recall0.75":0.38461539149284363,"_runtime":1861.830867653,"test_auroc":0.5271186828613281,"test_accuracy0.75":0.49367088079452515,"val_precision0.5":0.2777777910232544,"_step":332,"test_recall0.5":0.3499999940395355,"train_loss":0.04028771445155144,"test_precision0.25":0.261904776096344,"val_precision0.25":0.261904776096344,"test_balanced_accuracy0.75":0.4461864406779661,"test_accuracy0.5":0.4683544337749481,"val_balanced_accuracy0.25":0.5153359298928919,"val_balanced_accuracy0.5":0.5277507302823758,"train_auroc":0.999679446220398,"test_recall0.25":0.550000011920929,"_wandb":{"runtime":1861},"test_balanced_accuracy0.25":0.5122881355932204,"val_accuracy0.5":0.6000000238418579,"val_accuracy0.75":0.6190476417541504,"test_recall0.75":0.3499999940395355,"val_auroc":0.5340798497200012,"val_precision0.75":0.29411765933036804,"test_balanced_accuracy0.5":0.4292372881355932}