{"test_balanced_accuracy0.5":0.4916666666666667,"test_auroc":0.4866666793823242,"val_balanced_accuracy0.25":0.47384259259259254,"_step":209,"test_precision0.25":0.2631579041481018,"val_balanced_accuracy0.75":0.46782407407407406,"val_balanced_accuracy0.5":0.47384259259259254,"test_accuracy0.75":0.6499999761581421,"val_accuracy0.25":0.6168224215507507,"_runtime":1775.484667103,"_timestamp":1.7535365596425219e+09,"test_recall0.25":0.25,"test_balanced_accuracy0.75":0.48333333333333334,"train_loss":5.332984983397182e-06,"val_accuracy0.5":0.6168224215507507,"test_balanced_accuracy0.25":0.5083333333333333,"train_auroc":1,"val_accuracy0.75":0.6261682510375977,"val_precision0.5":0.2083333283662796,"val_recall0.5":0.18518517911434174,"test_precision0.5":0.23529411852359772,"val_recall0.25":0.18518517911434174,"val_precision0.25":0.2083333283662796,"test_accuracy0.5":0.637499988079071,"val_auroc":0.4981481432914734,"val_precision0.75":0.190476194024086,"test_recall0.5":0.20000000298023224,"val_recall0.75":0.14814814925193787,"_wandb":{"runtime":1775},"test_precision0.75":0.2142857164144516,"test_recall0.75":0.15000000596046448,"test_accuracy0.25":0.637499988079071}