{"test_recall0.5":0.25,"_wandb":{"runtime":2311},"test_accuracy0.5":0.762499988079071,"test_precision0.75":0.75,"test_precision0.5":0.5555555820465088,"test_recall0.75":0.15000000596046448,"val_recall0.75":0.07692307978868484,"val_accuracy0.75":0.7452830076217651,"val_balanced_accuracy0.75":0.5197115384615385,"test_accuracy0.75":0.7749999761581421,"_step":999,"test_balanced_accuracy0.5":0.5916666666666667,"val_balanced_accuracy0.25":0.44567307692307695,"val_accuracy0.5":0.7169811129570007,"val_recall0.25":0.1538461595773697,"test_auroc":0.5833333730697632,"train_loss":0.1148073598742485,"test_balanced_accuracy0.75":0.5666666666666667,"test_precision0.25":0.3181818127632141,"val_auroc":0.48461538553237915,"test_balanced_accuracy0.25":0.55,"_runtime":2311.221087099,"val_balanced_accuracy0.5":0.5139423076923076,"train_auroc":1,"test_recall0.25":0.3499999940395355,"val_precision0.25":0.1599999964237213,"_timestamp":1.7534720814384146e+09,"val_recall0.5":0.11538461595773697,"val_precision0.5":0.30000001192092896,"val_accuracy0.25":0.5943396091461182,"val_precision0.75":0.4000000059604645,"test_accuracy0.25":0.6499999761581421}