{"val_precision0.25":0.27272728085517883,"test_accuracy0.25":0.512499988079071,"val_accuracy0.75":0.663551390171051,"val_balanced_accuracy0.75":0.5418981481481482,"_step":227,"test_auroc":0.3583333492279053,"val_balanced_accuracy0.5":0.5231481481481481,"val_recall0.75":0.29629629850387573,"test_precision0.75":0.15000000596046448,"val_auroc":0.4696759581565857,"val_recall0.25":0.3333333432674408,"test_recall0.5":0.20000000298023224,"test_balanced_accuracy0.75":0.43333333333333335,"_timestamp":1.7550525897653468e+09,"val_precision0.75":0.3199999928474426,"test_accuracy0.5":0.550000011920929,"test_balanced_accuracy0.5":0.43333333333333335,"val_recall0.5":0.29629629850387573,"val_precision0.5":0.2857142984867096,"test_precision0.25":0.17241379618644714,"test_precision0.5":0.1666666716337204,"val_accuracy0.25":0.6074766516685486,"val_accuracy0.5":0.6355140209197998,"train_loss":0.00037095131119713187,"test_accuracy0.75":0.574999988079071,"test_recall0.75":0.15000000596046448,"test_balanced_accuracy0.25":0.425,"val_balanced_accuracy0.25":0.5166666666666666,"_runtime":5563.554854594,"train_auroc":1,"_wandb":{"runtime":5563},"test_recall0.25":0.25}