{"test_balanced_accuracy0.75":0.5,"val_auroc":0.6699123382568359,"val_precision0.75":0,"train_auroc":0.5659079551696777,"test_accuracy0.25":0.2531645596027374,"val_recall0.25":1,"val_accuracy0.5":0.7523809671401978,"_wandb":{"runtime":417},"val_recall0.5":0,"val_precision0.5":0,"_step":165,"test_recall0.5":0,"test_accuracy0.75":0.746835470199585,"test_precision0.25":0.2531645596027374,"test_precision0.75":0,"test_recall0.25":1,"val_precision0.25":0.24761904776096344,"_timestamp":1.750269151623384e+09,"_runtime":417.2577845,"val_balanced_accuracy0.25":0.5,"test_recall0.75":0,"val_accuracy0.25":0.24761904776096344,"val_balanced_accuracy0.75":0.5,"train_loss":1.6893771886825562,"test_precision0.5":0,"test_balanced_accuracy0.5":0.5,"test_auroc":0.46949154138565063,"val_balanced_accuracy0.5":0.5,"val_accuracy0.75":0.7523809671401978,"test_balanced_accuracy0.25":0.5,"val_recall0.75":0,"test_accuracy0.5":0.746835470199585}