{"val_auroc":0.3958333134651184,"_runtime":2202.222538962,"val_accuracy":0.25,"test_auroc":0.5330508351325989,"train_auroc":0.5749832391738892,"test_balanced_accuracy":0.5,"test_recall":0.2531645596027374,"_wandb":{"runtime":2202},"train_loss":0.689440131187439,"_timestamp":1.7478691350358622e+09,"val_precision":0.25,"val_balanced_accuracy":0.5,"val_recall":0.25,"test_precision":0.2531645596027374,"val_loss":0.7494409680366516,"_step":69,"test_accuracy":0.2531645596027374}