{"test_balanced_accuracy0.5":0.5322033898305085,"train_auroc":1,"val_accuracy0.5":0.6666666865348816,"test_accuracy0.25":0.6582278609275818,"val_accuracy0.75":0.723809540271759,"test_accuracy0.75":0.6962025165557861,"val_recall0.75":0.19230769574642181,"_wandb":{"runtime":2084},"val_accuracy0.25":0.6761904954910278,"test_recall0.75":0.20000000298023224,"test_balanced_accuracy0.25":0.5233050847457628,"val_precision0.5":0.2631579041481018,"val_auroc":0.5776534080505371,"test_recall0.5":0.20000000298023224,"test_precision0.5":0.3333333432674408,"val_recall0.5":0.19230769574642181,"val_recall0.25":0.23076923191547394,"train_loss":0.00016292162763420492,"test_precision0.25":0.29411765933036804,"test_accuracy0.5":0.6962025165557861,"test_precision0.75":0.3333333432674408,"val_precision0.25":0.30000001192092896,"test_auroc":0.5389830470085144,"test_recall0.25":0.25,"val_balanced_accuracy0.75":0.5455209347614411,"val_balanced_accuracy0.5":0.5075462512171374,"val_precision0.75":0.38461539149284363,"_step":198,"val_balanced_accuracy0.25":0.5267770204479065,"_runtime":2084.407923377,"test_balanced_accuracy0.75":0.5322033898305085,"_timestamp":1.7508981107283285e+09}