{"_step":250,"_wandb":{"runtime":948},"test_accuracy0.5":0.574999988079071,"val_auroc":0.4347222149372101,"val_balanced_accuracy0.5":0.39282407407407405,"test_balanced_accuracy0.5":0.5,"val_accuracy0.5":0.514018714427948,"val_precision0.75":0.12903225421905518,"test_precision0.5":0.25,"val_balanced_accuracy0.75":0.40532407407407406,"val_accuracy0.25":0.5327102541923523,"test_recall0.75":0.30000001192092896,"train_auroc":1,"test_precision0.25":0.21212121844291687,"_timestamp":1.7531060263594294e+09,"_runtime":948.601746883,"test_accuracy0.25":0.512499988079071,"val_precision0.5":0.12121212482452393,"train_loss":0.0013420000905171037,"val_recall0.25":0.3333333432674408,"test_recall0.5":0.3499999940395355,"test_balanced_accuracy0.75":0.5,"test_precision0.75":0.25,"val_accuracy0.75":0.5327102541923523,"val_recall0.75":0.14814814925193787,"val_balanced_accuracy0.25":0.4666666666666667,"test_balanced_accuracy0.25":0.4583333333333333,"val_recall0.5":0.14814814925193787,"val_precision0.25":0.2195121943950653,"test_auroc":0.48083335161209106,"test_recall0.25":0.3499999940395355,"test_accuracy0.75":0.6000000238418579}