{"test_auroc":0.5561867952346802,"test_precision":0,"_step":50,"test_recall":0,"val_auroc":0.5785714387893677,"_timestamp":1.7495548915753982e+09,"val_recall":0,"val_precision":0,"train_auroc":0.5724408626556396,"_wandb":{"runtime":397},"val_accuracy":0.7407407164573669,"val_balanced_accuracy":0.5,"_runtime":397.723702425,"test_balanced_accuracy":0.5,"train_loss":1.6887586116790771,"val_loss":1.7104260921478271,"test_accuracy":0.7557252049446106}