{"test_auroc":0.5565025210380554,"val_loss":1.7103544473648071,"_step":50,"val_balanced_accuracy":0.5,"_wandb":{"runtime":442},"_runtime":442.506774718,"train_auroc":0.5723451375961304,"val_accuracy":0.7407407164573669,"val_precision":0,"val_auroc":0.5785714387893677,"_timestamp":1.749527281879605e+09,"test_recall":0,"test_precision":0,"train_loss":1.6887396574020386,"test_accuracy":0.7557252049446106,"val_recall":0,"test_balanced_accuracy":0.5}