{"test_accuracy0.5":1,"val_precision0.75":0,"test_recall0.25":1,"test_precision0.25":0.5,"val_auroc":0.5,"val_precision0.25":0.3333333432674408,"val_accuracy0.75":0.6666666865348816,"_wandb":{"runtime":49},"test_balanced_accuracy0.5":1,"_runtime":49.43435,"test_auroc":1,"val_accuracy0.25":0.3333333432674408,"test_accuracy0.25":0.5,"_timestamp":1.7500724967697244e+09,"val_recall0.75":0,"test_balanced_accuracy0.25":0.5,"_step":42,"train_loss":0.39141175150871277,"test_accuracy0.75":0.5,"test_recall0.5":1,"val_balanced_accuracy0.25":0.5,"val_precision0.5":0,"val_recall0.25":1,"test_precision0.75":0,"train_auroc":1,"val_accuracy0.5":0.3333333432674408,"val_balanced_accuracy0.5":0.25,"test_balanced_accuracy0.75":0.5,"val_recall0.5":0,"test_precision0.5":1,"val_balanced_accuracy0.75":0.5,"test_recall0.75":0}