{"test_precision0.25":0.1538461595773697,"test_precision0.75":0.2222222238779068,"_runtime":2075.482101116,"val_accuracy0.75":0.7102803587913513,"test_auroc":0.4858333170413971,"test_balanced_accuracy0.25":0.4583333333333333,"val_balanced_accuracy0.75":0.5118055555555555,"val_recall0.25":0.1111111119389534,"train_loss":7.823349005775526e-05,"test_accuracy0.5":0.675000011920929,"test_recall0.25":0.10000000149011612,"_wandb":{"runtime":2075},"test_precision0.5":0.20000000298023224,"test_recall0.5":0.10000000149011612,"_step":215,"val_auroc":0.46990740299224854,"test_balanced_accuracy0.5":0.48333333333333334,"test_accuracy0.75":0.6875,"val_recall0.75":0.1111111119389534,"test_accuracy0.25":0.637499988079071,"_timestamp":1.7536473591611805e+09,"test_recall0.75":0.10000000149011612,"val_precision0.75":0.30000001192092896,"val_accuracy0.5":0.672897219657898,"train_auroc":1,"val_precision0.5":0.2142857164144516,"val_recall0.5":0.1111111119389534,"test_balanced_accuracy0.75":0.49166666666666664,"val_precision0.25":0.1875,"val_balanced_accuracy0.25":0.47430555555555554,"val_accuracy0.25":0.6542056202888489,"val_balanced_accuracy0.5":0.4868055555555556}