{"_timestamp":1.7535229798146458e+09,"val_precision0.5":0,"test_balanced_accuracy0.5":0.5,"val_precision0.75":0,"_step":999,"test_precision0.25":0.2777777910232544,"val_recall0.25":0.48148149251937866,"val_accuracy0.75":0.7452830076217651,"train_auroc":0.62122642993927,"val_balanced_accuracy0.25":0.5002344116268167,"val_accuracy0.5":0.7452830076217651,"val_precision0.25":0.2549019753932953,"test_accuracy0.75":0.75,"test_precision0.75":0,"test_recall0.75":0,"_runtime":6162.355435309,"test_balanced_accuracy0.25":0.5333333333333333,"test_precision0.5":0,"val_recall0.5":0,"test_balanced_accuracy0.75":0.5,"val_balanced_accuracy0.5":0.5,"test_recall0.25":0.5,"val_accuracy0.25":0.5094339847564697,"test_accuracy0.25":0.550000011920929,"_wandb":{"runtime":6162},"val_auroc":0.5789967179298401,"train_loss":1.6541335582733154,"test_auroc":0.5766667127609253,"val_balanced_accuracy0.75":0.5,"test_accuracy0.5":0.75,"test_recall0.5":0,"val_recall0.75":0}