{"test_recall0.75":0.5,"val_accuracy0.25":0.5566037893295288,"test_auroc":0.6058333516120911,"val_recall0.25":0.38461539149284363,"test_accuracy0.75":0.699999988079071,"val_balanced_accuracy0.25":0.4985576923076923,"test_precision0.75":0.4166666567325592,"test_precision0.5":0.37037035822868347,"val_accuracy0.5":0.6226415038108826,"train_auroc":0.9998828172683716,"test_balanced_accuracy0.5":0.6083333333333334,"val_auroc":0.4754807651042938,"_runtime":6159.580196251,"test_balanced_accuracy0.25":0.6,"_wandb":{"runtime":6159},"test_precision0.25":0.3333333432674408,"_timestamp":1.753849326281483e+09,"val_recall0.5":0.3461538553237915,"val_balanced_accuracy0.5":0.5293269230769231,"val_precision0.75":0.3333333432674408,"test_accuracy0.25":0.6000000238418579,"val_precision0.5":0.28125,"_step":258,"test_accuracy0.5":0.6625000238418579,"test_recall0.25":0.6000000238418579,"train_loss":0.05839253216981888,"val_precision0.25":0.24390244483947754,"test_balanced_accuracy0.75":0.6333333333333333,"val_recall0.75":0.3461538553237915,"test_recall0.5":0.5,"val_balanced_accuracy0.75":0.5605769230769231,"val_accuracy0.75":0.6698113083839417}