{"val_precision0.75":0.3404255211353302,"val_recall0.25":0.6538461446762085,"val_accuracy0.75":0.6095238327980042,"val_precision0.25":0.2786885201931,"test_balanced_accuracy0.75":0.5970338983050847,"test_precision0.25":0.31578946113586426,"test_recall0.5":0.550000011920929,"test_balanced_accuracy0.25":0.5796610169491525,"_timestamp":1.750703766319593e+09,"test_accuracy0.25":0.5696202516555786,"test_precision0.5":0.3142857253551483,"val_recall0.5":0.6538461446762085,"val_balanced_accuracy0.75":0.6114897760467382,"test_recall0.25":0.6000000238418579,"_runtime":1569.155216746,"train_loss":0.0008071916527114809,"val_accuracy0.5":0.5523809790611267,"_wandb":{"runtime":1569},"test_precision0.75":0.34375,"val_accuracy0.25":0.4952380955219269,"test_auroc":0.5364406704902649,"test_balanced_accuracy0.5":0.5716101694915254,"test_accuracy0.75":0.6202531456947327,"val_balanced_accuracy0.25":0.5484420642648491,"_step":295,"test_recall0.75":0.550000011920929,"val_auroc":0.5754625201225281,"test_accuracy0.5":0.5822784900665283,"val_precision0.5":0.30909091234207153,"val_balanced_accuracy0.5":0.5864167478091529,"train_auroc":1,"val_recall0.75":0.6153846383094788}