{"train_auroc":0.9993914365768433,"test_recall0.75":0.10000000149011612,"test_balanced_accuracy0.25":0.4822033898305085,"test_accuracy0.75":0.6962025165557861,"val_recall0.5":0.11538461595773697,"test_accuracy0.5":0.6835442781448364,"test_balanced_accuracy0.75":0.49915254237288137,"_wandb":{"runtime":1118},"val_balanced_accuracy0.25":0.5579357351509251,"test_precision0.5":0.2222222238779068,"test_auroc":0.6423728466033936,"train_loss":0.03935152292251587,"val_accuracy0.25":0.761904776096344,"test_recall0.25":0.10000000149011612,"test_accuracy0.25":0.6708860993385315,"val_accuracy0.75":0.761904776096344,"val_precision0.75":0.6000000238418579,"val_precision0.25":0.5714285969734192,"test_precision0.75":0.25,"_timestamp":1.7502338353824267e+09,"val_balanced_accuracy0.75":0.5450340798442064,"_step":463,"val_accuracy0.5":0.761904776096344,"val_balanced_accuracy0.5":0.5450340798442064,"test_precision0.25":0.20000000298023224,"test_recall0.5":0.10000000149011612,"_runtime":1118.619233172,"test_balanced_accuracy0.5":0.4906779661016949,"val_recall0.75":0.11538461595773697,"val_recall0.25":0.1538461595773697,"val_precision0.5":0.6000000238418579,"val_auroc":0.6173320412635803}