{"_timestamp":1.753833724639432e+09,"test_balanced_accuracy0.75":0.5,"test_precision0.5":0.3076923191547394,"val_recall0.5":0.18518517911434174,"val_balanced_accuracy0.5":0.5238425925925926,"train_auroc":0.9783236384391785,"_step":439,"test_balanced_accuracy0.5":0.525,"test_balanced_accuracy0.25":0.5166666666666667,"val_balanced_accuracy0.25":0.4969907407407407,"test_recall0.75":0,"test_auroc":0.5091666579246521,"test_accuracy0.5":0.6875,"test_precision0.75":0,"val_accuracy0.25":0.5046728849411011,"val_precision0.25":0.25,"val_precision0.75":1,"_wandb":{"runtime":2273},"test_recall0.5":0.20000000298023224,"val_balanced_accuracy0.75":0.5185185185185185,"val_recall0.25":0.48148149251937866,"val_recall0.75":0.03703703731298447,"val_accuracy0.75":0.7570093274116516,"test_accuracy0.75":0.75,"val_precision0.5":0.3125,"test_accuracy0.25":0.550000011920929,"test_precision0.25":0.2647058963775635,"test_recall0.25":0.44999998807907104,"val_auroc":0.510185182094574,"train_loss":0.8254177570343018,"_runtime":2273.099420385,"val_accuracy0.5":0.6915887594223022}