{"_wandb":{"runtime":43991},"val_balanced_accuracy0.5":0.5837962962962963,"test_recall0.25":0.30000001192092896,"test_balanced_accuracy0.75":0.4166666666666667,"val_precision0.5":0.3199999928474426,"val_recall0.25":0.6296296119689941,"val_recall0.75":0.40740740299224854,"_runtime":43991.238984361,"val_accuracy0.5":0.5794392228126526,"test_accuracy0.75":0.550000011920929,"val_balanced_accuracy0.75":0.5224537037037037,"test_precision0.5":0.20000000298023224,"val_auroc":0.5979167222976685,"test_auroc":0.3933333158493042,"val_recall0.5":0.5925925970077515,"test_balanced_accuracy0.25":0.3833333333333333,"test_precision0.25":0.15789473056793213,"test_recall0.75":0.15000000596046448,"test_balanced_accuracy0.5":0.44999999999999996,"test_accuracy0.25":0.42500001192092896,"val_precision0.25":0.2982456088066101,"test_accuracy0.5":0.5249999761581421,"train_auroc":0.9737110137939453,"test_precision0.75":0.13636364042758942,"val_balanced_accuracy0.25":0.5648148148148149,"_timestamp":1.7550829840414085e+09,"train_loss":0.516553521156311,"val_accuracy0.25":0.5327102541923523,"val_accuracy0.75":0.5794392228126526,"_step":999,"test_recall0.5":0.30000001192092896,"val_precision0.75":0.2750000059604645}