{"test_accuracy0.25":0.25,"train_loss":1.7602890729904175,"val_auroc":0.48710736632347107,"test_recall0.5":0,"train_mu":-1.5174558143371542e-07,"train_recon_loss_no_kld":1.0026946067810059,"_runtime":1661.924147681,"val_precision0.5":0,"val_precision0.25":0.25471699237823486,"val_accuracy0.5":0.7452830076217651,"train_surv_loss":1.0041056871414185,"_step":50,"val_recall0.75":0,"val_balanced_accuracy0.5":0.5,"val_accuracy0.25":0.25471699237823486,"_timestamp":1.7549789699686022e+09,"train_logvar":-6.64440619857487e-07,"test_accuracy0.5":0.75,"val_recall0.5":0,"test_recall0.25":1,"val_accuracy0.75":0.7452830076217651,"test_balanced_accuracy0.25":0.5,"train_auroc":0.48876953125,"val_balanced_accuracy0.75":0.5,"val_balanced_accuracy0.25":0.5,"test_recall0.75":0,"test_auroc":0.4737499952316284,"test_precision0.5":0,"test_accuracy0.75":0.75,"train_kld_loss":0.5096723437309265,"test_balanced_accuracy0.5":0.5,"val_recall0.25":1,"test_precision0.25":0.25,"test_balanced_accuracy0.75":0.5,"test_precision0.75":0,"val_precision0.75":0,"_wandb":{"runtime":1661}}