{"val_loss":0.37420153617858887,"_timestamp":1.7477060710092719e+09,"test_auroc":0.5,"val_accuracy":0.75,"val_precision":0,"train_auroc":0.5,"val_recall":0,"test_precision":0,"test_recall":0,"test_accuracy":0.746835470199585,"train_loss":0.3735118508338928,"_runtime":708.292198927,"val_auroc":0.5,"_step":35,"_wandb":{"runtime":710}}