{"_step":35,"val_accuracy":0.75,"train_loss":0.3773404657840729,"test_accuracy":0.746835470199585,"_runtime":703.287100754,"test_auroc":0.5,"train_auroc":0.5,"_wandb":{"runtime":706},"val_recall":0,"val_loss":0.3750094771385193,"val_precision":0,"test_recall":0,"test_precision":0,"_timestamp":1.7476996760735931e+09,"val_auroc":0.5}