{"test_precision0.75":0.22499999403953552,"val_balanced_accuracy0.25":0.5270833333333333,"test_balanced_accuracy0.25":0.3916666666666667,"test_recall0.75":0.44999998807907104,"_wandb":{"runtime":13194},"val_auroc":0.6060185432434082,"val_accuracy0.5":0.4953271150588989,"test_balanced_accuracy0.5":0.41666666666666663,"_runtime":13194.601769084,"_timestamp":1.7536288536405048e+09,"val_accuracy0.25":0.4579439163208008,"val_precision0.5":0.2786885201931,"val_accuracy0.75":0.5514018535614014,"test_balanced_accuracy0.75":0.4666666666666667,"val_recall0.5":0.6296296119689941,"val_recall0.25":0.6666666865348816,"test_precision0.25":0.19298245012760162,"test_auroc":0.40166667103767395,"train_loss":0.03044697642326355,"val_precision0.75":0.30909091234207153,"train_auroc":1,"test_accuracy0.5":0.375,"test_accuracy0.75":0.4749999940395355,"_step":319,"val_balanced_accuracy0.5":0.5398148148148149,"val_precision0.25":0.26865673065185547,"val_balanced_accuracy0.75":0.5773148148148148,"test_accuracy0.25":0.3125,"test_recall0.25":0.550000011920929,"test_recall0.5":0.5,"val_recall0.75":0.6296296119689941,"test_precision0.5":0.20000000298023224}