{"test_recall0.75":0.10000000149011612,"_runtime":3472.896404378,"val_precision0.75":0.25,"val_balanced_accuracy0.75":0.49907407407407406,"val_accuracy0.75":0.672897219657898,"test_precision0.75":0.20000000298023224,"val_precision0.5":0.23529411852359772,"train_auroc":0.9999999403953552,"val_recall0.25":0.14814814925193787,"test_auroc":0.4983333349227905,"_wandb":{"runtime":3472},"test_recall0.5":0.10000000149011612,"test_balanced_accuracy0.5":0.4666666666666667,"test_accuracy0.5":0.6499999761581421,"val_precision0.25":0.1818181872367859,"test_accuracy0.25":0.5874999761581421,"test_precision0.5":0.1666666716337204,"val_accuracy0.25":0.6168224215507507,"val_accuracy0.5":0.663551390171051,"val_balanced_accuracy0.5":0.4928240740740741,"test_recall0.25":0.10000000149011612,"val_auroc":0.4750000238418579,"val_recall0.5":0.14814814925193787,"test_accuracy0.75":0.675000011920929,"test_balanced_accuracy0.75":0.48333333333333334,"_timestamp":1.7536791452198172e+09,"train_loss":0.005901459138840437,"test_precision0.25":0.11764705926179886,"val_balanced_accuracy0.25":0.4615740740740741,"_step":377,"test_balanced_accuracy0.25":0.425,"val_recall0.75":0.14814814925193787}