{"test_precision0.25":0.35483869910240173,"test_recall0.5":0.5,"_runtime":1017.798230052,"_step":238,"val_balanced_accuracy0.75":0.5408653846153846,"train_auroc":1,"val_auroc":0.5370192527770996,"train_loss":0.0013333609094843268,"test_accuracy0.5":0.6625000238418579,"test_balanced_accuracy0.25":0.6083333333333334,"_timestamp":1.7531100113172257e+09,"test_balanced_accuracy0.5":0.6083333333333334,"_wandb":{"runtime":1017},"val_recall0.25":0.3461538553237915,"val_accuracy0.25":0.650943398475647,"test_accuracy0.75":0.675000011920929,"test_recall0.25":0.550000011920929,"test_recall0.75":0.44999998807907104,"test_precision0.75":0.375,"test_accuracy0.25":0.637499988079071,"val_precision0.5":0.3478260934352875,"val_accuracy0.5":0.6886792182922363,"test_balanced_accuracy0.75":0.6,"val_accuracy0.75":0.6792452931404114,"test_auroc":0.65583336353302,"val_precision0.75":0.3181818127632141,"val_recall0.5":0.3076923191547394,"test_precision0.5":0.37037035822868347,"val_balanced_accuracy0.5":0.5600961538461539,"val_precision0.25":0.3103448152542114,"val_balanced_accuracy0.25":0.5480769230769231,"val_recall0.75":0.26923078298568726}