{"test_accuracy0.25":0.5822784900665283,"test_auroc":0.4576271176338196,"_timestamp":1.7502266694527593e+09,"_runtime":1089.886810915,"test_balanced_accuracy0.75":0.423728813559322,"val_precision0.25":0.3499999940395355,"val_recall0.5":0.26923078298568726,"test_precision0.75":0,"val_recall0.75":0.26923078298568726,"test_precision0.5":0,"test_accuracy0.5":0.5822784900665283,"val_precision0.75":0.4117647111415863,"test_recall0.75":0,"_wandb":{"runtime":1089},"_step":463,"test_recall0.5":0,"train_loss":0.03902935981750488,"val_balanced_accuracy0.25":0.5523369036027264,"val_balanced_accuracy0.5":0.5649951314508277,"test_precision0.25":0,"test_recall0.25":0,"test_balanced_accuracy0.5":0.3898305084745763,"val_auroc":0.5705940127372742,"val_precision0.5":0.3888888955116272,"test_accuracy0.75":0.6329113841056824,"test_balanced_accuracy0.25":0.3898305084745763,"val_accuracy0.75":0.723809540271759,"val_accuracy0.5":0.7142857313156128,"val_accuracy0.25":0.6952381134033203,"train_auroc":0.9993914365768433,"val_recall0.25":0.26923078298568726,"val_balanced_accuracy0.75":0.5713242453748782}