{"val_precision0.25":0.23076923191547394,"test_accuracy0.25":0.607594907283783,"test_balanced_accuracy0.25":0.4563559322033898,"val_accuracy0.25":0.6190476417541504,"val_precision0.75":0.2857142984867096,"test_balanced_accuracy0.75":0.4402542372881356,"val_recall0.75":0.1538461595773697,"val_precision0.5":0.2380952388048172,"test_precision0.75":0.09090909361839294,"val_recall0.25":0.23076923191547394,"test_precision0.25":0.1764705926179886,"test_recall0.75":0.05000000074505806,"val_accuracy0.5":0.6476190686225891,"test_accuracy0.75":0.6329113841056824,"_step":289,"val_balanced_accuracy0.5":0.49488802336903603,"train_loss":1.0383808612823486,"_wandb":{"runtime":2068},"test_accuracy0.5":0.6329113841056824,"test_precision0.5":0.20000000298023224,"val_accuracy0.75":0.6952381134033203,"val_auroc":0.49294060468673706,"val_balanced_accuracy0.25":0.48880233690360275,"test_recall0.25":0.15000000596046448,"val_recall0.5":0.19230769574642181,"test_auroc":0.4567796587944031,"train_auroc":0.9789296984672546,"val_balanced_accuracy0.75":0.5136319376825706,"_runtime":2068.320459191,"_timestamp":1.751386666407732e+09,"test_recall0.5":0.15000000596046448,"test_balanced_accuracy0.5":0.4733050847457627}