{"val_accuracy0.75":0.7428571581840515,"val_auroc":0.518013596534729,"val_recall0.25":0.19230769574642181,"train_auroc":1,"test_balanced_accuracy0.25":0.5067796610169492,"val_accuracy0.5":0.6952381134033203,"_wandb":{"runtime":1524},"test_accuracy0.5":0.7341772317886353,"val_balanced_accuracy0.25":0.5138753651411879,"_timestamp":1.7501947349465756e+09,"test_precision0.25":0.2666666805744171,"test_balanced_accuracy0.75":0.5,"test_auroc":0.5110169649124146,"test_recall0.5":0.05000000074505806,"test_precision0.5":0.3333333432674408,"val_recall0.75":0,"val_precision0.75":0,"val_precision0.5":0.125,"test_recall0.25":0.20000000298023224,"test_recall0.75":0,"val_balanced_accuracy0.5":0.4749269717624148,"train_loss":0.02555226907134056,"val_precision0.25":0.2777777910232544,"_step":440,"test_accuracy0.75":0.746835470199585,"val_recall0.5":0.03846153989434242,"val_balanced_accuracy0.75":0.4936708860759494,"test_precision0.75":0,"test_balanced_accuracy0.5":0.5080508474576271,"val_accuracy0.25":0.6761904954910278,"_runtime":1524.952655154,"test_accuracy0.25":0.6582278609275818}