{"train_auroc":0.42213279008865356,"val_loss":0.7008795142173767,"_runtime":582.319683859,"_step":73,"val_recall":0.75,"train_loss":0.7011953592300415,"test_accuracy":0.746835470199585,"val_accuracy":0.75,"test_precision":0.746835470199585,"test_balanced_accuracy":0.5,"val_precision":0.75,"_wandb":{"runtime":582},"test_recall":0.746835470199585,"_timestamp":1.7483564658358924e+09,"val_balanced_accuracy":0.5,"test_auroc":0.5110169649124146,"val_auroc":0.4687499701976776}