{"test_balanced_accuracy0.75":0.5166666666666666,"test_accuracy0.75":0.699999988079071,"train_auroc":1,"test_precision0.75":0.30000001192092896,"val_balanced_accuracy0.5":0.5363425925925925,"test_recall0.75":0.15000000596046448,"test_auroc":0.5608333349227905,"test_accuracy0.5":0.699999988079071,"val_accuracy0.5":0.7102803587913513,"val_balanced_accuracy0.75":0.530324074074074,"val_precision0.5":0.3571428656578064,"val_auroc":0.48310187458992004,"val_accuracy0.25":0.6915887594223022,"_timestamp":1.7535310088344188e+09,"test_accuracy0.25":0.7124999761581421,"test_balanced_accuracy0.5":0.5166666666666666,"train_loss":1.1432843649572533e-07,"_runtime":1601.042663055,"val_accuracy0.75":0.7196261882781982,"val_recall0.25":0.18518517911434174,"val_precision0.25":0.3125,"test_precision0.25":0.3636363744735718,"val_precision0.75":0.3636363744735718,"test_recall0.25":0.20000000298023224,"_wandb":{"runtime":1601},"val_balanced_accuracy0.25":0.5238425925925926,"test_recall0.5":0.15000000596046448,"val_recall0.75":0.14814814925193787,"val_recall0.5":0.18518517911434174,"test_balanced_accuracy0.25":0.5416666666666666,"_step":201,"test_precision0.5":0.30000001192092896}