{"_runtime":5742.195725759,"val_auroc":0.4148147702217102,"val_precision0.25":0.17777778208255768,"train_loss":0.012589821591973305,"val_balanced_accuracy0.5":0.4298611111111111,"val_precision0.5":0.17142857611179352,"val_accuracy0.75":0.5607476830482483,"val_precision0.75":0.1428571492433548,"test_balanced_accuracy0.5":0.4166666666666667,"val_accuracy0.5":0.5327102541923523,"test_auroc":0.3516666889190674,"test_recall0.5":0.25,"val_balanced_accuracy0.75":0.42407407407407405,"test_recall0.25":0.30000001192092896,"test_precision0.5":0.1666666716337204,"val_balanced_accuracy0.25":0.41689814814814813,"val_recall0.25":0.29629629850387573,"_wandb":{"runtime":5742},"test_balanced_accuracy0.25":0.41666666666666663,"_step":238,"_timestamp":1.7550190315699303e+09,"test_accuracy0.5":0.5,"val_recall0.75":0.14814814925193787,"test_precision0.75":0.11538461595773697,"test_recall0.75":0.15000000596046448,"test_accuracy0.75":0.5,"train_auroc":1,"val_accuracy0.25":0.47663551568984985,"test_accuracy0.25":0.4749999940395355,"test_precision0.25":0.1764705926179886,"val_recall0.5":0.2222222238779068,"test_balanced_accuracy0.75":0.38333333333333336}