{"_wandb":{"runtime":1073},"_step":255,"test_accuracy0.25":0.6499999761581421,"_timestamp":1.75311885464939e+09,"test_balanced_accuracy0.25":0.6333333333333333,"val_balanced_accuracy0.25":0.6197115384615384,"val_precision0.25":0.3571428656578064,"test_recall0.5":0.5,"test_precision0.75":0.375,"train_loss":0.11332988739013672,"test_precision0.25":0.375,"test_balanced_accuracy0.75":0.5666666666666667,"test_precision0.5":0.38461539149284363,"train_auroc":0.9998813271522522,"test_accuracy0.75":0.699999988079071,"test_balanced_accuracy0.5":0.6166666666666667,"test_recall0.25":0.6000000238418579,"val_auroc":0.6423076391220093,"val_precision0.5":0.4193548262119293,"_runtime":1073.680027571,"val_accuracy0.25":0.6415094137191772,"val_recall0.25":0.5769230723381042,"val_accuracy0.75":0.7452830076217651,"val_accuracy0.5":0.7075471878051758,"test_auroc":0.5866667032241821,"test_recall0.75":0.30000001192092896,"val_recall0.75":0.38461539149284363,"val_precision0.75":0.4761904776096344,"val_recall0.5":0.5,"val_balanced_accuracy0.5":0.6375,"test_accuracy0.5":0.675000011920929,"val_balanced_accuracy0.75":0.6235576923076923}