{"test_precision0.5":0.2461538463830948,"test_balanced_accuracy0.5":0.4916666666666667,"val_auroc":0.5578703880310059,"_wandb":{"runtime":1327},"val_balanced_accuracy0.5":0.5131944444444444,"val_recall0.75":0,"test_accuracy0.5":0.3375000059604645,"test_balanced_accuracy0.75":0.5,"val_accuracy0.75":0.7476635575294495,"train_loss":2.0689268112182617,"test_recall0.5":0.800000011920929,"train_auroc":0.5957068204879761,"test_auroc":0.5358333587646484,"_timestamp":1.7535248433695648e+09,"val_recall0.5":0.8888888955116272,"val_accuracy0.25":0.25233644247055054,"val_precision0.25":0.25233644247055054,"test_balanced_accuracy0.25":0.5,"test_precision0.25":0.25,"test_recall0.75":0,"test_accuracy0.25":0.25,"val_balanced_accuracy0.75":0.5,"_runtime":1327.571179443,"test_accuracy0.75":0.75,"test_recall0.25":1,"val_accuracy0.5":0.32710281014442444,"val_precision0.5":0.25806450843811035,"val_precision0.75":0,"val_balanced_accuracy0.25":0.5,"test_precision0.75":0,"_step":320,"val_recall0.25":1}