{"test_precision0.25":0.3125,"train_loss":3.8619218685198575e-06,"test_accuracy0.5":0.6875,"_step":376,"test_accuracy0.75":0.7124999761581421,"val_auroc":0.467129647731781,"val_balanced_accuracy0.25":0.4861111111111111,"_runtime":2260.376616124,"test_recall0.75":0.20000000298023224,"test_balanced_accuracy0.25":0.5333333333333333,"test_accuracy0.25":0.675000011920929,"val_accuracy0.75":0.6355140209197998,"_wandb":{"runtime":2260},"val_precision0.25":0.23076923191547394,"test_auroc":0.5641666650772095,"test_recall0.25":0.25,"val_accuracy0.5":0.6261682510375977,"val_balanced_accuracy0.75":0.4740740740740741,"val_precision0.5":0.21739129722118378,"test_recall0.5":0.20000000298023224,"test_balanced_accuracy0.75":0.5416666666666666,"val_recall0.75":0.14814814925193787,"test_balanced_accuracy0.5":0.525,"val_recall0.5":0.18518517911434174,"val_accuracy0.25":0.6168224215507507,"val_recall0.25":0.2222222238779068,"train_auroc":1,"val_balanced_accuracy0.5":0.4800925925925926,"test_precision0.75":0.3636363744735718,"test_precision0.5":0.3076923191547394,"val_precision0.75":0.20000000298023224,"_timestamp":1.7534690973266525e+09}