val_loss,val_accuracy,val_auroc,val_precision,val_recall,epoch,step,train_loss,train_auroc
0.38927972316741943,0.75,0.5,0.0,0.0,0,35,,
,,,,,0,35,0.38927972316741943,0.5
0.40079405903816223,0.75,0.5,0.0,0.0,1,71,,
,,,,,1,71,0.40079405903816223,0.5
0.3990020155906677,0.75,0.5,0.0,0.0,2,107,,
,,,,,2,107,0.3990020155906677,0.5
