{"val_loss":1.293500304222107,"test_recall":0.05000000074505806,"_wandb":{"runtime":1376},"train_auroc":0.9785714149475098,"test_precision":0.1666666716337204,"test_accuracy":0.6962025165557861,"_runtime":1372.663312244,"val_accuracy":0.71875,"_step":125,"val_auroc":0.4791666567325592,"train_loss":0.026641225442290306,"_timestamp":1.747704363142263e+09,"test_auroc":0.48262709379196167,"val_recall":0,"val_precision":0}