{"val_precision0.5":0,"val_balanced_accuracy0.5":0.5,"test_recall0.5":0,"train_auroc":0.6421818733215332,"test_precision0.75":0,"train_loss":2.062901496887207,"test_auroc":0.5116666555404663,"test_accuracy0.75":0.75,"_runtime":3301.658623521,"val_recall0.5":0,"val_balanced_accuracy0.25":0.5,"test_balanced_accuracy0.75":0.5,"val_balanced_accuracy0.75":0.5,"_step":392,"test_recall0.25":1,"val_precision0.75":0,"val_accuracy0.75":0.7476635575294495,"_timestamp":1.7542741443442357e+09,"val_recall0.75":0,"val_recall0.25":1,"val_accuracy0.25":0.25233644247055054,"test_precision0.5":0,"val_auroc":0.5541666746139526,"test_accuracy0.5":0.737500011920929,"val_precision0.25":0.25233644247055054,"test_accuracy0.25":0.25,"test_balanced_accuracy0.5":0.49166666666666664,"test_recall0.75":0,"val_accuracy0.5":0.7476635575294495,"test_precision0.25":0.25,"test_balanced_accuracy0.25":0.5,"_wandb":{"runtime":3301}}