{"_step":280,"val_recall0.75":0,"test_auroc":0.51583331823349,"test_recall0.5":0.44999998807907104,"_timestamp":1.7531825448925445e+09,"test_balanced_accuracy0.75":0.5,"_runtime":980.869010098,"val_accuracy0.75":0.7547169923782349,"test_balanced_accuracy0.5":0.525,"val_auroc":0.5586538314819336,"test_precision0.25":0.25,"test_accuracy0.75":0.75,"test_precision0.5":0.27272728085517883,"test_recall0.75":0,"val_balanced_accuracy0.5":0.5379807692307692,"val_recall0.5":0.5384615659713745,"test_accuracy0.25":0.25,"val_recall0.25":1,"val_balanced_accuracy0.75":0.5,"test_precision0.75":0,"test_accuracy0.5":0.5625,"val_precision0.5":0.27450981736183167,"val_balanced_accuracy0.25":0.5,"val_accuracy0.5":0.5377358198165894,"train_loss":2.0230305194854736,"test_balanced_accuracy0.25":0.5,"val_precision0.25":0.24528302252292633,"val_accuracy0.25":0.24528302252292633,"test_recall0.25":1,"_wandb":{"runtime":980},"train_auroc":0.6256477236747742,"val_precision0.75":0}