{"test_precision0.25":0.3499999940395355,"val_precision0.5":0.4166666567325592,"test_accuracy0.75":0.6962025165557861,"val_balanced_accuracy0.75":0.5389483933787731,"val_recall0.75":0.1538461595773697,"test_recall0.5":0.20000000298023224,"test_recall0.75":0.15000000596046448,"val_accuracy0.5":0.7333333492279053,"val_balanced_accuracy0.5":0.5518500486854917,"test_auroc":0.5372881293296814,"test_balanced_accuracy0.75":0.5156779661016949,"_runtime":2773.935893357,"_wandb":{"runtime":2773},"val_recall0.25":0.3461538553237915,"val_accuracy0.25":0.723809540271759,"train_auroc":0.9999999403953552,"val_recall0.5":0.19230769574642181,"val_precision0.25":0.4285714328289032,"val_accuracy0.75":0.7333333492279053,"val_precision0.75":0.4000000059604645,"val_auroc":0.5107108354568481,"test_balanced_accuracy0.25":0.5648305084745763,"test_accuracy0.5":0.6835442781448364,"_timestamp":1.750928621360165e+09,"train_loss":0.0059072887524962425,"test_recall0.25":0.3499999940395355,"_step":310,"val_balanced_accuracy0.25":0.5971275559883155,"test_accuracy0.25":0.6708860993385315,"test_precision0.75":0.30000001192092896,"test_precision0.5":0.3076923191547394,"test_balanced_accuracy0.5":0.523728813559322}