{"val_balanced_accuracy0.5":0.5,"val_recall0.5":1,"val_balanced_accuracy0.25":0.5,"_timestamp":1.75017670497259e+09,"_step":0,"val_precision0.5":0.3333333432674408,"val_auroc":0.5,"train_loss":0.7430121898651123,"val_balanced_accuracy0.75":0.5,"val_accuracy0.5":0.3333333432674408,"val_accuracy0.25":0.3333333432674408,"val_recall0.25":1,"_runtime":25.3164915,"val_recall0.75":0,"val_precision0.75":0,"val_accuracy0.75":0.6666666865348816,"train_auroc":0.4444444477558136,"val_precision0.25":0.3333333432674408,"_wandb":{"runtime":25}}