{"test_accuracy0.25":0.7088607549667358,"test_precision0.5":0.4375,"val_balanced_accuracy0.5":0.5776533592989289,"val_balanced_accuracy0.25":0.5842259006815969,"val_precision0.25":0.42105263471603394,"_runtime":1946.882297787,"train_auroc":1,"test_accuracy0.75":0.7721518874168396,"val_balanced_accuracy0.75":0.5903115871470301,"test_balanced_accuracy0.25":0.5902542372881356,"val_recall0.25":0.3076923191547394,"_wandb":{"runtime":1946},"test_balanced_accuracy0.5":0.5987288135593221,"test_auroc":0.5644067525863647,"val_recall0.5":0.26923078298568726,"val_precision0.5":0.4375,"test_recall0.5":0.3499999940395355,"val_auroc":0.5401655435562134,"val_recall0.75":0.26923078298568726,"val_accuracy0.5":0.7333333492279053,"_timestamp":1.7508960254716885e+09,"_step":205,"test_recall0.25":0.3499999940395355,"test_precision0.25":0.4117647111415863,"test_balanced_accuracy0.75":0.6326271186440677,"test_recall0.75":0.3499999940395355,"val_accuracy0.75":0.7523809671401978,"val_accuracy0.25":0.723809540271759,"val_precision0.75":0.5,"test_precision0.75":0.5833333134651184,"train_loss":7.334883412113413e-05,"test_accuracy0.5":0.7215189933776855}