{"test_balanced_accuracy0.5":0.5833333333333334,"test_accuracy0.5":0.6000000238418579,"test_accuracy0.25":0.4749999940395355,"val_recall0.5":0.23076923191547394,"val_accuracy0.25":0.4716981053352356,"test_precision0.75":0.3478260934352875,"test_precision0.5":0.3235294222831726,"test_accuracy0.75":0.6625000238418579,"val_recall0.75":0.11538461595773697,"test_recall0.25":0.6499999761581421,"val_auroc":0.44951921701431274,"test_balanced_accuracy0.75":0.575,"val_balanced_accuracy0.25":0.46826923076923077,"val_recall0.25":0.4615384638309479,"train_loss":0.06180000305175781,"_step":349,"val_precision0.75":0.1304347813129425,"test_precision0.25":0.2708333432674408,"_wandb":{"runtime":8151},"test_recall0.5":0.550000011920929,"val_balanced_accuracy0.5":0.4278846153846154,"val_balanced_accuracy0.75":0.4326923076923077,"test_balanced_accuracy0.25":0.5333333333333333,"_runtime":8151.701938272,"test_auroc":0.5641666650772095,"val_precision0.25":0.2222222238779068,"_timestamp":1.7539798271464212e+09,"val_accuracy0.5":0.5283018946647644,"test_recall0.75":0.4000000059604645,"val_accuracy0.75":0.5943396091461182,"val_precision0.5":0.1666666716337204,"train_auroc":0.9999219179153442}