{"val_accuracy0.5":0.6320754885673523,"test_accuracy0.75":0.737500011920929,"val_balanced_accuracy0.5":0.460618846694796,"test_accuracy0.5":0.6499999761581421,"val_balanced_accuracy0.75":0.5,"val_recall0.5":0.1111111119389534,"test_recall0.75":0,"test_precision0.25":0.25531914830207825,"val_precision0.75":0,"test_balanced_accuracy0.5":0.4666666666666667,"val_precision0.25":0.27419355511665344,"_wandb":{"runtime":10691},"test_auroc":0.4883333444595337,"val_recall0.25":0.6296296119689941,"_runtime":10691.280733075,"test_balanced_accuracy0.75":0.49166666666666664,"_step":999,"val_recall0.75":0,"test_precision0.5":0.1666666716337204,"test_recall0.5":0.10000000149011612,"test_accuracy0.25":0.4625000059604645,"val_accuracy0.75":0.7452830076217651,"_timestamp":1.7542708318660693e+09,"test_recall0.25":0.6000000238418579,"val_precision0.5":0.1666666716337204,"val_auroc":0.4871073365211487,"test_precision0.75":0,"val_balanced_accuracy0.25":0.5300046882325363,"train_auroc":0.8057421445846558,"val_accuracy0.25":0.4811320900917053,"test_balanced_accuracy0.25":0.5083333333333333,"train_loss":1.6227400302886963}