{"val_accuracy0.75":0.7523809671401978,"val_precision0.75":0,"val_auroc":0.4639727473258972,"val_recall0.75":0,"val_balanced_accuracy0.75":0.5,"_runtime":787.061562211,"test_accuracy0.25":0.2531645596027374,"test_precision0.75":0,"test_recall0.5":0.44999998807907104,"val_accuracy0.25":0.24761904776096344,"test_auroc":0.5144068002700806,"test_recall0.25":1,"test_accuracy0.75":0.746835470199585,"train_loss":2.0199708938598633,"train_auroc":0.6658388376235962,"test_accuracy0.5":0.5316455960273743,"test_precision0.5":0.2571428716182709,"val_balanced_accuracy0.5":0.4578870496592016,"test_precision0.25":0.2531645596027374,"test_recall0.75":0,"val_recall0.5":0.3461538553237915,"val_recall0.25":1,"val_precision0.25":0.24761904776096344,"val_accuracy0.5":0.5142857432365417,"_wandb":{"runtime":787},"test_balanced_accuracy0.25":0.5,"_timestamp":1.7503057020121257e+09,"_step":236,"val_balanced_accuracy0.25":0.5,"val_precision0.5":0.20930232107639313,"test_balanced_accuracy0.75":0.5,"test_balanced_accuracy0.5":0.5046610169491526}