{"test_precision0.25":0.25,"_step":88,"test_accuracy0.25":0.25,"val_recall0.25":1,"val_precision0.5":0.25233644247055054,"test_balanced_accuracy0.75":0.5,"val_accuracy0.5":0.25233644247055054,"test_balanced_accuracy0.25":0.5,"test_recall0.25":1,"test_recall0.75":0,"test_precision0.75":0,"test_accuracy0.5":0.25,"train_loss":1.1947386264801025,"val_accuracy0.75":0.7476635575294495,"train_recon_loss_no_kld":0.3947332501411438,"val_accuracy0.25":0.25233644247055054,"val_recall0.75":0,"test_accuracy0.75":0.75,"_timestamp":1.7549307884686592e+09,"test_auroc":0.4583333134651184,"train_mu":-2.6905121330855764e-07,"val_precision0.25":0.25233644247055054,"_runtime":1839.352697648,"val_recall0.5":1,"val_auroc":0.45694443583488464,"_wandb":{"runtime":1839},"val_balanced_accuracy0.5":0.5,"train_kld_loss":0.00016994384350255132,"test_balanced_accuracy0.5":0.5,"val_balanced_accuracy0.75":0.5,"train_logvar":-7.94843344920082e-07,"test_precision0.5":0.25,"test_recall0.5":1,"train_surv_loss":0.9972870945930481,"val_balanced_accuracy0.25":0.5,"val_precision0.75":0,"train_auroc":0.4592183828353882}