{"test_accuracy0.75":0.6708860993385315,"val_balanced_accuracy0.25":0.5272638753651412,"test_accuracy0.5":0.6329113841056824,"train_auroc":1,"test_accuracy0.25":0.6455696225166321,"val_accuracy0.75":0.6571428775787354,"_timestamp":1.7501730571179883e+09,"test_recall0.25":0.15000000596046448,"test_balanced_accuracy0.5":0.4402542372881356,"val_accuracy0.5":0.6380952596664429,"test_balanced_accuracy0.75":0.46567796610169493,"val_precision0.25":0.2857142984867096,"val_recall0.25":0.3076923191547394,"val_precision0.75":0.3076923191547394,"val_precision0.5":0.2857142984867096,"val_auroc":0.5367575287818909,"val_recall0.5":0.3076923191547394,"test_balanced_accuracy0.25":0.4817796610169492,"val_accuracy0.25":0.6380952596664429,"test_precision0.5":0.09090909361839294,"val_balanced_accuracy0.75":0.5399221032132424,"val_balanced_accuracy0.5":0.5272638753651412,"_wandb":{"runtime":1720},"_step":269,"train_loss":2.98567956633633e-05,"test_precision0.75":0.125,"_runtime":1720.559505309,"test_recall0.5":0.05000000074505806,"test_recall0.75":0.05000000074505806,"val_recall0.75":0.3076923191547394,"test_auroc":0.44194915890693665,"test_precision0.25":0.2142857164144516}