{"train_loss":1.6859427690505981,"test_balanced_accuracy0.25":0.5,"val_balanced_accuracy0.75":0.5,"test_balanced_accuracy0.75":0.5,"_wandb":{"runtime":479},"_step":194,"val_auroc":0.6054041385650635,"test_accuracy0.5":0.746835470199585,"test_recall0.75":0,"_timestamp":1.7502696325281413e+09,"val_accuracy0.5":0.7523809671401978,"test_balanced_accuracy0.5":0.5,"val_recall0.75":0,"val_balanced_accuracy0.5":0.5,"test_precision0.5":0,"val_accuracy0.75":0.7523809671401978,"_runtime":479.995947619,"test_accuracy0.75":0.746835470199585,"val_precision0.25":0.24761904776096344,"val_precision0.75":0,"val_balanced_accuracy0.25":0.5,"val_recall0.5":0,"test_precision0.25":0.2531645596027374,"test_accuracy0.25":0.2531645596027374,"test_recall0.5":0,"train_auroc":0.570107102394104,"test_recall0.25":1,"test_auroc":0.4449152648448944,"test_precision0.75":0,"val_accuracy0.25":0.24761904776096344,"val_precision0.5":0,"val_recall0.25":1}