{"_timestamp":1.7502397408369145e+09,"val_accuracy0.5":0.24761904776096344,"test_accuracy0.25":0.2531645596027374,"val_balanced_accuracy0.75":0.5,"test_precision0.5":0.2531645596027374,"val_balanced_accuracy0.25":0.5,"test_recall0.25":1,"_step":293,"train_loss":2.0934531688690186,"test_auroc":0.5,"test_balanced_accuracy0.75":0.5,"test_balanced_accuracy0.5":0.5,"val_accuracy0.75":0.7523809671401978,"test_recall0.5":1,"val_auroc":0.5,"val_accuracy0.25":0.24761904776096344,"test_balanced_accuracy0.25":0.5,"val_balanced_accuracy0.5":0.5,"test_recall0.75":0,"val_recall0.25":1,"val_precision0.25":0.24761904776096344,"test_accuracy0.75":0.746835470199585,"val_recall0.5":1,"_wandb":{"runtime":969},"test_accuracy0.5":0.2531645596027374,"val_precision0.5":0.24761904776096344,"train_auroc":0.4901960790157318,"val_precision0.75":0,"test_precision0.25":0.2531645596027374,"_runtime":969.99671286,"test_precision0.75":0,"val_recall0.75":0}