{"test_accuracy0.75":0.746835470199585,"_timestamp":1.7499169094171042e+09,"train_loss":1.5211327075958252,"test_auroc":0.45423731207847595,"_wandb":{"runtime":1828},"test_precision0.25":0.2549019753932953,"_step":499,"val_recall0.5":0,"test_balanced_accuracy0.25":0.5029661016949153,"test_balanced_accuracy0.5":0.5,"test_accuracy0.5":0.746835470199585,"test_balanced_accuracy0.75":0.5,"test_accuracy0.25":0.4303797483444214,"train_auroc":0.7991722822189331,"test_recall0.5":0,"val_accuracy0.75":0.7523809671401978,"val_balanced_accuracy0.5":0.5,"_runtime":1828.328852097,"val_precision0.75":0,"val_auroc":0.5555014610290527,"val_accuracy0.5":0.7523809671401978,"val_accuracy0.25":0.4761904776096344,"test_recall0.75":0,"val_balanced_accuracy0.25":0.561587147030185,"test_precision0.75":0,"val_precision0.25":0.28358209133148193,"test_precision0.5":0,"val_recall0.75":0,"val_balanced_accuracy0.75":0.5,"val_precision0.5":0,"val_recall0.25":0.7307692170143127,"test_recall0.25":0.6499999761581421}