{"test_auroc":0.5358333587646484,"test_accuracy0.75":0.75,"val_precision0.25":0.23188406229019165,"val_balanced_accuracy0.5":0.5,"val_balanced_accuracy0.75":0.5,"train_loss":1.6841670274734497,"val_accuracy0.75":0.7547169923782349,"test_balanced_accuracy0.25":0.575,"val_precision0.5":0,"val_accuracy0.25":0.40566039085388184,"val_recall0.5":0,"val_auroc":0.5389423370361328,"test_recall0.75":0,"val_recall0.75":0,"val_precision0.75":0,"test_recall0.5":0,"_timestamp":1.7534784778777235e+09,"test_balanced_accuracy0.75":0.5,"test_accuracy0.25":0.48750001192092896,"test_balanced_accuracy0.5":0.5,"test_precision0.25":0.29411765933036804,"test_accuracy0.5":0.75,"test_precision0.5":0,"val_accuracy0.5":0.7547169923782349,"train_auroc":0.5894479155540466,"test_precision0.75":0,"val_balanced_accuracy0.25":0.4764423076923077,"_runtime":455.752286228,"_wandb":{"runtime":455},"test_recall0.25":0.75,"_step":169,"val_recall0.25":0.6153846383094788}