{"test_precision0.5":0.2800000011920929,"train_auroc":0.9996395111083984,"_step":518,"val_balanced_accuracy0.75":0.49488802336903603,"_wandb":{"runtime":2546},"test_accuracy0.75":0.6582278609275818,"test_accuracy0.5":0.607594907283783,"val_accuracy0.75":0.6476190686225891,"val_balanced_accuracy0.5":0.5077896786757546,"test_recall0.75":0.30000001192092896,"val_precision0.75":0.2380952388048172,"val_auroc":0.43573516607284546,"train_loss":0.10019848495721817,"test_recall0.25":0.5,"test_precision0.75":0.31578946113586426,"_timestamp":1.7514198034268968e+09,"val_recall0.25":0.26923078298568726,"val_recall0.75":0.19230769574642181,"test_accuracy0.25":0.594936728477478,"val_accuracy0.25":0.5714285969734192,"val_balanced_accuracy0.25":0.47005842259006814,"test_balanced_accuracy0.75":0.5398305084745763,"val_precision0.5":0.260869562625885,"test_balanced_accuracy0.5":0.5224576271186441,"_runtime":2546.143404603,"val_recall0.5":0.23076923191547394,"test_balanced_accuracy0.25":0.5635593220338984,"test_auroc":0.558474600315094,"val_precision0.25":0.21212121844291687,"val_accuracy0.5":0.6476190686225891,"test_precision0.25":0.3125,"test_recall0.5":0.3499999940395355}