{"val_accuracy0.75":0.5714285969734192,"train_auroc":0.9990586042404175,"val_recall0.25":0.692307710647583,"val_accuracy0.5":0.4952380955219269,"_runtime":2333.427520335,"test_precision0.25":0.3199999928474426,"val_precision0.25":0.27272728085517883,"test_accuracy0.75":0.5569620132446289,"val_precision0.5":0.2631579041481018,"test_precision0.5":0.3255814015865326,"test_accuracy0.5":0.5569620132446289,"test_auroc":0.5991525650024414,"_wandb":{"runtime":2333},"test_accuracy0.25":0.5189873576164246,"test_recall0.5":0.699999988079071,"test_precision0.75":0.27272728085517883,"test_balanced_accuracy0.75":0.5216101694915254,"val_auroc":0.5832521915435791,"val_balanced_accuracy0.75":0.573271665043817,"val_accuracy0.25":0.46666666865348816,"val_balanced_accuracy0.25":0.5423563777994158,"_step":636,"test_balanced_accuracy0.5":0.6042372881355932,"_timestamp":1.7502635335319238e+09,"test_balanced_accuracy0.25":0.611864406779661,"val_recall0.5":0.5769230723381042,"test_recall0.75":0.44999998807907104,"val_precision0.75":0.30612245202064514,"test_recall0.25":0.800000011920929,"train_loss":0.10507342219352722,"val_recall0.75":0.5769230723381042,"val_balanced_accuracy0.5":0.5226387536514119}