{"val_accuracy0.75":0.7714285850524902,"val_recall0.25":0.3076923191547394,"test_recall0.25":0.3499999940395355,"test_precision0.25":0.30434781312942505,"test_balanced_accuracy0.25":0.5394067796610169,"val_accuracy0.25":0.6476190686225891,"test_auroc":0.5661016702651978,"test_precision0.5":0.25,"test_recall0.75":0,"train_auroc":0.972918689250946,"val_precision0.5":0.7142857313156128,"test_accuracy0.25":0.6329113841056824,"_runtime":2364.028805968,"val_balanced_accuracy0.75":0.551363193768257,"test_precision0.75":0,"_step":999,"val_precision0.75":0.75,"test_balanced_accuracy0.75":0.5,"test_recall0.5":0.05000000074505806,"val_accuracy0.5":0.7809523940086365,"val_balanced_accuracy0.5":0.5834956183057449,"val_balanced_accuracy0.25":0.5335929892891919,"val_recall0.5":0.19230769574642181,"train_loss":0.6991928815841675,"val_auroc":0.5681596994400024,"_timestamp":1.750250743534901e+09,"test_accuracy0.5":0.7215189933776855,"val_precision0.25":0.29629629850387573,"test_accuracy0.75":0.746835470199585,"val_recall0.75":0.11538461595773697,"_wandb":{"runtime":2364},"test_balanced_accuracy0.5":0.4995762711864407}