{"val_precision0.75":0.42307692766189575,"val_balanced_accuracy0.25":0.5766526019690577,"test_precision0.75":0.4285714328289032,"val_precision0.25":0.34285715222358704,"train_loss":0.08291258662939072,"val_precision0.5":0.35483869910240173,"test_recall0.5":0.30000001192092896,"val_accuracy0.5":0.6603773832321167,"train_auroc":0.9998437166213989,"val_recall0.5":0.40740740299224854,"val_accuracy0.75":0.7075471878051758,"_step":361,"val_balanced_accuracy0.5":0.577121425222691,"test_balanced_accuracy0.75":0.5833333333333334,"test_accuracy0.25":0.637499988079071,"test_precision0.5":0.375,"val_accuracy0.25":0.6415094137191772,"test_precision0.25":0.2857142984867096,"val_recall0.75":0.40740740299224854,"val_recall0.25":0.4444444477558136,"test_accuracy0.5":0.699999988079071,"_wandb":{"runtime":7386},"test_balanced_accuracy0.5":0.5666666666666667,"test_recall0.75":0.30000001192092896,"_runtime":7386.525053892,"val_auroc":0.5843881964683533,"test_balanced_accuracy0.25":0.525,"test_accuracy0.75":0.7250000238418579,"val_balanced_accuracy0.75":0.6087669948429442,"_timestamp":1.7541182263002646e+09,"test_recall0.25":0.30000001192092896,"test_auroc":0.49916669726371765}