{"test_precision0.75":0.125,"_timestamp":1.749882356042444e+09,"val_balanced_accuracy0.25":0.4883154819863681,"val_balanced_accuracy0.75":0.4751703992210321,"test_recall0.5":0.05000000074505806,"val_precision0.75":0.1666666716337204,"val_recall0.25":0.1538461595773697,"test_accuracy0.75":0.6708860993385315,"test_balanced_accuracy0.25":0.4233050847457627,"test_precision0.5":0.09090909361839294,"val_recall0.75":0.07692307978868484,"val_recall0.5":0.1538461595773697,"val_accuracy0.25":0.6571428775787354,"val_auroc":0.536514163017273,"test_accuracy0.5":0.6329113841056824,"_wandb":{"runtime":1884},"test_auroc":0.43389829993247986,"val_accuracy0.75":0.6761904954910278,"val_precision0.25":0.2222222238779068,"_runtime":1884.302234468,"test_recall0.25":0.05000000074505806,"val_precision0.5":0.25,"val_accuracy0.5":0.6761904954910278,"train_auroc":0.9999999403953552,"val_balanced_accuracy0.5":0.5009737098344693,"test_recall0.75":0.05000000074505806,"test_precision0.25":0.07692307978868484,"test_balanced_accuracy0.75":0.46567796610169493,"test_balanced_accuracy0.5":0.4402542372881356,"_step":499,"train_loss":6.713926268275827e-05,"test_accuracy0.25":0.607594907283783}