{"test_balanced_accuracy0.75":0.5,"_timestamp":1.750241510558511e+09,"val_recall0.25":1,"test_accuracy0.25":0.2531645596027374,"_wandb":{"runtime":1220},"val_precision0.5":0,"train_loss":2.095531463623047,"test_precision0.5":0,"val_balanced_accuracy0.5":0.5,"test_precision0.75":0,"val_precision0.25":0.24761904776096344,"test_recall0.75":0,"val_auroc":0.5,"val_precision0.75":0,"test_balanced_accuracy0.5":0.5,"val_recall0.75":0,"val_balanced_accuracy0.25":0.5,"val_recall0.5":0,"_step":350,"test_recall0.5":0,"val_accuracy0.5":0.7523809671401978,"val_accuracy0.75":0.7523809671401978,"test_recall0.25":1,"train_auroc":0.42053642868995667,"val_accuracy0.25":0.24761904776096344,"test_accuracy0.5":0.746835470199585,"test_precision0.25":0.2531645596027374,"test_auroc":0.5,"val_balanced_accuracy0.75":0.5,"test_accuracy0.75":0.746835470199585,"_runtime":1220.95653646,"test_balanced_accuracy0.25":0.5}