{"_step":499,"val_accuracy0.5":0.6666666865348816,"test_balanced_accuracy0.5":0.4402542372881356,"_timestamp":1.7498709115195286e+09,"train_loss":1.0445139196235687e-05,"val_precision0.25":0.30000001192092896,"val_recall0.5":0.19230769574642181,"test_accuracy0.75":0.6455696225166321,"val_balanced_accuracy0.75":0.4944011684518014,"test_accuracy0.5":0.6329113841056824,"val_recall0.25":0.23076923191547394,"val_balanced_accuracy0.5":0.5075462512171374,"val_recall0.75":0.11538461595773697,"train_auroc":1,"val_accuracy0.25":0.6761904954910278,"test_recall0.75":0.05000000074505806,"val_balanced_accuracy0.25":0.5267770204479065,"test_precision0.5":0.09090909361839294,"test_recall0.25":0.10000000149011612,"_wandb":{"runtime":1845},"_runtime":1845.748802959,"val_precision0.75":0.23076923191547394,"val_precision0.5":0.2631579041481018,"test_accuracy0.25":0.607594907283783,"test_precision0.25":0.13333334028720856,"test_precision0.75":0.10000000149011612,"test_balanced_accuracy0.75":0.44872881355932204,"val_auroc":0.5501461029052734,"test_recall0.5":0.05000000074505806,"val_accuracy0.75":0.6857143044471741,"test_balanced_accuracy0.25":0.4398305084745763,"test_auroc":0.39576268196105957}