{"_step":155,"test_accuracy0.75":0.746835470199585,"test_auroc":0.4377118647098541,"test_precision0.75":0,"test_recall0.75":0,"test_balanced_accuracy0.25":0.5,"val_precision0.25":0,"test_accuracy0.25":0.746835470199585,"_wandb":{"runtime":446},"val_recall0.5":0,"val_recall0.25":0,"_runtime":446.533723396,"test_precision0.25":0,"val_balanced_accuracy0.5":0.5,"val_precision0.75":0,"train_auroc":0.5799659490585327,"val_accuracy0.25":0.7428571581840515,"val_precision0.5":0,"test_precision0.5":0,"test_balanced_accuracy0.75":0.5,"_timestamp":1.7504760686260085e+09,"val_balanced_accuracy0.25":0.4936708860759494,"train_loss":1.6321288347244263,"test_accuracy0.5":0.746835470199585,"val_accuracy0.75":0.7523809671401978,"test_recall0.25":0,"test_recall0.5":0,"val_recall0.75":0,"val_accuracy0.5":0.7523809671401978,"test_balanced_accuracy0.5":0.5,"val_balanced_accuracy0.75":0.5,"val_auroc":0.5262901782989502}