{"test_accuracy0.25":0.5696202516555786,"_timestamp":1.7505463934500926e+09,"_step":338,"test_recall0.25":0.10000000149011612,"train_loss":0.04438963532447815,"test_precision0.5":0.11764705926179886,"test_auroc":0.475847452878952,"test_accuracy0.75":0.5822784900665283,"val_precision0.25":0.29032257199287415,"test_precision0.75":0.11764705926179886,"test_recall0.75":0.10000000149011612,"val_precision0.5":0.30000001192092896,"test_balanced_accuracy0.5":0.4228813559322034,"val_auroc":0.5214216113090515,"test_balanced_accuracy0.25":0.4144067796610169,"val_recall0.25":0.3461538553237915,"val_precision0.75":0.30000001192092896,"test_precision0.25":0.1111111119389534,"val_accuracy0.5":0.6380952596664429,"val_accuracy0.75":0.6380952596664429,"_runtime":1342.855033193,"train_auroc":0.9991480112075806,"val_recall0.75":0.3461538553237915,"test_accuracy0.5":0.5822784900665283,"test_balanced_accuracy0.75":0.4228813559322034,"val_balanced_accuracy0.75":0.5401655306718598,"_wandb":{"runtime":1342},"val_balanced_accuracy0.5":0.5401655306718598,"test_recall0.5":0.10000000149011612,"val_recall0.5":0.3461538553237915,"val_balanced_accuracy0.25":0.5338364167478091,"val_accuracy0.25":0.6285714507102966}