{"train_loss":0.7009731531143188,"val_accuracy0.25":0.6666666865348816,"test_accuracy0.5":0.5,"val_accuracy0.75":0.3333333432674408,"_step":1,"val_precision0.5":0.6666666865348816,"val_precision0.75":0,"test_precision0.5":0.5,"val_recall0.5":1,"test_precision0.25":0.5,"val_recall0.25":1,"test_precision0.75":0,"test_recall0.75":0,"val_balanced_accuracy0.75":0.5,"test_balanced_accuracy0.5":0.5,"val_auroc":0,"test_auroc":0,"test_recall0.5":1,"_timestamp":1.7512816966276705e+09,"val_balanced_accuracy0.25":0.5,"_wandb":{"runtime":2},"test_accuracy0.25":0.5,"test_balanced_accuracy0.25":0.5,"test_balanced_accuracy0.75":0.5,"val_balanced_accuracy0.5":0.5,"val_accuracy0.5":0.6666666865348816,"test_accuracy0.75":0.5,"train_auroc":0.3333333134651184,"_runtime":2.5927038,"val_recall0.75":0,"test_recall0.25":1,"val_precision0.25":0.6666666865348816}