{"test_accuracy0.5":0.746835470199585,"val_recall0.5":0,"test_balanced_accuracy0.25":0.5,"test_balanced_accuracy0.75":0.5,"val_precision0.75":0,"test_precision0.25":0.2531645596027374,"val_precision0.5":0,"val_balanced_accuracy0.25":0.5,"train_auroc":0.4974362850189209,"train_loss":2.093587875366211,"_timestamp":1.7513851295576828e+09,"val_accuracy0.5":0.7523809671401978,"_runtime":863.197996954,"test_auroc":0.5,"_wandb":{"runtime":863},"test_recall0.5":0,"val_balanced_accuracy0.5":0.5,"val_precision0.25":0.24761904776096344,"val_balanced_accuracy0.75":0.5,"test_recall0.25":1,"test_balanced_accuracy0.5":0.5,"val_auroc":0.5,"_step":162,"test_recall0.75":0,"test_accuracy0.25":0.2531645596027374,"test_precision0.75":0,"test_accuracy0.75":0.746835470199585,"val_recall0.25":1,"val_accuracy0.25":0.24761904776096344,"val_accuracy0.75":0.7523809671401978,"val_recall0.75":0,"test_precision0.5":0}