{"val_precision0.75":0.26923078298568726,"test_accuracy0.75":0.625,"test_accuracy0.5":0.5625,"test_recall0.25":0.44999998807907104,"val_precision0.5":0.2982456088066101,"val_accuracy0.75":0.5283018946647644,"train_loss":0.03761088475584984,"val_recall0.75":0.5384615659713745,"val_balanced_accuracy0.75":0.5317307692307692,"val_recall0.5":0.6538461446762085,"train_auroc":1,"val_accuracy0.5":0.5377358198165894,"val_accuracy0.25":0.49056604504585266,"test_precision0.75":0.2916666567325592,"test_accuracy0.25":0.5625,"_timestamp":1.7539592281667387e+09,"val_precision0.25":0.27419355511665344,"test_precision0.5":0.24137930572032928,"test_recall0.75":0.3499999940395355,"_step":386,"val_balanced_accuracy0.25":0.5456730769230769,"test_balanced_accuracy0.75":0.5333333333333333,"test_balanced_accuracy0.25":0.525,"test_balanced_accuracy0.5":0.49166666666666664,"val_recall0.25":0.6538461446762085,"test_precision0.25":0.27272728085517883,"test_auroc":0.5270833373069763,"_runtime":2627.001777794,"test_recall0.5":0.3499999940395355,"val_auroc":0.5538461208343506,"_wandb":{"runtime":2627},"val_balanced_accuracy0.5":0.5769230769230769}