{"test_balanced_accuracy0.5":0.4741525423728814,"test_recall0.75":0.05000000074505806,"test_accuracy0.5":0.6835442781448364,"val_recall0.75":0.23076923191547394,"val_precision0.5":0.30000001192092896,"test_balanced_accuracy0.75":0.4826271186440678,"val_accuracy0.25":0.6761904954910278,"test_recall0.25":0.05000000074505806,"val_accuracy0.5":0.6761904954910278,"test_precision0.25":0.1428571492433548,"test_precision0.5":0.1428571492433548,"val_precision0.75":0.3333333432674408,"val_balanced_accuracy0.25":0.5396786757546251,"val_recall0.25":0.26923078298568726,"_runtime":1312.0433068,"test_precision0.75":0.1666666716337204,"test_balanced_accuracy0.25":0.4741525423728814,"train_auroc":0.9992697238922119,"val_balanced_accuracy0.75":0.5394352482960078,"val_accuracy0.75":0.6952381134033203,"test_accuracy0.75":0.6962025165557861,"test_auroc":0.5228813886642456,"val_auroc":0.4642161726951599,"train_loss":0.04387354478240013,"val_balanced_accuracy0.5":0.5267770204479065,"_wandb":{"runtime":1312},"_step":496,"test_recall0.5":0.05000000074505806,"_timestamp":1.7504962930054953e+09,"val_recall0.5":0.23076923191547394,"test_accuracy0.25":0.6835442781448364,"val_precision0.25":0.3181818127632141}