{"train_auroc":0.9998798370361328,"val_accuracy0.25":0.5809524059295654,"test_accuracy0.25":0.5316455960273743,"val_precision0.75":0.2222222238779068,"test_accuracy0.5":0.594936728477478,"train_loss":0.045060895383358,"val_balanced_accuracy0.75":0.4824732229795521,"test_balanced_accuracy0.25":0.45508474576271185,"_runtime":3028.133955142,"test_precision0.25":0.2068965584039688,"test_recall0.5":0.30000001192092896,"_timestamp":1.7509986726838675e+09,"val_auroc":0.4471762478351593,"test_recall0.25":0.30000001192092896,"test_precision0.5":0.25,"test_balanced_accuracy0.5":0.49745762711864405,"val_recall0.25":0.23076923191547394,"val_balanced_accuracy0.25":0.4634858812074002,"val_accuracy0.75":0.6095238327980042,"test_auroc":0.46864405274391174,"val_balanced_accuracy0.5":0.46981499513145086,"test_precision0.75":0.260869562625885,"val_accuracy0.5":0.5904762148857117,"test_balanced_accuracy0.75":0.5059322033898305,"val_recall0.5":0.23076923191547394,"val_precision0.25":0.20000000298023224,"_step":218,"val_precision0.5":0.2068965584039688,"val_recall0.75":0.23076923191547394,"test_accuracy0.75":0.607594907283783,"_wandb":{"runtime":3028},"test_recall0.75":0.30000001192092896}