{"test_precision":0,"test_accuracy":0.746835470199585,"val_loss":0.37479740381240845,"_wandb":{"runtime":438},"test_recall":0,"val_auroc":0.5,"val_precision":0,"_step":35,"val_accuracy":0.75,"test_auroc":0.5,"train_loss":0.3749719262123108,"_runtime":436.762770999,"val_recall":0,"_timestamp":1.7474524902372231e+09,"train_auroc":0.5}