{"val_auroc":0.4693281352519989,"val_precision0.5":0.25,"val_recall0.25":0.3461538553237915,"val_accuracy0.75":0.6761904954910278,"train_loss":0.00023671631061006337,"test_balanced_accuracy0.75":0.5322033898305085,"val_accuracy0.25":0.6190476417541504,"test_balanced_accuracy0.25":0.5483050847457627,"train_auroc":1,"test_accuracy0.5":0.6962025165557861,"test_recall0.25":0.30000001192092896,"val_balanced_accuracy0.25":0.5275073028237585,"test_accuracy0.25":0.6708860993385315,"val_balanced_accuracy0.75":0.5138753651411879,"test_precision0.75":0.3333333432674408,"_step":258,"test_auroc":0.5593220591545105,"test_accuracy0.75":0.6962025165557861,"val_recall0.5":0.23076923191547394,"_timestamp":1.7501234713098974e+09,"val_precision0.75":0.2777777910232544,"val_recall0.75":0.19230769574642181,"test_recall0.5":0.30000001192092896,"_runtime":668.126198909,"test_recall0.75":0.20000000298023224,"val_balanced_accuracy0.5":0.501460564751704,"val_precision0.25":0.28125,"test_balanced_accuracy0.5":0.5652542372881356,"test_precision0.5":0.375,"test_precision0.25":0.3333333432674408,"_wandb":{"runtime":668},"val_accuracy0.5":0.6380952596664429}