val_loss,val_accuracy,val_auroc,val_precision,val_recall,epoch,step
0.3828684091567993,0.75,0.46875,0.0,0.0,0,8
0.37288880348205566,0.75,0.453125,0.0,0.0,1,17
0.3838324546813965,0.75,0.453125,0.0,0.0,2,26
