{"val_precision":0.5,"val_loss":1.6735565662384033,"val_auroc":0.6357142925262451,"test_precision":0.3333333432674408,"train_auroc":0.8264865875244141,"val_accuracy":0.7407407164573669,"test_auroc":0.5527146458625793,"test_recall":0.25,"test_balanced_accuracy":0.5441919191919191,"train_loss":1.3074191808700562,"val_balanced_accuracy":0.5928571428571429,"_wandb":{"runtime":1092},"_step":169,"val_recall":0.2857142984867096,"_timestamp":1.7495260627308624e+09,"_runtime":1092.104485414,"test_accuracy":0.694656491279602}