{"test_accuracy0.5":0.6455696225166321,"val_recall0.25":0.26923078298568726,"test_recall0.25":0.20000000298023224,"val_accuracy0.25":0.7142857313156128,"val_precision0.25":0.3888888955116272,"val_precision0.5":0.375,"val_balanced_accuracy0.5":0.5520934761441091,"test_precision0.5":0.25,"test_balanced_accuracy0.75":0.523728813559322,"val_balanced_accuracy0.75":0.571080817916261,"test_accuracy0.25":0.6455696225166321,"val_accuracy0.75":0.7428571581840515,"_runtime":2168.676318316,"test_recall0.75":0.20000000298023224,"_timestamp":1.7507259596285107e+09,"test_accuracy0.75":0.6835442781448364,"val_balanced_accuracy0.25":0.5649951314508277,"val_precision0.75":0.4615384638309479,"test_precision0.25":0.25,"val_accuracy0.5":0.7142857313156128,"val_recall0.5":0.23076923191547394,"test_auroc":0.558474600315094,"train_loss":7.471340359188616e-05,"test_recall0.5":0.20000000298023224,"test_precision0.75":0.3076923191547394,"test_balanced_accuracy0.25":0.49830508474576274,"_step":211,"val_recall0.75":0.23076923191547394,"test_balanced_accuracy0.5":0.49830508474576274,"_wandb":{"runtime":2168},"train_auroc":1,"val_auroc":0.597370982170105}