{"test_precision":0,"train_loss":1.6452921628952026,"val_precision":0,"val_balanced_accuracy":0.5,"val_accuracy":0.7407407164573669,"val_loss":1.7558537721633911,"_wandb":{"runtime":441},"test_balanced_accuracy":0.5,"val_auroc":0.4285714626312256,"train_auroc":0.6477693319320679,"_timestamp":1.74955296320424e+09,"test_recall":0,"test_auroc":0.5007652044296265,"_runtime":441.520658449,"val_recall":0,"_step":51,"test_accuracy":0.75}