{"val_recall0.25":0.38461539149284363,"_timestamp":1.7509004109162967e+09,"test_balanced_accuracy0.75":0.5656779661016949,"train_loss":0.00010992566967615858,"val_precision0.5":0.3913043439388275,"test_precision0.5":0.4285714328289032,"test_accuracy0.25":0.6835442781448364,"val_accuracy0.75":0.7047619223594666,"val_balanced_accuracy0.75":0.558666017526777,"test_precision0.25":0.3529411852359772,"train_auroc":1,"test_recall0.75":0.25,"val_accuracy0.25":0.6857143044471741,"val_auroc":0.6187926530838013,"_wandb":{"runtime":2281},"test_recall0.5":0.30000001192092896,"_runtime":2281.927610484,"test_recall0.25":0.30000001192092896,"val_precision0.75":0.3684210479259491,"_step":195,"test_balanced_accuracy0.5":0.5822033898305085,"val_balanced_accuracy0.5":0.5844693281402142,"test_balanced_accuracy0.25":0.5567796610169492,"val_recall0.5":0.3461538553237915,"val_accuracy0.5":0.7047619223594666,"test_accuracy0.5":0.7215189933776855,"test_auroc":0.613559365272522,"test_precision0.75":0.4166666567325592,"val_recall0.75":0.26923078298568726,"val_precision0.25":0.37037035822868347,"test_accuracy0.75":0.7215189933776855,"val_balanced_accuracy0.25":0.5847127555988315}