{"test_balanced_accuracy0.5":0.4703389830508474,"val_precision0.75":0,"test_recall0.5":0.5,"_timestamp":1.7514431316178498e+09,"val_accuracy0.5":0.6000000238418579,"test_recall0.75":0,"val_auroc":0.6224439740180969,"val_accuracy0.75":0.7333333492279053,"test_balanced_accuracy0.25":0.5,"test_auroc":0.5406779646873474,"test_precision0.25":0.2531645596027374,"val_precision0.5":0.3333333432674408,"val_precision0.25":0.24761904776096344,"val_accuracy0.25":0.24761904776096344,"val_recall0.5":0.6153846383094788,"train_auroc":0.7342973947525024,"val_balanced_accuracy0.25":0.5,"test_accuracy0.75":0.746835470199585,"test_balanced_accuracy0.75":0.5,"val_recall0.25":1,"test_accuracy0.5":0.4556961953639984,"test_accuracy0.25":0.2531645596027374,"test_recall0.25":1,"val_recall0.75":0,"test_precision0.75":0,"val_balanced_accuracy0.75":0.4873417721518987,"_step":418,"train_loss":1.7719218730926514,"test_precision0.5":0.23255814611911774,"_runtime":2906.543343084,"_wandb":{"runtime":2906},"val_balanced_accuracy0.5":0.6051606621226875}