{"val_balanced_accuracy0.5":0.5488425925925926,"test_recall0.5":0.20000000298023224,"val_balanced_accuracy0.75":0.505787037037037,"test_precision0.25":0.3571428656578064,"test_auroc":0.5716666579246521,"test_recall0.75":0.20000000298023224,"test_precision0.75":0.4444444477558136,"val_precision0.5":0.4166666567325592,"_timestamp":1.7538931521992354e+09,"_step":225,"val_recall0.25":0.2222222238779068,"val_precision0.25":0.2857142984867096,"test_accuracy0.25":0.699999988079071,"test_recall0.25":0.25,"val_accuracy0.5":0.7289719581604004,"test_balanced_accuracy0.25":0.55,"train_auroc":0.9991406202316284,"val_recall0.75":0.07407407462596893,"test_balanced_accuracy0.75":0.5583333333333333,"val_accuracy0.75":0.7196261882781982,"test_accuracy0.5":0.7250000238418579,"val_precision0.75":0.2857142984867096,"val_balanced_accuracy0.25":0.5173611111111112,"val_accuracy0.25":0.663551390171051,"test_accuracy0.75":0.737500011920929,"test_balanced_accuracy0.5":0.55,"_wandb":{"runtime":5232},"_runtime":5232.926512751,"train_loss":0.06887873262166977,"test_precision0.5":0.4000000059604645,"val_auroc":0.5356481075286865,"val_recall0.5":0.18518517911434174}