{"test_accuracy0.75":0.75,"_runtime":1553.644940605,"val_balanced_accuracy0.25":0.5,"test_precision0.75":0,"val_recall0.25":1,"val_precision0.5":0,"_timestamp":1.7536334188728614e+09,"val_accuracy0.75":0.7476635575294495,"val_balanced_accuracy0.75":0.5,"val_recall0.5":0,"test_balanced_accuracy0.5":0.5,"test_auroc":0.4258333444595337,"train_auroc":0.4350302815437317,"val_balanced_accuracy0.5":0.5,"test_accuracy0.25":0.25,"val_precision0.25":0.25233644247055054,"test_recall0.75":0,"test_accuracy0.5":0.75,"test_recall0.25":1,"val_auroc":0.43194442987442017,"test_balanced_accuracy0.25":0.5,"_step":150,"train_loss":1.8417282104492188,"_wandb":{"runtime":1553},"test_recall0.5":0,"test_balanced_accuracy0.75":0.5,"test_precision0.5":0,"test_precision0.25":0.25,"val_accuracy0.25":0.25233644247055054,"val_recall0.75":0,"val_accuracy0.5":0.7476635575294495,"val_precision0.75":0}