{"test_recall0.25":0.5,"test_accuracy0.5":0.574999988079071,"test_auroc":0.544166624546051,"val_auroc":0.5355769395828247,"test_precision0.5":0.28125,"val_balanced_accuracy0.25":0.5182692307692307,"_timestamp":1.7538986590999296e+09,"test_balanced_accuracy0.25":0.5333333333333333,"_runtime":5505.95331908,"test_precision0.75":0.3076923191547394,"val_precision0.5":0.2432432472705841,"test_accuracy0.25":0.550000011920929,"test_recall0.5":0.44999998807907104,"val_recall0.75":0.26923078298568726,"test_precision0.25":0.2777777910232544,"test_recall0.75":0.4000000059604645,"test_accuracy0.75":0.625,"val_balanced_accuracy0.5":0.4980769230769231,"val_precision0.25":0.260869562625885,"val_accuracy0.75":0.5849056839942932,"train_auroc":0.9998437166213989,"train_loss":0.046859320253133774,"val_accuracy0.25":0.5471698045730591,"_wandb":{"runtime":5505},"val_precision0.75":0.21875,"val_recall0.25":0.4615384638309479,"test_balanced_accuracy0.5":0.5333333333333333,"_step":237,"val_accuracy0.5":0.5754716992378235,"val_recall0.5":0.3461538553237915,"test_balanced_accuracy0.75":0.55,"val_balanced_accuracy0.75":0.4783653846153846}