{"test_precision0.75":0.3333333432674408,"test_recall0.25":0.699999988079071,"val_balanced_accuracy0.75":0.5467380720545277,"test_auroc":0.5966101884841919,"test_balanced_accuracy0.5":0.5461864406779662,"val_accuracy0.25":0.523809552192688,"val_accuracy0.5":0.6000000238418579,"test_balanced_accuracy0.75":0.5885593220338983,"test_accuracy0.5":0.5443037748336792,"val_balanced_accuracy0.5":0.5664556962025317,"val_recall0.5":0.5,"_timestamp":1.7514357228797517e+09,"_step":461,"train_auroc":0.9992589354515076,"val_accuracy0.75":0.6285714507102966,"test_balanced_accuracy0.25":0.5533898305084746,"_wandb":{"runtime":3279},"val_auroc":0.5666991472244263,"test_accuracy0.25":0.4810126721858978,"val_precision0.5":0.3095238208770752,"test_precision0.5":0.28947368264198303,"test_accuracy0.75":0.607594907283783,"val_recall0.75":0.38461539149284363,"val_recall0.25":0.5384615659713745,"val_precision0.25":0.26923078298568726,"_runtime":3279.274542037,"val_precision0.75":0.3030303120613098,"train_loss":0.08595053106546402,"test_recall0.75":0.550000011920929,"test_precision0.25":0.2857142984867096,"val_balanced_accuracy0.25":0.5287244401168452,"test_recall0.5":0.550000011920929}