{"val_balanced_accuracy":0.5,"val_auroc":0.5677083134651184,"_wandb":{"runtime":9},"val_precision":0.75,"_runtime":9.152302692,"_step":0,"val_loss":4.774470329284668,"val_accuracy":0.75,"val_recall":0.75,"_timestamp":1.7483554207458477e+09}