{"_wandb":{"runtime":2590},"test_precision0.25":0.20000000298023224,"val_precision0.5":0.23076923191547394,"train_auroc":1,"_timestamp":1.7535626252505264e+09,"val_auroc":0.4775463342666626,"test_balanced_accuracy0.75":0.47500000000000003,"test_precision0.75":0.1428571492433548,"test_auroc":0.45624998211860657,"val_accuracy0.75":0.6915887594223022,"_step":242,"test_balanced_accuracy0.25":0.48333333333333334,"_runtime":2590.262951318,"test_accuracy0.75":0.6875,"val_recall0.5":0.1111111119389534,"test_balanced_accuracy0.5":0.4666666666666667,"test_precision0.5":0.125,"test_recall0.5":0.05000000074505806,"test_accuracy0.5":0.675000011920929,"val_precision0.25":0.25,"val_balanced_accuracy0.5":0.4930555555555556,"val_accuracy0.25":0.672897219657898,"val_recall0.75":0.1111111119389534,"val_balanced_accuracy0.75":0.49930555555555556,"test_recall0.25":0.10000000149011612,"test_accuracy0.25":0.675000011920929,"val_precision0.75":0.25,"test_recall0.75":0.05000000074505806,"val_balanced_accuracy0.25":0.49907407407407406,"val_accuracy0.5":0.6822429895401001,"train_loss":0.00019067784887738526,"val_recall0.25":0.14814814925193787}