{"_step":0,"val_precision":0.125,"_wandb":{"runtime":10},"val_loss":5157.904296875,"val_auroc":0.5,"val_recall":1,"_timestamp":1.7474350918242447e+09,"val_accuracy":0.125,"_runtime":4.967134449}