{"_step":999,"val_recall0.25":0.23076923191547394,"val_balanced_accuracy0.25":0.4761441090555014,"val_auroc":0.5460077524185181,"val_accuracy0.5":0.7428571581840515,"val_precision0.25":0.2142857164144516,"_wandb":{"runtime":2840},"test_balanced_accuracy0.25":0.4652542372881356,"val_recall0.75":0.07692307978868484,"test_accuracy0.25":0.6455696225166321,"test_precision0.25":0.1666666716337204,"val_recall0.5":0.1538461595773697,"test_auroc":0.6788135766983032,"test_recall0.5":0.05000000074505806,"val_balanced_accuracy0.5":0.5452775073028238,"test_balanced_accuracy0.5":0.4995762711864407,"val_precision0.75":0.6666666865348816,"val_accuracy0.25":0.6000000238418579,"_timestamp":1.7505182049888885e+09,"test_recall0.25":0.10000000149011612,"train_auroc":0.9999999403953552,"test_precision0.5":0.25,"val_accuracy0.75":0.761904776096344,"test_recall0.75":0,"test_accuracy0.75":0.7341772317886353,"test_precision0.75":0,"test_balanced_accuracy0.75":0.4915254237288136,"_runtime":2840.292884018,"val_precision0.5":0.4444444477558136,"train_loss":0.0762215405702591,"test_accuracy0.5":0.7215189933776855,"val_balanced_accuracy0.75":0.5321324245374879}