{"_step":50,"val_auroc":0.5428571701049805,"train_auroc":0.5927416086196899,"train_loss":1.6880663633346558,"val_accuracy":0.7407407164573669,"test_recall":0,"test_precision":0,"test_auroc":0.4318181872367859,"val_recall":0,"_wandb":{"runtime":244},"_timestamp":1.749564639600443e+09,"test_balanced_accuracy":0.5,"val_precision":0,"_runtime":244.73431909,"test_accuracy":0.7557252049446106,"val_loss":1.727145791053772,"val_balanced_accuracy":0.5}