{"val_precision0.5":0.26829269528388977,"test_recall0.75":0.30000001192092896,"val_balanced_accuracy0.5":0.5162037037037037,"val_accuracy0.5":0.5700934529304504,"val_precision0.75":0.2631579041481018,"val_precision0.25":0.27659574151039124,"val_recall0.25":0.48148149251937866,"test_precision0.25":0.1944444477558136,"test_balanced_accuracy0.25":0.43333333333333335,"test_accuracy0.5":0.5,"test_recall0.25":0.3499999940395355,"test_precision0.75":0.2142857164144516,"val_accuracy0.75":0.5794392228126526,"train_auroc":0.9999219179153442,"_runtime":4994.575221353,"test_recall0.5":0.30000001192092896,"test_auroc":0.4312499761581421,"val_accuracy0.25":0.5514018535614014,"test_balanced_accuracy0.5":0.43333333333333335,"test_accuracy0.25":0.4749999940395355,"_timestamp":1.7538374013554018e+09,"test_precision0.5":0.1875,"_wandb":{"runtime":4994},"_step":211,"val_auroc":0.5233796238899231,"val_recall0.5":0.40740740299224854,"val_balanced_accuracy0.75":0.5101851851851852,"val_recall0.75":0.37037035822868347,"train_loss":0.03765732795000076,"test_balanced_accuracy0.75":0.4666666666666667,"test_accuracy0.75":0.550000011920929,"val_balanced_accuracy0.25":0.5282407407407407}