{"val_accuracy0.5":0.6132075190544128,"val_balanced_accuracy0.5":0.4322115384615385,"train_auroc":1,"test_precision0.25":0.3181818127632141,"val_precision0.5":0.10526315867900848,"val_recall0.25":0.11538461595773697,"_step":378,"test_recall0.75":0.25,"val_auroc":0.4175480604171753,"test_precision0.75":0.2777777910232544,"test_accuracy0.75":0.6499999761581421,"test_recall0.5":0.30000001192092896,"test_balanced_accuracy0.25":0.55,"test_recall0.25":0.3499999940395355,"val_accuracy0.75":0.6132075190544128,"test_auroc":0.5416666269302368,"val_balanced_accuracy0.25":0.4389423076923077,"val_recall0.75":0.07692307978868484,"train_loss":4.1515986595186405e-06,"test_accuracy0.5":0.637499988079071,"test_balanced_accuracy0.5":0.525,"_timestamp":1.7534713470105777e+09,"val_precision0.25":0.13636364042758942,"test_precision0.5":0.2857142984867096,"test_accuracy0.25":0.6499999761581421,"_wandb":{"runtime":2248},"val_accuracy0.25":0.6037735939025879,"val_precision0.75":0.10526315867900848,"test_balanced_accuracy0.75":0.5166666666666666,"val_recall0.5":0.07692307978868484,"val_balanced_accuracy0.75":0.4322115384615385,"_runtime":2248.500744328}