{"val_loss":0.8497208952903748,"val_precision":0.25,"test_accuracy":0.6962025165557861,"_runtime":1166.028438246,"_wandb":{"runtime":1166},"test_recall":0.30000001192092896,"train_auroc":0.9881622195243835,"test_precision":0.375,"val_accuracy":0.6875,"test_auroc":0.5652542114257812,"_timestamp":1.7476947298055975e+09,"train_loss":0.03219782933592796,"_step":55,"val_auroc":0.5,"val_recall":0.125}