{"_runtime":220.873127142,"test_accuracy":0.7557252049446106,"val_accuracy":0.7407407164573669,"_wandb":{"runtime":220},"val_recall":0,"_timestamp":1.7495638879296916e+09,"test_recall":0,"val_balanced_accuracy":0.5,"test_balanced_accuracy":0.5,"_step":50,"train_auroc":0.5915924906730652,"val_auroc":0.5785714387893677,"train_loss":1.6821407079696655,"val_loss":1.7276809215545654,"test_auroc":0.4330808222293854,"val_precision":0,"test_precision":0}