{"val_recall0.25":0.2857142984867096,"val_recall0.75":0,"val_auroc":0.4999999701976776,"val_balanced_accuracy0.5":0.4,"test_accuracy0.5":0.6717557311058044,"val_recall0.5":0,"test_accuracy0.25":0.6259542107582092,"test_precision0.75":0.20000000298023224,"val_precision0.5":0,"train_auroc":1,"val_balanced_accuracy0.75":0.4,"val_precision0.75":0,"_timestamp":1.7497236320925772e+09,"test_precision0.5":0.13333334028720856,"val_balanced_accuracy0.25":0.4928571428571428,"test_balanced_accuracy0.25":0.445864898989899,"_runtime":1870.217239116,"test_accuracy0.75":0.7099236845970154,"test_recall0.25":0.09375,"test_recall0.5":0.0625,"_step":499,"val_precision0.25":0.25,"val_accuracy0.5":0.5925925970077515,"test_auroc":0.4558080732822418,"test_precision0.25":0.1304347813129425,"val_accuracy0.75":0.5925925970077515,"test_recall0.75":0.0625,"train_loss":0.0006237575435079634,"val_accuracy0.25":0.5925925970077515,"test_balanced_accuracy0.5":0.46559343434343436,"_wandb":{"runtime":1870},"test_balanced_accuracy0.75":0.4908459595959596}