{"val_precision0.25":0.2916666567325592,"test_auroc":0.5838983058929443,"val_precision0.5":0.2777777910232544,"test_recall0.5":0.25,"test_accuracy0.75":0.7088607549667358,"val_recall0.25":0.26923078298568726,"val_accuracy0.5":0.6761904954910278,"test_balanced_accuracy0.5":0.548728813559322,"test_balanced_accuracy0.75":0.5406779661016949,"val_accuracy0.75":0.6952381134033203,"_timestamp":1.7502606747534664e+09,"_wandb":{"runtime":1226},"_step":317,"test_recall0.25":0.25,"val_precision0.75":0.3125,"_runtime":1226.146654893,"val_auroc":0.5484421253204346,"val_balanced_accuracy0.25":0.5270204479065238,"val_balanced_accuracy0.75":0.5265335929892893,"test_precision0.5":0.3571428656578064,"test_balanced_accuracy0.25":0.5233050847457628,"test_recall0.75":0.20000000298023224,"test_precision0.25":0.29411765933036804,"train_auroc":1,"val_accuracy0.25":0.6571428775787354,"test_precision0.75":0.3636363744735718,"val_balanced_accuracy0.5":0.5138753651411879,"val_recall0.75":0.19230769574642181,"val_recall0.5":0.19230769574642181,"test_accuracy0.25":0.6582278609275818,"test_accuracy0.5":0.6962025165557861,"train_loss":0.0009102197946049273}