{"test_balanced_accuracy0.5":0.5,"test_recall0.75":0,"test_precision0.75":0,"val_recall0.25":1,"test_accuracy0.25":0.25,"val_auroc":0.48265352845191956,"train_logvar":1.5792473959663766e-06,"test_recall0.5":0,"val_accuracy0.25":0.25471699237823486,"val_recall0.5":0,"val_balanced_accuracy0.75":0.5,"train_loss":1.517696499824524,"val_accuracy0.5":0.7452830076217651,"_runtime":1583.530052121,"val_accuracy0.75":0.7452830076217651,"test_recall0.25":1,"test_balanced_accuracy0.25":0.5,"val_precision0.25":0.25471699237823486,"test_accuracy0.75":0.75,"train_recon_loss_no_kld":0.9977052807807922,"train_auroc":0.4820312559604645,"_step":50,"test_accuracy0.5":0.75,"train_mu":6.22844936515321e-07,"test_auroc":0.4749999940395355,"_wandb":{"runtime":1583},"test_balanced_accuracy0.75":0.5,"val_precision0.5":0,"train_surv_loss":1.0188201665878296,"val_recall0.75":0,"train_kld_loss":4.739888754556887e-05,"_timestamp":1.7549924467901683e+09,"val_balanced_accuracy0.5":0.5,"val_balanced_accuracy0.25":0.5,"test_precision0.5":0,"val_precision0.75":0,"test_precision0.25":0.25}