{"_step":50,"test_precision":0,"val_auroc":0.5714285373687744,"test_accuracy":0.7557252049446106,"test_recall":0,"val_balanced_accuracy":0.5,"train_loss":1.845981478691101,"test_auroc":0.45391416549682617,"_wandb":{"runtime":176},"val_precision":0,"_runtime":176.713975727,"_timestamp":1.7494909076296678e+09,"val_recall":0,"val_loss":1.857203722000122,"train_auroc":0.5578856468200684,"val_accuracy":0.7407407164573669,"test_balanced_accuracy":0.5}