{"val_balanced_accuracy0.75":0.5462512171372931,"val_accuracy0.75":0.6666666865348816,"test_recall0.75":0.25,"test_accuracy0.75":0.5443037748336792,"test_precision0.75":0.19230769574642181,"val_accuracy0.25":0.4571428596973419,"test_accuracy0.5":0.4556961953639984,"train_loss":0.18907101452350616,"train_auroc":0.9995993971824646,"test_balanced_accuracy0.75":0.4470338983050847,"test_accuracy0.25":0.4303797483444214,"_wandb":{"runtime":3057},"val_accuracy0.5":0.561904788017273,"val_precision0.25":0.2539682686328888,"val_precision0.75":0.3199999928474426,"val_balanced_accuracy0.5":0.5153359298928919,"val_auroc":0.5185004472732544,"test_precision0.25":0.2448979616165161,"test_auroc":0.4830508530139923,"test_precision0.5":0.20512820780277252,"val_recall0.5":0.42307692766189575,"val_balanced_accuracy0.25":0.5102239532619279,"test_balanced_accuracy0.25":0.4864406779661017,"test_recall0.25":0.6000000238418579,"val_recall0.75":0.3076923191547394,"val_recall0.25":0.6153846383094788,"_timestamp":1.7501755585871358e+09,"test_recall0.5":0.4000000059604645,"_step":888,"_runtime":3057.049678866,"test_balanced_accuracy0.5":0.43728813559322033,"val_precision0.5":0.261904776096344}