{"train_auroc":1,"test_balanced_accuracy0.75":0.498728813559322,"test_recall0.25":0.25,"test_precision0.5":0.3076923191547394,"val_recall0.75":0.23076923191547394,"val_auroc":0.5696202516555786,"test_auroc":0.5576271414756775,"_runtime":630.076102316,"train_loss":0.0004408899985719472,"val_accuracy0.5":0.6857143044471741,"val_accuracy0.25":0.6380952596664429,"val_precision0.5":0.31578946113586426,"val_precision0.25":0.25,"val_balanced_accuracy0.5":0.5331061343719572,"val_accuracy0.75":0.7142857313156128,"test_accuracy0.25":0.6329113841056824,"val_balanced_accuracy0.25":0.501460564751704,"test_recall0.75":0.15000000596046448,"_timestamp":1.750122111195485e+09,"_step":248,"val_precision0.75":0.375,"test_balanced_accuracy0.5":0.523728813559322,"val_recall0.25":0.23076923191547394,"val_recall0.5":0.23076923191547394,"test_recall0.5":0.20000000298023224,"test_accuracy0.5":0.6835442781448364,"test_accuracy0.75":0.6708860993385315,"test_precision0.75":0.25,"test_balanced_accuracy0.25":0.5063559322033898,"val_balanced_accuracy0.75":0.5520934761441091,"test_precision0.25":0.2631579041481018,"_wandb":{"runtime":630}}