{"test_auroc":0.5413510203361511,"test_precision":0.3214285671710968,"test_accuracy":0.6793892979621887,"train_loss":1.7219994333572686e-05,"test_balanced_accuracy":0.544665404040404,"val_loss":6.253011703491211,"val_balanced_accuracy":0.5928571428571429,"_timestamp":1.7495591700767152e+09,"val_recall":0.2857142984867096,"_wandb":{"runtime":486},"_runtime":486.455871018,"train_auroc":1,"val_precision":0.5,"val_accuracy":0.7407407164573669,"val_auroc":0.7571429014205933,"_step":120,"test_recall":0.28125}