{"test_precision0.5":0.3125,"_step":680,"val_accuracy0.75":0.7523809671401978,"_runtime":1760.230429005,"val_auroc":0.5384615659713745,"val_precision0.75":0,"train_auroc":0.7992507219314575,"test_accuracy0.75":0.746835470199585,"train_loss":1.9990856647491455,"test_accuracy0.5":0.5189873576164246,"test_balanced_accuracy0.5":0.5953389830508474,"_timestamp":1.7501467474018407e+09,"val_accuracy0.5":0.41904762387275696,"test_auroc":0.5805084705352783,"test_precision0.25":0.2531645596027374,"test_balanced_accuracy0.75":0.5,"test_accuracy0.25":0.2531645596027374,"test_recall0.25":1,"val_balanced_accuracy0.5":0.4591041869522882,"test_precision0.75":0,"test_recall0.75":0,"val_recall0.25":1,"test_recall0.5":0.75,"val_recall0.5":0.5384615659713745,"val_balanced_accuracy0.25":0.5,"_wandb":{"runtime":1760},"val_precision0.25":0.24761904776096344,"val_recall0.75":0,"val_balanced_accuracy0.75":0.5,"test_balanced_accuracy0.25":0.5,"val_precision0.5":0.2222222238779068,"val_accuracy0.25":0.24761904776096344}