{"val_precision0.5":0,"_runtime":1077.933754383,"val_recall0.75":0,"train_loss":1.1844300031661987,"val_accuracy0.75":0.7452830076217651,"val_precision0.75":0,"val_balanced_accuracy0.75":0.5,"train_logvar":6.165456145623693e-09,"train_auroc":0.4919140934944153,"test_precision0.25":0.25,"val_recall0.25":1,"_step":74,"_wandb":{"runtime":1077},"val_balanced_accuracy0.5":0.5,"test_precision0.5":0,"test_recall0.75":0,"val_auroc":0.5,"test_balanced_accuracy0.5":0.5,"train_mu":1.0080329815309597e-07,"train_surv_loss":1.0025995969772339,"train_recon_loss_no_kld":0.3519398868083954,"val_recall0.5":0,"test_precision0.75":0,"_timestamp":1.754928911648921e+09,"val_accuracy0.25":0.25471699237823486,"test_accuracy0.25":0.25,"test_accuracy0.5":0.75,"test_recall0.25":1,"val_accuracy0.5":0.7452830076217651,"test_recall0.5":0,"test_auroc":0.5,"val_precision0.25":0.25471699237823486,"train_kld_loss":0.011720978654921055,"test_balanced_accuracy0.75":0.5,"val_balanced_accuracy0.25":0.5,"test_balanced_accuracy0.25":0.5,"test_accuracy0.75":0.75}