{"test_accuracy0.75":0.7594936490058899,"val_precision0.5":0.4117647111415863,"test_accuracy0.25":0.7341772317886353,"train_auroc":0.9999999403953552,"test_balanced_accuracy0.25":0.623728813559322,"_runtime":2533.730849825,"val_balanced_accuracy0.75":0.5776533592989289,"val_precision0.25":0.3888888955116272,"test_precision0.25":0.47058823704719543,"val_accuracy0.25":0.7142857313156128,"val_balanced_accuracy0.25":0.5649951314508277,"test_recall0.5":0.4000000059604645,"val_recall0.25":0.26923078298568726,"_timestamp":1.750888545854579e+09,"test_accuracy0.5":0.7594936490058899,"test_precision0.75":0.5384615659713745,"test_recall0.25":0.4000000059604645,"val_auroc":0.6392405033111572,"test_balanced_accuracy0.5":0.6406779661016949,"val_accuracy0.5":0.723809540271759,"_step":236,"test_precision0.5":0.5333333611488342,"val_recall0.5":0.26923078298568726,"train_loss":8.375474862987176e-06,"val_accuracy0.75":0.7333333492279053,"val_recall0.75":0.26923078298568726,"test_auroc":0.6936440467834473,"test_balanced_accuracy0.75":0.6241525423728813,"val_precision0.75":0.4375,"test_recall0.75":0.3499999940395355,"val_balanced_accuracy0.5":0.5713242453748782,"_wandb":{"runtime":2533}}