{"val_balanced_accuracy0.5":0.49086538461538465,"test_recall0.5":0.15000000596046448,"test_balanced_accuracy0.25":0.5333333333333333,"test_accuracy0.75":0.699999988079071,"val_precision0.25":0.24242424964904785,"val_accuracy0.5":0.6037735939025879,"train_auroc":1,"val_recall0.5":0.26923078298568726,"test_balanced_accuracy0.5":0.5166666666666666,"_timestamp":1.753538306422903e+09,"val_accuracy0.25":0.5943396091461182,"test_precision0.75":0.25,"_runtime":1745.808631955,"test_auroc":0.5841666460037231,"test_recall0.25":0.20000000298023224,"val_precision0.75":0.25,"test_accuracy0.25":0.699999988079071,"train_loss":2.49838763011212e-06,"val_auroc":0.4754807949066162,"test_accuracy0.5":0.699999988079071,"val_recall0.25":0.3076923191547394,"val_accuracy0.75":0.6226415038108826,"val_balanced_accuracy0.75":0.5033653846153846,"test_balanced_accuracy0.75":0.5,"_step":191,"test_precision0.25":0.3333333432674408,"val_recall0.75":0.26923078298568726,"test_recall0.75":0.10000000149011612,"_wandb":{"runtime":1745},"val_balanced_accuracy0.25":0.49759615384615385,"test_precision0.5":0.30000001192092896,"val_precision0.5":0.23333333432674408}