{"val_recall":0,"test_accuracy":0.746835470199585,"val_precision":0,"_wandb":{"runtime":2070},"test_precision":0,"_timestamp":1.7478186529490542e+09,"val_loss":0.3790675103664398,"test_recall":0,"test_auroc":0.3627118468284607,"val_accuracy":0.75,"_runtime":2070.75719045,"val_auroc":0.5,"train_auroc":0.47116032242774963,"train_loss":2.579688310623169,"_step":58}