{"val_accuracy0.5":0.7047619223594666,"train_auroc":0.7976686358451843,"val_balanced_accuracy0.25":0.5,"test_accuracy0.5":0.746835470199585,"val_accuracy0.25":0.24761904776096344,"val_recall0.75":0,"val_recall0.5":0.3076923191547394,"test_balanced_accuracy0.75":0.5,"test_auroc":0.5915254354476929,"test_recall0.75":0,"_runtime":6255.216985547,"val_balanced_accuracy0.5":0.5715676728334956,"val_accuracy0.75":0.7523809671401978,"test_accuracy0.25":0.2531645596027374,"_step":999,"val_auroc":0.6577409505844116,"_timestamp":1.7515200709301069e+09,"test_balanced_accuracy0.5":0.6156779661016949,"val_precision0.25":0.24761904776096344,"val_precision0.5":0.380952388048172,"test_precision0.25":0.2531645596027374,"test_accuracy0.75":0.746835470199585,"test_balanced_accuracy0.25":0.5,"val_balanced_accuracy0.75":0.5,"train_loss":1.716433048248291,"val_precision0.75":0,"test_precision0.5":0.5,"_wandb":{"runtime":6255},"test_recall0.5":0.3499999940395355,"test_precision0.75":0,"test_recall0.25":1,"val_recall0.25":1}