{"val_accuracy0.25":0.5523809790611267,"val_balanced_accuracy0.25":0.49610516066212274,"val_precision0.5":0.2857142984867096,"val_precision0.25":0.24390244483947754,"val_accuracy0.75":0.6666666865348816,"test_accuracy0.75":0.6582278609275818,"_step":351,"train_loss":0.04109896346926689,"val_recall0.75":0.3076923191547394,"_runtime":1017.02262383,"test_balanced_accuracy0.25":0.6385593220338983,"train_auroc":0.9996795058250427,"test_balanced_accuracy0.5":0.589406779661017,"test_precision0.25":0.37142857909202576,"_wandb":{"runtime":1017},"test_accuracy0.5":0.6582278609275818,"_timestamp":1.7502322524859724e+09,"val_precision0.75":0.3199999928474426,"test_recall0.25":0.6499999761581421,"val_auroc":0.5026777386665344,"test_accuracy0.25":0.6329113841056824,"test_precision0.5":0.36000001430511475,"val_balanced_accuracy0.75":0.5462512171372931,"test_precision0.75":0.31578946113586426,"val_balanced_accuracy0.5":0.5272638753651412,"val_accuracy0.5":0.6380952596664429,"val_recall0.5":0.3076923191547394,"test_auroc":0.6262711882591248,"test_balanced_accuracy0.75":0.5398305084745763,"val_recall0.25":0.38461539149284363,"test_recall0.75":0.30000001192092896,"test_recall0.5":0.44999998807907104}