{"test_precision0.5":0.1666666716337204,"val_accuracy0.5":0.6698113083839417,"val_balanced_accuracy0.25":0.49182692307692305,"val_accuracy0.25":0.5660377144813538,"val_auroc":0.49519234895706177,"val_precision0.25":0.2368421107530594,"test_recall0.75":0.05000000074505806,"val_recall0.25":0.3461538553237915,"_runtime":3321.11118114,"test_auroc":0.6341666579246521,"val_accuracy0.75":0.7169811129570007,"_step":999,"test_recall0.25":0.25,"test_accuracy0.25":0.699999988079071,"val_precision0.75":0.1666666716337204,"val_balanced_accuracy0.75":0.4879807692307692,"test_balanced_accuracy0.25":0.55,"val_recall0.5":0.11538461595773697,"test_balanced_accuracy0.5":0.48333333333333334,"test_balanced_accuracy0.75":0.5,"test_precision0.25":0.3571428656578064,"train_auroc":0.9999604225158691,"val_recall0.75":0.03846153989434242,"val_balanced_accuracy0.5":0.4826923076923077,"val_precision0.5":0.20000000298023224,"_wandb":{"runtime":3321},"train_loss":0.08059243857860565,"test_accuracy0.75":0.7250000238418579,"test_recall0.5":0.05000000074505806,"test_precision0.75":0.25,"_timestamp":1.753772031840017e+09,"test_accuracy0.5":0.699999988079071}