{"val_balanced_accuracy0.25":0.5282375851996105,"val_recall0.25":0.4615384638309479,"train_loss":1.3613692999570048e-06,"test_balanced_accuracy0.25":0.4470338983050847,"test_accuracy0.5":0.5822784900665283,"_wandb":{"runtime":1772},"test_accuracy0.25":0.5443037748336792,"val_accuracy0.5":0.5809524059295654,"_runtime":1772.263590587,"val_recall0.5":0.4615384638309479,"test_balanced_accuracy0.5":0.4724576271186441,"_timestamp":1.7498161828681245e+09,"val_balanced_accuracy0.5":0.5408958130477117,"test_balanced_accuracy0.75":0.45593220338983054,"val_balanced_accuracy0.75":0.5535540408958131,"test_recall0.5":0.25,"val_precision0.25":0.27272728085517883,"test_precision0.5":0.21739129722118378,"test_precision0.75":0.190476194024086,"test_precision0.25":0.19230769574642181,"val_auroc":0.5343232750892639,"val_precision0.75":0.30000001192092896,"_step":499,"test_recall0.75":0.20000000298023224,"val_accuracy0.75":0.6000000238418579,"train_auroc":1,"test_auroc":0.39237284660339355,"val_accuracy0.25":0.561904788017273,"val_recall0.75":0.4615384638309479,"test_accuracy0.75":0.5822784900665283,"test_recall0.25":0.25,"val_precision0.5":0.2857142984867096}