{"val_precision0.25":0.26530611515045166,"val_balanced_accuracy0.25":0.5157407407407407,"val_recall0.75":0.3333333432674408,"test_recall0.5":0.6000000238418579,"val_accuracy0.25":0.5327102541923523,"_runtime":17755.435214492,"train_loss":0.07513247430324554,"test_auroc":0.64083331823349,"test_accuracy0.5":0.637499988079071,"_timestamp":1.754755328770448e+09,"test_balanced_accuracy0.75":0.5916666666666667,"test_precision0.25":0.3589743673801422,"val_balanced_accuracy0.5":0.5224537037037037,"test_recall0.75":0.44999998807907104,"test_balanced_accuracy0.5":0.625,"test_precision0.75":0.36000001430511475,"test_accuracy0.25":0.612500011920929,"_step":404,"test_balanced_accuracy0.25":0.6416666666666666,"val_accuracy0.5":0.5794392228126526,"val_auroc":0.47083336114883423,"test_precision0.5":0.3636363744735718,"train_auroc":0.9997265934944153,"test_accuracy0.75":0.6625000238418579,"val_recall0.25":0.48148149251937866,"val_precision0.5":0.2750000059604645,"test_recall0.25":0.699999988079071,"_wandb":{"runtime":17755},"val_recall0.5":0.40740740299224854,"val_precision0.75":0.2647058963775635,"val_accuracy0.75":0.5981308221817017,"val_balanced_accuracy0.75":0.5104166666666666}