{"val_precision0.75":0,"_step":166,"test_precision0.5":0,"val_balanced_accuracy0.75":0.5,"val_precision0.25":0.24561403691768646,"val_precision0.5":0,"val_balanced_accuracy0.5":0.5,"val_balanced_accuracy0.25":0.487107360525082,"test_precision0.25":0.2750000059604645,"_timestamp":1.7535146779976032e+09,"val_recall0.5":0,"test_balanced_accuracy0.75":0.5,"_wandb":{"runtime":1032},"test_precision0.75":0,"test_balanced_accuracy0.25":0.5333333333333334,"val_recall0.25":0.5185185074806213,"val_accuracy0.5":0.7452830076217651,"test_recall0.25":0.550000011920929,"test_balanced_accuracy0.5":0.5,"test_accuracy0.5":0.75,"val_recall0.75":0,"_runtime":1032.398517276,"val_accuracy0.25":0.4716981053352356,"val_auroc":0.5696202516555786,"test_accuracy0.25":0.5249999761581421,"val_accuracy0.75":0.7452830076217651,"train_auroc":0.5786556601524353,"test_accuracy0.75":0.75,"test_auroc":0.5449999570846558,"test_recall0.5":0,"train_loss":1.6722288131713867,"test_recall0.75":0}