{"_timestamp":1.7477048538312151e+09,"_wandb":{"runtime":485},"val_recall":0.125,"train_loss":0.055104613304138184,"train_auroc":0.9428571462631226,"_runtime":484.481502816,"val_precision":0.20000000298023224,"val_auroc":0.4791666567325592,"val_loss":0.6520366668701172,"test_recall":0.15000000596046448,"_step":35,"test_auroc":0.48177963495254517,"test_accuracy":0.6455696225166321,"val_accuracy":0.65625,"test_precision":0.2142857164144516}