{"_runtime":332.496658618,"_step":50,"val_accuracy":0.7407407164573669,"val_recall":0,"val_balanced_accuracy":0.5,"val_loss":3.9963932037353516,"test_precision":0.1666666716337204,"_wandb":{"runtime":332},"val_precision":0,"_timestamp":1.7495460649688108e+09,"val_auroc":0.4500000476837158,"train_auroc":0.9077537059783936,"train_loss":0.9708768129348755,"test_recall":0.03030303120613098,"test_accuracy":0.7196969985961914,"test_balanced_accuracy":0.4898989898989899,"test_auroc":0.54392409324646}