{"val_precision0.5":0,"test_accuracy0.25":0.25,"test_recall0.5":0,"test_precision0.5":0,"_wandb":{"runtime":4976},"test_auroc":0.534583330154419,"test_recall0.75":0,"val_accuracy0.25":0.25233644247055054,"val_auroc":0.5962963104248047,"val_balanced_accuracy0.75":0.5,"train_loss":2.2212374210357666,"val_accuracy0.75":0.7476635575294495,"val_balanced_accuracy0.25":0.5,"val_accuracy0.5":0.7476635575294495,"val_recall0.25":1,"test_balanced_accuracy0.75":0.5,"train_auroc":0.5396938323974609,"test_precision0.75":0,"test_recall0.25":1,"_timestamp":1.7543201571069973e+09,"test_accuracy0.5":0.75,"test_balanced_accuracy0.25":0.5,"test_precision0.25":0.25,"val_precision0.75":0,"_step":464,"test_balanced_accuracy0.5":0.5,"test_accuracy0.75":0.75,"val_precision0.25":0.25233644247055054,"val_recall0.75":0,"val_balanced_accuracy0.5":0.5,"_runtime":4976.429575915,"val_recall0.5":0}