{"val_accuracy0.25":0.3177570104598999,"train_loss":1.5024991035461426,"test_recall0.25":0.6499999761581421,"test_auroc":0.43666666746139526,"val_recall0.5":0.1111111119389534,"test_recall0.5":0.10000000149011612,"val_recall0.75":0,"_step":999,"val_accuracy0.5":0.6542056202888489,"val_balanced_accuracy0.75":0.5,"_timestamp":1.7539117924773097e+09,"val_balanced_accuracy0.25":0.4946759259259259,"val_accuracy0.75":0.7476635575294495,"val_precision0.75":0,"test_balanced_accuracy0.5":0.48333333333333334,"test_accuracy0.5":0.675000011920929,"val_balanced_accuracy0.5":0.47430555555555554,"val_auroc":0.4574074149131775,"train_auroc":0.8194296360015869,"test_balanced_accuracy0.75":0.5,"test_balanced_accuracy0.25":0.43333333333333335,"test_precision0.5":0.20000000298023224,"_wandb":{"runtime":4751},"val_recall0.25":0.8518518805503845,"test_precision0.75":0,"test_precision0.25":0.21666666865348816,"test_recall0.75":0,"_runtime":4751.118774329,"test_accuracy0.75":0.75,"val_precision0.5":0.1875,"val_precision0.25":0.25,"test_accuracy0.25":0.32499998807907104}