{"test_accuracy0.75":0.5,"train_loss":0.12469364702701569,"test_recall0.25":0.5,"test_precision0.25":0.20408163964748383,"test_auroc":0.39499998092651367,"test_balanced_accuracy0.25":0.425,"test_balanced_accuracy0.75":0.45,"train_auroc":0.9991015195846558,"_step":230,"val_accuracy0.25":0.4672897160053253,"val_balanced_accuracy0.25":0.5087962962962963,"test_accuracy0.5":0.44999998807907104,"_wandb":{"runtime":8936},"val_recall0.5":0.5185185074806213,"_timestamp":1.7536599917281733e+09,"val_accuracy0.75":0.5514018535614014,"val_precision0.75":0.2857142984867096,"val_balanced_accuracy0.5":0.5092592592592593,"test_precision0.5":0.18421052396297455,"val_recall0.75":0.5185185074806213,"test_precision0.75":0.20588235557079315,"val_recall0.25":0.5925925970077515,"test_recall0.5":0.3499999940395355,"test_accuracy0.25":0.38749998807907104,"val_balanced_accuracy0.75":0.5405092592592593,"test_recall0.75":0.3499999940395355,"val_auroc":0.5391203761100769,"test_balanced_accuracy0.5":0.41666666666666663,"_runtime":8936.484011559,"val_accuracy0.5":0.5046728849411011,"val_precision0.5":0.25925925374031067,"val_precision0.25":0.25806450843811035}