{"val_auroc":0.5516066551208496,"test_recall0.5":0,"val_accuracy0.75":0.7523809671401978,"val_recall0.5":0,"test_balanced_accuracy0.25":0.6042372881355932,"test_accuracy0.25":0.5569620132446289,"test_balanced_accuracy0.75":0.5,"val_precision0.5":0,"train_loss":1.5841903686523438,"val_accuracy0.25":0.523809552192688,"val_accuracy0.5":0.7523809671401978,"test_recall0.75":0,"test_precision0.75":0,"test_auroc":0.4983051121234894,"train_auroc":0.7056962251663208,"_runtime":2344.553557288,"test_balanced_accuracy0.5":0.5,"test_precision0.5":0,"val_balanced_accuracy0.5":0.5,"val_balanced_accuracy0.75":0.5,"_step":499,"_wandb":{"runtime":2344},"val_balanced_accuracy0.25":0.5287244401168452,"_timestamp":1.7499275796351929e+09,"val_precision0.75":0,"val_recall0.25":0.5384615659713745,"test_accuracy0.5":0.746835470199585,"val_recall0.75":0,"test_accuracy0.75":0.746835470199585,"val_precision0.25":0.26923078298568726,"test_precision0.25":0.3255814015865326,"test_recall0.25":0.699999988079071}