{"_timestamp":1.74835648382968e+09,"val_auroc":0.6041666269302368,"val_balanced_accuracy":0.5,"_wandb":{"runtime":828},"val_precision":0.25,"train_loss":0.6970100998878479,"_step":74,"val_loss":0.6962487697601318,"test_recall":0.2531645596027374,"val_recall":0.25,"_runtime":828.765010146,"test_precision":0.2531645596027374,"train_auroc":0.47759896516799927,"val_accuracy":0.25,"test_accuracy":0.2531645596027374,"test_balanced_accuracy":0.5,"test_auroc":0.4050847291946411}