{"_runtime":383.288206207,"test_precision":0.3333333432674408,"test_recall":0.09090909361839294,"_step":117,"train_auroc":0.822131335735321,"val_precision":0,"_timestamp":1.7494873786645432e+09,"val_recall":0,"test_accuracy":0.7272727489471436,"_wandb":{"runtime":383},"val_accuracy":0.6666666865348816,"test_auroc":0.5182124376296997,"test_balanced_accuracy":0.5151515151515151,"val_balanced_accuracy":0.45,"val_loss":1.8678351640701294,"val_auroc":0.5285714268684387,"train_loss":1.3919800519943237}