{"val_recall0.5":0.2222222238779068,"test_accuracy0.25":0.7124999761581421,"val_auroc":0.46085324883461,"test_accuracy0.75":0.7124999761581421,"test_recall0.5":0.10000000149011612,"test_recall0.75":0.10000000149011612,"test_balanced_accuracy0.75":0.5083333333333333,"test_precision0.25":0.38461539149284363,"val_recall0.75":0.14814814925193787,"test_recall0.25":0.25,"test_auroc":0.6208333373069763,"val_precision0.5":0.260869562625885,"val_balanced_accuracy0.5":0.5035161744022503,"test_balanced_accuracy0.25":0.5583333333333333,"test_balanced_accuracy0.5":0.49166666666666664,"_wandb":{"runtime":1010},"val_recall0.25":0.3333333432674408,"test_precision0.5":0.2222222238779068,"test_accuracy0.5":0.6875,"val_balanced_accuracy0.75":0.49179559306141585,"val_accuracy0.5":0.6415094137191772,"test_precision0.75":0.2857142984867096,"val_accuracy0.25":0.6037735939025879,"train_auroc":1,"val_precision0.25":0.27272728085517883,"_timestamp":1.7531198660187407e+09,"_runtime":1010.275167682,"val_balanced_accuracy0.25":0.5147679324894515,"_step":251,"val_accuracy0.75":0.6603773832321167,"val_precision0.75":0.23529411852359772,"train_loss":0.013029013760387897}