{"test_balanced_accuracy0.75":0.5166666666666667,"test_precision0.75":0.3333333432674408,"_wandb":{"runtime":708},"test_accuracy0.25":0.7250000238418579,"val_recall0.5":0.11538461595773697,"val_auroc":0.42644232511520386,"train_auroc":1,"test_recall0.75":0.10000000149011612,"test_balanced_accuracy0.25":0.5833333333333334,"val_precision0.75":0.2222222238779068,"test_accuracy0.75":0.7250000238418579,"train_loss":0.00022279816039372236,"test_precision0.25":0.4285714328289032,"val_precision0.5":0.25,"val_balanced_accuracy0.75":0.4947115384615385,"val_recall0.25":0.11538461595773697,"test_auroc":0.559166669845581,"test_precision0.5":0.3636363744735718,"val_recall0.75":0.07692307978868484,"_step":293,"val_accuracy0.25":0.6415094137191772,"test_balanced_accuracy0.5":0.5416666666666666,"test_recall0.5":0.20000000298023224,"test_recall0.25":0.30000001192092896,"val_balanced_accuracy0.5":0.5014423076923077,"val_accuracy0.5":0.698113203048706,"test_accuracy0.5":0.7124999761581421,"_runtime":708.578625777,"val_accuracy0.75":0.7075471878051758,"_timestamp":1.7534635858658516e+09,"val_balanced_accuracy0.25":0.4639423076923077,"val_precision0.25":0.1666666716337204}