{"val_auroc":0.6357142925262451,"val_precision":0,"val_recall":0,"_timestamp":1.7495844746414883e+09,"val_accuracy":0.7407407164573669,"_wandb":{"runtime":350},"test_recall":0,"_runtime":350.832760351,"_step":52,"train_loss":1.684591293334961,"test_balanced_accuracy":0.5,"test_precision":0,"test_accuracy":0.7557252049446106,"test_auroc":0.4352903962135315,"val_loss":1.7217713594436646,"train_auroc":0.6335344314575195,"val_balanced_accuracy":0.5}