{"test_accuracy0.25":0.607594907283783,"val_balanced_accuracy0.25":0.4844206426484907,"test_recall0.75":0,"val_precision0.75":0,"test_accuracy0.5":0.746835470199585,"test_precision0.25":0.3720930218696594,"val_recall0.5":0,"test_auroc":0.6364406943321228,"_step":999,"test_precision0.75":0,"test_recall0.25":0.800000011920929,"val_precision0.5":0,"test_balanced_accuracy0.25":0.6711864406779662,"_runtime":8342.281634349,"val_precision0.25":0.23728813230991364,"val_recall0.75":0,"_timestamp":1.7507904653158214e+09,"val_accuracy0.5":0.7523809671401978,"val_balanced_accuracy0.5":0.5,"test_precision0.5":0,"val_recall0.25":0.5384615659713745,"test_accuracy0.75":0.746835470199585,"val_accuracy0.25":0.4571428596973419,"test_recall0.5":0,"_wandb":{"runtime":8342},"val_balanced_accuracy0.75":0.5,"train_loss":1.4914274215698242,"val_auroc":0.4961051642894745,"test_balanced_accuracy0.5":0.5,"test_balanced_accuracy0.75":0.5,"val_accuracy0.75":0.7523809671401978,"train_auroc":0.749634861946106}