{"test_auroc":0.5,"val_balanced_accuracy0.25":0.5,"test_precision0.75":0,"train_loss":2.0931999683380127,"test_precision0.25":0.2531645596027374,"val_precision0.25":0.24761904776096344,"test_recall0.25":1,"val_accuracy0.25":0.24761904776096344,"val_balanced_accuracy0.5":0.5,"val_auroc":0.5,"_timestamp":1.7508632847476048e+09,"test_accuracy0.25":0.2531645596027374,"val_recall0.75":0,"test_balanced_accuracy0.75":0.5,"train_auroc":0.48407500982284546,"val_accuracy0.5":0.7523809671401978,"test_balanced_accuracy0.5":0.5,"_runtime":2672.086659898,"val_recall0.5":0,"_wandb":{"runtime":2672},"val_precision0.75":0,"test_precision0.5":0,"test_accuracy0.5":0.746835470199585,"_step":273,"test_recall0.5":0,"val_precision0.5":0,"test_recall0.75":0,"test_balanced_accuracy0.25":0.5,"val_balanced_accuracy0.75":0.5,"val_accuracy0.75":0.7523809671401978,"test_accuracy0.75":0.746835470199585,"val_recall0.25":1}