{"_runtime":1054.582173757,"val_recall0.25":1,"test_recall0.75":0,"test_accuracy0.75":0.75,"val_balanced_accuracy0.25":0.5,"val_accuracy0.25":0.25471699237823486,"_step":356,"test_accuracy0.5":0.75,"val_precision0.5":0,"val_accuracy0.75":0.7452830076217651,"test_precision0.75":0,"val_precision0.75":0,"val_balanced_accuracy0.75":0.5,"test_precision0.5":0,"test_auroc":0.4020833373069763,"test_recall0.25":1,"val_recall0.5":0,"test_recall0.5":0,"_timestamp":1.753491335197335e+09,"_wandb":{"runtime":1054},"val_recall0.75":0,"val_precision0.25":0.25471699237823486,"train_auroc":0.435125470161438,"val_balanced_accuracy0.5":0.5,"test_balanced_accuracy0.25":0.5,"test_precision0.25":0.25,"val_auroc":0.4024847745895386,"val_accuracy0.5":0.7452830076217651,"train_loss":2.079176902770996,"test_balanced_accuracy0.75":0.5,"test_balanced_accuracy0.5":0.5,"test_accuracy0.25":0.25}