{"val_recall0.5":0.29629629850387573,"val_balanced_accuracy0.5":0.47726207219878103,"test_accuracy0.75":0.675000011920929,"_timestamp":1.7539612440986571e+09,"test_balanced_accuracy0.5":0.575,"test_precision0.75":0.38461539149284363,"test_balanced_accuracy0.25":0.6,"val_accuracy0.75":0.5943396091461182,"test_recall0.5":0.5,"val_recall0.75":0.29629629850387573,"test_accuracy0.25":0.6000000238418579,"val_recall0.25":0.37037035822868347,"val_balanced_accuracy0.75":0.496249413970933,"test_auroc":0.6483333110809326,"test_recall0.25":0.6000000238418579,"test_balanced_accuracy0.75":0.6166666666666667,"test_accuracy0.5":0.612500011920929,"val_balanced_accuracy0.25":0.4953117674636662,"val_precision0.25":0.25,"val_auroc":0.4927332401275635,"train_loss":0.07254572957754135,"test_recall0.75":0.5,"test_precision0.25":0.3333333432674408,"_wandb":{"runtime":2014},"test_precision0.5":0.32258063554763794,"val_accuracy0.25":0.5566037893295288,"val_precision0.5":0.22857142984867096,"train_auroc":0.999804675579071,"_runtime":2014.878913108,"val_precision0.75":0.25,"val_accuracy0.5":0.5660377144813538,"_step":315}