{"val_auroc":0.5912036895751953,"val_accuracy0.75":0.6074766516685486,"test_accuracy0.75":0.625,"test_accuracy0.25":0.574999988079071,"val_recall0.25":0.5185185074806213,"_step":298,"val_balanced_accuracy0.25":0.5467592592592592,"val_precision0.5":0.2926829159259796,"val_balanced_accuracy0.5":0.5409722222222222,"test_precision0.75":0.3214285671710968,"test_balanced_accuracy0.25":0.5833333333333333,"val_balanced_accuracy0.75":0.5412037037037037,"test_precision0.5":0.3333333432674408,"test_accuracy0.5":0.612500011920929,"_wandb":{"runtime":11444},"val_precision0.25":0.2916666567325592,"val_recall0.75":0.40740740299224854,"val_accuracy0.5":0.5887850522994995,"train_loss":0.130963996052742,"val_recall0.5":0.4444444477558136,"test_recall0.5":0.550000011920929,"val_precision0.75":0.29729729890823364,"test_balanced_accuracy0.75":0.5666666666666667,"train_auroc":0.9990234375,"test_recall0.25":0.6000000238418579,"val_accuracy0.25":0.5607476830482483,"test_recall0.75":0.44999998807907104,"_timestamp":1.7535428825025926e+09,"test_balanced_accuracy0.5":0.5916666666666667,"_runtime":11444.286684519,"test_auroc":0.5637500286102295,"test_precision0.25":0.31578946113586426}