{"train_auroc":0.998417854309082,"val_precision0.25":0.27659574151039124,"_step":272,"test_precision0.25":0.20588235557079315,"_wandb":{"runtime":1163},"val_recall0.5":0.4444444477558136,"val_accuracy0.5":0.6074766516685486,"val_auroc":0.5509259700775146,"val_recall0.25":0.48148149251937866,"test_accuracy0.75":0.612500011920929,"val_balanced_accuracy0.5":0.5534722222222221,"_runtime":1163.206055056,"test_precision0.5":0.2222222238779068,"test_balanced_accuracy0.25":0.45,"val_accuracy0.25":0.5514018535614014,"val_precision0.5":0.3076923191547394,"val_recall0.75":0.37037035822868347,"test_recall0.25":0.3499999940395355,"val_precision0.75":0.3030303120613098,"_timestamp":1.7538235586086824e+09,"val_balanced_accuracy0.75":0.5414351851851852,"test_precision0.75":0.2380952388048172,"train_loss":0.17016324400901794,"test_recall0.5":0.30000001192092896,"val_accuracy0.75":0.6261682510375977,"test_auroc":0.5349999666213989,"test_balanced_accuracy0.5":0.475,"test_accuracy0.5":0.5625,"test_balanced_accuracy0.75":0.49166666666666664,"test_recall0.75":0.25,"val_balanced_accuracy0.25":0.5282407407407407,"test_accuracy0.25":0.5}