{"test_accuracy":0.75,"train_auroc":0.5230838656425476,"_timestamp":1.7477757743886425e+09,"val_recall":0,"test_auroc":0.43791666626930237,"val_loss":0.3755005896091461,"test_precision":0,"test_recall":0,"val_precision":0,"_step":21,"_runtime":640.577750163,"val_accuracy":0.75,"val_auroc":0.5,"_wandb":{"runtime":640},"train_loss":0.3771606683731079}