{"val_balanced_accuracy0.75":0.4936708860759494,"test_accuracy0.5":0.6962025165557861,"_wandb":{"runtime":3211},"test_precision0.25":0.2567567527294159,"test_precision0.75":0,"val_recall0.5":0.19230769574642181,"test_recall0.25":0.949999988079071,"val_recall0.75":0,"test_recall0.75":0,"train_loss":1.765894889831543,"test_recall0.5":0.4000000059604645,"val_balanced_accuracy0.25":0.5250730282375852,"val_balanced_accuracy0.5":0.48222979552093476,"val_auroc":0.518013596534729,"train_auroc":0.7684265375137329,"val_precision0.75":0,"_runtime":3211.822309695,"test_precision0.5":0.4000000059604645,"test_accuracy0.75":0.746835470199585,"val_precision0.5":0.21739129722118378,"test_accuracy0.25":0.29113924503326416,"test_balanced_accuracy0.5":0.5983050847457627,"test_auroc":0.6499999761581421,"val_accuracy0.25":0.3047619163990021,"_step":825,"val_precision0.25":0.25773194432258606,"val_accuracy0.5":0.6285714507102966,"_timestamp":1.750209515571062e+09,"test_balanced_accuracy0.75":0.5,"test_balanced_accuracy0.25":0.5088983050847458,"val_recall0.25":0.9615384340286255,"val_accuracy0.75":0.7428571581840515}