{"_step":333,"test_balanced_accuracy0.25":0.5406779661016949,"train_auroc":1,"val_precision0.5":0.375,"test_precision0.25":0.3636363744735718,"_wandb":{"runtime":1215},"val_recall0.75":0.11538461595773697,"_timestamp":1.7501879236184177e+09,"val_balanced_accuracy0.75":0.5323758519961052,"val_recall0.5":0.11538461595773697,"val_accuracy0.5":0.7333333492279053,"test_accuracy0.5":0.7341772317886353,"test_precision0.75":0.3333333432674408,"test_recall0.5":0.15000000596046448,"val_accuracy0.75":0.7428571581840515,"test_auroc":0.5711864233016968,"val_balanced_accuracy0.25":0.5713242453748782,"val_accuracy0.25":0.723809540271759,"test_recall0.25":0.20000000298023224,"val_balanced_accuracy0.5":0.5260467380720545,"test_accuracy0.75":0.7341772317886353,"test_accuracy0.25":0.7088607549667358,"test_balanced_accuracy0.75":0.5080508474576271,"test_precision0.5":0.4285714328289032,"val_precision0.75":0.4285714328289032,"train_loss":0.0002883740817196667,"val_auroc":0.5433300733566284,"val_precision0.25":0.4117647111415863,"val_recall0.25":0.26923078298568726,"test_balanced_accuracy0.5":0.5411016949152542,"test_recall0.75":0.05000000074505806,"_runtime":1215.44311905}