{"test_recall0.5":0.800000011920929,"val_accuracy0.75":0.7452830076217651,"test_auroc":0.5800000429153442,"_runtime":2667.842969038,"val_balanced_accuracy0.75":0.5,"_step":445,"val_precision0.25":0.25471699237823486,"val_recall0.75":0,"test_precision0.5":0.2666666805744171,"val_recall0.25":1,"train_loss":2.0429909229278564,"test_recall0.75":0,"test_precision0.75":0,"test_balanced_accuracy0.5":0.5333333333333333,"test_balanced_accuracy0.25":0.5,"test_accuracy0.25":0.25,"val_precision0.75":0,"test_balanced_accuracy0.75":0.5,"test_accuracy0.75":0.75,"val_auroc":0.5583685040473938,"val_balanced_accuracy0.25":0.5,"test_accuracy0.5":0.4000000059604645,"val_accuracy0.25":0.25471699237823486,"val_precision0.5":0.2926829159259796,"val_recall0.5":0.8888888955116272,"val_accuracy0.5":0.4245283007621765,"_wandb":{"runtime":2667},"test_precision0.25":0.25,"val_balanced_accuracy0.5":0.5773558368495078,"train_auroc":0.6748870611190796,"test_recall0.25":1,"_timestamp":1.7550694661453645e+09}