{"val_accuracy0.5":0.6698113083839417,"val_balanced_accuracy0.75":0.4936708860759494,"_wandb":{"runtime":4308},"test_accuracy0.25":0.3125,"val_recall0.25":0.8888888955116272,"test_precision0.5":0.125,"val_precision0.5":0.10000000149011612,"val_accuracy0.75":0.7358490824699402,"test_recall0.5":0.05000000074505806,"test_auroc":0.48666664958000183,"val_auroc":0.4585091471672058,"test_balanced_accuracy0.25":0.5083333333333333,"test_recall0.25":0.8999999761581421,"_step":999,"train_loss":1.442661166191101,"val_precision0.25":0.25806450843811035,"val_balanced_accuracy0.5":0.4615564932020628,"val_recall0.5":0.03703703731298447,"test_balanced_accuracy0.5":0.4666666666666667,"val_recall0.75":0,"test_accuracy0.75":0.75,"val_accuracy0.25":0.3207547068595886,"test_balanced_accuracy0.75":0.5,"test_accuracy0.5":0.675000011920929,"_runtime":4308.285208603,"_timestamp":1.7539070289643013e+09,"test_precision0.25":0.2535211145877838,"val_balanced_accuracy0.25":0.5077355836849508,"test_recall0.75":0,"val_precision0.75":0,"train_auroc":0.8544921875,"test_precision0.75":0}