{"val_balanced_accuracy0.25":0.5007302823758519,"_timestamp":1.7504928242762852e+09,"test_accuracy0.5":0.6708860993385315,"test_precision0.25":0.25,"val_balanced_accuracy0.75":0.5068159688412853,"train_auroc":0.9991480112075806,"test_precision0.5":0.25,"val_precision0.25":0.25,"val_auroc":0.4561830759048462,"test_precision0.75":0.30000001192092896,"val_balanced_accuracy0.5":0.5197176241480039,"test_accuracy0.75":0.6962025165557861,"_runtime":968.957249196,"val_recall0.75":0.07692307978868484,"_step":347,"val_recall0.5":0.11538461595773697,"val_accuracy0.5":0.723809540271759,"val_precision0.5":0.3333333432674408,"val_accuracy0.25":0.6952381134033203,"test_balanced_accuracy0.75":0.5156779661016949,"val_precision0.75":0.2857142984867096,"test_recall0.25":0.15000000596046448,"val_recall0.25":0.11538461595773697,"test_recall0.75":0.15000000596046448,"test_balanced_accuracy0.25":0.498728813559322,"train_loss":0.044296570122241974,"test_balanced_accuracy0.5":0.498728813559322,"test_auroc":0.5449152588844299,"val_accuracy0.75":0.723809540271759,"test_recall0.5":0.15000000596046448,"test_accuracy0.25":0.6708860993385315,"_wandb":{"runtime":968}}