{"val_loss":2.7458956241607666,"val_recall":0.5625,"test_balanced_accuracy":0.4906779661016949,"test_recall":0.6835442781448364,"train_loss":0.1134229302406311,"val_accuracy":0.5625,"_wandb":{"runtime":4255},"_timestamp":1.747889986177315e+09,"val_precision":0.5625,"_runtime":4255.6453881,"test_auroc":0.5466101765632629,"train_auroc":0.9912139177322388,"val_auroc":0.4322916865348816,"test_precision":0.6835442781448364,"test_accuracy":0.6835442781448364,"_step":99,"val_balanced_accuracy":0.4583333333333333}