{"val_accuracy0.75":0.7407407164573669,"_step":499,"test_recall0.75":0.03030303120613098,"test_accuracy0.5":0.6136363744735718,"val_recall0.5":0.2857142984867096,"test_accuracy0.75":0.6363636255264282,"_runtime":1796.125648851,"test_balanced_accuracy0.75":0.4343434343434343,"val_recall0.75":0.2857142984867096,"test_precision0.25":0.1428571492433548,"val_precision0.25":0.5,"val_recall0.25":0.2857142984867096,"_wandb":{"runtime":1796},"test_precision0.5":0.09090909361839294,"val_balanced_accuracy0.25":0.5928571428571429,"val_accuracy0.25":0.7407407164573669,"val_auroc":0.5714285373687744,"test_recall0.25":0.12121212482452393,"val_precision0.5":0.5,"test_recall0.5":0.06060606241226196,"val_accuracy0.5":0.7407407164573669,"test_balanced_accuracy0.5":0.4292929292929293,"test_balanced_accuracy0.25":0.4393939393939394,"val_balanced_accuracy0.75":0.5928571428571429,"test_accuracy0.25":0.5984848737716675,"test_auroc":0.4220997989177704,"test_precision0.75":0.05882352963089943,"val_precision0.75":0.5,"_timestamp":1.7497163545069926e+09,"train_loss":7.432917482219636e-05,"train_auroc":1,"val_balanced_accuracy0.5":0.5928571428571429}