{"val_accuracy0.25":0.7142857313156128,"val_balanced_accuracy0.25":0.5520934761441091,"val_recall0.75":0.11538461595773697,"test_recall0.5":0.20000000298023224,"test_accuracy0.75":0.7215189933776855,"val_accuracy0.75":0.7333333492279053,"val_auroc":0.5559883117675781,"_runtime":2907.950753134,"test_auroc":0.5364406704902649,"val_precision0.25":0.375,"test_accuracy0.5":0.7341772317886353,"test_precision0.5":0.4444444477558136,"train_auroc":1,"_timestamp":1.7509315301934206e+09,"test_precision0.75":0.3333333432674408,"val_precision0.75":0.375,"val_recall0.5":0.23076923191547394,"test_accuracy0.25":0.7215189933776855,"test_balanced_accuracy0.75":0.5161016949152543,"test_balanced_accuracy0.25":0.5822033898305085,"val_accuracy0.5":0.7428571581840515,"test_balanced_accuracy0.5":0.5576271186440678,"val_precision0.5":0.4615384638309479,"test_precision0.25":0.4285714328289032,"test_recall0.75":0.10000000149011612,"val_balanced_accuracy0.5":0.571080817916261,"val_recall0.25":0.23076923191547394,"test_recall0.25":0.30000001192092896,"train_loss":0.008239451795816422,"_step":317,"_wandb":{"runtime":2907},"val_balanced_accuracy0.75":0.5260467380720545}