{"val_balanced_accuracy":0.5,"test_auroc":0.46036118268966675,"train_auroc":0.526008129119873,"train_loss":1.791966199874878,"_timestamp":1.7495301431405983e+09,"val_recall":0,"test_precision":0,"test_recall":0,"test_accuracy":0.75,"val_auroc":0.5142857432365417,"_wandb":{"runtime":656},"test_balanced_accuracy":0.5,"_step":52,"val_precision":0,"val_loss":1.805503010749817,"val_accuracy":0.7407407164573669,"_runtime":656.02778322}