{"test_accuracy":0.746835470199585,"val_recall":0,"_step":35,"_wandb":{"runtime":788},"_runtime":785.698591099,"val_loss":0.3592749238014221,"train_loss":0.3592749238014221,"train_auroc":0.5,"_timestamp":1.7474332281199627e+09,"test_recall":0,"val_precision":0,"test_precision":0,"test_auroc":0.5,"val_accuracy":0.75,"val_auroc":0.5}