{"val_auroc":0.4946445822715759,"_step":671,"train_auroc":0.9993305802345276,"val_balanced_accuracy0.5":0.5589094449853944,"test_auroc":0.47372883558273315,"_wandb":{"runtime":2788},"test_recall0.25":0.15000000596046448,"val_recall0.75":0.19230769574642181,"val_recall0.25":0.3461538553237915,"test_accuracy0.75":0.5569620132446289,"test_balanced_accuracy0.75":0.38940677966101694,"val_balanced_accuracy0.75":0.5138753651411879,"val_precision0.75":0.2777777910232544,"val_recall0.5":0.3076923191547394,"_timestamp":1.7505819314278915e+09,"test_recall0.5":0.10000000149011612,"test_accuracy0.5":0.5569620132446289,"test_precision0.75":0.05882352963089943,"val_precision0.5":0.3478260934352875,"val_balanced_accuracy0.25":0.5654819863680622,"test_accuracy0.25":0.5316455960273743,"_runtime":2788.518880149,"test_recall0.75":0.05000000074505806,"train_loss":0.046009402722120285,"val_accuracy0.75":0.6761904954910278,"test_balanced_accuracy0.5":0.4059322033898305,"val_accuracy0.25":0.6761904954910278,"test_balanced_accuracy0.25":0.4055084745762712,"val_precision0.25":0.3461538553237915,"val_accuracy0.5":0.6857143044471741,"test_precision0.5":0.10526315867900848,"test_precision0.25":0.1304347813129425}