{"test_recall":0,"test_precision":0,"train_auroc":0.6615653038024902,"val_balanced_accuracy":0.5,"_step":53,"test_balanced_accuracy":0.5,"test_auroc":0.5510203838348389,"val_accuracy":0.7407407164573669,"_wandb":{"runtime":170},"val_loss":1.7453190088272095,"test_accuracy":0.7480915784835815,"val_auroc":0.5214285850524902,"val_recall":0,"_timestamp":1.7494869942319832e+09,"_runtime":170.26231683,"val_precision":0,"train_loss":1.6288942098617554}