{"test_recall0.75":0.15000000596046448,"val_balanced_accuracy0.25":0.49182692307692305,"test_auroc":0.5549999475479126,"test_precision0.5":0.5714285969734192,"val_auroc":0.4966346025466919,"test_precision0.75":0.5,"train_auroc":1,"_runtime":4159.364080018,"test_balanced_accuracy0.25":0.575,"_wandb":{"runtime":4159},"test_recall0.25":0.25,"test_accuracy0.5":0.762499988079071,"test_precision0.25":0.4545454680919647,"val_balanced_accuracy0.75":0.49086538461538465,"test_accuracy0.75":0.75,"test_recall0.5":0.20000000298023224,"val_precision0.5":0.21212121844291687,"val_recall0.25":0.3461538553237915,"test_accuracy0.25":0.737500011920929,"val_recall0.5":0.26923078298568726,"val_recall0.75":0.26923078298568726,"val_accuracy0.5":0.5754716992378235,"_step":405,"val_balanced_accuracy0.5":0.4721153846153846,"val_accuracy0.25":0.5660377144813538,"test_balanced_accuracy0.75":0.5499999999999999,"train_loss":0.013509009964764118,"_timestamp":1.7536833055222144e+09,"test_balanced_accuracy0.5":0.575,"val_precision0.25":0.2368421107530594,"val_accuracy0.75":0.6037735939025879,"val_precision0.75":0.23333333432674408}