{"val_accuracy0.25":0.6380952596664429,"val_precision0.5":0.190476194024086,"val_precision0.25":0.25,"test_balanced_accuracy0.25":0.4822033898305085,"val_auroc":0.5175268054008484,"test_accuracy0.5":0.6708860993385315,"test_recall0.25":0.10000000149011612,"val_accuracy0.75":0.6571428775787354,"train_loss":6.9576644818880595e-06,"val_balanced_accuracy0.5":0.46932814021421615,"test_auroc":0.4822033941745758,"val_precision0.75":0.2222222238779068,"test_accuracy0.25":0.6708860993385315,"val_recall0.5":0.1538461595773697,"test_balanced_accuracy0.75":0.4906779661016949,"test_precision0.5":0.20000000298023224,"val_recall0.75":0.1538461595773697,"val_balanced_accuracy0.75":0.4883154819863681,"test_recall0.75":0.10000000149011612,"val_accuracy0.5":0.6285714507102966,"test_precision0.75":0.2222222238779068,"test_accuracy0.75":0.6835442781448364,"_step":402,"_runtime":2699.177111278,"val_balanced_accuracy0.25":0.501460564751704,"train_auroc":1,"test_balanced_accuracy0.5":0.4822033898305085,"test_precision0.25":0.20000000298023224,"_wandb":{"runtime":2699},"test_recall0.5":0.10000000149011612,"_timestamp":1.750164139516828e+09,"val_recall0.25":0.23076923191547394}