{"test_precision":0,"val_auroc":0.5,"test_auroc":0.5,"test_accuracy":0.75,"train_auroc":0.5,"test_recall":0,"_wandb":{"runtime":4531},"_runtime":4530.821398382,"val_recall":0,"val_loss":0.37501466274261475,"_step":35,"val_accuracy":0.75,"val_precision":0,"_timestamp":1.7476935638817668e+09,"train_loss":0.37703609466552734}