{"test_recall0.5":0.25,"val_recall0.75":0.19230769574642181,"val_accuracy0.75":0.6571428775787354,"val_recall0.25":0.23076923191547394,"test_accuracy0.5":0.7215189933776855,"test_balanced_accuracy0.75":0.5656779661016949,"train_loss":0.03949226066470146,"test_balanced_accuracy0.25":0.5656779661016949,"val_auroc":0.5004868507385254,"val_recall0.5":0.19230769574642181,"test_precision0.25":0.4166666567325592,"test_recall0.25":0.25,"test_recall0.75":0.25,"test_accuracy0.25":0.7215189933776855,"val_balanced_accuracy0.25":0.501460564751704,"val_precision0.75":0.25,"val_precision0.25":0.25,"val_balanced_accuracy0.5":0.49488802336903603,"_runtime":1031.382098396,"test_precision0.5":0.4166666567325592,"test_accuracy0.75":0.7215189933776855,"test_precision0.75":0.4166666567325592,"_wandb":{"runtime":1031},"val_precision0.5":0.2380952388048172,"val_accuracy0.5":0.6476190686225891,"_step":384,"val_balanced_accuracy0.75":0.5012171372930867,"val_accuracy0.25":0.6380952596664429,"train_auroc":0.9994522929191589,"_timestamp":1.7504846372738523e+09,"test_auroc":0.6728813648223877,"test_balanced_accuracy0.5":0.5656779661016949}