{"_runtime":1542.278074498,"val_accuracy0.75":0.761904776096344,"val_balanced_accuracy0.75":0.5450340798442064,"test_balanced_accuracy0.25":0.5076271186440678,"test_accuracy0.75":0.7594936490058899,"test_recall0.5":0.05000000074505806,"_timestamp":1.7505063991758392e+09,"val_recall0.25":0.19230769574642181,"val_accuracy0.25":0.7333333492279053,"val_auroc":0.560126543045044,"_step":570,"train_auroc":1,"val_accuracy0.5":0.7714285850524902,"test_accuracy0.5":0.7594936490058899,"test_balanced_accuracy0.75":0.525,"val_recall0.75":0.11538461595773697,"val_balanced_accuracy0.5":0.5642648490749756,"test_precision0.75":1,"test_balanced_accuracy0.5":0.525,"val_recall0.5":0.1538461595773697,"test_precision0.5":1,"test_accuracy0.25":0.7088607549667358,"_wandb":{"runtime":1542},"val_precision0.5":0.6666666865348816,"train_loss":0.008833778090775013,"val_precision0.75":0.6000000238418579,"test_auroc":0.6271185874938965,"test_recall0.75":0.05000000074505806,"val_balanced_accuracy0.25":0.5518500486854917,"val_precision0.25":0.4166666567325592,"test_precision0.25":0.2857142984867096,"test_recall0.25":0.10000000149011612}