{"val_recall0.5":0.5,"test_accuracy0.5":0.6582278609275818,"train_auroc":0.9835588932037354,"_wandb":{"runtime":2798},"val_recall0.25":0.9615384340286255,"val_accuracy0.5":0.4952380955219269,"test_precision0.5":0.3870967626571655,"test_precision0.75":0.4000000059604645,"test_accuracy0.25":0.3291139304637909,"test_auroc":0.6228813529014587,"val_accuracy0.25":0.3619047701358795,"val_balanced_accuracy0.5":0.49683544303797467,"test_accuracy0.75":0.7341772317886353,"val_recall0.75":0.07692307978868484,"val_accuracy0.75":0.7428571581840515,"test_balanced_accuracy0.75":0.5245762711864407,"val_precision0.75":0.4000000059604645,"val_precision0.25":0.2747252881526947,"val_balanced_accuracy0.25":0.5630477117818891,"_runtime":2798.31813614,"_step":999,"val_auroc":0.5423563718795776,"test_precision0.25":0.260869562625885,"test_recall0.5":0.6000000238418579,"test_recall0.25":0.8999999761581421,"train_loss":1.2443474531173706,"val_precision0.5":0.24528302252292633,"test_balanced_accuracy0.25":0.5177966101694915,"val_balanced_accuracy0.75":0.5194741966893865,"test_recall0.75":0.10000000149011612,"_timestamp":1.7501434606983635e+09,"test_balanced_accuracy0.5":0.6389830508474577}