{"test_auroc":0.4847457706928253,"_wandb":{"runtime":1110},"_timestamp":1.7477749913938522e+09,"train_loss":0.3731066882610321,"test_precision":0,"test_recall":0,"val_loss":0.37239718437194824,"test_accuracy":0.746835470199585,"val_precision":0,"train_auroc":0.5220322012901306,"val_auroc":0.4010416865348816,"_runtime":1110.509169268,"val_accuracy":0.75,"val_recall":0,"_step":20}