{"val_precision0.25":0.24761904776096344,"val_auroc":0.5,"test_precision0.5":0,"test_recall0.5":0,"test_accuracy0.75":0.746835470199585,"val_precision0.75":0,"val_accuracy0.25":0.24761904776096344,"test_accuracy0.25":0.2531645596027374,"test_recall0.25":1,"val_precision0.5":0,"_wandb":{"runtime":1620},"test_accuracy0.5":0.746835470199585,"train_loss":2.094170093536377,"_step":155,"val_recall0.25":1,"test_balanced_accuracy0.75":0.5,"test_auroc":0.5,"val_balanced_accuracy0.25":0.5,"test_precision0.75":0,"val_recall0.75":0,"val_balanced_accuracy0.5":0.5,"val_recall0.5":0,"test_recall0.75":0,"test_precision0.25":0.2531645596027374,"test_balanced_accuracy0.25":0.5,"val_balanced_accuracy0.75":0.5,"_runtime":1620.877505563,"train_auroc":0.45027777552604675,"_timestamp":1.7508712640935915e+09,"val_accuracy0.5":0.7523809671401978,"test_balanced_accuracy0.5":0.5,"val_accuracy0.75":0.7523809671401978}