{"val_balanced_accuracy0.25":0.5,"val_accuracy0.75":0.7523809671401978,"test_accuracy0.25":0.746835470199585,"val_auroc":0.5606134533882141,"test_recall0.25":0,"test_precision0.5":0,"test_balanced_accuracy0.5":0.5,"val_balanced_accuracy0.5":0.5,"val_recall0.25":0,"_timestamp":1.7502303554426804e+09,"val_precision0.5":0,"val_precision0.25":0,"val_recall0.5":0,"train_auroc":0.46385103464126587,"val_accuracy0.5":0.7523809671401978,"test_recall0.75":0,"_wandb":{"runtime":429},"test_accuracy0.75":0.746835470199585,"val_balanced_accuracy0.75":0.5,"test_balanced_accuracy0.25":0.5,"test_precision0.75":0,"test_accuracy0.5":0.746835470199585,"_step":179,"test_balanced_accuracy0.75":0.5,"val_recall0.75":0,"test_precision0.25":0,"test_recall0.5":0,"train_loss":1.691717267036438,"val_precision0.75":0,"val_accuracy0.25":0.7523809671401978,"test_auroc":0.47118645906448364,"_runtime":429.959901373}