{"_runtime":233.37453353,"train_loss":1.681242823600769,"test_accuracy":0.7480915784835815,"_timestamp":1.749501793944589e+09,"test_precision":0,"_wandb":{"runtime":233},"test_balanced_accuracy":0.5,"val_recall":0,"val_auroc":0.5285714268684387,"train_auroc":0.5865943431854248,"val_precision":0,"val_accuracy":0.7407407164573669,"val_balanced_accuracy":0.5,"test_recall":0,"_step":54,"val_loss":1.7291818857192993,"test_auroc":0.5640074610710144}