{"_wandb":{"runtime":1727},"_runtime":1727.681725409,"_timestamp":1.7498091460968833e+09,"val_accuracy0.5":0.6285714507102966,"val_balanced_accuracy0.25":0.4951314508276534,"val_balanced_accuracy0.5":0.4951314508276534,"_step":499,"test_precision0.25":0.3333333432674408,"test_accuracy0.75":0.6835442781448364,"val_recall0.25":0.23076923191547394,"test_recall0.5":0.44999998807907104,"test_auroc":0.5995762348175049,"val_precision0.75":0.27272728085517883,"test_recall0.25":0.44999998807907104,"train_auroc":1,"test_balanced_accuracy0.25":0.5724576271186441,"val_auroc":0.5547711849212646,"val_precision0.5":0.23999999463558197,"test_balanced_accuracy0.75":0.6063559322033898,"train_loss":3.796035798586672e-06,"test_accuracy0.5":0.6455696225166321,"test_balanced_accuracy0.5":0.5809322033898305,"val_accuracy0.25":0.6285714507102966,"val_accuracy0.75":0.6571428775787354,"test_recall0.75":0.44999998807907104,"test_precision0.5":0.3461538553237915,"val_balanced_accuracy0.75":0.5141187925998053,"test_precision0.75":0.3913043439388275,"val_precision0.25":0.23999999463558197,"test_accuracy0.25":0.6329113841056824,"val_recall0.75":0.23076923191547394,"val_recall0.5":0.23076923191547394}