{"val_accuracy0.75":0.3333333432674408,"val_recall0.25":1,"train_auroc":0.3333333432674408,"train_loss":0.7040572166442871,"test_precision0.25":0.5,"val_recall0.5":1,"test_recall0.25":1,"val_auroc":0,"test_recall0.5":1,"test_balanced_accuracy0.75":0.5,"test_precision0.75":0,"val_balanced_accuracy0.75":0.5,"val_precision0.75":0,"test_accuracy0.75":0.5,"val_accuracy0.25":0.6666666865348816,"_runtime":2.8032529,"_wandb":{"runtime":2},"test_recall0.75":0,"_timestamp":1.7500724998039715e+09,"val_precision0.5":0.6666666865348816,"val_balanced_accuracy0.25":0.5,"test_auroc":0,"test_accuracy0.5":0.5,"test_balanced_accuracy0.5":0.5,"test_precision0.5":0.5,"test_accuracy0.25":0.5,"val_accuracy0.5":0.6666666865348816,"_step":0,"test_balanced_accuracy0.25":0.5,"val_precision0.25":0.6666666865348816,"val_recall0.75":0,"val_balanced_accuracy0.5":0.5}