{"val_recall0.75":0.3461538553237915,"test_auroc":0.5635592937469482,"train_loss":8.1079115261673e-06,"val_recall0.5":0.38461539149284363,"val_auroc":0.4817429780960083,"test_balanced_accuracy0.75":0.43940677966101693,"_wandb":{"runtime":1112},"test_accuracy0.5":0.5822784900665283,"val_accuracy0.75":0.6000000238418579,"val_accuracy0.25":0.5809524059295654,"test_balanced_accuracy0.25":0.4224576271186441,"val_balanced_accuracy0.5":0.5214216163583252,"_timestamp":1.7504870009061923e+09,"test_recall0.25":0.15000000596046448,"val_precision0.25":0.2631579041481018,"val_balanced_accuracy0.75":0.5148490749756572,"val_accuracy0.5":0.5904762148857117,"_runtime":1112.201690893,"test_accuracy0.75":0.5822784900665283,"train_auroc":1,"val_balanced_accuracy0.25":0.5150925024342746,"test_balanced_accuracy0.5":0.43940677966101693,"val_precision0.75":0.2647058963775635,"val_recall0.25":0.38461539149284363,"test_recall0.5":0.15000000596046448,"test_precision0.25":0.1428571492433548,"val_precision0.5":0.2702702581882477,"test_accuracy0.25":0.5569620132446289,"test_precision0.75":0.15789473056793213,"test_precision0.5":0.15789473056793213,"test_recall0.75":0.15000000596046448,"_step":430}