{"_timestamp":1.749585957531026e+09,"_step":54,"test_recall":0,"train_auroc":0.5864006280899048,"val_auroc":0.5285714268684387,"test_balanced_accuracy":0.5,"val_precision":0,"_runtime":379.740241903,"train_loss":1.6812394857406616,"test_precision":0,"test_accuracy":0.7480915784835815,"val_recall":0,"val_loss":1.7291831970214844,"val_accuracy":0.7407407164573669,"test_auroc":0.5646258592605591,"_wandb":{"runtime":379},"val_balanced_accuracy":0.5}