{"test_accuracy":0.746835470199585,"val_precision":0,"_timestamp":1.7474308400241878e+09,"val_accuracy":0.75,"train_auroc":0.5,"_wandb":{"runtime":765},"val_auroc":0.5,"test_recall":0,"test_precision":0,"test_auroc":0.5,"val_loss":0.37889793515205383,"_step":35,"train_loss":0.37889793515205383,"_runtime":763.753136288,"val_recall":0}