{"val_recall0.25":0.1111111119389534,"test_auroc":0.5258333683013916,"train_loss":4.155025635554921e-06,"_runtime":2261.422505517,"test_recall0.5":0.25,"test_accuracy0.75":0.675000011920929,"val_balanced_accuracy0.25":0.4353023909985936,"test_balanced_accuracy0.75":0.5333333333333333,"test_recall0.25":0.25,"val_balanced_accuracy0.5":0.45428973277074547,"val_precision0.25":0.13636364042758942,"test_accuracy0.25":0.637499988079071,"test_balanced_accuracy0.5":0.525,"test_recall0.75":0.25,"test_precision0.5":0.29411765933036804,"_wandb":{"runtime":2261},"test_precision0.25":0.2631579041481018,"train_auroc":1,"val_precision0.5":0.15789473056793213,"_timestamp":1.7535468849047654e+09,"val_auroc":0.35349273681640625,"val_precision0.75":0.1875,"test_accuracy0.5":0.6625000238418579,"val_accuracy0.5":0.6226415038108826,"val_accuracy0.75":0.650943398475647,"test_balanced_accuracy0.25":0.5083333333333333,"_step":212,"val_recall0.5":0.1111111119389534,"val_recall0.75":0.1111111119389534,"val_accuracy0.25":0.5943396091461182,"val_balanced_accuracy0.75":0.47327707454289736,"test_precision0.75":0.3125}