{"val_auroc":0.625,"val_recall":0.375,"_wandb":{"runtime":1437},"test_recall":0.15000000596046448,"val_loss":0.7276968359947205,"test_auroc":0.5241525173187256,"train_loss":0.0006607725517824292,"test_precision":0.3333333432674408,"_runtime":1431.155472451,"test_accuracy":0.7088607549667358,"val_precision":0.5,"train_auroc":1,"_step":115,"val_accuracy":0.75,"_timestamp":1.7476591457327752e+09}