{"_timestamp":1.7495308074999764e+09,"_step":50,"val_recall":0,"test_precision":0,"train_auroc":0.45130711793899536,"val_accuracy":0.7407407164573669,"test_accuracy":0.7557252049446106,"test_balanced_accuracy":0.5,"_runtime":663.617933037,"val_loss":1.7952725887298584,"val_auroc":0.5428571701049805,"train_loss":1.7962148189544678,"val_precision":0,"_wandb":{"runtime":663},"test_auroc":0.5583964586257935,"test_recall":0,"val_balanced_accuracy":0.5}