{"_timestamp":1.7505030715169759e+09,"val_precision0.25":0.3571428656578064,"test_recall0.25":0.15000000596046448,"test_balanced_accuracy0.75":0.4915254237288136,"test_balanced_accuracy0.5":0.5165254237288136,"test_balanced_accuracy0.25":0.5326271186440678,"_wandb":{"runtime":1853},"test_recall0.75":0,"val_recall0.5":0.1538461595773697,"test_precision0.5":0.5,"val_balanced_accuracy0.5":0.5516066212268744,"val_accuracy0.75":0.7809523940086365,"_runtime":1853.698277262,"val_accuracy0.5":0.7523809671401978,"val_auroc":0.6037001013755798,"val_precision0.75":1,"val_balanced_accuracy0.25":0.5391918208373905,"train_loss":0.06833596527576447,"_step":699,"test_precision0.25":0.375,"val_accuracy0.25":0.7142857313156128,"test_accuracy0.5":0.746835470199585,"train_auroc":0.9994522929191589,"test_auroc":0.6288135647773743,"val_recall0.75":0.11538461595773697,"test_precision0.75":0,"test_recall0.5":0.05000000074505806,"test_accuracy0.75":0.7341772317886353,"test_accuracy0.25":0.7215189933776855,"val_precision0.5":0.5,"val_balanced_accuracy0.75":0.5576923076923077,"val_recall0.25":0.19230769574642181}