{"val_precision0.25":0.2666666805744171,"test_accuracy0.5":0.4430379867553711,"train_loss":0.0017745797522366047,"test_precision0.75":0.2800000011920929,"val_recall0.5":0.6153846383094788,"test_accuracy0.25":0.4303797483444214,"test_precision0.5":0.26923078298568726,"val_recall0.75":0.6153846383094788,"val_balanced_accuracy0.75":0.560856864654333,"_runtime":2957.616167483,"test_balanced_accuracy0.75":0.5449152542372881,"val_accuracy0.75":0.5333333611488342,"_step":227,"val_accuracy0.5":0.5142857432365417,"test_auroc":0.568220317363739,"test_balanced_accuracy0.25":0.5194915254237288,"val_balanced_accuracy0.25":0.5292112950340798,"test_recall0.75":0.699999988079071,"test_recall0.5":0.699999988079071,"test_recall0.25":0.699999988079071,"train_auroc":1,"val_accuracy0.25":0.48571428656578064,"_timestamp":1.7510046599716382e+09,"val_precision0.5":0.28070175647735596,"test_accuracy0.75":0.4683544337749481,"test_precision0.25":0.2641509473323822,"val_auroc":0.5318889617919922,"val_precision0.75":0.290909081697464,"val_balanced_accuracy0.5":0.5481986368062317,"_wandb":{"runtime":2957},"val_recall0.25":0.6153846383094788,"test_balanced_accuracy0.5":0.5279661016949152}