{"val_recall0.5":0.4615384638309479,"val_recall0.75":0.38461539149284363,"val_balanced_accuracy0.5":0.5408958130477117,"test_recall0.5":0.4000000059604645,"val_precision0.75":0.2631579041481018,"test_balanced_accuracy0.75":0.4970338983050847,"test_precision0.5":0.2666666805744171,"val_accuracy0.75":0.5809524059295654,"test_auroc":0.5834745168685913,"train_auroc":0.999699592590332,"test_balanced_accuracy0.25":0.5792372881355932,"test_precision0.75":0.25,"val_auroc":0.5194742679595947,"test_recall0.25":0.6499999761581421,"_timestamp":1.750255512649046e+09,"val_balanced_accuracy0.75":0.5150925024342746,"test_precision0.25":0.3095238208770752,"val_balanced_accuracy0.25":0.5163096397273612,"test_accuracy0.75":0.5696202516555786,"_step":545,"val_recall0.25":0.5769230723381042,"test_accuracy0.25":0.5443037748336792,"test_accuracy0.5":0.5696202516555786,"val_accuracy0.25":0.48571428656578064,"_runtime":1831.26817788,"val_precision0.5":0.2857142984867096,"train_loss":0.047964341938495636,"val_precision0.25":0.2586206793785095,"test_balanced_accuracy0.5":0.5135593220338983,"val_accuracy0.5":0.5809524059295654,"test_recall0.75":0.3499999940395355,"_wandb":{"runtime":1831}}