{"test_balanced_accuracy0.5":0.5406779661016949,"test_balanced_accuracy0.75":0.5406779661016949,"_runtime":726.457484326,"_step":300,"test_accuracy0.5":0.7088607549667358,"val_balanced_accuracy0.5":0.5199610516066212,"_timestamp":1.750234562832576e+09,"val_accuracy0.25":0.6857143044471741,"test_precision0.75":0.3636363744735718,"test_auroc":0.5694915056228638,"test_precision0.5":0.3636363744735718,"_wandb":{"runtime":726},"val_precision0.5":0.3076923191547394,"test_balanced_accuracy0.25":0.523728813559322,"val_balanced_accuracy0.75":0.5199610516066212,"test_recall0.75":0.20000000298023224,"train_loss":0.044590603560209274,"val_auroc":0.5299415588378906,"test_accuracy0.25":0.6835442781448364,"val_precision0.25":0.29411765933036804,"val_balanced_accuracy0.25":0.5202044790652386,"val_accuracy0.5":0.7047619223594666,"val_precision0.75":0.3076923191547394,"test_recall0.5":0.20000000298023224,"val_recall0.5":0.1538461595773697,"test_accuracy0.75":0.7088607549667358,"val_recall0.75":0.1538461595773697,"val_accuracy0.75":0.7047619223594666,"test_precision0.25":0.3076923191547394,"val_recall0.25":0.19230769574642181,"train_auroc":0.9992088675498962,"test_recall0.25":0.20000000298023224}