{"val_balanced_accuracy":0.5,"val_recall":0,"_wandb":{"runtime":165},"val_precision":0,"test_precision":0,"test_accuracy":0.7480915784835815,"train_loss":1.6806856393814087,"train_auroc":0.5420379638671875,"val_loss":1.71995210647583,"_timestamp":1.7494894635342648e+09,"_step":50,"val_accuracy":0.7407407164573669,"test_balanced_accuracy":0.5,"val_auroc":0.6285715103149414,"_runtime":165.267749725,"test_recall":0,"test_auroc":0.5318491458892822}