{"_runtime":1369.614298774,"_timestamp":1.7514024047613518e+09,"val_accuracy0.5":0.6285714507102966,"train_auroc":0.999539315700531,"test_recall0.5":0.4000000059604645,"val_recall0.5":0.3461538553237915,"_step":271,"test_recall0.75":0.3499999940395355,"test_balanced_accuracy0.5":0.5474576271186441,"test_recall0.25":0.44999998807907104,"test_balanced_accuracy0.75":0.5224576271186441,"val_accuracy0.75":0.6571428775787354,"test_auroc":0.5529661178588867,"val_accuracy0.25":0.6095238327980042,"test_precision0.25":0.28125,"val_balanced_accuracy0.5":0.5338364167478091,"test_accuracy0.75":0.607594907283783,"train_loss":0.04662211611866951,"val_precision0.5":0.29032257199287415,"test_balanced_accuracy0.25":0.5300847457627119,"val_recall0.75":0.3461538553237915,"test_precision0.5":0.3076923191547394,"test_accuracy0.5":0.6202531456947327,"val_auroc":0.5518500804901123,"val_precision0.75":0.3214285671710968,"val_balanced_accuracy0.75":0.5528237585199611,"val_balanced_accuracy0.25":0.5340798442064265,"_wandb":{"runtime":1369},"test_accuracy0.25":0.5696202516555786,"test_precision0.75":0.2800000011920929,"val_recall0.25":0.38461539149284363,"val_precision0.25":0.2857142984867096}