{"test_accuracy0.25":0.5249999761581421,"val_recall0.75":0.03703703731298447,"_runtime":3199.859111949,"_wandb":{"runtime":3199},"val_auroc":0.5365740656852722,"test_precision0.25":0.23529411852359772,"_timestamp":1.7537786557123275e+09,"test_balanced_accuracy0.5":0.48333333333333334,"val_balanced_accuracy0.5":0.518287037037037,"val_accuracy0.75":0.7570093274116516,"test_precision0.5":0.1666666716337204,"val_precision0.75":1,"test_balanced_accuracy0.75":0.49166666666666664,"train_loss":0.935766339302063,"test_auroc":0.5058333277702332,"val_recall0.25":0.6666666865348816,"test_balanced_accuracy0.25":0.48333333333333334,"val_balanced_accuracy0.25":0.5208333333333333,"test_recall0.25":0.4000000059604645,"train_auroc":0.9415371417999268,"test_recall0.75":0,"test_recall0.5":0.05000000074505806,"val_accuracy0.5":0.7383177280426025,"val_accuracy0.25":0.44859811663627625,"val_precision0.25":0.2647058963775635,"val_recall0.5":0.07407407462596893,"val_balanced_accuracy0.75":0.5185185185185185,"_step":999,"test_precision0.75":0,"val_precision0.5":0.4000000059604645,"test_accuracy0.75":0.737500011920929,"test_accuracy0.5":0.699999988079071}