{"test_balanced_accuracy0.25":0.5,"val_accuracy0.75":0.7476635575294495,"test_accuracy0.5":0.25,"test_accuracy0.25":0.25,"test_auroc":0.5,"val_balanced_accuracy0.75":0.5,"test_precision0.5":0.25,"train_auroc":0.4515625238418579,"val_precision0.25":0.25233644247055054,"test_recall0.5":1,"val_precision0.75":0,"val_recall0.75":0,"_step":180,"test_precision0.25":0.25,"val_balanced_accuracy0.25":0.5,"test_recall0.75":0,"val_balanced_accuracy0.5":0.5,"test_balanced_accuracy0.75":0.5,"test_balanced_accuracy0.5":0.5,"val_recall0.25":1,"val_accuracy0.5":0.25233644247055054,"_timestamp":1.7545354835393708e+09,"_runtime":7739.109490944,"val_recall0.5":1,"test_accuracy0.75":0.75,"_wandb":{"runtime":7739},"test_recall0.25":1,"val_precision0.5":0.25233644247055054,"val_auroc":0.5,"val_accuracy0.25":0.25233644247055054,"test_precision0.75":0,"train_loss":2.079529285430908}