{"_wandb":{"runtime":498},"val_recall":0,"test_auroc":0.5281603932380676,"test_recall":0,"val_accuracy":0.7407407164573669,"_step":69,"train_loss":1.6838103532791138,"_runtime":498.586894263,"test_precision":0,"test_accuracy":0.75,"val_precision":0,"val_auroc":0.550000011920929,"test_balanced_accuracy":0.5,"val_balanced_accuracy":0.5,"val_loss":1.7400100231170654,"train_auroc":0.5870348811149597,"_timestamp":1.7495345141905143e+09}