{"val_balanced_accuracy0.25":0.5486854917234664,"val_recall0.75":0.23076923191547394,"train_auroc":0.9965550303459167,"_timestamp":1.7507337462322674e+09,"train_loss":0.19729724526405334,"val_accuracy0.5":0.6285714507102966,"test_precision0.25":0.260869562625885,"val_recall0.5":0.5384615659713745,"test_balanced_accuracy0.75":0.5233050847457628,"test_precision0.75":0.29411765933036804,"val_accuracy0.25":0.4761904776096344,"test_auroc":0.5203390121459961,"val_recall0.25":0.692307710647583,"test_precision0.5":0.25806450843811035,"test_accuracy0.5":0.5569620132446289,"test_recall0.75":0.25,"test_balanced_accuracy0.5":0.5050847457627119,"test_recall0.5":0.4000000059604645,"val_balanced_accuracy0.5":0.598344693281402,"val_precision0.5":0.3414634168148041,"val_accuracy0.75":0.7142857313156128,"_wandb":{"runtime":4188},"val_auroc":0.5613437294960022,"test_recall0.25":0.6000000238418579,"_step":999,"val_precision0.75":0.375,"val_precision0.25":0.2769230902194977,"test_accuracy0.25":0.4683544337749481,"test_balanced_accuracy0.25":0.5118644067796609,"val_balanced_accuracy0.75":0.5520934761441091,"_runtime":4188.173543695,"test_accuracy0.75":0.6582278609275818}