{"val_auroc":0.47857141494750977,"test_precision":0,"test_auroc":0.522411584854126,"_step":59,"_wandb":{"runtime":165},"test_recall":0,"val_recall":0,"val_precision":0,"_timestamp":1.7494835799076087e+09,"train_loss":1.6665815114974976,"val_loss":1.7535120248794556,"train_auroc":0.6233841180801392,"val_accuracy":0.7407407164573669,"test_balanced_accuracy":0.5,"test_accuracy":0.7557252049446106,"_runtime":165.839737728,"val_balanced_accuracy":0.5}