{"test_precision0.25":0.3333333432674408,"val_precision0.25":0.2195121943950653,"test_accuracy0.25":0.6202531456947327,"val_precision0.5":0,"test_recall0.75":0,"test_balanced_accuracy0.25":0.5805084745762712,"val_balanced_accuracy0.75":0.5,"test_recall0.5":0,"_wandb":{"runtime":1823},"val_accuracy0.25":0.5333333611488342,"train_auroc":0.8079357147216797,"val_precision0.75":0,"test_accuracy0.75":0.746835470199585,"val_auroc":0.49707886576652527,"test_precision0.75":0,"val_accuracy0.5":0.7523809671401978,"val_balanced_accuracy0.25":0.4705452775073028,"test_precision0.5":0,"val_recall0.75":0,"test_balanced_accuracy0.75":0.5,"test_accuracy0.5":0.746835470199585,"val_accuracy0.75":0.7523809671401978,"_timestamp":1.7499208484647455e+09,"test_auroc":0.5211864709854126,"val_recall0.5":0,"test_balanced_accuracy0.5":0.5,"_runtime":1823.064382168,"_step":499,"train_loss":1.4240655899047852,"test_recall0.25":0.5,"val_balanced_accuracy0.5":0.5,"val_recall0.25":0.3461538553237915}