{"val_recall0.25":0.4615384638309479,"_timestamp":1.7502954370966961e+09,"val_precision0.5":0.2857142984867096,"val_recall0.5":0.1538461595773697,"train_auroc":0.9776478409767151,"test_accuracy0.25":0.607594907283783,"_step":999,"_runtime":3624.300247017,"test_auroc":0.5584745407104492,"val_precision0.25":0.34285715222358704,"train_loss":0.6933395266532898,"val_balanced_accuracy0.75":0.5065725413826679,"test_precision0.25":0.3103448152542114,"val_precision0.75":0.3333333432674408,"val_accuracy0.5":0.6952381134033203,"test_accuracy0.75":0.746835470199585,"test_precision0.75":0.5,"test_recall0.75":0.05000000074505806,"val_accuracy0.75":0.7428571581840515,"test_recall0.25":0.44999998807907104,"test_precision0.5":0.5,"val_balanced_accuracy0.5":0.5136319376825706,"val_accuracy0.25":0.6476190686225891,"_wandb":{"runtime":3624},"val_balanced_accuracy0.25":0.5851996105160662,"test_balanced_accuracy0.25":0.5555084745762712,"val_auroc":0.5805745124816895,"test_recall0.5":0.05000000074505806,"test_balanced_accuracy0.75":0.5165254237288136,"test_balanced_accuracy0.5":0.5165254237288136,"test_accuracy0.5":0.746835470199585,"val_recall0.75":0.03846153989434242}