{"test_recall0.75":0.25,"test_accuracy0.25":0.5822784900665283,"val_balanced_accuracy0.75":0.5019474196689386,"test_precision0.5":0.2380952388048172,"_step":499,"val_recall0.25":0.3461538553237915,"val_balanced_accuracy0.25":0.4832035053554041,"val_precision0.25":0.23076923191547394,"val_accuracy0.25":0.5523809790611267,"val_auroc":0.5055988430976868,"_runtime":2221.73087033,"test_balanced_accuracy0.75":0.4894067796610169,"val_precision0.75":0.25,"val_accuracy0.75":0.6000000238418579,"test_accuracy0.75":0.607594907283783,"val_recall0.5":0.3461538553237915,"test_precision0.75":0.2380952388048172,"test_precision0.25":0.21739129722118378,"test_recall0.25":0.25,"train_auroc":1,"test_balanced_accuracy0.25":0.4724576271186441,"test_accuracy0.5":0.607594907283783,"test_auroc":0.43728816509246826,"train_loss":1.7790021956898272e-05,"test_recall0.5":0.25,"val_recall0.75":0.3076923191547394,"val_accuracy0.5":0.5809524059295654,"_wandb":{"runtime":2221},"val_precision0.5":0.25,"val_balanced_accuracy0.5":0.502190847127556,"_timestamp":1.7498634376134083e+09,"test_balanced_accuracy0.5":0.4894067796610169}