{"val_accuracy0.25":0.5943396091461182,"val_recall0.75":0.26923078298568726,"test_precision0.5":0.6000000238418579,"test_accuracy0.5":0.762499988079071,"test_recall0.75":0.15000000596046448,"val_precision0.75":0.24137930572032928,"_runtime":3573.714653897,"_step":384,"test_recall0.25":0.15000000596046448,"test_precision0.25":0.4285714328289032,"test_balanced_accuracy0.75":0.5583333333333333,"test_accuracy0.25":0.737500011920929,"val_auroc":0.48701921105384827,"val_balanced_accuracy0.75":0.4971153846153846,"_wandb":{"runtime":3573},"train_loss":0.0014172090450301766,"_timestamp":1.7535758527729971e+09,"val_accuracy0.5":0.6226415038108826,"val_precision0.25":0.2702702581882477,"test_balanced_accuracy0.5":0.5583333333333333,"val_balanced_accuracy0.25":0.5235576923076923,"val_accuracy0.75":0.6132075190544128,"test_recall0.5":0.15000000596046448,"test_precision0.75":0.6000000238418579,"val_precision0.5":0.29411765933036804,"test_auroc":0.5616666078567505,"val_balanced_accuracy0.5":0.5423076923076923,"test_balanced_accuracy0.25":0.5416666666666666,"test_accuracy0.75":0.762499988079071,"train_auroc":1,"val_recall0.25":0.38461539149284363,"val_recall0.5":0.38461539149284363}