{"_timestamp":1.7476898818221886e+09,"val_loss":0.3743467628955841,"test_recall":0,"train_loss":0.37937840819358826,"_wandb":{"runtime":443},"_step":35,"val_recall":0,"test_accuracy":0.746835470199585,"val_precision":0,"test_auroc":0.5,"val_accuracy":0.75,"_runtime":441.596220672,"test_precision":0,"val_auroc":0.5,"train_auroc":0.5}