{"train_auroc":0.46944987773895264,"test_accuracy0.25":0.2531645596027374,"test_precision0.75":0,"test_precision0.25":0.2531645596027374,"val_accuracy0.5":0.7523809671401978,"val_balanced_accuracy0.75":0.5,"train_loss":1.8292032480239868,"val_accuracy0.75":0.7523809671401978,"test_auroc":0.5389831066131592,"val_auroc":0.32667964696884155,"val_balanced_accuracy0.25":0.5,"val_accuracy0.25":0.24761904776096344,"test_balanced_accuracy0.25":0.5,"val_recall0.5":0,"val_precision0.5":0,"val_recall0.75":0,"_runtime":850.993921351,"_step":150,"_timestamp":1.7505981368363407e+09,"_wandb":{"runtime":850},"val_recall0.25":1,"test_accuracy0.75":0.746835470199585,"test_balanced_accuracy0.5":0.5,"val_balanced_accuracy0.5":0.5,"test_recall0.5":0,"val_precision0.75":0,"test_precision0.5":0,"test_accuracy0.5":0.746835470199585,"test_recall0.75":0,"test_balanced_accuracy0.75":0.5,"val_precision0.25":0.24761904776096344,"test_recall0.25":1}