{"test_accuracy0.75":0.6962025165557861,"train_loss":0.00016671862977091223,"test_recall0.5":0.15000000596046448,"val_balanced_accuracy0.5":0.5007302823758519,"val_accuracy0.5":0.6952381134033203,"test_balanced_accuracy0.25":0.4648305084745763,"val_precision0.5":0.25,"val_auroc":0.5598831176757812,"test_recall0.75":0.10000000149011612,"test_accuracy0.5":0.6329113841056824,"val_accuracy0.75":0.7142857313156128,"val_precision0.25":0.20000000298023224,"val_precision0.75":0.25,"test_balanced_accuracy0.5":0.4733050847457627,"test_precision0.25":0.1875,"test_precision0.75":0.25,"val_recall0.75":0.07692307978868484,"val_accuracy0.25":0.6666666865348816,"_timestamp":1.7498860755269384e+09,"test_balanced_accuracy0.75":0.49915254237288137,"val_balanced_accuracy0.75":0.5004868549172347,"test_recall0.25":0.15000000596046448,"test_precision0.5":0.20000000298023224,"_wandb":{"runtime":1825},"test_auroc":0.4483051002025604,"_runtime":1825.841923449,"val_recall0.5":0.11538461595773697,"_step":499,"val_recall0.25":0.11538461595773697,"val_balanced_accuracy0.25":0.4817429406037001,"test_accuracy0.25":0.6202531456947327,"train_auroc":1}