{"val_recall0.25":1,"val_auroc":0.5069711804389954,"_runtime":1499.321775492,"test_accuracy0.25":0.25,"test_recall0.75":0,"test_auroc":0.5058333277702332,"test_accuracy0.75":0.75,"val_balanced_accuracy0.25":0.5,"train_recon_loss_no_kld":0.0748242437839508,"val_precision0.25":0.24528302252292633,"_timestamp":1.7549322882014964e+09,"val_accuracy0.5":0.7547169923782349,"test_balanced_accuracy0.5":0.5,"train_loss":1.049658179283142,"train_surv_loss":1.0122344493865967,"test_precision0.5":0,"val_recall0.75":0,"_wandb":{"runtime":1499},"val_accuracy0.25":0.24528302252292633,"test_recall0.5":0,"test_balanced_accuracy0.25":0.5,"test_accuracy0.5":0.75,"val_recall0.5":0,"test_precision0.75":0,"val_precision0.75":0,"_step":63,"test_precision0.25":0.25,"train_auroc":0.4925042390823364,"train_kld_loss":2.3328824681811966e-05,"val_accuracy0.75":0.7547169923782349,"train_mu":2.2422139522859652e-07,"test_recall0.25":1,"train_logvar":-5.09421761307749e-06,"val_precision0.5":0,"val_balanced_accuracy0.75":0.5,"test_balanced_accuracy0.75":0.5,"val_balanced_accuracy0.5":0.5}