{"val_precision0.5":0,"val_accuracy0.25":0.46666666865348816,"val_accuracy0.75":0.7523809671401978,"_timestamp":1.7505959276884534e+09,"train_loss":1.4941456317901611,"test_accuracy0.75":0.746835470199585,"test_accuracy0.25":0.49367088079452515,"val_recall0.5":0,"val_balanced_accuracy0.5":0.5,"_runtime":3824.303235262,"val_precision0.75":0,"test_balanced_accuracy0.25":0.5122881355932204,"val_precision0.25":0.2321428507566452,"val_auroc":0.464946448802948,"test_recall0.25":0.550000011920929,"test_balanced_accuracy0.5":0.5,"val_balanced_accuracy0.25":0.4778481012658228,"test_precision0.75":0,"test_recall0.75":0,"val_accuracy0.5":0.7523809671401978,"val_balanced_accuracy0.75":0.5,"_step":999,"test_auroc":0.503389835357666,"train_auroc":0.7246835231781006,"_wandb":{"runtime":3824},"test_precision0.25":0.261904776096344,"test_accuracy0.5":0.746835470199585,"test_precision0.5":0,"val_recall0.25":0.5,"test_balanced_accuracy0.75":0.5,"val_recall0.75":0,"test_recall0.5":0}