{"test_balanced_accuracy0.5":0.5563559322033897,"val_balanced_accuracy0.25":0.5849561830574489,"val_precision0.25":0.35483869910240173,"test_balanced_accuracy0.25":0.5559322033898305,"val_recall0.5":0.3076923191547394,"val_precision0.75":0.3181818127632141,"val_precision0.5":0.3076923191547394,"train_loss":0.0006976338336244226,"test_auroc":0.6076270937919617,"val_accuracy0.75":0.6761904954910278,"test_recall0.25":0.4000000059604645,"val_accuracy0.25":0.6666666865348816,"val_balanced_accuracy0.75":0.5396786757546251,"_runtime":2707.715715132,"test_balanced_accuracy0.75":0.5313559322033898,"val_auroc":0.5876339077949524,"test_precision0.75":0.30000001192092896,"val_recall0.25":0.42307692766189575,"test_recall0.5":0.3499999940395355,"val_recall0.75":0.26923078298568726,"test_accuracy0.25":0.6329113841056824,"test_precision0.5":0.3333333432674408,"_step":200,"train_auroc":1,"test_recall0.75":0.30000001192092896,"val_balanced_accuracy0.5":0.5399221032132424,"_wandb":{"runtime":2707},"test_precision0.25":0.3199999928474426,"val_accuracy0.5":0.6571428775787354,"test_accuracy0.75":0.6455696225166321,"_timestamp":1.7510230831806076e+09,"test_accuracy0.5":0.6582278609275818}