{"test_precision0.25":0.3636363744735718,"_step":542,"test_balanced_accuracy0.25":0.5406779661016949,"val_accuracy0.25":0.6952381134033203,"test_balanced_accuracy0.5":0.5326271186440678,"test_recall0.5":0.15000000596046448,"_wandb":{"runtime":5276},"val_precision0.25":0.3333333432674408,"_timestamp":1.7507821111116931e+09,"val_recall0.25":0.23076923191547394,"test_recall0.75":0.10000000149011612,"test_auroc":0.5177966356277466,"_runtime":5276.902991985,"val_recall0.75":0.11538461595773697,"val_auroc":0.5389483571052551,"test_precision0.5":0.375,"val_precision0.75":0.30000001192092896,"val_precision0.5":0.38461539149284363,"test_balanced_accuracy0.75":0.5330508474576271,"val_balanced_accuracy0.25":0.5394352482960078,"val_accuracy0.75":0.7142857313156128,"test_accuracy0.25":0.7088607549667358,"val_balanced_accuracy0.5":0.5455209347614411,"test_precision0.75":0.5,"train_auroc":1,"test_recall0.25":0.20000000298023224,"val_accuracy0.5":0.723809540271759,"val_balanced_accuracy0.75":0.5133885102239533,"test_accuracy0.75":0.746835470199585,"val_recall0.5":0.19230769574642181,"test_accuracy0.5":0.7215189933776855,"train_loss":0.009707744233310223}