{"val_accuracy":0.875,"val_loss":6.492679595947266,"_step":0,"val_precision":0,"_runtime":6.45535368,"val_auroc":0.5,"_wandb":{"runtime":12},"val_recall":0,"_timestamp":1.7476699989433846e+09}