val_loss,val_accuracy,val_auroc,val_precision,val_recall,epoch,step,train_loss,train_auroc
0.48136866092681885,0.75,0.5,0.0,0.0,0,17,,
,,,,,0,17,0.48136866092681885,0.5
0.39624255895614624,0.75,0.5,0.0,0.0,1,35,,
,,,,,1,35,0.39624255895614624,0.5
0.3868955373764038,0.75,0.5,0.0,0.0,2,53,,
,,,,,2,53,0.3868955373764038,0.5
