{"val_precision0.25":0.2666666805744171,"val_precision0.5":0.25,"train_auroc":1,"test_accuracy0.25":0.574999988079071,"test_accuracy0.5":0.6000000238418579,"test_recall0.25":0.44999998807907104,"test_recall0.5":0.44999998807907104,"val_auroc":0.5480769276618958,"val_balanced_accuracy0.75":0.5048076923076923,"_timestamp":1.75311524598275e+09,"_wandb":{"runtime":2230},"test_balanced_accuracy0.5":0.55,"_step":408,"val_accuracy0.25":0.5566037893295288,"test_accuracy0.75":0.625,"val_accuracy0.5":0.5471698045730591,"test_balanced_accuracy0.75":0.55,"val_balanced_accuracy0.25":0.5245192307692308,"train_loss":0.024220936000347137,"test_precision0.5":0.30000001192092896,"_runtime":2230.021307029,"val_recall0.25":0.4615384638309479,"val_recall0.75":0.38461539149284363,"test_precision0.25":0.28125,"val_precision0.75":0.25,"test_balanced_accuracy0.25":0.5333333333333333,"test_auroc":0.6041666269302368,"val_recall0.5":0.42307692766189575,"val_accuracy0.75":0.5660377144813538,"test_recall0.75":0.4000000059604645,"test_precision0.75":0.3076923191547394,"val_balanced_accuracy0.5":0.5052884615384615}