{"val_precision":0,"test_accuracy":0.7424242496490479,"val_accuracy":0.7407407164573669,"test_balanced_accuracy":0.494949494949495,"test_precision":0,"test_recall":0,"val_auroc":0.40714287757873535,"val_loss":1.9824731349945068,"val_recall":0,"_runtime":407.02934133,"train_auroc":0.6892654895782471,"train_loss":1.5733928680419922,"_step":111,"_wandb":{"runtime":407},"_timestamp":1.749553874925813e+09,"test_auroc":0.44781145453453064,"val_balanced_accuracy":0.5}