{"val_recall0.75":0,"test_recall0.5":1,"val_precision0.75":0,"val_accuracy0.75":0.7523809671401978,"test_auroc":0.5,"val_accuracy0.5":0.24761904776096344,"val_recall0.25":1,"test_balanced_accuracy0.25":0.5,"test_accuracy0.5":0.2531645596027374,"test_recall0.25":1,"val_precision0.25":0.24761904776096344,"test_precision0.5":0.2531645596027374,"val_balanced_accuracy0.25":0.5,"_step":205,"test_balanced_accuracy0.75":0.5,"_runtime":701.399318606,"val_auroc":0.5,"train_loss":2.0936226844787598,"test_precision0.75":0,"val_balanced_accuracy0.75":0.5,"test_precision0.25":0.2531645596027374,"test_accuracy0.25":0.2531645596027374,"val_precision0.5":0.24761904776096344,"test_accuracy0.75":0.746835470199585,"val_recall0.5":1,"test_balanced_accuracy0.5":0.5,"_timestamp":1.750230316988537e+09,"val_accuracy0.25":0.24761904776096344,"val_balanced_accuracy0.5":0.5,"train_auroc":0.4492068588733673,"_wandb":{"runtime":701},"test_recall0.75":0}