{"_step":350,"_timestamp":1.7535020288439472e+09,"test_balanced_accuracy0.5":0.525,"val_accuracy0.75":0.6603773832321167,"val_accuracy0.25":0.5943396091461182,"test_accuracy0.5":0.6875,"val_recall0.25":0.11538461595773697,"test_precision0.5":0.3076923191547394,"val_precision0.75":0.0833333358168602,"test_recall0.25":0.20000000298023224,"val_precision0.25":0.1304347813129425,"val_balanced_accuracy0.25":0.4326923076923077,"train_auroc":1,"val_recall0.5":0.11538461595773697,"_runtime":1241.385952779,"test_accuracy0.75":0.6875,"val_auroc":0.411057710647583,"test_recall0.75":0.15000000596046448,"val_precision0.5":0.1764705926179886,"val_accuracy0.5":0.650943398475647,"test_precision0.75":0.27272728085517883,"test_auroc":0.5508333444595337,"val_balanced_accuracy0.75":0.45048076923076924,"val_balanced_accuracy0.5":0.4701923076923077,"test_precision0.25":0.25,"test_recall0.5":0.20000000298023224,"_wandb":{"runtime":1241},"test_accuracy0.25":0.6499999761581421,"test_balanced_accuracy0.75":0.5083333333333333,"train_loss":0.0005831901798956096,"val_recall0.75":0.03846153989434242,"test_balanced_accuracy0.25":0.5}