{"test_accuracy0.5":0.612500011920929,"train_auroc":1,"val_recall0.75":0.1111111119389534,"train_loss":0.0004646141023840755,"test_recall0.75":0.10000000149011612,"val_balanced_accuracy0.5":0.5053240740740741,"val_accuracy0.25":0.6822429895401001,"val_balanced_accuracy0.25":0.5053240740740741,"test_precision0.75":0.1428571492433548,"val_recall0.25":0.14814814925193787,"val_balanced_accuracy0.75":0.4868055555555556,"val_accuracy0.75":0.672897219657898,"test_balanced_accuracy0.25":0.43333333333333335,"test_recall0.5":0.10000000149011612,"_wandb":{"runtime":1440},"val_precision0.75":0.2142857164144516,"test_balanced_accuracy0.75":0.45,"val_precision0.5":0.2666666805744171,"val_recall0.5":0.14814814925193787,"test_balanced_accuracy0.5":0.44166666666666665,"val_accuracy0.5":0.6822429895401001,"_timestamp":1.7539326119700346e+09,"test_accuracy0.25":0.6000000238418579,"val_auroc":0.49074074625968933,"test_recall0.25":0.10000000149011612,"test_auroc":0.42250001430511475,"_step":198,"val_precision0.25":0.2666666805744171,"test_accuracy0.75":0.625,"_runtime":1440.908914071,"test_precision0.5":0.13333334028720856,"test_precision0.25":0.125}