{"_wandb":{"runtime":282},"test_accuracy":0.7557252049446106,"val_balanced_accuracy":0.5,"test_balanced_accuracy":0.5,"test_auroc":0.45896464586257935,"val_auroc":0.7142857313156128,"val_loss":1.7247281074523926,"test_precision":0,"_step":70,"_timestamp":1.7495035821179698e+09,"val_precision":0,"_runtime":282.02118826,"val_accuracy":0.7407407164573669,"test_recall":0,"train_auroc":0.5924542546272278,"val_recall":0,"train_loss":1.6980515718460083}