{"val_recall0.75":0.18518517911434174,"test_balanced_accuracy0.75":0.525,"val_accuracy0.5":0.5943396091461182,"val_precision0.75":0.20000000298023224,"test_auroc":0.5508333444595337,"_runtime":1418.191188859,"val_recall0.25":0.25925925374031067,"val_recall0.5":0.2222222238779068,"val_accuracy0.75":0.6037735939025879,"val_accuracy0.25":0.5283018946647644,"test_recall0.25":0.3499999940395355,"val_precision0.5":0.2142857164144516,"test_precision0.5":0.3333333432674408,"val_balanced_accuracy0.5":0.47187060478199716,"test_recall0.75":0.20000000298023224,"_timestamp":1.753759195353264e+09,"val_precision0.25":0.18918919563293457,"_step":393,"test_precision0.75":0.3076923191547394,"val_balanced_accuracy0.25":0.43975621190811065,"test_balanced_accuracy0.25":0.5583333333333333,"train_loss":0.01869761385023594,"test_recall0.5":0.25,"val_balanced_accuracy0.75":0.4660103141115799,"train_auroc":1,"test_accuracy0.5":0.6875,"test_balanced_accuracy0.5":0.5416666666666667,"test_precision0.25":0.3333333432674408,"test_accuracy0.75":0.6875,"test_accuracy0.25":0.6625000238418579,"_wandb":{"runtime":1418},"val_auroc":0.3844350576400757}