{"val_recall0.5":0.1538461595773697,"test_precision0.75":0.3333333432674408,"val_balanced_accuracy0.5":0.50730282375852,"train_loss":0.00014390467549674213,"test_accuracy0.25":0.6455696225166321,"val_auroc":0.5250730514526367,"test_auroc":0.5059322118759155,"test_balanced_accuracy0.75":0.5241525423728813,"val_balanced_accuracy0.75":0.5007302823758519,"_step":212,"test_precision0.5":0.25,"test_precision0.25":0.2142857164144516,"test_accuracy0.5":0.6708860993385315,"val_recall0.75":0.11538461595773697,"train_auroc":1,"test_recall0.25":0.15000000596046448,"test_balanced_accuracy0.5":0.498728813559322,"test_recall0.75":0.15000000596046448,"test_balanced_accuracy0.25":0.4817796610169492,"_timestamp":1.7507339515419216e+09,"val_precision0.75":0.25,"val_precision0.5":0.2666666805744171,"val_recall0.25":0.19230769574642181,"val_balanced_accuracy0.25":0.49488802336903603,"val_accuracy0.5":0.6857143044471741,"test_recall0.5":0.15000000596046448,"val_precision0.25":0.2380952388048172,"test_accuracy0.75":0.7088607549667358,"_wandb":{"runtime":1956},"val_accuracy0.75":0.6952381134033203,"_runtime":1956.405229738,"val_accuracy0.25":0.6476190686225891}