{"test_auroc":0.7144067287445068,"val_accuracy0.25":0.48571428656578064,"test_precision0.75":0.5,"_timestamp":1.7501593063786733e+09,"val_accuracy0.5":0.5523809790611267,"test_recall0.5":0.6499999761581421,"test_balanced_accuracy0.25":0.5860169491525423,"val_precision0.25":0.27419355511665344,"test_precision0.5":0.3611111044883728,"test_precision0.25":0.2982456088066101,"train_auroc":0.9973962306976318,"val_recall0.75":0.3076923191547394,"_step":293,"val_accuracy0.75":0.6095238327980042,"val_precision0.5":0.27659574151039124,"val_balanced_accuracy0.25":0.5421129503407984,"val_balanced_accuracy0.75":0.5082765335929893,"val_auroc":0.5404089689254761,"val_precision0.75":0.25806450843811035,"val_balanced_accuracy0.5":0.5348101265822784,"_wandb":{"runtime":1284},"test_recall0.75":0.6000000238418579,"val_recall0.5":0.5,"test_accuracy0.5":0.6202531456947327,"_runtime":1284.134684579,"test_balanced_accuracy0.5":0.6300847457627119,"test_recall0.25":0.8500000238418579,"train_loss":0.13320374488830566,"test_balanced_accuracy0.75":0.6983050847457627,"test_accuracy0.25":0.4556961953639984,"val_recall0.25":0.6538461446762085,"test_accuracy0.75":0.746835470199585}