{"test_balanced_accuracy0.25":0.5644067796610169,"val_precision0.75":0.4000000059604645,"test_recall0.25":0.4000000059604645,"test_auroc":0.5796610116958618,"test_recall0.5":0.25,"val_recall0.75":0.3076923191547394,"train_auroc":1,"_timestamp":1.750259447613396e+09,"test_recall0.75":0.20000000298023224,"_step":334,"test_balanced_accuracy0.5":0.5402542372881356,"train_loss":0.1029396802186966,"val_balanced_accuracy0.5":0.5715676728334956,"val_precision0.5":0.380952388048172,"val_accuracy0.25":0.6571428775787354,"test_accuracy0.25":0.6455696225166321,"test_precision0.75":0.3333333432674408,"_wandb":{"runtime":1248},"test_precision0.5":0.3333333432674408,"test_accuracy0.75":0.6962025165557861,"test_balanced_accuracy0.75":0.5322033898305085,"val_auroc":0.5165530443191528,"val_accuracy0.75":0.7142857313156128,"val_accuracy0.5":0.7047619223594666,"_runtime":1248.079658276,"val_recall0.5":0.3076923191547394,"val_precision0.25":0.3076923191547394,"val_balanced_accuracy0.25":0.5399221032132424,"test_accuracy0.5":0.6835442781448364,"test_precision0.25":0.3333333432674408,"val_recall0.25":0.3076923191547394,"val_balanced_accuracy0.75":0.5778967867575462}