{"test_auroc":0.5774999856948853,"_step":276,"test_precision0.5":0.29411765933036804,"_timestamp":1.75370935147316e+09,"val_precision0.25":0.25471699237823486,"_wandb":{"runtime":2455},"_runtime":2455.619235593,"val_balanced_accuracy0.25":0.5,"test_balanced_accuracy0.25":0.5,"val_precision0.5":0.31147539615631104,"test_recall0.5":0.75,"val_balanced_accuracy0.5":0.5860290670417253,"val_balanced_accuracy0.75":0.5,"test_balanced_accuracy0.5":0.575,"test_recall0.25":1,"val_accuracy0.75":0.7452830076217651,"val_recall0.75":0,"test_accuracy0.75":0.75,"val_accuracy0.25":0.25471699237823486,"train_loss":2.030637502670288,"val_precision0.75":0,"test_accuracy0.5":0.48750001192092896,"test_balanced_accuracy0.75":0.5,"val_auroc":0.5686826109886169,"test_precision0.25":0.25,"val_recall0.25":1,"train_auroc":0.7020201683044434,"test_precision0.75":0,"val_accuracy0.5":0.5283018946647644,"test_recall0.75":0,"test_accuracy0.25":0.25,"val_recall0.5":0.7037037014961243}