{"val_balanced_accuracy":0.49642857142857144,"val_accuracy":0.6666666865348816,"val_recall":0.1428571492433548,"val_loss":22.902578353881836,"_timestamp":1.7495409128478894e+09,"_wandb":{"runtime":456},"test_recall":0.1515151560306549,"train_loss":0.08764556050300598,"test_accuracy":0.7022900581359863,"_runtime":456.718891767,"test_precision":0.3125,"val_auroc":0.4142857491970062,"_step":51,"test_balanced_accuracy":0.519635126777984,"val_precision":0.25,"test_auroc":0.6001855134963989,"train_auroc":0.9995156526565552}