{"_timestamp":1.7551673442622004e+09,"test_recall0.25":0.30000001192092896,"test_balanced_accuracy0.5":0.4666666666666667,"val_balanced_accuracy0.5":0.4673611111111111,"_step":207,"test_recall0.75":0.10000000149011612,"val_precision0.75":0.30000001192092896,"val_recall0.75":0.2222222238779068,"test_accuracy0.25":0.5874999761581421,"_runtime":1211.876845883,"val_accuracy0.25":0.5046728849411011,"test_recall0.5":0.20000000298023224,"val_balanced_accuracy0.25":0.4356481481481481,"val_precision0.5":0.2068965584039688,"val_accuracy0.5":0.5887850522994995,"val_accuracy0.75":0.672897219657898,"_wandb":{"runtime":1211},"test_auroc":0.3908333480358124,"test_precision0.5":0.20000000298023224,"test_accuracy0.75":0.637499988079071,"train_loss":0.2016679048538208,"train_auroc":0.9988133311271667,"test_accuracy0.5":0.6000000238418579,"test_balanced_accuracy0.25":0.4916666666666667,"val_recall0.5":0.2222222238779068,"val_balanced_accuracy0.75":0.523611111111111,"test_precision0.75":0.1538461595773697,"test_balanced_accuracy0.75":0.4583333333333333,"val_precision0.25":0.190476194024086,"val_recall0.25":0.29629629850387573,"test_precision0.25":0.23999999463558197,"val_auroc":0.4652777910232544}