{"test_accuracy":0.7557252049446106,"train_loss":1.7073217630386353,"_runtime":324.101459077,"test_recall":0,"val_balanced_accuracy":0.5,"train_auroc":0.4446040391921997,"_step":51,"_timestamp":1.7495680070866535e+09,"_wandb":{"runtime":324},"test_balanced_accuracy":0.5,"val_auroc":0.550000011920929,"val_accuracy":0.7407407164573669,"test_precision":0,"test_auroc":0.5473484992980957,"val_recall":0,"val_loss":1.7283201217651367,"val_precision":0}