{"test_accuracy":0.7480915784835815,"test_precision":0,"test_recall":0,"val_accuracy":0.7407407164573669,"val_loss":1.731162667274475,"val_auroc":0.4928571581840515,"val_precision":0,"val_recall":0,"train_loss":1.634399652481079,"_step":51,"_wandb":{"runtime":210},"train_auroc":0.6866524815559387,"_runtime":210.056350576,"test_auroc":0.557823121547699,"test_balanced_accuracy":0.5,"_timestamp":1.749473181593357e+09,"val_balanced_accuracy":0.5}