{"test_auroc":0.6274999976158142,"val_recall0.75":0.03703703731298447,"val_precision0.5":0.4444444477558136,"train_auroc":1,"val_balanced_accuracy0.75":0.5060185185185185,"val_balanced_accuracy0.5":0.5428240740740741,"val_accuracy0.75":0.7383177280426025,"val_recall0.5":0.14814814925193787,"test_balanced_accuracy0.25":0.6166666666666667,"test_recall0.25":0.4000000059604645,"test_precision0.75":0.3333333432674408,"_timestamp":1.7539716743952377e+09,"test_accuracy0.5":0.737500011920929,"val_recall0.25":0.14814814925193787,"val_accuracy0.5":0.7383177280426025,"test_balanced_accuracy0.5":0.5916666666666667,"test_accuracy0.25":0.7250000238418579,"_wandb":{"runtime":8302},"test_precision0.25":0.4444444477558136,"_runtime":8302.869356036,"train_loss":0.04477901756763458,"test_precision0.5":0.4615384638309479,"test_balanced_accuracy0.75":0.5166666666666667,"_step":355,"val_precision0.75":0.3333333432674408,"val_auroc":0.5152778029441833,"val_balanced_accuracy0.25":0.48657407407407405,"val_precision0.25":0.2222222238779068,"test_accuracy0.75":0.7250000238418579,"test_recall0.75":0.10000000149011612,"test_recall0.5":0.30000001192092896,"val_accuracy0.25":0.6542056202888489}