{"test_recall0.5":0.3499999940395355,"val_precision0.5":0.3478260934352875,"val_accuracy0.25":0.48571428656578064,"val_balanced_accuracy0.75":0.5452775073028238,"test_recall0.75":0.10000000149011612,"test_balanced_accuracy0.5":0.5394067796610169,"test_accuracy0.75":0.7215189933776855,"_runtime":3916.509739441,"test_precision0.25":0.3478260934352875,"train_loss":0.7798914313316345,"val_precision0.25":0.2199999988079071,"test_balanced_accuracy0.75":0.5161016949152543,"val_balanced_accuracy0.25":0.4647030185004869,"_wandb":{"runtime":3916},"val_accuracy0.5":0.6857143044471741,"val_auroc":0.5160661935806274,"test_balanced_accuracy0.25":0.6457627118644068,"_timestamp":1.7514321043726718e+09,"test_precision0.75":0.3333333432674408,"test_accuracy0.5":0.6329113841056824,"test_auroc":0.631355881690979,"val_accuracy0.75":0.7428571581840515,"train_auroc":0.9649295210838318,"val_recall0.25":0.42307692766189575,"val_balanced_accuracy0.5":0.5589094449853944,"test_recall0.25":0.800000011920929,"test_accuracy0.25":0.5696202516555786,"val_precision0.75":0.4444444477558136,"test_precision0.5":0.30434781312942505,"val_recall0.5":0.3076923191547394,"_step":999,"val_recall0.75":0.1538461595773697}