{"val_loss":0.37435269355773926,"val_recall":0,"test_accuracy":0.746835470199585,"test_precision":0,"val_precision":0,"_wandb":{"runtime":801},"val_auroc":0.5,"val_accuracy":0.75,"train_auroc":0.5,"test_recall":0,"train_loss":0.3765677213668823,"_timestamp":1.747456277650392e+09,"test_auroc":0.5,"_step":35,"_runtime":798.728062632}