{"val_balanced_accuracy0.5":0.75,"test_precision0.5":0.5,"val_recall0.75":0,"test_recall0.75":0,"val_precision0.5":1,"test_accuracy0.5":0.5,"val_precision0.75":0,"val_balanced_accuracy0.25":0.5,"val_accuracy0.5":0.6666666865348816,"test_balanced_accuracy0.75":0.5,"val_recall0.25":1,"train_auroc":0,"val_balanced_accuracy0.75":0.5,"train_loss":0.6995691061019897,"val_precision0.25":0.6666666865348816,"_timestamp":1.7512815678591814e+09,"_runtime":3.3324073,"test_recall0.25":1,"val_auroc":1,"test_balanced_accuracy0.25":0.5,"test_auroc":1,"test_recall0.5":1,"test_precision0.25":0.5,"val_recall0.5":0.5,"_step":2,"test_balanced_accuracy0.5":0.5,"val_accuracy0.75":0.3333333432674408,"test_accuracy0.75":0.5,"_wandb":{"runtime":3},"test_precision0.75":0,"val_accuracy0.25":0.6666666865348816,"test_accuracy0.25":0.5}