{"test_accuracy0.5":0.625,"_timestamp":1.755059545402955e+09,"test_precision0.25":0.25,"test_recall0.75":0,"test_accuracy0.25":0.25,"val_recall0.25":1,"test_recall0.5":0.3499999940395355,"val_recall0.5":0.4615384638309479,"test_balanced_accuracy0.25":0.5,"test_recall0.25":1,"val_balanced_accuracy0.75":0.5,"test_precision0.75":0,"train_loss":2.07045841217041,"val_precision0.5":0.2926829159259796,"val_precision0.75":0,"test_balanced_accuracy0.5":0.5333333333333333,"val_accuracy0.75":0.7547169923782349,"_step":286,"val_accuracy0.5":0.5943396091461182,"val_auroc":0.5269231200218201,"test_balanced_accuracy0.75":0.5,"_runtime":1795.656712201,"val_precision0.25":0.24528302252292633,"train_auroc":0.5301716327667236,"_wandb":{"runtime":1795},"test_precision0.5":0.2916666567325592,"test_accuracy0.75":0.75,"val_balanced_accuracy0.5":0.5495192307692307,"val_recall0.75":0,"test_auroc":0.5349999666213989,"val_accuracy0.25":0.24528302252292633,"val_balanced_accuracy0.25":0.5}