{"_step":75,"val_accuracy":0.7407407164573669,"val_loss":1.714624047279358,"test_precision":0,"test_accuracy":0.7557252049446106,"test_balanced_accuracy":0.5,"val_auroc":0.5785714387893677,"val_precision":0,"train_auroc":0.6362156867980957,"train_loss":1.6439193487167358,"_wandb":{"runtime":220},"val_balanced_accuracy":0.5,"val_recall":0,"_timestamp":1.7494882671333406e+09,"test_auroc":0.4302399158477783,"test_recall":0,"_runtime":220.306594384}