{"val_precision0.75":0,"val_recall0.5":0,"_step":0,"_wandb":{"runtime":7},"val_recall0.75":0,"_runtime":7.365090006,"val_balanced_accuracy0.5":0.5,"val_balanced_accuracy0.25":0.50625,"_timestamp":1.7549649453860273e+09,"val_accuracy0.5":0.7476635575294495,"val_accuracy0.75":0.7476635575294495,"val_auroc":0.43518519401550293,"val_recall0.25":1,"val_accuracy0.25":0.2616822421550751,"val_precision0.25":0.25471699237823486,"val_precision0.5":0,"val_balanced_accuracy0.75":0.5}