{"_wandb":{"runtime":362},"test_balanced_accuracy0.5":0.5,"val_accuracy0.25":0.7523809671401978,"_timestamp":1.7502200137004805e+09,"test_balanced_accuracy0.25":0.5,"test_recall0.25":0,"test_recall0.75":0,"test_accuracy0.5":0.746835470199585,"_step":152,"val_auroc":0.5686465501785278,"test_precision0.5":0,"val_accuracy0.5":0.7523809671401978,"test_precision0.25":0,"val_recall0.5":0,"test_balanced_accuracy0.75":0.5,"train_auroc":0.4250243306159973,"test_accuracy0.75":0.746835470199585,"val_recall0.75":0,"val_precision0.5":0,"test_accuracy0.25":0.746835470199585,"val_balanced_accuracy0.75":0.5,"val_balanced_accuracy0.5":0.5,"val_recall0.25":0,"train_loss":1.697075605392456,"_runtime":362.192853011,"val_precision0.25":0,"val_balanced_accuracy0.25":0.5,"val_accuracy0.75":0.7523809671401978,"val_precision0.75":0,"test_auroc":0.48983052372932434,"test_recall0.5":0,"test_precision0.75":0}