{"val_accuracy":0.75,"_step":18,"_wandb":{"runtime":881},"val_recall":0,"test_precision":0,"_runtime":881.749722654,"val_precision":0,"train_auroc":0.36988598108291626,"test_accuracy":0.746835470199585,"test_auroc":0.4406779408454895,"val_loss":0.3680271804332733,"val_auroc":0.2604166567325592,"train_loss":0.362647145986557,"_timestamp":1.7477805339375882e+09,"test_recall":0}