{"val_recall0.25":0.3333333432674408,"test_recall0.5":0.20000000298023224,"val_accuracy0.25":0.6698113083839417,"val_recall0.75":0.2222222238779068,"val_precision0.5":0.30434781312942505,"test_recall0.25":0.4000000059604645,"test_precision0.25":0.47058823704719543,"train_loss":0.006577743217349052,"val_accuracy0.5":0.6603773832321167,"test_balanced_accuracy0.5":0.5416666666666666,"val_balanced_accuracy0.5":0.5283638068448195,"val_precision0.75":0.3529411852359772,"val_auroc":0.5794655084609985,"test_recall0.75":0.20000000298023224,"_timestamp":1.7536874122996914e+09,"val_precision0.25":0.3461538553237915,"_runtime":4105.855288326,"_step":365,"train_auroc":1,"val_accuracy0.75":0.698113203048706,"test_accuracy0.5":0.7124999761581421,"test_balanced_accuracy0.25":0.625,"_wandb":{"runtime":4105},"test_auroc":0.6366666555404663,"test_balanced_accuracy0.75":0.55,"test_precision0.75":0.4000000059604645,"test_precision0.5":0.3636363744735718,"test_accuracy0.75":0.7250000238418579,"val_balanced_accuracy0.25":0.5590717299578059,"test_accuracy0.25":0.737500011920929,"val_recall0.5":0.25925925374031067,"val_balanced_accuracy0.75":0.5414908579465542}