{"train_loss":0.04446236789226532,"test_accuracy0.5":0.746835470199585,"val_balanced_accuracy0.75":0.5323758519961052,"val_accuracy0.25":0.6761904954910278,"test_accuracy0.75":0.7594936490058899,"test_balanced_accuracy0.25":0.5580508474576271,"test_precision0.75":0.6666666865348816,"val_precision0.25":0.2142857164144516,"test_precision0.25":0.6000000238418579,"test_precision0.5":0.5,"val_recall0.25":0.11538461595773697,"val_precision0.5":0.375,"train_auroc":0.9993914365768433,"test_accuracy0.25":0.7594936490058899,"_runtime":894.574405905,"test_recall0.75":0.10000000149011612,"_step":332,"test_balanced_accuracy0.5":0.5330508474576271,"val_recall0.75":0.11538461595773697,"test_balanced_accuracy0.75":0.5415254237288136,"test_recall0.25":0.15000000596046448,"_timestamp":1.7504949799491577e+09,"val_recall0.5":0.11538461595773697,"val_precision0.75":0.4285714328289032,"test_auroc":0.6669491529464722,"test_recall0.5":0.10000000149011612,"val_accuracy0.5":0.7333333492279053,"val_balanced_accuracy0.25":0.48807205452775076,"val_balanced_accuracy0.5":0.5260467380720545,"_wandb":{"runtime":894},"val_auroc":0.4746835231781006,"val_accuracy0.75":0.7428571581840515}