{"val_balanced_accuracy0.5":0.5538461538461539,"test_precision0.25":0.25,"val_accuracy0.5":0.6792452931404114,"test_auroc":0.5425000190734863,"test_balanced_accuracy0.25":0.5,"test_accuracy0.75":0.6625000238418579,"test_precision0.5":0.3181818127632141,"val_auroc":0.5201922655105591,"val_precision0.5":0.3333333432674408,"_runtime":5424.596910422,"test_recall0.5":0.3499999940395355,"test_balanced_accuracy0.5":0.55,"test_balanced_accuracy0.75":0.5416666666666666,"val_precision0.75":0.3684210479259491,"train_auroc":1,"test_recall0.25":0.3499999940395355,"_wandb":{"runtime":5424},"test_accuracy0.25":0.574999988079071,"val_accuracy0.25":0.5849056839942932,"val_recall0.25":0.42307692766189575,"val_recall0.5":0.3076923191547394,"val_balanced_accuracy0.75":0.5596153846153846,"val_recall0.75":0.26923078298568726,"train_loss":0.004762460943311453,"_step":225,"val_precision0.25":0.2750000059604645,"val_accuracy0.75":0.7075471878051758,"test_recall0.75":0.30000001192092896,"test_accuracy0.5":0.6499999761581421,"test_precision0.75":0.31578946113586426,"val_balanced_accuracy0.25":0.5302884615384615,"_timestamp":1.7538827343836887e+09}