{"_runtime":1555.007244996,"train_loss":1.170174479484558,"_wandb":{"runtime":1555},"val_balanced_accuracy0.25":0.5004688232536334,"_timestamp":1.753116801659716e+09,"test_accuracy0.75":0.675000011920929,"test_auroc":0.6458333134651184,"val_recall0.75":0.40740740299224854,"val_auroc":0.5513361692428589,"test_balanced_accuracy0.25":0.5083333333333333,"test_recall0.25":1,"test_precision0.75":0.3928571343421936,"train_auroc":0.9033592939376831,"val_accuracy0.5":0.49056604504585266,"_step":306,"val_precision0.25":0.2549019753932953,"test_recall0.75":0.550000011920929,"test_balanced_accuracy0.75":0.6333333333333333,"test_accuracy0.25":0.26249998807907104,"val_accuracy0.75":0.5849056839942932,"val_precision0.5":0.29230770468711853,"val_accuracy0.25":0.27358490228652954,"test_precision0.25":0.2531645596027374,"test_recall0.5":0.800000011920929,"val_balanced_accuracy0.75":0.5264885138302859,"test_balanced_accuracy0.5":0.6166666666666667,"val_balanced_accuracy0.5":0.5607126113455227,"val_recall0.25":0.9629629850387573,"val_precision0.75":0.28205129504203796,"test_precision0.5":0.3199999928474426,"val_recall0.5":0.7037037014961243,"test_accuracy0.5":0.5249999761581421}