{"train_auroc":0.5105019807815552,"val_auroc":0.48425930738449097,"val_accuracy0.5":0.25233644247055054,"train_kld_loss":0.1779712587594986,"test_precision0.5":0.25,"val_recall0.5":1,"test_balanced_accuracy0.5":0.5,"train_mu":-2.711239055486203e-08,"_runtime":1395.394831976,"test_accuracy0.75":0.75,"train_loss":1.4804054498672485,"train_recon_loss_no_kld":0.7932167649269104,"test_balanced_accuracy0.25":0.5,"test_accuracy0.25":0.25,"test_auroc":0.4983333647251129,"val_precision0.5":0.25233644247055054,"test_recall0.5":1,"val_recall0.75":0,"val_accuracy0.75":0.7476635575294495,"train_surv_loss":0.9948112368583679,"_timestamp":1.7549428907679543e+09,"val_recall0.25":1,"test_recall0.25":1,"val_balanced_accuracy0.5":0.5,"val_precision0.25":0.25233644247055054,"_wandb":{"runtime":1395},"test_precision0.75":0,"val_precision0.75":0,"test_recall0.75":0,"_step":92,"val_balanced_accuracy0.75":0.5,"test_accuracy0.5":0.25,"val_accuracy0.25":0.25233644247055054,"test_precision0.25":0.25,"train_logvar":-6.612653180582129e-08,"val_balanced_accuracy0.25":0.5,"test_balanced_accuracy0.75":0.5}