{"val_auroc":0.6254807710647583,"val_balanced_accuracy0.5":0.5745192307692308,"test_balanced_accuracy0.25":0.6333333333333333,"_wandb":{"runtime":4357},"_runtime":4357.011462211,"test_balanced_accuracy0.5":0.6,"test_accuracy0.5":0.675000011920929,"val_balanced_accuracy0.75":0.6235576923076923,"test_recall0.75":0.20000000298023224,"train_loss":0.5128224492073059,"val_precision0.5":0.3243243098258972,"val_precision0.25":0.2857142984867096,"val_balanced_accuracy0.25":0.5721153846153846,"test_accuracy0.25":0.5249999761581421,"test_precision0.75":0.3333333432674408,"val_accuracy0.75":0.7452830076217651,"test_recall0.5":0.44999998807907104,"val_recall0.75":0.38461539149284363,"test_recall0.25":0.8500000238418579,"train_auroc":0.991693377494812,"_timestamp":1.7531479109703987e+09,"val_recall0.5":0.4615384638309479,"test_auroc":0.6491666436195374,"test_accuracy0.75":0.699999988079071,"test_precision0.5":0.375,"val_recall0.25":0.7692307829856873,"_step":999,"val_precision0.75":0.4761904776096344,"val_accuracy0.25":0.4716981053352356,"test_balanced_accuracy0.75":0.5333333333333333,"test_precision0.25":0.32692307233810425,"val_accuracy0.5":0.6320754885673523}