{"_step":53,"_wandb":{"runtime":1118},"test_accuracy":0.6455696225166321,"val_auroc":0.5625,"val_recall":0.25,"test_precision":0.10000000149011612,"_timestamp":1.7477020172361739e+09,"val_precision":0.4000000059604645,"test_auroc":0.4487287998199463,"val_loss":1.12568998336792,"train_auroc":0.9619383215904236,"test_recall":0.05000000074505806,"_runtime":1118.152482775,"val_accuracy":0.71875,"train_loss":0.045627087354660034}