{"train_loss":2.037264108657837,"val_accuracy0.25":0.24761904776096344,"test_recall0.5":0.25,"_timestamp":1.75137443155513e+09,"_runtime":1002.839479761,"val_recall0.75":0.03846153989434242,"val_recall0.25":1,"test_balanced_accuracy0.75":0.5,"val_balanced_accuracy0.5":0.5849561830574489,"val_precision0.25":0.24761904776096344,"test_auroc":0.5711864233016968,"val_precision0.5":0.35483869910240173,"train_auroc":0.5950969457626343,"test_accuracy0.75":0.746835470199585,"val_auroc":0.6621226668357849,"test_precision0.5":0.38461539149284363,"test_accuracy0.5":0.7088607549667358,"test_accuracy0.25":0.2531645596027374,"test_recall0.75":0,"_wandb":{"runtime":1002},"test_balanced_accuracy0.5":0.5572033898305084,"val_precision0.75":1,"test_precision0.75":0,"test_balanced_accuracy0.25":0.5,"val_balanced_accuracy0.75":0.5192307692307693,"_step":150,"val_accuracy0.5":0.6666666865348816,"test_precision0.25":0.2531645596027374,"test_recall0.25":1,"val_balanced_accuracy0.25":0.5,"val_accuracy0.75":0.761904776096344,"val_recall0.5":0.42307692766189575}