{"val_precision0.5":0.2666666805744171,"test_accuracy0.75":0.7215189933776855,"test_recall0.25":0.25,"_step":499,"_timestamp":1.749876641156221e+09,"test_precision0.25":0.2631579041481018,"test_balanced_accuracy0.5":0.548728813559322,"test_recall0.5":0.25,"val_accuracy0.75":0.723809540271759,"_wandb":{"runtime":1925},"val_recall0.75":0.1538461595773697,"val_precision0.25":0.25,"test_precision0.75":0.4166666567325592,"val_precision0.75":0.3636363744735718,"val_balanced_accuracy0.5":0.50730282375852,"test_accuracy0.5":0.6962025165557861,"test_recall0.75":0.25,"test_balanced_accuracy0.25":0.5063559322033898,"val_accuracy0.5":0.6857143044471741,"_runtime":1925.126662658,"test_precision0.5":0.3571428656578064,"train_auroc":1,"val_accuracy0.25":0.6571428775787354,"train_loss":0.0001236748939845711,"val_balanced_accuracy0.25":0.5012171372930867,"val_auroc":0.5102239847183228,"test_balanced_accuracy0.75":0.5656779661016949,"test_auroc":0.5805084705352783,"val_recall0.25":0.19230769574642181,"val_balanced_accuracy0.75":0.5326192794547224,"test_accuracy0.25":0.6329113841056824,"val_recall0.5":0.1538461595773697}