{"val_precision0.75":0.2857142984867096,"train_auroc":0.8950991034507751,"val_accuracy0.75":0.7196261882781982,"val_balanced_accuracy0.5":0.523611111111111,"val_balanced_accuracy0.75":0.505787037037037,"_step":999,"val_auroc":0.5356481075286865,"test_precision0.5":0.2222222238779068,"test_accuracy0.5":0.625,"_wandb":{"runtime":8901},"train_loss":1.1806148290634155,"_runtime":8901.744182313,"test_accuracy0.25":0.42500001192092896,"val_precision0.25":0.23880596458911896,"_timestamp":1.754220837418277e+09,"test_balanced_accuracy0.25":0.43333333333333335,"test_recall0.75":0.10000000149011612,"val_accuracy0.5":0.672897219657898,"test_recall0.25":0.44999998807907104,"test_accuracy0.75":0.75,"test_balanced_accuracy0.75":0.5333333333333333,"test_balanced_accuracy0.5":0.4833333333333334,"val_recall0.25":0.5925925970077515,"test_recall0.5":0.20000000298023224,"test_auroc":0.45500004291534424,"val_recall0.75":0.07407407462596893,"val_accuracy0.25":0.420560747385025,"val_recall0.5":0.2222222238779068,"test_precision0.25":0.20454545319080353,"test_precision0.75":0.5,"val_precision0.5":0.30000001192092896,"val_balanced_accuracy0.25":0.4775462962962963}