{"_step":150,"test_recall0.5":0,"test_precision0.25":0.25,"test_precision0.75":0,"val_recall0.5":0,"val_balanced_accuracy0.5":0.5,"val_precision0.75":0,"val_recall0.25":1,"test_precision0.5":0,"val_accuracy0.25":0.24528302252292633,"val_recall0.75":0,"_timestamp":1.7530950045445168e+09,"test_auroc":0.5,"val_balanced_accuracy0.25":0.5,"val_auroc":0.5,"test_balanced_accuracy0.75":0.5,"train_auroc":0.45735931396484375,"test_recall0.75":0,"val_precision0.5":0,"_runtime":628.397862302,"_wandb":{"runtime":628},"test_accuracy0.5":0.75,"test_balanced_accuracy0.25":0.5,"test_balanced_accuracy0.5":0.5,"val_accuracy0.5":0.7547169923782349,"val_balanced_accuracy0.75":0.5,"train_loss":2.0725486278533936,"test_recall0.25":1,"test_accuracy0.75":0.75,"val_accuracy0.75":0.7547169923782349,"test_accuracy0.25":0.25,"val_precision0.25":0.24528302252292633}