{"test_accuracy0.5":0.2531645596027374,"val_auroc":0.5460077524185181,"test_recall0.75":0,"test_auroc":0.494915246963501,"val_balanced_accuracy0.75":0.5,"val_balanced_accuracy0.5":0.5,"test_recall0.25":1,"_runtime":1630.385634398,"train_auroc":0.4712445139884949,"val_recall0.5":1,"test_accuracy0.75":0.746835470199585,"val_precision0.5":0.24761904776096344,"test_accuracy0.25":0.2531645596027374,"_timestamp":1.7508769316270401e+09,"test_precision0.75":0,"test_balanced_accuracy0.25":0.5,"val_accuracy0.5":0.24761904776096344,"val_balanced_accuracy0.25":0.5,"val_precision0.25":0.24761904776096344,"_step":182,"val_precision0.75":0,"test_balanced_accuracy0.75":0.5,"test_balanced_accuracy0.5":0.5,"_wandb":{"runtime":1630},"test_precision0.25":0.2531645596027374,"test_precision0.5":0.2531645596027374,"train_loss":2.09355092048645,"val_accuracy0.25":0.24761904776096344,"val_accuracy0.75":0.7523809671401978,"test_recall0.5":1,"val_recall0.75":0,"val_recall0.25":1}