{"train_auroc":0.7448726296424866,"_step":999,"test_accuracy0.25":0.26582279801368713,"test_recall0.75":0,"test_recall0.5":0.44999998807907104,"val_balanced_accuracy0.75":0.5,"test_balanced_accuracy0.75":0.5,"test_accuracy0.75":0.746835470199585,"val_precision0.25":0.2549019753932953,"val_precision0.5":0.2777777910232544,"test_recall0.25":0.949999988079071,"test_balanced_accuracy0.25":0.49194915254237287,"val_recall0.5":0.38461539149284363,"_timestamp":1.7502212530784981e+09,"test_auroc":0.5542372465133667,"val_balanced_accuracy0.25":0.5189873417721519,"_runtime":3641.974577799,"test_precision0.75":0,"_wandb":{"runtime":3641},"test_precision0.5":0.25,"val_balanced_accuracy0.5":0.5277507302823758,"test_accuracy0.5":0.5189873576164246,"val_accuracy0.5":0.6000000238418579,"test_balanced_accuracy0.5":0.49618644067796613,"val_recall0.25":1,"val_accuracy0.25":0.27619048953056335,"test_precision0.25":0.25,"val_precision0.75":0,"train_loss":1.843393087387085,"val_auroc":0.5082765221595764,"val_recall0.75":0,"val_accuracy0.75":0.7523809671401978}