{"val_balanced_accuracy0.25":0.5,"test_precision0.75":0,"test_balanced_accuracy0.75":0.5,"val_recall0.5":0.4615384638309479,"test_balanced_accuracy0.25":0.5,"val_accuracy0.75":0.7523809671401978,"val_recall0.75":0,"_runtime":3174.425939147,"val_accuracy0.25":0.24761904776096344,"train_loss":2.078766345977783,"test_accuracy0.5":0.5822784900665283,"val_precision0.5":0.23529411852359772,"_step":265,"test_balanced_accuracy0.5":0.6211864406779661,"val_auroc":0.589581310749054,"_wandb":{"runtime":3174},"test_recall0.75":0,"test_accuracy0.75":0.746835470199585,"test_accuracy0.25":0.2531645596027374,"val_recall0.25":1,"test_precision0.5":0.3414634168148041,"val_precision0.25":0.24761904776096344,"test_recall0.5":0.699999988079071,"test_auroc":0.6237288117408752,"val_balanced_accuracy0.75":0.5,"test_recall0.25":1,"val_precision0.75":0,"val_accuracy0.5":0.4952380955219269,"test_precision0.25":0.2531645596027374,"val_balanced_accuracy0.5":0.4839337877312561,"_timestamp":1.750963071215387e+09,"train_auroc":0.7320115566253662}