{"val_accuracy0.75":0.7523809671401978,"test_precision0.25":0.2432432472705841,"test_accuracy0.25":0.5063291192054749,"test_recall0.75":0,"val_accuracy0.5":0.7523809671401978,"_wandb":{"runtime":2113},"_runtime":2113.564611069,"val_precision0.75":0,"val_balanced_accuracy0.25":0.5985881207400194,"val_precision0.5":0,"train_loss":1.5201505422592163,"_step":499,"test_balanced_accuracy0.75":0.5,"val_recall0.75":0,"test_accuracy0.5":0.746835470199585,"test_accuracy0.75":0.746835470199585,"test_auroc":0.5296609997749329,"_timestamp":1.749919024187788e+09,"test_balanced_accuracy0.5":0.5,"test_recall0.25":0.44999998807907104,"val_auroc":0.5462511777877808,"test_precision0.75":0,"val_accuracy0.25":0.6095238327980042,"val_balanced_accuracy0.75":0.5,"val_recall0.5":0,"val_balanced_accuracy0.5":0.5,"test_balanced_accuracy0.25":0.4877118644067797,"val_precision0.25":0.3333333432674408,"test_precision0.5":0,"test_recall0.5":0,"val_recall0.25":0.5769230723381042,"train_auroc":0.7580330967903137}