{"test_precision0.5":0.13333334028720856,"test_balanced_accuracy0.25":0.4894067796610169,"val_accuracy0.75":0.6380952596664429,"_wandb":{"runtime":1559},"test_auroc":0.49872881174087524,"val_accuracy0.25":0.6190476417541504,"test_accuracy0.75":0.6202531456947327,"_runtime":1559.842793262,"test_accuracy0.5":0.607594907283783,"test_recall0.25":0.25,"test_precision0.75":0.1428571492433548,"_step":191,"test_precision0.25":0.2380952388048172,"val_auroc":0.5129016637802124,"val_accuracy0.5":0.6380952596664429,"train_loss":0.033699408173561096,"val_recall0.5":0.19230769574642181,"test_accuracy0.25":0.607594907283783,"test_balanced_accuracy0.75":0.4483050847457627,"test_recall0.75":0.10000000149011612,"test_balanced_accuracy0.5":0.4398305084745763,"val_balanced_accuracy0.25":0.48880233690360275,"val_recall0.25":0.23076923191547394,"_timestamp":1.751388845633436e+09,"test_recall0.5":0.10000000149011612,"val_precision0.5":0.22727273404598236,"val_precision0.75":0.22727273404598236,"val_recall0.75":0.19230769574642181,"val_precision0.25":0.23076923191547394,"train_auroc":0.999727725982666,"val_balanced_accuracy0.5":0.48855890944498537,"val_balanced_accuracy0.75":0.48855890944498537}