{"test_precision0.25":0.3928571343421936,"_runtime":1352.714908444,"val_recall0.25":0.3333333432674408,"test_auroc":0.6754166483879089,"val_recall0.75":0.29629629850387573,"_step":189,"test_accuracy0.25":0.675000011920929,"val_recall0.5":0.29629629850387573,"val_precision0.75":0.2666666805744171,"test_balanced_accuracy0.25":0.6333333333333333,"test_accuracy0.75":0.7875000238418579,"test_recall0.75":0.5,"test_recall0.25":0.550000011920929,"val_balanced_accuracy0.75":0.5089076418190341,"val_precision0.25":0.2432432472705841,"val_accuracy0.75":0.6132075190544128,"train_auroc":1,"test_precision0.5":0.4761904776096344,"_timestamp":1.7539396035302684e+09,"test_precision0.75":0.5882353186607361,"test_recall0.5":0.5,"test_balanced_accuracy0.75":0.6916666666666667,"test_accuracy0.5":0.737500011920929,"val_balanced_accuracy0.5":0.4835911861228317,"val_balanced_accuracy0.25":0.48945147679324896,"val_accuracy0.5":0.5754716992378235,"_wandb":{"runtime":1352},"test_balanced_accuracy0.5":0.6583333333333333,"val_accuracy0.25":0.5660377144813538,"val_auroc":0.46038442850112915,"train_loss":0.0007512974552810192,"val_precision0.5":0.23529411852359772}