{"test_auroc":0.5666667222976685,"val_accuracy0.25":0.6226415038108826,"test_precision0.25":0.40909090638160706,"test_accuracy0.75":0.7124999761581421,"test_precision0.75":0.42105263471603394,"test_balanced_accuracy0.75":0.6083333333333334,"val_auroc":0.42019230127334595,"val_accuracy0.5":0.6320754885673523,"test_recall0.5":0.44999998807907104,"val_balanced_accuracy0.5":0.44471153846153844,"test_accuracy0.25":0.699999988079071,"_runtime":3327.048636834,"val_precision0.25":0.15000000596046448,"_step":458,"val_accuracy0.75":0.6226415038108826,"_wandb":{"runtime":3327},"train_loss":1.8122735809811275e-06,"val_recall0.75":0.03846153989434242,"val_balanced_accuracy0.25":0.4514423076923077,"_timestamp":1.7549561487583675e+09,"val_precision0.75":0.0625,"val_balanced_accuracy0.75":0.4254807692307692,"train_auroc":1,"test_balanced_accuracy0.25":0.6166666666666667,"val_recall0.25":0.11538461595773697,"test_recall0.75":0.4000000059604645,"val_recall0.5":0.07692307978868484,"test_balanced_accuracy0.5":0.625,"test_precision0.5":0.4285714328289032,"test_accuracy0.5":0.7124999761581421,"test_recall0.25":0.44999998807907104,"val_precision0.5":0.11764705926179886}