{"test_balanced_accuracy0.75":0.5330508474576271,"val_accuracy0.25":0.6952381134033203,"train_auroc":1,"val_balanced_accuracy0.5":0.5197176241480039,"val_accuracy0.75":0.7333333492279053,"test_auroc":0.5093220472335815,"val_recall0.75":0.11538461595773697,"_wandb":{"runtime":807},"test_precision0.5":0.4285714328289032,"val_recall0.25":0.1538461595773697,"_timestamp":1.750237744542797e+09,"test_recall0.25":0.15000000596046448,"test_balanced_accuracy0.25":0.5241525423728813,"val_balanced_accuracy0.75":0.5260467380720545,"val_balanced_accuracy0.25":0.5136319376825706,"test_accuracy0.75":0.746835470199585,"_step":341,"test_recall0.5":0.15000000596046448,"test_accuracy0.5":0.7341772317886353,"train_loss":0.0002585869515314698,"val_precision0.75":0.375,"test_accuracy0.25":0.7088607549667358,"val_recall0.5":0.11538461595773697,"val_auroc":0.4593476355075836,"test_precision0.75":0.5,"test_balanced_accuracy0.5":0.5411016949152542,"val_precision0.25":0.2857142984867096,"test_recall0.75":0.10000000149011612,"test_precision0.25":0.3333333432674408,"val_precision0.5":0.3333333432674408,"_runtime":807.760636229,"val_accuracy0.5":0.723809540271759}