{"test_recall0.75":0.5,"test_balanced_accuracy0.5":0.6139830508474576,"test_precision0.75":0.38461539149284363,"test_recall0.25":0.6499999761581421,"val_precision0.75":0.3448275923728943,"test_balanced_accuracy0.75":0.6144067796610169,"test_precision0.25":0.39393940567970276,"test_balanced_accuracy0.25":0.6555084745762711,"test_accuracy0.75":0.6708860993385315,"val_accuracy0.75":0.6666666865348816,"_wandb":{"runtime":3748},"train_loss":0.0028972362633794546,"val_balanced_accuracy0.25":0.6304771178188899,"train_auroc":1,"val_recall0.5":0.5,"val_auroc":0.6241480112075806,"_step":220,"val_balanced_accuracy0.5":0.610759493670886,"_runtime":3748.51088319,"val_accuracy0.25":0.6380952596664429,"test_accuracy0.5":0.6455696225166321,"val_balanced_accuracy0.75":0.5720545277507303,"test_auroc":0.6508474349975586,"test_recall0.5":0.550000011920929,"test_precision0.5":0.36666667461395264,"val_recall0.75":0.38461539149284363,"val_recall0.25":0.6153846383094788,"val_precision0.25":0.3636363744735718,"test_accuracy0.25":0.6582278609275818,"val_precision0.5":0.37142857909202576,"val_accuracy0.5":0.6666666865348816,"_timestamp":1.7510384572860284e+09}