{"test_balanced_accuracy0.5":0.586864406779661,"test_accuracy0.5":0.5063291192054749,"_timestamp":1.7501506193588157e+09,"_runtime":1607.814511849,"val_precision0.75":0,"val_balanced_accuracy0.75":0.5,"val_accuracy0.75":0.7523809671401978,"test_recall0.5":0.75,"val_recall0.5":0.5769230723381042,"train_loss":2.059248924255371,"test_recall0.25":1,"test_accuracy0.25":0.2531645596027374,"val_accuracy0.5":0.41904762387275696,"val_precision0.25":0.24761904776096344,"val_precision0.5":0.23076923191547394,"train_auroc":0.7065972089767456,"test_precision0.75":0,"test_precision0.25":0.2531645596027374,"val_recall0.25":1,"val_recall0.75":0,"val_balanced_accuracy0.25":0.5,"val_balanced_accuracy0.5":0.47200584225900677,"test_auroc":0.5906779766082764,"test_precision0.5":0.30612245202064514,"test_balanced_accuracy0.25":0.5,"test_recall0.75":0,"test_accuracy0.75":0.746835470199585,"_step":620,"test_balanced_accuracy0.75":0.5,"_wandb":{"runtime":1607},"val_auroc":0.5209347605705261,"val_accuracy0.25":0.24761904776096344}