{"test_precision":0,"val_precision":0,"test_balanced_accuracy":0.5,"val_balanced_accuracy":0.5,"val_loss":1.7151838541030884,"val_recall":0,"test_auroc":0.5089672207832336,"_runtime":429.50318459,"_wandb":{"runtime":429},"val_auroc":0.6142857074737549,"train_loss":1.6809321641921997,"val_accuracy":0.7407407164573669,"test_accuracy":0.7480915784835815,"test_recall":0,"train_auroc":0.5576326847076416,"_step":100,"_timestamp":1.7495663384287722e+09}