{"test_precision0.25":0.25,"val_accuracy0.75":0.7476635575294495,"val_precision0.5":0.29729729890823364,"val_precision0.75":0,"test_accuracy0.5":0.44999998807907104,"val_precision0.25":0.25233644247055054,"val_balanced_accuracy0.75":0.5,"test_balanced_accuracy0.75":0.5,"val_recall0.25":1,"train_auroc":0.6087111234664917,"_timestamp":1.7535182694442732e+09,"val_accuracy0.5":0.4672897160053253,"test_accuracy0.25":0.25,"test_recall0.75":0,"_runtime":1063.644669273,"val_balanced_accuracy0.5":0.5824074074074074,"train_loss":2.05629563331604,"test_auroc":0.5325000286102295,"test_recall0.5":0.75,"test_balanced_accuracy0.25":0.5,"test_accuracy0.75":0.75,"_step":320,"val_balanced_accuracy0.25":0.5,"val_recall0.75":0,"val_auroc":0.5652778148651123,"val_recall0.5":0.8148148059844971,"test_recall0.25":1,"_wandb":{"runtime":1063},"test_balanced_accuracy0.5":0.55,"test_precision0.5":0.2777777910232544,"test_precision0.75":0,"val_accuracy0.25":0.25233644247055054}