{"test_recall0.75":0.20000000298023224,"_runtime":2429.882096228,"_timestamp":1.7507386398899064e+09,"test_auroc":0.5432203412055969,"val_precision0.5":0.5,"val_auroc":0.5788705348968506,"val_precision0.25":0.4444444477558136,"test_recall0.25":0.30000001192092896,"test_balanced_accuracy0.25":0.5652542372881356,"_step":244,"val_recall0.75":0.23076923191547394,"val_accuracy0.5":0.7523809671401978,"val_recall0.5":0.23076923191547394,"test_balanced_accuracy0.75":0.5322033898305085,"test_precision0.75":0.3333333432674408,"train_auroc":1,"test_balanced_accuracy0.5":0.5402542372881356,"test_accuracy0.25":0.6962025165557861,"test_recall0.5":0.25,"test_precision0.5":0.3333333432674408,"_wandb":{"runtime":2429},"val_precision0.75":0.5454545617103577,"val_balanced_accuracy0.25":0.5905550146056475,"val_balanced_accuracy0.5":0.5774099318403116,"train_loss":0.0005709461984224617,"val_recall0.25":0.3076923191547394,"val_accuracy0.25":0.7333333492279053,"val_balanced_accuracy0.75":0.5837390457643622,"test_accuracy0.75":0.6962025165557861,"test_accuracy0.5":0.6835442781448364,"test_precision0.25":0.375,"val_accuracy0.75":0.761904776096344}