{"val_accuracy0.25":0.6000000238418579,"train_auroc":1,"val_accuracy0.75":0.7142857313156128,"test_balanced_accuracy0.25":0.5402542372881356,"test_accuracy0.75":0.7341772317886353,"val_recall0.25":0.26923078298568726,"val_balanced_accuracy0.5":0.5391918208373905,"test_precision0.75":0.3333333432674408,"val_recall0.5":0.19230769574642181,"test_precision0.5":0.4000000059604645,"_timestamp":1.7500904179548104e+09,"test_balanced_accuracy0.5":0.5491525423728814,"_step":999,"test_precision0.25":0.3333333432674408,"val_balanced_accuracy0.75":0.5004868549172347,"val_precision0.5":0.3571428656578064,"val_precision0.75":0.25,"train_loss":0.10558043420314789,"test_balanced_accuracy0.75":0.5080508474576271,"val_auroc":0.5204479694366455,"val_precision0.25":0.23333333432674408,"val_recall0.75":0.07692307978868484,"test_recall0.25":0.25,"test_accuracy0.5":0.7215189933776855,"val_accuracy0.5":0.7142857313156128,"test_recall0.75":0.05000000074505806,"_runtime":3358.448905853,"test_recall0.5":0.20000000298023224,"test_auroc":0.5389830470085144,"_wandb":{"runtime":3358},"test_accuracy0.25":0.6835442781448364,"val_balanced_accuracy0.25":0.48904576436222}