{"test_precision0.25":0.25,"_wandb":{"runtime":1076},"_runtime":1076.475839116,"test_recall0.25":1,"test_precision0.5":0.190476194024086,"val_balanced_accuracy0.5":0.554326923076923,"test_balanced_accuracy0.25":0.5,"test_accuracy0.5":0.5874999761581421,"_timestamp":1.753918657009827e+09,"val_balanced_accuracy0.75":0.5,"test_accuracy0.75":0.75,"val_precision0.25":0.24528302252292633,"test_recall0.75":0,"val_balanced_accuracy0.25":0.5,"val_accuracy0.5":0.6603773832321167,"test_recall0.5":0.20000000298023224,"val_auroc":0.5552884340286255,"val_accuracy0.25":0.24528302252292633,"test_balanced_accuracy0.5":0.45833333333333337,"val_precision0.75":0,"train_auroc":0.5966140031814575,"test_accuracy0.25":0.25,"val_precision0.5":0.3214285671710968,"train_loss":2.038365602493286,"val_recall0.25":1,"test_precision0.75":0,"test_balanced_accuracy0.75":0.5,"val_accuracy0.75":0.7547169923782349,"_step":198,"val_recall0.75":0,"test_auroc":0.5258333086967468,"val_recall0.5":0.3461538553237915}