{"_runtime":551.083318459,"_timestamp":1.749543095379259e+09,"test_balanced_accuracy":0.5445269016697588,"val_precision":0,"val_accuracy":0.5925925970077515,"_step":50,"train_auroc":0.8460868000984192,"test_auroc":0.5667903423309326,"_wandb":{"runtime":551},"val_balanced_accuracy":0.4,"val_loss":2.548672676086426,"test_precision":0.3333333432674408,"val_auroc":0.3500000238418579,"test_accuracy":0.6793892979621887,"test_recall":0.27272728085517883,"train_loss":1.31948983669281,"val_recall":0}