{"train_auroc":0.70257169008255,"test_balanced_accuracy0.75":0.5,"test_accuracy0.5":0.607594907283783,"val_accuracy0.75":0.7523809671401978,"val_recall0.75":0,"val_recall0.25":1,"test_recall0.5":0.5,"test_auroc":0.5855932235717773,"test_balanced_accuracy0.5":0.5720338983050848,"test_precision0.5":0.32258063554763794,"_wandb":{"runtime":2369},"test_accuracy0.75":0.746835470199585,"val_accuracy0.5":0.5142857432365417,"test_precision0.25":0.2531645596027374,"test_recall0.25":1,"test_balanced_accuracy0.25":0.5,"_timestamp":1.7507696827399805e+09,"val_balanced_accuracy0.25":0.5,"val_precision0.5":0.19512194395065308,"val_balanced_accuracy0.75":0.5,"test_accuracy0.25":0.2531645596027374,"val_recall0.5":0.3076923191547394,"_runtime":2369.18065934,"val_precision0.25":0.24761904776096344,"_step":408,"test_precision0.75":0,"val_precision0.75":0,"train_loss":2.0426383018493652,"val_accuracy0.25":0.24761904776096344,"val_balanced_accuracy0.5":0.44498539435248297,"val_auroc":0.4863680899143219,"test_recall0.75":0}