{"test_recall0.75":0,"test_recall0.5":1,"train_auroc":0.3983789086341858,"val_auroc":0.5,"train_loss":2.0798208713531494,"_wandb":{"runtime":6656},"test_balanced_accuracy0.5":0.5,"test_balanced_accuracy0.75":0.5,"test_precision0.5":0.25,"val_precision0.75":0,"test_auroc":0.5,"val_accuracy0.75":0.7547169923782349,"test_precision0.75":0,"test_precision0.25":0.25,"val_precision0.25":0.24528302252292633,"val_accuracy0.25":0.24528302252292633,"_timestamp":1.7545823106783586e+09,"val_recall0.5":1,"val_balanced_accuracy0.75":0.5,"test_accuracy0.25":0.25,"test_recall0.25":1,"val_balanced_accuracy0.5":0.5,"test_accuracy0.5":0.25,"val_precision0.5":0.24528302252292633,"val_balanced_accuracy0.25":0.5,"_runtime":6656.330681463,"_step":150,"test_accuracy0.75":0.75,"val_accuracy0.5":0.24528302252292633,"test_balanced_accuracy0.25":0.5,"val_recall0.25":1,"val_recall0.75":0}