{"test_recall0.5":0.25,"test_recall0.25":0.25,"val_precision0.5":0.2666666805744171,"val_balanced_accuracy0.25":0.4946445959104187,"val_accuracy0.25":0.6666666865348816,"val_precision0.25":0.23529411852359772,"test_precision0.75":0.3333333432674408,"_timestamp":1.7498429764198608e+09,"test_precision0.25":0.3125,"val_recall0.75":0.1538461595773697,"val_balanced_accuracy0.5":0.50730282375852,"test_precision0.5":0.38461539149284363,"val_accuracy0.5":0.6857143044471741,"test_accuracy0.25":0.6708860993385315,"_step":499,"val_auroc":0.48393377661705017,"test_balanced_accuracy0.5":0.5572033898305084,"train_loss":1.6614205833320739e-06,"test_accuracy0.75":0.6962025165557861,"test_auroc":0.5855932235717773,"train_auroc":1,"val_balanced_accuracy0.75":0.5262901655306719,"val_accuracy0.75":0.7142857313156128,"test_accuracy0.5":0.7088607549667358,"test_balanced_accuracy0.25":0.5317796610169492,"test_balanced_accuracy0.75":0.5322033898305085,"val_recall0.25":0.1538461595773697,"val_precision0.75":0.3333333432674408,"test_recall0.75":0.20000000298023224,"val_recall0.5":0.1538461595773697,"_runtime":1933.113859726,"_wandb":{"runtime":1933}}