{"test_recall0.25":1,"val_precision0.5":0.24761904776096344,"test_accuracy0.75":0.746835470199585,"val_balanced_accuracy0.75":0.5,"val_precision0.25":0.24761904776096344,"test_precision0.5":0.2531645596027374,"test_precision0.75":0,"val_precision0.75":0,"_step":999,"test_accuracy0.5":0.2531645596027374,"val_balanced_accuracy0.25":0.5,"test_accuracy0.25":0.2531645596027374,"val_recall0.5":1,"test_recall0.5":1,"train_auroc":0.49777597188949585,"test_balanced_accuracy0.5":0.5,"test_balanced_accuracy0.25":0.5,"train_loss":2.0941531658172607,"_runtime":4562.169451306,"val_accuracy0.75":0.7523809671401978,"val_accuracy0.5":0.24761904776096344,"test_auroc":0.5,"test_recall0.75":0,"val_recall0.25":1,"val_balanced_accuracy0.5":0.5,"val_auroc":0.5,"val_accuracy0.25":0.24761904776096344,"_timestamp":1.7500772553515985e+09,"_wandb":{"runtime":4562},"val_recall0.75":0,"test_balanced_accuracy0.75":0.5,"test_precision0.25":0.2531645596027374}