{"val_balanced_accuracy0.25":0.5138753651411879,"test_accuracy0.75":0.6962025165557861,"val_accuracy0.5":0.6857143044471741,"train_loss":0.04596169665455818,"val_balanced_accuracy0.75":0.46835443037974683,"test_precision0.25":0.3333333432674408,"test_accuracy0.25":0.6582278609275818,"test_recall0.75":0.05000000074505806,"val_precision0.5":0.1818181872367859,"val_recall0.75":0,"_wandb":{"runtime":2341},"test_recall0.25":0.3499999940395355,"test_balanced_accuracy0.25":0.5563559322033897,"_timestamp":1.750197890676609e+09,"val_precision0.25":0.2777777910232544,"_step":690,"val_accuracy0.25":0.6761904954910278,"_runtime":2341.478189916,"val_recall0.5":0.07692307978868484,"test_precision0.75":0.1666666716337204,"val_balanced_accuracy0.5":0.48149951314508277,"val_precision0.75":0,"test_balanced_accuracy0.5":0.5072033898305085,"val_recall0.25":0.19230769574642181,"val_auroc":0.5038948655128479,"train_auroc":1,"test_auroc":0.5144068002700806,"test_precision0.5":0.27272728085517883,"test_balanced_accuracy0.75":0.4826271186440678,"test_recall0.5":0.15000000596046448,"val_accuracy0.75":0.7047619223594666,"test_accuracy0.5":0.6835442781448364}