{"val_accuracy0.5":0.7523809671401978,"test_precision0.5":0,"val_precision0.25":0.2539682686328888,"test_balanced_accuracy0.5":0.5,"test_recall0.25":0.699999988079071,"_runtime":3338.618955947,"val_recall0.25":0.6153846383094788,"val_balanced_accuracy0.25":0.5102239532619279,"test_accuracy0.75":0.746835470199585,"test_auroc":0.5211864709854126,"test_precision0.25":0.2800000011920929,"test_accuracy0.25":0.4683544337749481,"val_balanced_accuracy0.5":0.5,"val_recall0.75":0,"test_balanced_accuracy0.75":0.5,"train_loss":1.6234095096588135,"test_recall0.75":0,"val_precision0.75":0,"val_balanced_accuracy0.75":0.5,"test_balanced_accuracy0.25":0.5449152542372881,"val_accuracy0.25":0.4571428596973419,"_step":999,"val_precision0.5":0,"train_auroc":0.6861002445220947,"test_accuracy0.5":0.746835470199585,"val_auroc":0.5486855506896973,"test_recall0.5":0,"_timestamp":1.7501230696173704e+09,"val_recall0.5":0,"_wandb":{"runtime":3338},"val_accuracy0.75":0.7523809671401978,"test_precision0.75":0}