{"train_loss":0.3756061792373657,"val_auroc":0.6666666269302368,"test_accuracy":0.75,"val_recall":0,"_runtime":3122.378018069,"_timestamp":1.7477804730464008e+09,"test_precision":0,"test_auroc":0.6054166555404663,"val_accuracy":0.75,"val_precision":0,"_step":105,"test_recall":0,"train_auroc":0.5950039029121399,"val_loss":0.37489354610443115,"_wandb":{"runtime":3122}}