{"test_balanced_accuracy0.25":0.5,"test_recall0.25":0,"val_accuracy0.75":0.7523809671401978,"val_balanced_accuracy0.5":0.5,"train_loss":1.693469762802124,"test_balanced_accuracy0.5":0.5,"_step":220,"_wandb":{"runtime":1146},"val_auroc":0.5,"test_accuracy0.5":0.746835470199585,"val_recall0.75":0,"test_balanced_accuracy0.75":0.5,"val_precision0.5":0,"_runtime":1146.987214893,"_timestamp":1.7505383487231865e+09,"val_recall0.5":0,"val_balanced_accuracy0.75":0.5,"test_precision0.25":0,"test_recall0.5":0,"train_auroc":0.4256937801837921,"val_precision0.75":0,"test_precision0.5":0,"val_recall0.25":0,"val_accuracy0.25":0.7523809671401978,"test_auroc":0.5,"val_balanced_accuracy0.25":0.5,"val_precision0.25":0,"test_accuracy0.25":0.746835470199585,"test_precision0.75":0,"val_accuracy0.5":0.7523809671401978,"test_accuracy0.75":0.746835470199585,"test_recall0.75":0}