{"train_auroc":0.9725004434585571,"val_recall0.75":0.1538461595773697,"test_balanced_accuracy0.5":0.4652542372881356,"_wandb":{"runtime":3726},"val_precision0.25":0.31578946113586426,"test_accuracy0.25":0.607594907283783,"val_accuracy0.5":0.6857143044471741,"test_accuracy0.75":0.746835470199585,"test_precision0.5":0.1666666716337204,"val_recall0.25":0.692307710647583,"test_balanced_accuracy0.25":0.6216101694915255,"_runtime":3726.838214345,"val_balanced_accuracy0.5":0.5460077896786758,"test_auroc":0.6127117872238159,"test_accuracy0.5":0.6455696225166321,"test_recall0.5":0.10000000149011612,"_step":999,"val_precision0.75":0.6666666865348816,"test_recall0.25":0.6499999761581421,"test_balanced_accuracy0.75":0.5165254237288136,"val_accuracy0.25":0.5523809790611267,"test_precision0.75":0.5,"test_precision0.25":0.3513513505458832,"val_recall0.5":0.26923078298568726,"val_precision0.5":0.3333333432674408,"val_accuracy0.75":0.7714285850524902,"val_balanced_accuracy0.75":0.5642648490749756,"val_balanced_accuracy0.25":0.5993184031158715,"_timestamp":1.7502882111607544e+09,"test_recall0.75":0.05000000074505806,"val_auroc":0.6173320412635803,"train_loss":0.7747045159339905}