{"_wandb":{"runtime":1384},"test_accuracy0.25":0.737500011920929,"train_loss":0.06243625283241272,"val_accuracy0.75":0.5754716992378235,"test_balanced_accuracy0.25":0.5916666666666667,"val_recall0.5":0.23076923191547394,"test_precision0.75":0.4285714328289032,"val_precision0.5":0.17142857611179352,"test_precision0.5":0.5,"val_auroc":0.446153849363327,"_runtime":1384.51261933,"val_accuracy0.5":0.5377358198165894,"val_accuracy0.25":0.5283018946647644,"val_balanced_accuracy0.25":0.45384615384615384,"train_auroc":1,"test_recall0.75":0.15000000596046448,"test_accuracy0.5":0.75,"val_balanced_accuracy0.5":0.4341346153846154,"val_precision0.75":0.19354838132858276,"test_recall0.25":0.30000001192092896,"val_precision0.25":0.20000000298023224,"val_balanced_accuracy0.75":0.4591346153846154,"_timestamp":1.7539422825906901e+09,"val_recall0.75":0.23076923191547394,"val_recall0.25":0.3076923191547394,"test_balanced_accuracy0.5":0.5833333333333333,"test_recall0.5":0.25,"test_balanced_accuracy0.75":0.5416666666666666,"test_accuracy0.75":0.737500011920929,"test_precision0.25":0.4615384638309479,"test_auroc":0.5816667079925537,"_step":212}