{"val_accuracy":0.7037037014961243,"test_balanced_accuracy":0.46796085858585856,"train_loss":0.0011878963559865952,"val_precision":0.4000000059604645,"_step":149,"_runtime":1405.792074656,"train_auroc":1,"val_loss":4.644817352294922,"val_recall":0.2857142984867096,"_timestamp":1.749549174658346e+09,"val_balanced_accuracy":0.5678571428571428,"_wandb":{"runtime":1405},"val_auroc":0.8285714387893677,"test_recall":0.21875,"test_accuracy":0.5954198241233826,"test_auroc":0.5495580434799194,"test_precision":0.20000000298023224}