{"val_balanced_accuracy0.5":0.5019474196689386,"test_precision0.25":0.2531645596027374,"test_balanced_accuracy0.25":0.5,"val_recall0.75":0,"val_accuracy0.75":0.7523809671401978,"test_precision0.75":0,"train_loss":2.056795358657837,"train_auroc":0.7161781787872314,"val_balanced_accuracy0.25":0.5,"val_accuracy0.25":0.24761904776096344,"test_accuracy0.25":0.2531645596027374,"val_precision0.75":0,"test_recall0.25":1,"test_recall0.75":0,"test_recall0.5":0.550000011920929,"val_auroc":0.5778968334197998,"val_precision0.25":0.24761904776096344,"_runtime":2138.55773996,"test_precision0.5":0.3235294222831726,"val_precision0.5":0.25,"val_recall0.5":0.3076923191547394,"test_balanced_accuracy0.75":0.5,"_wandb":{"runtime":2138},"_timestamp":1.7509494487791355e+09,"test_accuracy0.5":0.594936728477478,"test_balanced_accuracy0.5":0.5800847457627119,"val_balanced_accuracy0.75":0.5,"val_recall0.25":1,"_step":251,"val_accuracy0.5":0.6000000238418579,"test_accuracy0.75":0.746835470199585,"test_auroc":0.6228814125061035}