{"val_recall":0,"val_accuracy":0.75,"train_auroc":0.5,"test_accuracy":0.746835470199585,"val_loss":0.3743157386779785,"test_auroc":0.5,"test_recall":0,"val_precision":0,"_wandb":{"runtime":462},"_runtime":460.713074418,"test_precision":0,"_timestamp":1.747650226867291e+09,"train_loss":0.3796709179878235,"_step":35,"val_auroc":0.5}