{"val_accuracy0.75":0.6380952596664429,"val_balanced_accuracy0.5":0.4627555988315482,"val_precision0.5":0.1666666716337204,"test_precision0.25":0.20000000298023224,"_timestamp":1.7501810455013738e+09,"_step":293,"test_balanced_accuracy0.75":0.4572033898305085,"test_recall0.25":0.15000000596046448,"test_precision0.5":0.23076923191547394,"_wandb":{"runtime":1069},"val_recall0.75":0.11538461595773697,"val_precision0.75":0.1666666716337204,"val_recall0.5":0.11538461595773697,"test_balanced_accuracy0.5":0.4902542372881356,"val_recall0.25":0.1538461595773697,"test_auroc":0.4762711524963379,"val_accuracy0.5":0.6380952596664429,"test_accuracy0.75":0.6582278609275818,"test_accuracy0.25":0.6329113841056824,"val_balanced_accuracy0.75":0.4627555988315482,"val_balanced_accuracy0.25":0.46932814021421615,"test_accuracy0.5":0.6582278609275818,"train_loss":7.574942173960153e-06,"test_recall0.5":0.15000000596046448,"val_accuracy0.25":0.6285714507102966,"val_auroc":0.47030186653137207,"test_balanced_accuracy0.25":0.4733050847457627,"test_precision0.75":0.1111111119389534,"_runtime":1069.868208005,"train_auroc":1,"test_recall0.75":0.05000000074505806,"val_precision0.25":0.190476194024086}