{"test_precision":0.30000001192092896,"test_auroc":0.5313559174537659,"train_auroc":0.9191818237304688,"val_recall":0.25,"test_recall":0.30000001192092896,"_timestamp":1.7476603686224592e+09,"val_auroc":0.5416666269302368,"val_precision":0.3333333432674408,"val_accuracy":0.6875,"_wandb":{"runtime":575},"train_loss":0.08819937705993652,"val_loss":0.5246374607086182,"test_accuracy":0.6455696225166321,"_step":69,"_runtime":575.308726403}