{"val_recall0.5":0.03846153989434242,"test_recall0.75":0,"train_loss":1.4276257753372192,"val_balanced_accuracy0.75":0.5,"val_recall0.75":0,"test_accuracy0.25":0.4683544337749481,"val_balanced_accuracy0.25":0.4778481012658228,"test_precision0.25":0.22499999403953552,"val_auroc":0.4654333293437958,"val_recall0.25":0.5,"_runtime":3481.818958548,"test_recall0.5":0,"_timestamp":1.7505880326755838e+09,"test_precision0.75":0,"val_accuracy0.75":0.7523809671401978,"_step":999,"test_precision0.5":0,"val_accuracy0.25":0.46666666865348816,"test_accuracy0.5":0.7215189933776855,"test_balanced_accuracy0.25":0.46228813559322035,"train_auroc":0.7677701711654663,"val_balanced_accuracy0.5":0.5065725413826679,"val_precision0.5":0.3333333432674408,"val_accuracy0.5":0.7428571581840515,"test_balanced_accuracy0.75":0.5,"test_balanced_accuracy0.5":0.4830508474576271,"test_auroc":0.49491527676582336,"test_recall0.25":0.44999998807907104,"test_accuracy0.75":0.746835470199585,"_wandb":{"runtime":3481},"val_precision0.75":0,"val_precision0.25":0.2321428507566452}