{"_runtime":496.677651786,"test_recall":0.05000000074505806,"_step":55,"train_loss":0.011300653219223022,"test_auroc":0.48262709379196167,"test_precision":0.1666666716337204,"val_auroc":0.5,"_timestamp":1.7476995117522447e+09,"_wandb":{"runtime":497},"test_accuracy":0.6962025165557861,"val_loss":1.316481113433838,"val_precision":0.25,"train_auroc":0.9905097484588623,"val_accuracy":0.6875,"val_recall":0.125}