{"val_precision0.75":0.23529411852359772,"test_precision0.25":0.31111112236976624,"test_balanced_accuracy0.75":0.5152542372881356,"test_balanced_accuracy0.5":0.46355932203389827,"test_auroc":0.5466101765632629,"val_accuracy0.5":0.6095238327980042,"val_recall0.75":0.1538461595773697,"val_accuracy0.75":0.6666666865348816,"val_accuracy0.25":0.5333333611488342,"val_recall0.25":0.42307692766189575,"val_balanced_accuracy0.75":0.4946445959104187,"test_accuracy0.25":0.5316455960273743,"_step":805,"val_balanced_accuracy0.5":0.4953748782862707,"val_balanced_accuracy0.25":0.49634858812074,"val_recall0.5":0.26923078298568726,"test_recall0.5":0.30000001192092896,"_wandb":{"runtime":3571},"_runtime":3571.922800823,"val_precision0.25":0.24444444477558136,"test_balanced_accuracy0.25":0.5872881355932204,"test_recall0.25":0.699999988079071,"test_accuracy0.75":0.6708860993385315,"test_precision0.5":0.2142857164144516,"test_recall0.75":0.20000000298023224,"_timestamp":1.7507255887713773e+09,"train_loss":0.2313232272863388,"test_accuracy0.5":0.5443037748336792,"test_precision0.75":0.2857142984867096,"train_auroc":0.9986780881881714,"val_auroc":0.5292112827301025,"val_precision0.5":0.24137930572032928}