{"val_balanced_accuracy0.75":0.5,"train_loss":2.0797879695892334,"_step":161,"val_recall0.5":0,"test_auroc":0.5,"test_accuracy0.25":0.25,"test_balanced_accuracy0.25":0.5,"test_accuracy0.75":0.75,"val_balanced_accuracy0.5":0.5,"_runtime":6756.019084587,"test_recall0.5":0,"test_recall0.25":1,"val_precision0.75":0,"val_auroc":0.5,"val_balanced_accuracy0.25":0.5,"test_precision0.25":0.25,"test_accuracy0.5":0.75,"val_recall0.25":1,"val_accuracy0.75":0.7476635575294495,"val_precision0.5":0,"_timestamp":1.7543979715592902e+09,"test_precision0.5":0,"_wandb":{"runtime":6756},"val_precision0.25":0.25233644247055054,"test_balanced_accuracy0.75":0.5,"test_balanced_accuracy0.5":0.5,"val_accuracy0.5":0.7476635575294495,"test_recall0.75":0,"val_accuracy0.25":0.25233644247055054,"test_precision0.75":0,"val_recall0.75":0,"train_auroc":0.4009374976158142}