{"test_balanced_accuracy":0.48902288188002474,"_step":60,"test_precision":0.22727273404598236,"test_recall":0.1515151560306549,"test_auroc":0.5386518239974976,"test_accuracy":0.6564885377883911,"train_auroc":0.9987407922744751,"_timestamp":1.7495133720839577e+09,"val_balanced_accuracy":0.5714285714285714,"val_auroc":0.392857164144516,"val_loss":22.567142486572266,"val_accuracy":0.7777777910232544,"_runtime":536.658720779,"train_loss":0.11996132880449295,"_wandb":{"runtime":536},"val_recall":0.1428571492433548,"val_precision":1}