{"_wandb":{"runtime":7},"test_precision0.75":0,"val_balanced_accuracy0.25":0.5,"val_precision0.5":0.3333333432674408,"test_precision0.5":0.5,"test_accuracy0.25":0.5,"val_auroc":0,"test_accuracy0.75":0.5,"val_accuracy0.5":0.3333333432674408,"test_balanced_accuracy0.25":0.5,"val_precision0.25":0.3333333432674408,"test_recall0.25":1,"val_accuracy0.25":0.3333333432674408,"test_recall0.75":0,"test_auroc":1,"test_precision0.25":0.5,"val_balanced_accuracy0.75":0.5,"test_recall0.5":1,"val_recall0.25":1,"test_balanced_accuracy0.5":0.5,"test_balanced_accuracy0.75":0.5,"val_recall0.75":0,"val_recall0.5":1,"train_loss":0.7007402181625366,"val_precision0.75":0,"test_accuracy0.5":0.5,"_step":1,"_timestamp":1.7513641623408415e+09,"val_balanced_accuracy0.5":0.5,"_runtime":7.5412827,"train_auroc":0,"val_accuracy0.75":0.6666666865348816}