{"val_accuracy0.25":0.7142857313156128,"test_accuracy0.25":0.594936728477478,"test_balanced_accuracy0.5":0.4483050847457627,"val_precision0.25":0.4000000059604645,"val_recall0.5":0.3076923191547394,"val_accuracy0.75":0.761904776096344,"train_auroc":1,"_runtime":3782.786850993,"val_recall0.75":0.26923078298568726,"test_precision0.75":0.1428571492433548,"_wandb":{"runtime":3782},"test_balanced_accuracy0.75":0.4483050847457627,"_step":999,"test_auroc":0.39152541756629944,"val_accuracy0.5":0.7428571581840515,"val_balanced_accuracy0.5":0.5968841285296982,"val_balanced_accuracy0.75":0.5966407010710808,"test_balanced_accuracy0.25":0.4313559322033898,"val_precision0.75":0.5384615659713745,"test_recall0.25":0.10000000149011612,"val_recall0.25":0.3076923191547394,"test_recall0.75":0.10000000149011612,"test_accuracy0.5":0.6202531456947327,"test_precision0.5":0.1428571492433548,"test_recall0.5":0.10000000149011612,"train_loss":4.577911454362038e-07,"_timestamp":1.750055014667266e+09,"val_balanced_accuracy0.25":0.5778967867575462,"val_precision0.5":0.47058823704719543,"test_accuracy0.75":0.6202531456947327,"test_precision0.25":0.125,"val_auroc":0.5457643866539001}