{"val_balanced_accuracy0.25":0.49884259259259256,"val_accuracy0.75":0.7102803587913513,"_timestamp":1.7536413427166502e+09,"test_balanced_accuracy0.5":0.4916666666666667,"test_auroc":0.4945833384990692,"val_accuracy0.5":0.663551390171051,"val_precision0.5":0.2631579041481018,"_runtime":2198.665512651,"test_recall0.75":0.15000000596046448,"val_recall0.75":0.18518517911434174,"test_balanced_accuracy0.75":0.5,"test_balanced_accuracy0.25":0.47500000000000003,"test_recall0.25":0.15000000596046448,"val_precision0.25":0.25,"test_precision0.25":0.20000000298023224,"test_precision0.75":0.25,"val_recall0.5":0.18518517911434174,"_wandb":{"runtime":2198},"train_loss":2.7302965463604778e-05,"test_accuracy0.75":0.675000011920929,"val_auroc":0.46296295523643494,"test_recall0.5":0.15000000596046448,"test_precision0.5":0.23076923191547394,"val_recall0.25":0.18518517911434174,"_step":190,"test_accuracy0.25":0.637499988079071,"train_auroc":1,"val_precision0.75":0.3571428656578064,"val_accuracy0.25":0.6542056202888489,"val_balanced_accuracy0.5":0.5050925925925925,"test_accuracy0.5":0.6625000238418579,"val_balanced_accuracy0.75":0.5363425925925925}