{"test_balanced_accuracy0.5":0.525,"test_precision0.5":0.3333333432674408,"test_balanced_accuracy0.75":0.5,"test_accuracy0.25":0.6875,"test_precision0.25":0.27272728085517883,"_step":999,"val_precision0.75":0.1875,"val_precision0.5":0.1764705926179886,"train_loss":0.11942635476589203,"val_recall0.75":0.1111111119389534,"test_accuracy0.5":0.7124999761581421,"test_recall0.5":0.15000000596046448,"_timestamp":1.7541725053973608e+09,"val_recall0.25":0.18518517911434174,"train_auroc":0.9995253086090088,"_wandb":{"runtime":10629},"val_accuracy0.25":0.6074766516685486,"val_balanced_accuracy0.75":0.47430555555555554,"val_recall0.5":0.1111111119389534,"val_precision0.25":0.20000000298023224,"val_balanced_accuracy0.25":0.46759259259259256,"test_balanced_accuracy0.25":0.5083333333333333,"test_precision0.75":0.25,"_runtime":10629.233354299,"val_balanced_accuracy0.5":0.46805555555555556,"test_recall0.25":0.15000000596046448,"test_recall0.75":0.10000000149011612,"val_accuracy0.75":0.6542056202888489,"val_accuracy0.5":0.644859790802002,"test_accuracy0.75":0.699999988079071,"test_auroc":0.5075000524520874,"val_auroc":0.49606481194496155}