{"_timestamp":1.7542975245372732e+09,"test_precision0.5":0,"test_balanced_accuracy0.75":0.5,"val_balanced_accuracy0.5":0.5,"val_precision0.25":0.25233644247055054,"val_accuracy0.5":0.7476635575294495,"val_recall0.5":0,"val_accuracy0.25":0.25233644247055054,"test_recall0.5":0,"val_auroc":0.5298610925674438,"test_accuracy0.75":0.75,"train_loss":2.1625454425811768,"_runtime":3921.839198317,"val_recall0.75":0,"test_balanced_accuracy0.5":0.5,"val_balanced_accuracy0.25":0.5,"test_balanced_accuracy0.25":0.5,"val_accuracy0.75":0.7476635575294495,"test_auroc":0.5083333253860474,"train_auroc":0.6226217150688171,"val_recall0.25":1,"test_accuracy0.5":0.75,"val_precision0.5":0,"val_precision0.75":0,"test_recall0.75":0,"test_accuracy0.25":0.25,"_step":444,"test_precision0.25":0.25,"val_balanced_accuracy0.75":0.5,"_wandb":{"runtime":3921},"test_recall0.25":1,"test_precision0.75":0}