{"_wandb":{"runtime":5647},"test_auroc":0.4833333492279053,"val_precision0.5":0.27272728085517883,"val_accuracy0.25":0.4672897160053253,"train_auroc":1,"val_balanced_accuracy0.5":0.5277777777777778,"test_balanced_accuracy0.25":0.45,"val_recall0.5":0.5555555820465088,"test_recall0.75":0.5,"test_precision0.5":0.22727273404598236,"test_precision0.75":0.23255814611911774,"test_precision0.25":0.21739129722118378,"val_precision0.75":0.2857142984867096,"val_accuracy0.75":0.5794392228126526,"val_recall0.25":0.5555555820465088,"val_balanced_accuracy0.75":0.5347222222222222,"_timestamp":1.75392657270569e+09,"test_accuracy0.5":0.44999998807907104,"val_accuracy0.5":0.514018714427948,"train_loss":0.0013559930957853794,"test_balanced_accuracy0.5":0.4666666666666667,"test_recall0.5":0.5,"val_recall0.75":0.4444444477558136,"test_recall0.25":0.5,"val_auroc":0.5175925493240356,"val_precision0.25":0.25,"_runtime":5647.020496519,"test_accuracy0.25":0.42500001192092896,"_step":242,"test_balanced_accuracy0.75":0.475,"test_accuracy0.75":0.4625000059604645,"val_balanced_accuracy0.25":0.4965277777777778}