{"_runtime":2165.834193229,"test_accuracy0.75":0.746835470199585,"val_accuracy0.75":0.7523809671401978,"test_balanced_accuracy0.75":0.5,"val_recall0.75":0,"test_precision0.75":0,"val_accuracy0.25":0.24761904776096344,"val_precision0.5":0,"val_precision0.75":0,"test_precision0.25":0.2531645596027374,"test_recall0.75":0,"val_recall0.5":0,"val_balanced_accuracy0.5":0.5,"_wandb":{"runtime":2165},"val_recall0.25":1,"test_recall0.5":0,"val_balanced_accuracy0.75":0.5,"val_balanced_accuracy0.25":0.5,"val_auroc":0.5,"test_recall0.25":1,"test_auroc":0.5,"test_balanced_accuracy0.5":0.5,"test_balanced_accuracy0.25":0.5,"_step":152,"train_loss":2.093595266342163,"test_accuracy0.5":0.746835470199585,"train_auroc":0.46458902955055237,"test_precision0.5":0,"test_accuracy0.25":0.2531645596027374,"val_accuracy0.5":0.7523809671401978,"_timestamp":1.7509859270621283e+09,"val_precision0.25":0.24761904776096344}