{"test_accuracy0.75":0.737500011920929,"test_auroc":0.5824999809265137,"_step":215,"val_recall0.5":0.3461538553237915,"test_precision0.5":0.3636363744735718,"train_loss":6.1864684539614245e-06,"_wandb":{"runtime":2057},"test_balanced_accuracy0.75":0.5583333333333333,"test_recall0.75":0.20000000298023224,"val_recall0.25":0.3461538553237915,"test_accuracy0.5":0.7124999761581421,"val_accuracy0.75":0.5849056839942932,"test_recall0.5":0.20000000298023224,"test_precision0.75":0.4444444477558136,"val_accuracy0.25":0.5754716992378235,"val_balanced_accuracy0.75":0.5043269230769231,"train_auroc":1,"val_balanced_accuracy0.5":0.5043269230769231,"val_precision0.25":0.2432432472705841,"_timestamp":1.7535446226649022e+09,"test_recall0.25":0.20000000298023224,"test_balanced_accuracy0.25":0.5333333333333333,"val_balanced_accuracy0.25":0.4980769230769231,"test_balanced_accuracy0.5":0.5416666666666666,"val_precision0.75":0.25,"_runtime":2057.248077256,"test_precision0.25":0.3333333432674408,"val_precision0.5":0.25,"val_recall0.75":0.3461538553237915,"test_accuracy0.25":0.699999988079071,"val_auroc":0.4975961744785309,"val_accuracy0.5":0.5849056839942932}