{"val_recall":0.25,"val_auroc":0.625,"val_precision":1,"_runtime":1327.989135279,"test_recall":0.10000000149011612,"val_accuracy":0.8125,"_timestamp":1.747693562076085e+09,"train_auroc":0.9976525902748108,"test_auroc":0.5161017179489136,"test_precision":0.3333333432674408,"_step":87,"_wandb":{"runtime":1328},"val_loss":0.805334746837616,"train_loss":0.015849892050027847,"test_accuracy":0.7215189933776855}