{"test_recall0.5":0,"test_accuracy0.25":0.75,"_runtime":451.097550982,"val_recall0.75":0,"test_balanced_accuracy0.25":0.5,"val_balanced_accuracy0.75":0.5,"val_balanced_accuracy0.5":0.5,"val_precision0.25":0,"val_precision0.5":0,"test_precision0.5":0,"val_precision0.75":0,"train_loss":1.679870367050171,"test_auroc":0.5733333230018616,"test_balanced_accuracy0.5":0.5,"test_accuracy0.75":0.75,"test_balanced_accuracy0.75":0.5,"val_recall0.5":0,"test_precision0.75":0,"val_recall0.25":0,"test_recall0.75":0,"val_accuracy0.25":0.7452830076217651,"val_accuracy0.5":0.7452830076217651,"test_precision0.25":0,"test_recall0.25":0,"_step":169,"_timestamp":1.753460072787769e+09,"_wandb":{"runtime":451},"val_auroc":0.5897796154022217,"test_accuracy0.5":0.75,"train_auroc":0.46533021330833435,"val_balanced_accuracy0.25":0.5,"val_accuracy0.75":0.7452830076217651}