{"test_recall0.25":0.949999988079071,"val_recall0.25":1,"test_precision0.25":0.25,"test_accuracy0.25":0.26582279801368713,"test_balanced_accuracy0.75":0.5,"test_precision0.5":0,"test_accuracy0.5":0.746835470199585,"_step":150,"val_balanced_accuracy0.25":0.5126582278481012,"val_accuracy0.25":0.2666666805744171,"val_balanced_accuracy0.5":0.5,"test_auroc":0.5406779646873474,"_runtime":1467.612500214,"val_balanced_accuracy0.75":0.5,"test_precision0.75":0,"test_balanced_accuracy0.5":0.5,"val_precision0.5":0,"val_accuracy0.75":0.7523809671401978,"test_accuracy0.75":0.746835470199585,"val_recall0.75":0,"val_precision0.25":0.25242719054222107,"val_precision0.75":0,"test_recall0.75":0,"val_auroc":0.535053551197052,"val_accuracy0.5":0.7523809671401978,"val_recall0.5":0,"test_recall0.5":0,"_wandb":{"runtime":1467},"train_loss":1.7008049488067627,"_timestamp":1.7508340457351809e+09,"test_balanced_accuracy0.25":0.49194915254237287,"train_auroc":0.5094937086105347}