{"test_precision0.5":0.06666667014360428,"test_balanced_accuracy0.25":0.40635593220338984,"test_auroc":0.4699152112007141,"val_precision0.25":0.25925925374031067,"val_accuracy0.75":0.6380952596664429,"test_recall0.75":0.05000000074505806,"val_recall0.75":0.26923078298568726,"test_balanced_accuracy0.75":0.40635593220338984,"val_accuracy0.5":0.6380952596664429,"val_precision0.75":0.26923078298568726,"test_balanced_accuracy0.5":0.40635593220338984,"_timestamp":1.750549858915118e+09,"test_precision0.25":0.06666667014360428,"val_balanced_accuracy0.25":0.5080331061343719,"test_accuracy0.75":0.5822784900665283,"train_loss":0.04371748864650726,"val_precision0.5":0.26923078298568726,"val_balanced_accuracy0.75":0.5143622200584226,"test_precision0.75":0.06666667014360428,"_runtime":1564.437896246,"_wandb":{"runtime":1564},"val_recall0.25":0.26923078298568726,"val_balanced_accuracy0.5":0.5143622200584226,"_step":344,"train_auroc":0.9993305206298828,"val_recall0.5":0.26923078298568726,"val_auroc":0.49756571650505066,"test_accuracy0.25":0.5822784900665283,"val_accuracy0.25":0.6285714507102966,"test_accuracy0.5":0.5822784900665283,"test_recall0.25":0.05000000074505806,"test_recall0.5":0.05000000074505806}