{"val_balanced_accuracy0.75":0.5009737098344693,"train_loss":9.070047894965683e-07,"test_recall0.25":0.10000000149011612,"_step":224,"val_auroc":0.5109542012214661,"test_precision0.25":0.1428571492433548,"test_auroc":0.5461864471435547,"val_accuracy0.25":0.6761904954910278,"val_accuracy0.75":0.6761904954910278,"_timestamp":1.750547165799276e+09,"test_precision0.5":0.1428571492433548,"val_balanced_accuracy0.25":0.5267770204479065,"val_recall0.75":0.1538461595773697,"val_balanced_accuracy0.5":0.5202044790652386,"test_precision0.75":0.1428571492433548,"val_precision0.5":0.29411765933036804,"_wandb":{"runtime":771},"test_balanced_accuracy0.5":0.4483050847457627,"val_precision0.75":0.25,"train_auroc":1,"test_recall0.5":0.10000000149011612,"_runtime":771.206511173,"test_accuracy0.25":0.6202531456947327,"test_balanced_accuracy0.75":0.4483050847457627,"test_recall0.75":0.10000000149011612,"val_recall0.5":0.19230769574642181,"test_balanced_accuracy0.25":0.4483050847457627,"val_accuracy0.5":0.6857143044471741,"val_precision0.25":0.30000001192092896,"val_recall0.25":0.23076923191547394,"test_accuracy0.75":0.6202531456947327,"test_accuracy0.5":0.6202531456947327}