{"val_recall0.25":0.4444444477558136,"val_balanced_accuracy0.75":0.46064814814814814,"_wandb":{"runtime":6187},"train_auroc":1,"val_accuracy0.75":0.5420560836791992,"test_balanced_accuracy0.75":0.4,"val_precision0.5":0.2222222238779068,"test_accuracy0.5":0.5249999761581421,"val_precision0.75":0.21052631735801697,"test_recall0.5":0.30000001192092896,"val_auroc":0.48310184478759766,"test_recall0.25":0.30000001192092896,"test_recall0.75":0.15000000596046448,"test_accuracy0.25":0.48750001192092896,"test_precision0.5":0.20000000298023224,"train_loss":0.009262324310839176,"_timestamp":1.7550079497612424e+09,"test_precision0.25":0.1818181872367859,"_step":263,"_runtime":6187.752804032,"test_balanced_accuracy0.5":0.44999999999999996,"val_accuracy0.5":0.514018714427948,"val_recall0.75":0.29629629850387573,"val_precision0.25":0.22641509771347046,"test_balanced_accuracy0.25":0.42500000000000004,"val_balanced_accuracy0.25":0.46597222222222223,"test_accuracy0.75":0.5249999761581421,"test_precision0.75":0.125,"val_balanced_accuracy0.5":0.4664351851851852,"val_accuracy0.25":0.47663551568984985,"val_recall0.5":0.37037035822868347,"test_auroc":0.44374996423721313}