{"_step":289,"test_precision0.75":0.1111111119389534,"test_precision0.25":0.1764705926179886,"test_recall0.75":0.05000000074505806,"_wandb":{"runtime":757},"val_balanced_accuracy0.25":0.4883154819863681,"test_accuracy0.5":0.6202531456947327,"train_loss":0.0008335048332810402,"train_auroc":1,"val_recall0.75":0.07692307978868484,"test_accuracy0.25":0.607594907283783,"val_recall0.25":0.1538461595773697,"test_accuracy0.75":0.6582278609275818,"val_balanced_accuracy0.5":0.4944011684518014,"val_auroc":0.42891913652420044,"_runtime":757.000793193,"test_precision0.5":0.0833333358168602,"test_balanced_accuracy0.5":0.4317796610169492,"_timestamp":1.7501249628148823e+09,"test_recall0.5":0.05000000074505806,"val_precision0.75":0.25,"val_recall0.5":0.11538461595773697,"val_accuracy0.75":0.7142857313156128,"val_precision0.5":0.23076923191547394,"test_recall0.25":0.15000000596046448,"val_balanced_accuracy0.75":0.5004868549172347,"test_auroc":0.49491527676582336,"val_accuracy0.5":0.6857143044471741,"val_precision0.25":0.2222222238779068,"test_balanced_accuracy0.75":0.4572033898305085,"val_accuracy0.25":0.6571428775787354,"test_balanced_accuracy0.25":0.4563559322033898}