{"test_precision0.5":0.26923078298568726,"val_accuracy0.5":0.6190476417541504,"test_recall0.5":0.3499999940395355,"val_precision0.25":0.25531914830207825,"_runtime":3942.652065146,"test_precision0.25":0.2535211145877838,"_wandb":{"runtime":3942},"val_balanced_accuracy0.75":0.5065725413826679,"test_recall0.25":0.8999999761581421,"test_balanced_accuracy0.5":0.5139830508474577,"test_accuracy0.25":0.3037974536418915,"_timestamp":1.750226132368535e+09,"train_auroc":0.7672648429870605,"val_recall0.25":0.9230769276618958,"test_accuracy0.75":0.746835470199585,"val_accuracy0.75":0.7428571581840515,"test_accuracy0.5":0.594936728477478,"_step":999,"val_balanced_accuracy0.25":0.5185004868549172,"test_recall0.75":0,"val_accuracy0.25":0.3142857253551483,"test_precision0.75":0,"val_precision0.75":0.3333333432674408,"val_recall0.5":0.4615384638309479,"test_auroc":0.5440678000450134,"test_balanced_accuracy0.25":0.5008474576271187,"val_auroc":0.518013596534729,"train_loss":1.7968205213546753,"val_balanced_accuracy0.5":0.5662122687439144,"val_precision0.5":0.31578946113586426,"test_balanced_accuracy0.75":0.5,"val_recall0.75":0.03846153989434242}