{"_wandb":{"runtime":4325},"test_balanced_accuracy0.75":0.5,"val_recall0.5":0.26923078298568726,"val_precision0.75":0,"_step":999,"val_recall0.75":0,"train_auroc":0.810447096824646,"train_loss":1.6368401050567627,"test_accuracy0.5":0.6329113841056824,"test_recall0.25":0.8999999761581421,"val_balanced_accuracy0.5":0.4953748782862707,"test_recall0.5":0.4000000059604645,"test_balanced_accuracy0.25":0.4838983050847458,"test_recall0.75":0,"val_accuracy0.75":0.7523809671401978,"val_precision0.5":0.24137930572032928,"test_accuracy0.75":0.746835470199585,"test_balanced_accuracy0.5":0.5559322033898305,"val_balanced_accuracy0.75":0.5,"test_precision0.5":0.3199999928474426,"val_precision0.25":0.2526315748691559,"_runtime":4325.839813876,"val_balanced_accuracy0.25":0.5121713729308667,"test_auroc":0.5855932235717773,"val_auroc":0.4776046872138977,"test_precision0.25":0.24657534062862396,"_timestamp":1.7502138423946886e+09,"test_precision0.75":0,"val_accuracy0.5":0.6095238327980042,"val_recall0.25":0.9230769276618958,"test_accuracy0.25":0.27848100662231445,"val_accuracy0.25":0.3047619163990021}