{"test_balanced_accuracy":0.5,"test_recall":0,"val_precision":0,"_timestamp":1.7495665907176795e+09,"_step":54,"val_loss":1.9985371828079224,"test_accuracy":0.75,"test_precision":0,"_wandb":{"runtime":251},"val_accuracy":0.7407407164573669,"train_loss":1.992601990699768,"val_auroc":0.3857142925262451,"val_recall":0,"test_auroc":0.6688092947006226,"train_auroc":0.5757840871810913,"val_balanced_accuracy":0.5,"_runtime":251.208616619}