{"test_recall0.25":0.25,"val_recall0.75":0.3076923191547394,"_wandb":{"runtime":1411},"val_precision0.5":0.23529411852359772,"test_balanced_accuracy0.25":0.525,"val_accuracy0.75":0.6320754885673523,"val_recall0.25":0.3076923191547394,"val_balanced_accuracy0.5":0.4913461538461539,"val_precision0.75":0.27586206793785095,"test_precision0.25":0.29411765933036804,"train_loss":2.453089109621942e-05,"val_precision0.25":0.21052631735801697,"train_auroc":1,"_step":196,"test_auroc":0.5416666269302368,"val_balanced_accuracy0.25":0.46634615384615385,"_runtime":1411.240751724,"val_auroc":0.4730769395828247,"test_recall0.75":0.25,"test_accuracy0.75":0.699999988079071,"test_balanced_accuracy0.5":0.5416666666666667,"test_recall0.5":0.25,"test_balanced_accuracy0.75":0.55,"val_recall0.5":0.3076923191547394,"val_accuracy0.5":0.5849056839942932,"test_accuracy0.5":0.6875,"test_accuracy0.25":0.6625000238418579,"test_precision0.75":0.3571428656578064,"_timestamp":1.7539340244553666e+09,"val_accuracy0.25":0.5471698045730591,"test_precision0.5":0.3333333432674408,"val_balanced_accuracy0.75":0.5225961538461539}