{"train_loss":0.030153384432196617,"_timestamp":1.7548626301481347e+09,"test_precision0.25":0.3913043439388275,"test_recall0.75":0.25,"test_precision0.5":0.3333333432674408,"val_accuracy0.75":0.6915887594223022,"val_balanced_accuracy0.75":0.5361111111111111,"train_auroc":1,"test_accuracy0.5":0.675000011920929,"val_recall0.25":0.29629629850387573,"test_recall0.25":0.44999998807907104,"val_accuracy0.25":0.644859790802002,"test_balanced_accuracy0.75":0.55,"test_precision0.75":0.3571428656578064,"test_recall0.5":0.30000001192092896,"test_auroc":0.6020833253860474,"test_balanced_accuracy0.5":0.55,"test_accuracy0.25":0.6875,"val_precision0.5":0.2916666567325592,"val_balanced_accuracy0.25":0.5293981481481481,"val_precision0.75":0.3333333432674408,"test_accuracy0.75":0.699999988079071,"val_auroc":0.5916666984558105,"val_balanced_accuracy0.5":0.5233796296296296,"val_recall0.75":0.2222222238779068,"_wandb":{"runtime":43527},"val_accuracy0.5":0.6542056202888489,"val_recall0.5":0.25925925374031067,"val_precision0.25":0.29629629850387573,"_step":975,"_runtime":43527.64594693,"test_balanced_accuracy0.25":0.6083333333333334}