{"test_balanced_accuracy0.75":0.4995762711864407,"test_precision0.75":0.25,"test_balanced_accuracy0.25":0.49915254237288137,"test_balanced_accuracy0.5":0.49915254237288137,"test_recall0.5":0.10000000149011612,"test_precision0.5":0.25,"val_recall0.25":0.19230769574642181,"val_balanced_accuracy0.5":0.5326192794547224,"test_accuracy0.25":0.6962025165557861,"_wandb":{"runtime":728},"test_accuracy0.75":0.7215189933776855,"_timestamp":1.7504918543749306e+09,"val_balanced_accuracy0.75":0.5389483933787731,"val_accuracy0.5":0.723809540271759,"test_precision0.25":0.25,"val_recall0.75":0.1538461595773697,"val_balanced_accuracy0.25":0.5265335929892893,"test_recall0.25":0.10000000149011612,"test_accuracy0.5":0.6962025165557861,"val_accuracy0.25":0.6952381134033203,"val_precision0.5":0.3636363744735718,"val_precision0.25":0.3125,"_runtime":728.414129821,"val_precision0.75":0.4000000059604645,"test_auroc":0.5372881293296814,"train_loss":0.04062065854668617,"train_auroc":0.9993914365768433,"_step":265,"val_auroc":0.49318403005599976,"val_accuracy0.75":0.7333333492279053,"val_recall0.5":0.1538461595773697,"test_recall0.75":0.05000000074505806}