{"test_recall0.5":0.20000000298023224,"val_accuracy0.5":0.6320754885673523,"test_accuracy0.25":0.762499988079071,"val_recall0.25":0.07407407462596893,"val_accuracy0.25":0.6037735939025879,"train_auroc":1,"val_auroc":0.3642756938934326,"test_balanced_accuracy0.25":0.6416666666666666,"val_accuracy0.75":0.6698113083839417,"test_accuracy0.5":0.7250000238418579,"val_precision0.5":0.125,"test_recall0.75":0.20000000298023224,"_timestamp":1.7537550879342167e+09,"val_balanced_accuracy0.75":0.4737458977965307,"test_balanced_accuracy0.5":0.55,"_runtime":967.796210475,"test_precision0.25":0.5333333611488342,"val_balanced_accuracy0.25":0.42944210032817626,"test_precision0.5":0.4000000059604645,"val_recall0.5":0.07407407462596893,"test_precision0.75":0.4444444477558136,"val_precision0.25":0.10526315867900848,"val_precision0.75":0.1666666716337204,"test_recall0.25":0.4000000059604645,"test_balanced_accuracy0.75":0.5583333333333333,"train_loss":0.009546916000545025,"_step":282,"val_balanced_accuracy0.5":0.4484294421003282,"test_auroc":0.6808333396911621,"val_recall0.75":0.07407407462596893,"_wandb":{"runtime":967},"test_accuracy0.75":0.737500011920929}