{"val_precision0.25":0.24761904776096344,"val_recall0.5":0,"val_balanced_accuracy0.75":0.5,"test_recall0.5":0,"val_balanced_accuracy0.25":0.5,"test_accuracy0.75":0.746835470199585,"train_auroc":0.5436460971832275,"val_recall0.75":0,"val_accuracy0.75":0.7523809671401978,"test_accuracy0.25":0.2531645596027374,"val_recall0.25":1,"_timestamp":1.7502402881084538e+09,"test_balanced_accuracy0.5":0.5,"val_auroc":0.4919668734073639,"test_precision0.75":0,"_step":159,"test_recall0.25":1,"val_balanced_accuracy0.5":0.5,"_wandb":{"runtime":537},"test_precision0.25":0.2531645596027374,"test_recall0.75":0,"train_loss":2.092634677886963,"test_precision0.5":0,"val_accuracy0.25":0.24761904776096344,"test_balanced_accuracy0.25":0.5,"val_precision0.5":0,"val_precision0.75":0,"_runtime":537.374083993,"test_auroc":0.5271186828613281,"test_balanced_accuracy0.75":0.5,"val_accuracy0.5":0.7523809671401978,"test_accuracy0.5":0.746835470199585}