{"_wandb":{"runtime":1746},"val_accuracy0.5":0.4571428596973419,"val_balanced_accuracy0.5":0.5618305744888024,"test_precision0.5":0.2631579041481018,"_timestamp":1.7513950866784298e+09,"test_balanced_accuracy0.25":0.5271186440677966,"val_recall0.75":0.7692307829856873,"val_precision0.75":0.2857142984867096,"train_auroc":0.9962345361709595,"test_recall0.75":0.75,"test_auroc":0.5538135766983032,"val_balanced_accuracy0.75":0.568159688412853,"val_precision0.25":0.2631579041481018,"test_accuracy0.75":0.4556961953639984,"val_accuracy0.25":0.4095238149166107,"train_loss":0.19468814134597778,"test_accuracy0.5":0.40506330132484436,"_step":330,"test_recall0.25":0.800000011920929,"val_precision0.5":0.28169015049934387,"_runtime":1746.988999569,"val_auroc":0.6037000417709351,"test_accuracy0.25":0.39240506291389465,"test_balanced_accuracy0.75":0.5529661016949152,"val_recall0.25":0.7692307829856873,"test_precision0.75":0.2830188572406769,"val_recall0.5":0.7692307829856873,"val_balanced_accuracy0.25":0.5301850048685492,"test_balanced_accuracy0.5":0.5190677966101696,"test_recall0.5":0.75,"val_accuracy0.75":0.46666666865348816,"test_precision0.25":0.2666666805744171}