{"test_recall0.25":1,"test_balanced_accuracy0.75":0.5,"val_precision0.25":0.24761904776096344,"train_auroc":0.47630584239959717,"_step":174,"test_precision0.25":0.2531645596027374,"test_accuracy0.25":0.2531645596027374,"val_precision0.5":0,"val_recall0.5":0,"_timestamp":1.7513834992255356e+09,"val_recall0.75":0,"test_precision0.5":0,"test_balanced_accuracy0.5":0.5,"test_accuracy0.5":0.746835470199585,"test_auroc":0.48771190643310547,"val_balanced_accuracy0.25":0.5,"_wandb":{"runtime":996},"val_accuracy0.5":0.7523809671401978,"val_auroc":0.43524831533432007,"val_precision0.75":0,"val_recall0.25":1,"test_recall0.5":0,"_runtime":996.403254802,"val_balanced_accuracy0.5":0.5,"test_recall0.75":0,"val_accuracy0.75":0.7523809671401978,"val_accuracy0.25":0.24761904776096344,"test_balanced_accuracy0.25":0.5,"val_balanced_accuracy0.75":0.5,"test_accuracy0.75":0.746835470199585,"train_loss":2.093604564666748,"test_precision0.75":0}