{"val_recall0.75":0.23076923191547394,"test_precision0.25":0.36000001430511475,"test_recall0.25":0.44999998807907104,"val_recall0.5":0.26923078298568726,"val_precision0.5":0.3888888955116272,"test_balanced_accuracy0.75":0.5322033898305085,"test_auroc":0.5669491291046143,"val_accuracy0.25":0.6571428775787354,"val_auroc":0.5647517442703247,"_timestamp":1.7514462427574947e+09,"val_accuracy0.75":0.7333333492279053,"val_balanced_accuracy0.75":0.5647517039922103,"test_balanced_accuracy0.5":0.5733050847457627,"test_recall0.5":0.3499999940395355,"val_balanced_accuracy0.5":0.5649951314508277,"test_balanced_accuracy0.25":0.589406779661017,"val_recall0.25":0.3076923191547394,"test_accuracy0.5":0.6835442781448364,"val_precision0.25":0.3076923191547394,"test_accuracy0.25":0.6582278609275818,"val_precision0.75":0.4285714328289032,"_step":544,"test_precision0.5":0.3684210479259491,"train_loss":0.06098324805498123,"train_auroc":0.9995994567871094,"test_accuracy0.75":0.6962025165557861,"_runtime":3098.444015474,"test_recall0.75":0.20000000298023224,"val_accuracy0.5":0.7142857313156128,"test_precision0.75":0.3333333432674408,"val_balanced_accuracy0.25":0.5399221032132424,"_wandb":{"runtime":3098}}