{"test_balanced_accuracy0.75":0.55,"train_loss":0.021938679739832878,"test_accuracy0.75":0.699999988079071,"_wandb":{"runtime":1591},"test_balanced_accuracy0.25":0.6083333333333334,"val_balanced_accuracy0.5":0.5595405532114393,"val_recall0.75":0.25925925374031067,"train_auroc":1,"val_precision0.25":0.3214285671710968,"test_recall0.75":0.25,"test_precision0.25":0.3913043439388275,"test_precision0.75":0.3571428656578064,"val_precision0.5":0.3636363744735718,"val_balanced_accuracy0.25":0.5464135021097046,"val_recall0.5":0.29629629850387573,"_runtime":1591.949669418,"test_precision0.5":0.4444444477558136,"val_recall0.25":0.3333333432674408,"test_balanced_accuracy0.5":0.6166666666666667,"test_recall0.5":0.4000000059604645,"test_recall0.25":0.44999998807907104,"_step":328,"val_auroc":0.5485231876373291,"val_balanced_accuracy0.75":0.553680262541022,"test_accuracy0.5":0.7250000238418579,"val_accuracy0.5":0.6886792182922363,"val_accuracy0.25":0.650943398475647,"test_accuracy0.25":0.6875,"val_precision0.75":0.3684210479259491,"val_accuracy0.75":0.698113203048706,"test_auroc":0.6683333516120911,"_timestamp":1.7537520534279122e+09}