{"test_precision0.25":0.2542372941970825,"val_precision0.75":0,"test_balanced_accuracy0.25":0.5083333333333333,"_runtime":434.159497493,"test_auroc":0.5275000333786011,"_step":182,"val_balanced_accuracy0.75":0.5,"test_balanced_accuracy0.75":0.5,"_timestamp":1.7534826398165176e+09,"val_accuracy0.25":0.420560747385025,"val_auroc":0.5657407641410828,"val_precision0.25":0.27848100662231445,"test_precision0.5":0,"test_recall0.75":0,"test_precision0.75":0,"train_loss":1.6786448955535889,"val_recall0.5":0,"val_accuracy0.5":0.7476635575294495,"val_balanced_accuracy0.25":0.5511574074074074,"train_auroc":0.5557137727737427,"test_balanced_accuracy0.5":0.5,"test_accuracy0.75":0.75,"val_recall0.25":0.8148148059844971,"val_accuracy0.75":0.7476635575294495,"val_recall0.75":0,"test_recall0.5":0,"val_precision0.5":0,"test_accuracy0.25":0.38749998807907104,"test_recall0.25":0.75,"val_balanced_accuracy0.5":0.5,"test_accuracy0.5":0.75,"_wandb":{"runtime":434}}