{"test_accuracy0.5":0.5063291192054749,"test_precision0.75":0,"train_auroc":0.5815454721450806,"val_accuracy0.75":0.7523809671401978,"_wandb":{"runtime":1550},"test_balanced_accuracy0.5":0.4546610169491525,"test_recall0.5":0.3499999940395355,"_timestamp":1.7501589703133266e+09,"val_balanced_accuracy0.5":0.5279941577409932,"val_balanced_accuracy0.75":0.5,"train_loss":2.0816586017608643,"test_auroc":0.49322032928466797,"test_precision0.25":0.2531645596027374,"val_accuracy0.5":0.5809524059295654,"test_recall0.25":1,"val_precision0.25":0.24761904776096344,"val_recall0.75":0,"_runtime":1550.070460781,"val_precision0.75":0,"val_auroc":0.5253164768218994,"test_recall0.75":0,"test_balanced_accuracy0.25":0.5,"val_recall0.5":0.42307692766189575,"val_precision0.5":0.2750000059604645,"test_precision0.5":0.21212121844291687,"val_recall0.25":1,"val_balanced_accuracy0.25":0.5,"test_balanced_accuracy0.75":0.5,"_step":539,"test_accuracy0.25":0.2531645596027374,"val_accuracy0.25":0.24761904776096344,"test_accuracy0.75":0.746835470199585}