{"val_balanced_accuracy0.75":0.5,"val_auroc":0,"test_accuracy0.5":0.5,"val_precision0.5":0.3333333432674408,"test_precision0.5":0.5,"val_recall0.25":1,"test_precision0.25":0.5,"val_recall0.5":1,"test_balanced_accuracy0.5":0.5,"test_balanced_accuracy0.75":0.5,"_wandb":{"runtime":14},"test_accuracy0.25":0.5,"test_precision0.75":0,"_timestamp":1.751293575508801e+09,"train_loss":0.7018254995346069,"val_precision0.75":0,"val_accuracy0.25":0.3333333432674408,"test_balanced_accuracy0.25":0.5,"val_precision0.25":0.3333333432674408,"test_recall0.5":1,"test_recall0.75":0,"val_balanced_accuracy0.25":0.5,"_runtime":14.1423578,"train_auroc":0,"test_accuracy0.75":0.5,"val_balanced_accuracy0.5":0.5,"val_recall0.75":0,"val_accuracy0.5":0.3333333432674408,"_step":1,"test_recall0.25":1,"test_auroc":1,"val_accuracy0.75":0.6666666865348816}