{"_runtime":247.289498872,"train_loss":1.6793880462646484,"test_precision":0,"test_balanced_accuracy":0.5,"val_auroc":0.5642856955528259,"val_precision":0,"test_recall":0,"val_recall":0,"val_balanced_accuracy":0.5,"_step":63,"val_loss":1.7186729907989502,"_wandb":{"runtime":247},"test_auroc":0.5386518239974976,"train_auroc":0.5775862336158752,"_timestamp":1.7495584683688147e+09,"test_accuracy":0.7480915784835815,"val_accuracy":0.7407407164573669}