{"test_recall0.5":0.3499999940395355,"test_recall0.25":0.44999998807907104,"_step":218,"_wandb":{"runtime":877},"val_auroc":0.5292112827301025,"test_precision0.25":0.40909090638160706,"val_accuracy0.25":0.5714285969734192,"val_recall0.75":0.3076923191547394,"val_balanced_accuracy0.25":0.49586173320350535,"test_accuracy0.75":0.6962025165557861,"test_recall0.75":0.25,"test_auroc":0.5940678119659424,"val_precision0.5":0.27272728085517883,"val_balanced_accuracy0.75":0.5209347614410906,"test_precision0.5":0.3684210479259491,"val_recall0.5":0.3461538553237915,"test_precision0.75":0.3571428656578064,"test_balanced_accuracy0.25":0.6148305084745763,"test_balanced_accuracy0.75":0.548728813559322,"test_accuracy0.25":0.6962025165557861,"val_precision0.25":0.2432432472705841,"val_balanced_accuracy0.5":0.5211781888997079,"_runtime":877.750470564,"train_loss":0.0007871667621657252,"test_balanced_accuracy0.5":0.5733050847457627,"val_accuracy0.75":0.6285714507102966,"val_recall0.25":0.3461538553237915,"_timestamp":1.7501474331452749e+09,"test_accuracy0.5":0.6835442781448364,"val_precision0.75":0.27586206793785095,"train_auroc":1,"val_accuracy0.5":0.6095238327980042}