{"_wandb":{"runtime":11},"val_recall":0,"val_accuracy":0.875,"val_auroc":0.5,"_runtime":5.8877894269999995,"_step":0,"val_loss":3.504058361053467,"val_precision":0,"_timestamp":1.7474351111346984e+09}