{"train_auroc":0.9996484518051147,"train_loss":0.10787215083837509,"val_balanced_accuracy0.5":0.5173611111111112,"val_balanced_accuracy0.75":0.5423611111111111,"val_precision0.75":0.3529411852359772,"val_accuracy0.75":0.7009345889091492,"test_precision0.75":0.20000000298023224,"val_recall0.25":0.3333333432674408,"val_precision0.5":0.2857142984867096,"test_accuracy0.75":0.7124999761581421,"_step":377,"test_recall0.75":0.05000000074505806,"val_recall0.5":0.2222222238779068,"val_auroc":0.5249999761581421,"test_precision0.25":0.21739129722118378,"test_precision0.5":0.2142857164144516,"val_recall0.75":0.2222222238779068,"test_balanced_accuracy0.5":0.48333333333333334,"test_recall0.5":0.15000000596046448,"_timestamp":1.7550965269193184e+09,"test_balanced_accuracy0.75":0.4916666666666667,"val_accuracy0.25":0.644859790802002,"test_accuracy0.5":0.6499999761581421,"_wandb":{"runtime":9238},"test_auroc":0.38083332777023315,"_runtime":9238.603437683,"test_recall0.25":0.25,"val_balanced_accuracy0.25":0.5416666666666666,"test_accuracy0.25":0.5874999761581421,"test_balanced_accuracy0.25":0.475,"val_precision0.25":0.3103448152542114,"val_accuracy0.5":0.663551390171051}