{"val_precision0.75":0,"val_recall0.75":0,"test_recall0.25":0.44999998807907104,"val_accuracy0.75":0.7523809671401978,"test_precision0.25":0.2647058963775635,"val_precision0.25":0.3035714328289032,"train_auroc":0.6684518456459045,"_step":999,"_wandb":{"runtime":2694},"test_balanced_accuracy0.5":0.5,"val_balanced_accuracy0.25":0.5800876338851022,"test_precision0.5":0,"val_recall0.25":0.6538461446762085,"val_accuracy0.25":0.5428571701049805,"val_auroc":0.5893378853797913,"train_loss":1.6286619901657104,"test_recall0.75":0,"test_accuracy0.5":0.746835470199585,"val_precision0.5":0,"_runtime":2694.044766204,"test_precision0.75":0,"test_accuracy0.25":0.5443037748336792,"test_balanced_accuracy0.25":0.513135593220339,"test_balanced_accuracy0.75":0.5,"val_balanced_accuracy0.5":0.5,"test_recall0.5":0,"val_recall0.5":0,"test_accuracy0.75":0.746835470199585,"val_accuracy0.5":0.7523809671401978,"test_auroc":0.4610169529914856,"val_balanced_accuracy0.75":0.5,"_timestamp":1.7505240234001138e+09}