{"train_loss":0.6928756833076477,"val_balanced_accuracy":0.4375,"test_balanced_accuracy":0.5,"_timestamp":1.7478625052693026e+09,"val_auroc":0.421875,"val_recall":0.21875,"test_accuracy":0.2531645596027374,"_step":53,"train_auroc":0.5385144352912903,"_runtime":3573.084403446,"val_precision":0.21875,"val_accuracy":0.21875,"test_precision":0.2531645596027374,"val_loss":0.6934719085693359,"test_recall":0.2531645596027374,"_wandb":{"runtime":3573},"test_auroc":0.47288134694099426}