{"val_recall0.25":0.5925925970077515,"test_accuracy0.75":0.637499988079071,"test_recall0.75":0.4000000059604645,"test_recall0.5":0.5,"val_balanced_accuracy0.75":0.5021097046413502,"test_auroc":0.5550000071525574,"val_accuracy0.5":0.5377358198165894,"val_accuracy0.25":0.4811320900917053,"val_recall0.75":0.3333333432674408,"val_precision0.5":0.2708333432674408,"val_accuracy0.75":0.5849056839942932,"test_precision0.5":0.3125,"val_balanced_accuracy0.5":0.5192217533989686,"test_precision0.75":0.3199999928474426,"val_auroc":0.5100797414779663,"val_precision0.25":0.2666666805744171,"test_accuracy0.25":0.48750001192092896,"val_balanced_accuracy0.25":0.5178152836380684,"test_accuracy0.5":0.6000000238418579,"val_precision0.75":0.2571428716182709,"test_recall0.25":0.6000000238418579,"_step":539,"val_recall0.5":0.48148149251937866,"test_precision0.25":0.2666666805744171,"_runtime":2537.910145902,"test_balanced_accuracy0.75":0.5583333333333333,"train_loss":0.0409628264605999,"test_balanced_accuracy0.25":0.525,"_wandb":{"runtime":2537},"train_auroc":1,"_timestamp":1.7538654083834279e+09,"test_balanced_accuracy0.5":0.5666666666666667}