{"_step":293,"test_accuracy0.75":0.5063291192054749,"val_accuracy0.75":0.5142857432365417,"val_balanced_accuracy0.75":0.5223953261927945,"test_precision0.25":0.25,"val_precision0.75":0.2641509473323822,"test_precision0.5":0.2545454502105713,"test_balanced_accuracy0.5":0.502542372881356,"_timestamp":1.7507079715623024e+09,"test_recall0.25":0.75,"test_recall0.75":0.6499999761581421,"test_balanced_accuracy0.75":0.5538135593220339,"val_precision0.5":0.25,"train_loss":0.0032101692631840706,"train_auroc":1,"val_accuracy0.25":0.380952388048172,"_runtime":1383.994185551,"test_accuracy0.5":0.40506330132484436,"val_recall0.25":0.692307710647583,"val_precision0.25":0.23999999463558197,"val_recall0.5":0.6538461446762085,"test_recall0.5":0.699999988079071,"test_balanced_accuracy0.25":0.4936440677966102,"val_balanced_accuracy0.5":0.5041382667964946,"_wandb":{"runtime":1383},"test_auroc":0.5025423765182495,"test_accuracy0.25":0.3670886158943176,"val_auroc":0.4946446120738983,"test_precision0.75":0.2888889014720917,"val_balanced_accuracy0.25":0.48539435248296003,"val_recall0.75":0.5384615659713745,"val_accuracy0.5":0.4285714328289032}