{"test_auroc":0.5291666388511658,"val_precision0.75":0,"_timestamp":1.7538296859689348e+09,"_wandb":{"runtime":1699},"val_accuracy0.5":0.7452830076217651,"test_precision0.5":0,"test_precision0.25":0.25,"test_balanced_accuracy0.25":0.5,"val_balanced_accuracy0.25":0.5860576923076923,"test_accuracy0.75":0.75,"_step":390,"train_auroc":0.8221193552017212,"test_recall0.75":0,"val_accuracy0.25":0.43396225571632385,"val_recall0.25":0.8846153616905212,"val_precision0.25":0.2874999940395355,"test_balanced_accuracy0.75":0.5,"test_recall0.25":0.699999988079071,"val_balanced_accuracy0.5":0.49375,"val_recall0.5":0,"val_precision0.5":0,"val_accuracy0.75":0.7547169923782349,"val_balanced_accuracy0.75":0.5,"test_precision0.75":0,"val_auroc":0.5947115421295166,"test_recall0.5":0,"_runtime":1699.56331489,"train_loss":1.3153653144836426,"test_balanced_accuracy0.5":0.5,"test_accuracy0.25":0.4000000059604645,"val_recall0.75":0,"test_accuracy0.5":0.75}