{"val_recall0.25":1,"test_accuracy0.5":0.746835470199585,"test_auroc":0.5974576473236084,"test_precision0.75":0,"val_accuracy0.25":0.24761904776096344,"test_accuracy0.75":0.746835470199585,"test_recall0.25":1,"test_balanced_accuracy0.5":0.5,"test_recall0.5":0,"val_accuracy0.5":0.7523809671401978,"_wandb":{"runtime":4629},"test_precision0.5":0,"train_auroc":0.5111272931098938,"val_precision0.75":0,"val_precision0.5":0,"val_recall0.75":0,"test_accuracy0.25":0.2531645596027374,"test_balanced_accuracy0.75":0.5,"test_recall0.75":0,"_timestamp":1.7500673310419717e+09,"val_balanced_accuracy0.75":0.5,"test_precision0.25":0.2531645596027374,"_runtime":4629.150306038,"val_precision0.25":0.24761904776096344,"val_accuracy0.75":0.7523809671401978,"test_balanced_accuracy0.25":0.5,"train_loss":2.094223976135254,"val_recall0.5":0,"val_balanced_accuracy0.25":0.5,"val_balanced_accuracy0.5":0.5,"val_auroc":0.5102239847183228,"_step":999}