{"val_balanced_accuracy0.75":0.5,"val_recall0.75":0,"val_balanced_accuracy0.5":0.5,"test_precision0.5":0,"val_recall0.25":1,"test_accuracy0.5":0.746835470199585,"_timestamp":1.7514585758866403e+09,"test_auroc":0.5398305058479309,"test_recall0.5":0,"_step":243,"test_balanced_accuracy0.5":0.5,"test_recall0.25":1,"val_accuracy0.75":0.7523809671401978,"val_precision0.5":0,"test_accuracy0.25":0.2531645596027374,"test_balanced_accuracy0.75":0.5,"val_accuracy0.25":0.24761904776096344,"_runtime":1039.250707875,"val_precision0.25":0.24761904776096344,"test_precision0.75":0,"val_recall0.5":0,"train_loss":2.0456974506378174,"test_accuracy0.75":0.746835470199585,"val_precision0.75":0,"val_balanced_accuracy0.25":0.5,"train_auroc":0.6205335855484009,"test_balanced_accuracy0.25":0.5,"test_recall0.75":0,"val_accuracy0.5":0.7523809671401978,"_wandb":{"runtime":1039},"val_auroc":0.5133885145187378,"test_precision0.25":0.2531645596027374}