{"val_accuracy0.75":0.7196261882781982,"test_balanced_accuracy0.25":0.4916666666666667,"_timestamp":1.7538604316651266e+09,"_runtime":2014.040436405,"test_accuracy0.25":0.6625000238418579,"test_auroc":0.6016666889190674,"_wandb":{"runtime":2014},"val_auroc":0.4689815044403076,"val_balanced_accuracy0.25":0.5238425925925926,"test_precision0.75":0.25,"val_balanced_accuracy0.75":0.505787037037037,"_step":491,"val_accuracy0.25":0.6915887594223022,"test_precision0.25":0.23076923191547394,"val_balanced_accuracy0.5":0.49953703703703706,"val_recall0.75":0.07407407462596893,"val_precision0.75":0.2857142984867096,"val_recall0.25":0.18518517911434174,"test_precision0.5":0.4000000059604645,"val_precision0.5":0.25,"test_balanced_accuracy0.75":0.5,"test_accuracy0.5":0.737500011920929,"test_balanced_accuracy0.5":0.525,"train_loss":0.008850901387631893,"train_auroc":1,"val_precision0.25":0.3125,"val_accuracy0.5":0.7102803587913513,"test_recall0.25":0.15000000596046448,"val_recall0.5":0.07407407462596893,"test_recall0.75":0.05000000074505806,"test_recall0.5":0.10000000149011612,"test_accuracy0.75":0.7250000238418579}