{"val_accuracy0.5":0.6476190686225891,"_timestamp":1.7505599640436594e+09,"_step":309,"test_accuracy0.5":0.5569620132446289,"test_accuracy0.25":0.5443037748336792,"test_accuracy0.75":0.5569620132446289,"val_accuracy0.75":0.6666666865348816,"test_precision0.75":0.05882352963089943,"val_precision0.25":0.2916666567325592,"test_recall0.25":0.05000000074505806,"test_balanced_accuracy0.5":0.38940677966101694,"test_balanced_accuracy0.25":0.3809322033898305,"val_precision0.5":0.2380952388048172,"val_balanced_accuracy0.5":0.49488802336903603,"val_balanced_accuracy0.25":0.5270204479065238,"test_precision0.5":0.05882352963089943,"val_accuracy0.25":0.6571428775787354,"test_recall0.5":0.05000000074505806,"test_auroc":0.46610164642333984,"val_auroc":0.4707886874675751,"_runtime":1237.105356462,"val_precision0.75":0.2631579041481018,"test_recall0.75":0.05000000074505806,"val_recall0.75":0.19230769574642181,"train_loss":0.04369533807039261,"test_precision0.25":0.0555555559694767,"val_recall0.5":0.19230769574642181,"val_recall0.25":0.26923078298568726,"train_auroc":0.9994522929191589,"val_balanced_accuracy0.75":0.5075462512171374,"test_balanced_accuracy0.75":0.38940677966101694,"_wandb":{"runtime":1237}}