{"val_precision0.5":0.25233644247055054,"val_recall0.5":1,"val_stage_balanced_accuracy0.5":0.14285714285714285,"val_balanced_accuracy0.5":0.5,"val_accuracy0.5":0.25233644247055054,"val_precision0.75":0,"val_stage_accuracy0.5":0.644859790802002,"val_precision0.25":0.25233644247055054,"val_auroc":0.5259259343147278,"val_stage_precision0.5":0.644859790802002,"val_balanced_accuracy0.25":0.5,"_step":0,"_timestamp":1.7551308741560476e+09,"val_stage_recall0.5":0.644859790802002,"val_stage_auroc":0.46384745836257935,"val_accuracy0.25":0.25233644247055054,"val_recall0.25":1,"_wandb":{"runtime":15},"val_balanced_accuracy0.75":0.5,"_runtime":15.875491703,"val_recall0.75":0,"val_accuracy0.75":0.7476635575294495}