{"train_loss":0.014022576622664928,"val_accuracy0.25":0.5523809790611267,"test_recall0.75":0.3499999940395355,"val_precision0.25":0.27659574151039124,"val_accuracy0.5":0.5714285969734192,"_runtime":1264.084060869,"test_precision0.25":0.25,"val_balanced_accuracy0.75":0.508763388510224,"test_precision0.75":0.22580644488334656,"test_balanced_accuracy0.75":0.4716101694915254,"val_recall0.5":0.4615384638309479,"train_auroc":0.9999999403953552,"test_auroc":0.44661015272140503,"val_balanced_accuracy0.25":0.5348101265822784,"val_precision0.5":0.27906978130340576,"_step":216,"test_accuracy0.25":0.5189873576164246,"val_auroc":0.5082765817642212,"_wandb":{"runtime":1264},"test_recall0.5":0.4000000059604645,"test_accuracy0.75":0.5316455960273743,"test_balanced_accuracy0.25":0.49618644067796613,"test_accuracy0.5":0.5189873576164246,"test_precision0.5":0.23529411852359772,"test_balanced_accuracy0.5":0.47966101694915253,"val_precision0.75":0.25641027092933655,"val_recall0.75":0.38461539149284363,"test_recall0.25":0.44999998807907104,"val_balanced_accuracy0.5":0.5345666991236612,"_timestamp":1.7513962519902842e+09,"val_accuracy0.75":0.5714285969734192,"val_recall0.25":0.5}