{"val_recall0.75":0.1111111119389534,"test_accuracy0.25":0.699999988079071,"val_precision0.25":0.25,"_runtime":2031.910771961,"train_loss":0.0001530788285890594,"test_precision0.75":0.38461539149284363,"test_auroc":0.5958333015441895,"val_accuracy0.5":0.6320754885673523,"val_auroc":0.44374120235443115,"_step":222,"test_recall0.25":0.3499999940395355,"test_recall0.75":0.25,"test_accuracy0.75":0.7124999761581421,"test_precision0.5":0.4000000059604645,"_wandb":{"runtime":2031},"val_balanced_accuracy0.5":0.47280825128926396,"test_balanced_accuracy0.75":0.5583333333333333,"val_balanced_accuracy0.75":0.460618846694796,"val_balanced_accuracy0.25":0.4971870604781997,"test_balanced_accuracy0.5":0.575,"val_accuracy0.25":0.6320754885673523,"_timestamp":1.753560020649259e+09,"val_recall0.25":0.2222222238779068,"test_balanced_accuracy0.25":0.5833333333333333,"test_precision0.25":0.3888888955116272,"val_recall0.5":0.14814814925193787,"train_auroc":1,"val_precision0.5":0.20000000298023224,"val_precision0.75":0.1666666716337204,"test_accuracy0.5":0.7124999761581421,"val_accuracy0.75":0.6320754885673523,"test_recall0.5":0.30000001192092896}