{"val_balanced_accuracy0.25":0.5075462512171374,"test_balanced_accuracy0.25":0.5233050847457628,"val_precision0.5":0.3333333432674408,"val_auroc":0.5340798497200012,"test_precision0.75":0.3333333432674408,"val_recall0.25":0.19230769574642181,"val_accuracy0.75":0.723809540271759,"test_recall0.25":0.25,"test_auroc":0.5661016702651978,"val_recall0.75":0.19230769574642181,"val_precision0.75":0.38461539149284363,"val_recall0.5":0.19230769574642181,"test_balanced_accuracy0.5":0.498728813559322,"test_accuracy0.25":0.6582278609275818,"test_accuracy0.5":0.6708860993385315,"val_balanced_accuracy0.5":0.5328627069133398,"test_precision0.25":0.29411765933036804,"val_accuracy0.25":0.6666666865348816,"_step":237,"test_recall0.5":0.15000000596046448,"test_accuracy0.75":0.7088607549667358,"test_precision0.5":0.25,"test_recall0.75":0.15000000596046448,"val_balanced_accuracy0.75":0.5455209347614411,"_wandb":{"runtime":795},"train_auroc":1,"val_accuracy0.5":0.7047619223594666,"test_balanced_accuracy0.75":0.5241525423728813,"_timestamp":1.7502461245577934e+09,"_runtime":795.867616105,"val_precision0.25":0.2631579041481018,"train_loss":0.02067217230796814}