{"_runtime":13037.97910139,"test_balanced_accuracy0.25":0.47500000000000003,"val_auroc":0.5143518447875977,"val_accuracy0.5":0.514018714427948,"val_precision0.25":0.2380952388048172,"_timestamp":1.7535111589381301e+09,"test_recall0.25":0.550000011920929,"test_accuracy0.75":0.48750001192092896,"val_accuracy0.25":0.4392523467540741,"train_auroc":0.9997656345367432,"val_accuracy0.75":0.5607476830482483,"test_auroc":0.4595833420753479,"test_accuracy0.25":0.4375,"test_precision0.75":0.23076923191547394,"val_precision0.5":0.27272728085517883,"val_recall0.5":0.5555555820465088,"test_recall0.75":0.44999998807907104,"test_precision0.5":0.20454545319080353,"test_balanced_accuracy0.75":0.475,"test_recall0.5":0.44999998807907104,"val_precision0.75":0.30000001192092896,"_step":319,"val_balanced_accuracy0.5":0.5277777777777778,"val_balanced_accuracy0.25":0.4777777777777778,"test_balanced_accuracy0.5":0.43333333333333335,"train_loss":0.04169907793402672,"val_recall0.25":0.5555555820465088,"val_recall0.75":0.5555555820465088,"test_accuracy0.5":0.42500001192092896,"test_precision0.25":0.23404255509376526,"val_balanced_accuracy0.75":0.5590277777777778,"_wandb":{"runtime":13037}}