{"val_balanced_accuracy0.25":0.5221518987341772,"_runtime":1289.409905976,"test_balanced_accuracy0.25":0.42838983050847457,"val_accuracy0.5":0.561904788017273,"test_recall0.25":0.44999998807907104,"train_auroc":0.9997997283935547,"val_precision0.75":0.25581395626068115,"train_loss":0.02963009662926197,"_step":308,"val_balanced_accuracy0.75":0.5090068159688412,"test_accuracy0.75":0.4303797483444214,"val_recall0.75":0.42307692766189575,"test_recall0.5":0.3499999940395355,"test_precision0.75":0.1794871836900711,"val_precision0.5":0.27272728085517883,"val_balanced_accuracy0.5":0.5282375851996105,"_wandb":{"runtime":1289},"test_balanced_accuracy0.75":0.4038135593220339,"test_recall0.75":0.3499999940395355,"_timestamp":1.7513903272067254e+09,"val_recall0.25":0.5,"val_recall0.5":0.4615384638309479,"val_precision0.25":0.26530611515045166,"test_accuracy0.5":0.4303797483444214,"val_auroc":0.4829601049423218,"val_accuracy0.25":0.5333333611488342,"test_auroc":0.503389835357666,"test_balanced_accuracy0.5":0.4038135593220339,"test_precision0.5":0.1794871836900711,"val_accuracy0.75":0.5523809790611267,"test_precision0.25":0.20454545319080353,"test_accuracy0.25":0.4177215099334717}