{"test_precision0.5":0.5,"val_accuracy0.75":0.698113203048706,"val_precision0.25":0.3333333432674408,"val_recall0.5":0.18518517911434174,"test_balanced_accuracy0.25":0.5916666666666667,"val_precision0.75":0.3333333432674408,"train_loss":0.0024647654499858618,"_step":412,"test_auroc":0.5799999833106995,"val_accuracy0.25":0.6792452931404114,"_timestamp":1.7535910717451196e+09,"test_balanced_accuracy0.75":0.5833333333333333,"_runtime":3876.003424183,"val_balanced_accuracy0.5":0.516643225503985,"_wandb":{"runtime":3876},"test_recall0.5":0.30000001192092896,"test_accuracy0.75":0.75,"test_precision0.75":0.5,"val_accuracy0.5":0.6792452931404114,"val_auroc":0.5318800210952759,"test_accuracy0.5":0.75,"val_recall0.75":0.18518517911434174,"test_balanced_accuracy0.5":0.6,"test_precision0.25":0.4615384638309479,"val_balanced_accuracy0.25":0.5410220346929208,"val_recall0.25":0.25925925374031067,"val_precision0.5":0.29411765933036804,"val_balanced_accuracy0.75":0.5293014533520862,"train_auroc":1,"test_recall0.25":0.30000001192092896,"test_accuracy0.25":0.737500011920929,"test_recall0.75":0.25}