{"test_accuracy0.25":0.6488549709320068,"test_recall0.25":0.4375,"val_balanced_accuracy0.75":0.6607142857142857,"test_precision0.5":0.3243243098258972,"val_recall0.75":0.5714285969734192,"test_balanced_accuracy0.25":0.5773358585858586,"test_accuracy0.75":0.694656491279602,"val_accuracy0.25":0.6296296119689941,"test_auroc":0.6256313323974609,"test_recall0.75":0.34375,"_timestamp":1.74969107979977e+09,"test_precision0.75":0.36666667461395264,"test_precision0.25":0.3333333432674408,"test_recall0.5":0.375,"val_precision0.75":0.4444444477558136,"_runtime":1896.971065666,"val_recall0.25":0.5714285969734192,"test_balanced_accuracy0.5":0.5612373737373737,"val_recall0.5":0.5714285969734192,"val_balanced_accuracy0.25":0.6107142857142858,"val_accuracy0.75":0.7037037014961243,"val_precision0.25":0.3636363744735718,"val_accuracy0.5":0.6666666865348816,"val_balanced_accuracy0.5":0.6357142857142857,"val_precision0.5":0.4000000059604645,"_wandb":{"runtime":1896},"train_loss":1.3898923043598188e-06,"test_accuracy0.5":0.6564885377883911,"train_auroc":1,"_step":499,"test_balanced_accuracy0.75":0.575915404040404,"val_auroc":0.6535714268684387}