{"_wandb":{"runtime":674},"val_auroc":0.5,"_runtime":672.493264971,"test_accuracy":0.746835470199585,"_step":35,"train_loss":0.372846394777298,"test_precision":0,"_timestamp":1.747434798096295e+09,"train_auroc":0.5,"val_recall":0,"val_accuracy":0.75,"val_precision":0,"val_loss":0.372846394777298,"test_auroc":0.5,"test_recall":0}