{"train_loss":1.164189100265503,"train_auroc":0.9399936199188232,"_step":999,"test_accuracy0.75":0.7341772317886353,"test_precision0.25":0.23636363446712494,"val_balanced_accuracy0.25":0.5360272638753651,"val_auroc":0.4683544635772705,"_runtime":4059.391195261,"val_precision0.25":0.26865673065185547,"val_accuracy0.75":0.7142857313156128,"val_accuracy0.5":0.6476190686225891,"val_recall0.5":0.1538461595773697,"test_recall0.5":0.4000000059604645,"val_recall0.25":0.692307710647583,"_wandb":{"runtime":4059},"val_precision0.75":0,"test_balanced_accuracy0.5":0.6067796610169491,"test_accuracy0.25":0.37974682450294495,"val_precision0.5":0.21052631735801697,"val_accuracy0.25":0.4571428596973419,"test_balanced_accuracy0.75":0.4915254237288136,"test_balanced_accuracy0.25":0.4690677966101695,"_timestamp":1.7507541467309365e+09,"test_precision0.75":0,"val_balanced_accuracy0.5":0.4819863680623174,"val_recall0.75":0,"test_auroc":0.5508474111557007,"val_balanced_accuracy0.75":0.47468354430379744,"test_recall0.25":0.6499999761581421,"test_precision0.5":0.42105263471603394,"test_accuracy0.5":0.7088607549667358,"test_recall0.75":0}