{"_runtime":581.601479116,"test_auroc":0.5,"_timestamp":1.7477053592255054e+09,"val_loss":0.3758702278137207,"test_recall":0,"train_loss":0.37500113248825073,"val_precision":0,"_wandb":{"runtime":583},"train_auroc":0.5,"val_accuracy":0.75,"_step":35,"val_auroc":0.5,"test_accuracy":0.746835470199585,"test_precision":0,"val_recall":0}