{"_timestamp":1.747799248257948e+09,"val_auroc":0.3489583134651184,"test_precision":0,"val_accuracy":0.75,"val_loss":0.3722788095474243,"_wandb":{"runtime":707},"val_precision":0,"test_accuracy":0.746835470199585,"train_auroc":0.48799464106559753,"val_recall":0,"train_loss":0.3728885352611542,"test_recall":0,"test_auroc":0.4593220353126526,"_runtime":707.574130852,"_step":17}