{"_step":35,"val_loss":0.386332631111145,"train_loss":0.386332631111145,"val_precision":0,"test_recall":0,"test_precision":0,"val_recall":0,"train_auroc":0.5,"val_accuracy":0.75,"test_accuracy":0.746835470199585,"_timestamp":1.7474317121098056e+09,"val_auroc":0.5,"test_auroc":0.5,"_runtime":869.216092637,"_wandb":{"runtime":871}}