{"val_precision0.25":0.24528302252292633,"test_accuracy0.75":0.75,"train_loss":2.079566717147827,"val_recall0.25":1,"val_accuracy0.5":0.24528302252292633,"test_accuracy0.25":0.25,"val_balanced_accuracy0.5":0.5,"val_precision0.75":0,"test_auroc":0.4416666626930237,"test_balanced_accuracy0.25":0.5,"_step":173,"test_precision0.5":0.25,"test_recall0.75":0,"val_accuracy0.75":0.7547169923782349,"test_precision0.75":0,"test_accuracy0.5":0.25,"val_auroc":0.49038460850715637,"test_balanced_accuracy0.5":0.5,"test_recall0.5":1,"train_auroc":0.43953126668930054,"val_balanced_accuracy0.25":0.5,"_timestamp":1.754604212556206e+09,"test_precision0.25":0.25,"val_recall0.5":1,"val_accuracy0.25":0.24528302252292633,"val_recall0.75":0,"test_balanced_accuracy0.75":0.5,"_runtime":7617.984420122,"val_balanced_accuracy0.75":0.5,"test_recall0.25":1,"_wandb":{"runtime":7617},"val_precision0.5":0.24528302252292633}