{"val_accuracy0.75":0.7523809671401978,"test_auroc":0.5,"test_balanced_accuracy0.5":0.5,"test_precision0.25":0.2531645596027374,"val_recall0.5":1,"val_recall0.75":0,"val_precision0.75":0,"test_balanced_accuracy0.25":0.5,"_runtime":956.797247747,"_step":177,"val_balanced_accuracy0.25":0.5,"train_loss":2.0909011363983154,"test_recall0.75":0,"test_precision0.5":0.2531645596027374,"test_balanced_accuracy0.75":0.5,"val_precision0.25":0.24761904776096344,"_wandb":{"runtime":956},"val_accuracy0.5":0.24761904776096344,"test_accuracy0.75":0.746835470199585,"val_balanced_accuracy0.75":0.5,"train_auroc":0.44608157873153687,"val_balanced_accuracy0.5":0.5,"val_recall0.25":1,"val_precision0.5":0.24761904776096344,"test_accuracy0.5":0.2531645596027374,"test_accuracy0.25":0.2531645596027374,"val_accuracy0.25":0.24761904776096344,"test_recall0.5":1,"test_precision0.75":0,"val_auroc":0.5,"_timestamp":1.7513683375043988e+09,"test_recall0.25":1}