{"_step":64,"_timestamp":1.7495576222997935e+09,"train_auroc":0.7282291054725647,"test_accuracy":0.6742424368858337,"test_recall":0.12121212482452393,"train_loss":1.4927458763122559,"val_loss":1.7304131984710693,"_runtime":257.95808568,"val_auroc":0.6285714507102966,"val_balanced_accuracy":0.45,"_wandb":{"runtime":257},"test_precision":0.2222222238779068,"test_balanced_accuracy":0.4898989898989899,"val_accuracy":0.6666666865348816,"test_auroc":0.4891337752342224,"val_precision":0,"val_recall":0}