{"val_accuracy0.25":0.6571428775787354,"val_precision0.25":0.2222222238779068,"val_recall0.25":0.1538461595773697,"train_loss":0.004590315744280815,"test_recall0.5":0.15000000596046448,"val_balanced_accuracy0.25":0.4883154819863681,"test_recall0.25":0.15000000596046448,"_runtime":1376.432264426,"val_recall0.75":0.1538461595773697,"val_precision0.5":0.2222222238779068,"val_accuracy0.5":0.6571428775787354,"test_accuracy0.75":0.6202531456947327,"val_accuracy0.75":0.6952381134033203,"val_balanced_accuracy0.5":0.4883154819863681,"test_balanced_accuracy0.25":0.4478813559322034,"test_precision0.25":0.1666666716337204,"test_balanced_accuracy0.75":0.4648305084745763,"val_recall0.5":0.1538461595773697,"_timestamp":1.7505705143257728e+09,"test_auroc":0.4483051002025604,"test_accuracy0.5":0.594936728477478,"test_accuracy0.25":0.594936728477478,"test_balanced_accuracy0.5":0.4478813559322034,"val_auroc":0.5279941558837891,"_wandb":{"runtime":1376},"test_recall0.75":0.15000000596046448,"val_balanced_accuracy0.75":0.5136319376825706,"test_precision0.5":0.1666666716337204,"test_precision0.75":0.1875,"_step":343,"val_precision0.75":0.2857142984867096,"train_auroc":1}