{"val_precision0.25":0.2857142984867096,"val_accuracy0.75":0.5142857432365417,"val_balanced_accuracy0.5":0.5160662122687439,"test_precision0.5":0.30434781312942505,"_wandb":{"runtime":1460},"test_auroc":0.5322034358978271,"test_accuracy0.25":0.4556961953639984,"test_precision0.75":0.2702702581882477,"train_loss":0.04919645935297012,"test_precision0.25":0.27450981736183167,"val_recall0.5":0.5384615659713745,"val_accuracy0.5":0.5047619342803955,"val_precision0.5":0.25925925374031067,"_timestamp":1.7506801995863764e+09,"val_auroc":0.5540409088134766,"test_accuracy0.75":0.5316455960273743,"test_recall0.75":0.5,"test_balanced_accuracy0.75":0.521186440677966,"val_balanced_accuracy0.75":0.4707887049659202,"test_balanced_accuracy0.25":0.5364406779661017,"val_balanced_accuracy0.25":0.5613437195715677,"val_accuracy0.25":0.4952380955219269,"val_precision0.75":0.2222222238779068,"test_balanced_accuracy0.5":0.5788135593220338,"_runtime":1460.800784849,"val_recall0.75":0.38461539149284363,"test_recall0.5":0.699999988079071,"val_recall0.25":0.692307710647583,"train_auroc":0.9998397827148438,"test_recall0.25":0.699999988079071,"test_accuracy0.5":0.5189873576164246,"_step":334}