{"val_balanced_accuracy0.75":0.5,"test_accuracy0.75":0.75,"test_accuracy0.25":0.25,"_step":178,"val_auroc":0.5480543971061707,"test_precision0.75":0,"val_recall0.25":1,"test_balanced_accuracy0.75":0.5,"test_precision0.5":0.23076923191547394,"_timestamp":1.7539167810905783e+09,"test_recall0.25":1,"val_recall0.5":0.3333333432674408,"test_balanced_accuracy0.25":0.5,"test_recall0.75":0,"test_accuracy0.5":0.574999988079071,"_wandb":{"runtime":860},"val_accuracy0.5":0.5754716992378235,"val_balanced_accuracy0.25":0.5,"test_auroc":0.5208333730697632,"train_loss":2.0236902236938477,"val_accuracy0.75":0.7452830076217651,"val_recall0.75":0,"val_accuracy0.25":0.25471699237823486,"test_precision0.25":0.25,"test_recall0.5":0.30000001192092896,"test_balanced_accuracy0.5":0.4833333333333333,"val_precision0.25":0.25471699237823486,"val_balanced_accuracy0.5":0.4957805907172995,"_runtime":860.149909864,"train_auroc":0.6412500143051147,"val_precision0.5":0.25,"val_precision0.75":0}