{"test_recall0.5":0.6499999761581421,"val_recall0.25":0.5384615659713745,"val_recall0.75":0.38461539149284363,"_runtime":1780.910966751,"val_precision0.25":0.24137930572032928,"test_precision0.25":0.25,"val_precision0.5":0.2199999988079071,"val_balanced_accuracy0.75":0.5024342745861733,"test_balanced_accuracy0.5":0.5199152542372881,"_step":337,"train_loss":0.0018118740990757942,"val_recall0.5":0.42307692766189575,"val_auroc":0.4610515832901001,"train_auroc":1,"test_precision0.75":0.26829269528388977,"test_balanced_accuracy0.25":0.4940677966101695,"_timestamp":1.7507149522742965e+09,"test_auroc":0.48898306488990784,"test_recall0.75":0.550000011920929,"_wandb":{"runtime":1780},"test_precision0.5":0.26530611515045166,"test_accuracy0.25":0.39240506291389465,"val_accuracy0.5":0.48571428656578064,"val_accuracy0.25":0.46666666865348816,"val_balanced_accuracy0.25":0.4907497565725414,"val_balanced_accuracy0.5":0.4647030185004869,"test_accuracy0.75":0.5063291192054749,"test_recall0.25":0.699999988079071,"test_balanced_accuracy0.75":0.5207627118644068,"val_precision0.75":0.25,"val_accuracy0.75":0.561904788017273,"test_accuracy0.5":0.4556961953639984}