{"test_precision0.25":0.2432432472705841,"_runtime":1766.161921829,"val_balanced_accuracy0.75":0.6142857142857143,"val_recall0.5":0.4285714328289032,"val_recall0.25":0.4285714328289032,"test_balanced_accuracy0.25":0.49921085858585856,"val_auroc":0.485714316368103,"val_accuracy0.5":0.6666666865348816,"val_precision0.75":0.4285714328289032,"val_accuracy0.75":0.7037037014961243,"val_precision0.25":0.375,"test_accuracy0.5":0.5954198241233826,"test_precision0.5":0.20000000298023224,"val_accuracy0.25":0.6666666865348816,"val_recall0.75":0.4285714328289032,"test_recall0.5":0.21875,"val_balanced_accuracy0.25":0.5892857142857143,"_wandb":{"runtime":1766},"val_precision0.5":0.375,"_step":499,"test_recall0.25":0.28125,"val_balanced_accuracy0.5":0.5892857142857143,"train_auroc":1,"test_accuracy0.25":0.6106870174407959,"test_precision0.75":0.15625,"_timestamp":1.7496854121156886e+09,"test_recall0.75":0.15625,"test_auroc":0.5569759607315063,"test_balanced_accuracy0.75":0.44176136363636365,"train_loss":1.2388397863105638e-06,"test_accuracy0.75":0.5877862572669983,"test_balanced_accuracy0.5":0.46796085858585856}