{"test_balanced_accuracy0.25":0.5474576271186441,"test_precision0.5":0,"test_precision0.75":0,"val_recall0.5":0,"val_precision0.5":0,"val_accuracy0.5":0.7523809671401978,"test_precision0.25":0.3076923191547394,"train_loss":1.2813223600387573,"val_balanced_accuracy0.75":0.5,"test_recall0.5":0,"_wandb":{"runtime":1789},"train_auroc":0.8955696225166321,"_runtime":1789.199596221,"val_balanced_accuracy0.25":0.4953748782862707,"val_precision0.25":0.24137930572032928,"test_balanced_accuracy0.75":0.5,"val_accuracy0.25":0.6095238327980042,"test_recall0.75":0,"test_accuracy0.25":0.6202531456947327,"test_recall0.25":0.4000000059604645,"val_accuracy0.75":0.7523809671401978,"val_auroc":0.5160661935806274,"test_auroc":0.550000011920929,"test_accuracy0.75":0.746835470199585,"test_accuracy0.5":0.746835470199585,"val_precision0.75":0,"_step":499,"test_balanced_accuracy0.5":0.5,"val_balanced_accuracy0.5":0.5,"val_recall0.25":0.26923078298568726,"val_recall0.75":0,"_timestamp":1.7499023536262567e+09}