{"test_precision0.5":0.2542372941970825,"test_auroc":0.5491524934768677,"val_balanced_accuracy0.25":0.5,"val_precision0.5":0.2857142984867096,"val_recall0.25":1,"val_recall0.75":0,"test_precision0.25":0.2531645596027374,"test_balanced_accuracy0.75":0.5,"train_auroc":0.6911818385124207,"val_accuracy0.5":0.43809524178504944,"test_recall0.75":0,"test_precision0.75":0,"test_recall0.25":1,"val_recall0.5":0.8461538553237915,"val_accuracy0.25":0.24761904776096344,"test_recall0.5":0.75,"val_balanced_accuracy0.75":0.5,"_wandb":{"runtime":3407},"val_balanced_accuracy0.5":0.5749756572541382,"_timestamp":1.7509664799696229e+09,"_step":266,"val_auroc":0.5413826704025269,"val_accuracy0.75":0.7523809671401978,"test_accuracy0.75":0.746835470199585,"val_precision0.75":0,"train_loss":2.080920696258545,"test_accuracy0.5":0.37974682450294495,"_runtime":3407.816614443,"test_balanced_accuracy0.5":0.5021186440677966,"test_accuracy0.25":0.2531645596027374,"test_balanced_accuracy0.25":0.5,"val_precision0.25":0.24761904776096344}