{"_step":499,"val_auroc":0.5321429371833801,"_runtime":1632.883712057,"test_accuracy0.5":0.7480915784835815,"test_precision0.25":0.25190839171409607,"val_accuracy0.25":0.25925925374031067,"test_recall0.5":0,"test_recall0.25":1,"_timestamp":1.7496818208611221e+09,"val_recall0.25":1,"test_auroc":0.46150287985801697,"val_precision0.75":0,"val_recall0.75":0,"test_accuracy0.75":0.7480915784835815,"val_precision0.5":0,"test_balanced_accuracy0.5":0.5,"test_balanced_accuracy0.25":0.5,"val_balanced_accuracy0.75":0.5,"val_balanced_accuracy0.5":0.5,"test_precision0.5":0,"val_recall0.5":0,"val_precision0.25":0.25925925374031067,"val_accuracy0.75":0.7407407164573669,"train_auroc":0.4059472978115082,"test_precision0.75":0,"_wandb":{"runtime":1632},"test_accuracy0.25":0.25190839171409607,"train_loss":1.6907693147659302,"test_recall0.75":0,"val_accuracy0.5":0.7407407164573669,"val_balanced_accuracy0.25":0.5,"test_balanced_accuracy0.75":0.5}