{"test_balanced_accuracy0.5":0.5,"val_recall0.75":0,"val_precision0.25":0.2222222238779068,"test_recall0.75":0,"test_precision0.5":0,"_wandb":{"runtime":8107},"val_auroc":0.5029211044311523,"_timestamp":1.7508147672105188e+09,"val_recall0.5":0,"val_balanced_accuracy0.75":0.5,"val_balanced_accuracy0.25":0.4591041869522882,"val_accuracy0.75":0.7523809671401978,"test_accuracy0.75":0.746835470199585,"test_balanced_accuracy0.25":0.6627118644067798,"val_recall0.25":0.5384615659713745,"val_precision0.5":0,"test_accuracy0.5":0.746835470199585,"test_precision0.25":0.3636363744735718,"train_loss":1.549536943435669,"val_accuracy0.5":0.7523809671401978,"test_recall0.25":0.800000011920929,"val_balanced_accuracy0.5":0.5,"test_precision0.75":0,"val_precision0.75":0,"_runtime":8107.649168797,"test_accuracy0.25":0.594936728477478,"test_balanced_accuracy0.75":0.5,"train_auroc":0.7209104299545288,"_step":999,"test_auroc":0.6288135647773743,"val_accuracy0.25":0.41904762387275696,"test_recall0.5":0}