{"test_precision0.5":0.4545454680919647,"test_accuracy0.75":0.7215189933776855,"val_accuracy0.25":0.6952381134033203,"train_loss":0.002619523089379072,"val_precision0.5":0.380952388048172,"test_recall0.25":0.3499999940395355,"_runtime":3848.59531096,"test_recall0.5":0.25,"val_recall0.5":0.3076923191547394,"test_recall0.75":0.15000000596046448,"_step":404,"val_auroc":0.5910419225692749,"test_balanced_accuracy0.25":0.6072033898305085,"val_balanced_accuracy0.25":0.5652385589094451,"val_balanced_accuracy0.75":0.5649951314508277,"val_accuracy0.5":0.7047619223594666,"test_balanced_accuracy0.5":0.5741525423728814,"val_balanced_accuracy0.5":0.5715676728334956,"test_accuracy0.5":0.7341772317886353,"val_accuracy0.75":0.7142857313156128,"test_auroc":0.5762711763381958,"test_balanced_accuracy0.75":0.5326271186440678,"_wandb":{"runtime":3848},"train_auroc":1,"test_precision0.25":0.46666666865348816,"val_recall0.75":0.26923078298568726,"test_precision0.75":0.375,"val_precision0.75":0.3888888955116272,"val_recall0.25":0.3076923191547394,"_timestamp":1.7507450359199512e+09,"val_precision0.25":0.3636363744735718,"test_accuracy0.25":0.7341772317886353}