{"_runtime":619.678035535,"train_auroc":0.7706019878387451,"_step":94,"test_auroc":0.5632078051567078,"train_loss":1.5766258239746094,"test_precision":0,"val_recall":0,"val_precision":0,"test_balanced_accuracy":0.5,"val_accuracy":0.7407407164573669,"val_balanced_accuracy":0.5,"test_recall":0,"_timestamp":1.7495806253569946e+09,"val_loss":1.7258020639419556,"val_auroc":0.5857142806053162,"test_accuracy":0.75,"_wandb":{"runtime":619}}