{"_wandb":{"runtime":988},"test_auroc":0.49152544140815735,"val_precision0.25":0.23333333432674408,"test_balanced_accuracy0.25":0.47796610169491527,"train_auroc":0.9942317008972168,"_runtime":988.526591186,"val_precision0.5":0.23999999463558197,"test_precision0.75":0.21052631735801697,"test_balanced_accuracy0.5":0.461864406779661,"train_loss":0.2593015730381012,"val_recall0.25":0.5384615659713745,"val_recall0.5":0.4615384638309479,"val_precision0.75":0.25,"test_recall0.75":0.4000000059604645,"val_accuracy0.75":0.561904788017273,"val_recall0.75":0.38461539149284363,"test_accuracy0.25":0.4177215099334717,"val_balanced_accuracy0.25":0.4780915287244401,"_timestamp":1.7507056391434827e+09,"test_recall0.25":0.6000000238418579,"val_accuracy0.5":0.5047619342803955,"test_accuracy0.5":0.4430379867553711,"val_balanced_accuracy0.5":0.4902629016553067,"val_accuracy0.25":0.4476190507411957,"val_auroc":0.4741966724395752,"_step":223,"test_precision0.25":0.23999999463558197,"test_accuracy0.75":0.4683544337749481,"test_balanced_accuracy0.75":0.4457627118644068,"test_precision0.5":0.22727273404598236,"val_balanced_accuracy0.75":0.5024342745861733,"test_recall0.5":0.5}