{"val_balanced_accuracy0.25":0.4953117674636662,"val_accuracy0.75":0.5943396091461182,"test_balanced_accuracy0.5":0.5333333333333333,"test_accuracy0.75":0.6499999761581421,"_step":209,"test_recall0.5":0.3499999940395355,"train_auroc":1,"val_precision0.75":0.25,"val_precision0.5":0.22857142984867096,"test_balanced_accuracy0.25":0.5333333333333333,"_wandb":{"runtime":1178},"test_balanced_accuracy0.75":0.55,"val_recall0.5":0.29629629850387573,"test_auroc":0.6183333396911621,"_runtime":1178.538223988,"val_recall0.25":0.37037035822868347,"val_balanced_accuracy0.5":0.47726207219878103,"val_auroc":0.48570090532302856,"test_recall0.75":0.3499999940395355,"test_accuracy0.25":0.6000000238418579,"val_accuracy0.5":0.5660377144813538,"val_accuracy0.25":0.5566037893295288,"test_precision0.75":0.3181818127632141,"train_loss":5.914436769671738e-05,"val_recall0.75":0.29629629850387573,"test_precision0.5":0.2916666567325592,"test_precision0.25":0.2857142984867096,"val_precision0.25":0.25,"val_balanced_accuracy0.75":0.496249413970933,"_timestamp":1.7539311561744275e+09,"test_accuracy0.5":0.625,"test_recall0.25":0.4000000059604645}