{"val_accuracy0.25":0.5943396091461182,"test_balanced_accuracy0.5":0.575,"_runtime":1960.463997419,"test_balanced_accuracy0.75":0.575,"val_recall0.5":0.14814814925193787,"test_precision0.25":0.380952388048172,"val_balanced_accuracy0.75":0.4664791373652133,"val_balanced_accuracy0.25":0.45968120018752934,"_wandb":{"runtime":1960},"test_recall0.5":0.30000001192092896,"val_auroc":0.4210032820701599,"test_precision0.5":0.4000000059604645,"val_recall0.25":0.18518517911434174,"test_auroc":0.5770833492279053,"_step":205,"val_balanced_accuracy0.5":0.45382090951711207,"test_accuracy0.75":0.7124999761581421,"val_precision0.5":0.17391304671764374,"train_auroc":1,"test_recall0.75":0.30000001192092896,"_timestamp":1.753553313274283e+09,"test_accuracy0.5":0.7124999761581421,"test_precision0.75":0.4000000059604645,"train_loss":3.7099162000231445e-05,"test_accuracy0.25":0.6875,"test_balanced_accuracy0.25":0.5916666666666667,"test_recall0.25":0.4000000059604645,"val_accuracy0.5":0.6037735939025879,"val_precision0.75":0.190476194024086,"val_precision0.25":0.19230769574642181,"val_recall0.75":0.14814814925193787,"val_accuracy0.75":0.6226415038108826}