{"test_recall0.75":0,"val_precision0.75":0,"val_balanced_accuracy0.25":0.5,"val_recall0.25":1,"test_recall0.25":1,"_wandb":{"runtime":626},"train_loss":2.0931289196014404,"test_balanced_accuracy0.75":0.5,"val_recall0.5":1,"test_accuracy0.5":0.2531645596027374,"val_balanced_accuracy0.75":0.5,"test_balanced_accuracy0.25":0.5,"val_auroc":0.4724927246570587,"val_accuracy0.25":0.24761904776096344,"val_balanced_accuracy0.5":0.5,"test_auroc":0.47203388810157776,"val_accuracy0.75":0.7523809671401978,"_runtime":626.470312282,"test_precision0.5":0.2531645596027374,"test_balanced_accuracy0.5":0.5,"val_precision0.25":0.24761904776096344,"test_recall0.5":1,"test_precision0.25":0.2531645596027374,"val_accuracy0.5":0.24761904776096344,"test_accuracy0.25":0.2531645596027374,"_step":171,"val_precision0.5":0.24761904776096344,"test_precision0.75":0,"val_recall0.75":0,"_timestamp":1.750242137604008e+09,"test_accuracy0.75":0.746835470199585,"train_auroc":0.5519008636474609}