{"val_accuracy0.5":0.4476190507411957,"test_auroc":0.6110169291496277,"val_recall0.5":0.6538461446762085,"val_precision0.5":0.25757575035095215,"val_precision0.25":0.24761904776096344,"_timestamp":1.7501549447105772e+09,"val_accuracy0.25":0.24761904776096344,"val_balanced_accuracy0.75":0.5,"test_precision0.25":0.2531645596027374,"val_recall0.25":1,"_runtime":1207.122410694,"_step":423,"val_balanced_accuracy0.25":0.5,"val_recall0.75":0,"test_accuracy0.5":0.5189873576164246,"test_accuracy0.75":0.746835470199585,"val_balanced_accuracy0.5":0.516796494644596,"test_balanced_accuracy0.5":0.5953389830508474,"val_auroc":0.5326192378997803,"test_recall0.5":0.75,"test_balanced_accuracy0.75":0.5,"test_precision0.75":0,"test_precision0.5":0.3125,"train_loss":2.0863330364227295,"test_accuracy0.25":0.2531645596027374,"val_precision0.75":0,"train_auroc":0.6263889074325562,"_wandb":{"runtime":1207},"test_recall0.25":1,"test_balanced_accuracy0.25":0.5,"val_accuracy0.75":0.7523809671401978,"test_recall0.75":0}