{"_runtime":403.036217523,"test_balanced_accuracy":0.5,"train_loss":1.7065989971160889,"val_accuracy":0.7407407164573669,"val_auroc":0.3999999761581421,"val_loss":1.7314667701721191,"_step":50,"test_accuracy":0.7557252049446106,"test_recall":0,"_timestamp":1.7495349181262846e+09,"test_auroc":0.4543876349925995,"test_precision":0,"train_auroc":0.4303361177444458,"val_balanced_accuracy":0.5,"val_recall":0,"_wandb":{"runtime":403},"val_precision":0}