{"test_auroc":0.4097457528114319,"test_accuracy0.75":0.6329113841056824,"val_precision0.25":0.21739129722118378,"test_precision0.25":0.190476194024086,"_step":199,"test_balanced_accuracy0.75":0.4898305084745763,"val_accuracy0.75":0.6666666865348816,"test_balanced_accuracy0.25":0.45593220338983054,"test_recall0.75":0.20000000298023224,"test_recall0.5":0.20000000298023224,"val_balanced_accuracy0.75":0.5075462512171374,"_timestamp":1.7505609108775423e+09,"_wandb":{"runtime":946},"test_accuracy0.25":0.5822784900665283,"test_accuracy0.5":0.594936728477478,"val_auroc":0.5523369312286377,"test_balanced_accuracy0.5":0.46440677966101696,"val_precision0.5":0.22727273404598236,"val_balanced_accuracy0.25":0.48222979552093476,"val_accuracy0.25":0.6285714507102966,"train_auroc":1,"test_precision0.5":0.20000000298023224,"test_precision0.75":0.23529411852359772,"train_loss":0.0001077055640053004,"val_accuracy0.5":0.6380952596664429,"val_balanced_accuracy0.5":0.48855890944498537,"val_recall0.5":0.19230769574642181,"val_precision0.75":0.2631579041481018,"test_recall0.25":0.20000000298023224,"val_recall0.25":0.19230769574642181,"val_recall0.75":0.19230769574642181,"_runtime":946.152399966}