{"train_auroc":1,"test_precision0.5":0.1428571492433548,"val_recall0.5":0.19230769574642181,"test_recall0.5":0.10000000149011612,"_runtime":846.227999375,"test_accuracy0.75":0.6202531456947327,"val_accuracy0.5":0.723809540271759,"val_auroc":0.4659201502799988,"val_precision0.25":0.2777777910232544,"_wandb":{"runtime":846},"_step":242,"test_accuracy0.5":0.6202531456947327,"val_recall0.25":0.19230769574642181,"test_balanced_accuracy0.25":0.4309322033898305,"train_loss":3.162326538586058e-05,"val_accuracy0.25":0.6761904954910278,"val_balanced_accuracy0.5":0.5455209347614411,"test_balanced_accuracy0.5":0.4483050847457627,"test_precision0.25":0.15000000596046448,"test_precision0.75":0.0833333358168602,"val_precision0.5":0.38461539149284363,"val_recall0.75":0.19230769574642181,"test_recall0.25":0.15000000596046448,"val_precision0.75":0.4545454680919647,"test_auroc":0.5338982939720154,"_timestamp":1.7501827529936504e+09,"val_balanced_accuracy0.25":0.5138753651411879,"val_balanced_accuracy0.75":0.5581791626095424,"test_recall0.75":0.05000000074505806,"test_balanced_accuracy0.75":0.4317796610169492,"val_accuracy0.75":0.7428571581840515,"test_accuracy0.25":0.5696202516555786}