{"val_auroc":0.47592589259147644,"test_accuracy0.25":0.550000011920929,"val_precision0.25":0.23999999463558197,"val_accuracy0.5":0.6355140209197998,"train_loss":0.00010283936717314646,"test_auroc":0.45125001668930054,"val_balanced_accuracy0.5":0.4863425925925926,"test_recall0.5":0.10000000149011612,"val_recall0.75":0.18518517911434174,"train_auroc":1,"val_balanced_accuracy0.75":0.4925925925925926,"test_precision0.25":0.13636364042758942,"test_precision0.5":0.1111111119389534,"val_recall0.25":0.2222222238779068,"_timestamp":1.7539370469800532e+09,"test_balanced_accuracy0.25":0.4166666666666667,"val_balanced_accuracy0.25":0.4923611111111111,"test_recall0.75":0.10000000149011612,"test_precision0.75":0.11764705926179886,"test_balanced_accuracy0.75":0.425,"val_recall0.5":0.18518517911434174,"val_accuracy0.75":0.644859790802002,"test_accuracy0.5":0.574999988079071,"val_precision0.5":0.22727273404598236,"test_accuracy0.75":0.5874999761581421,"test_balanced_accuracy0.5":0.41666666666666663,"test_recall0.25":0.15000000596046448,"_step":200,"val_accuracy0.25":0.6261682510375977,"val_precision0.75":0.2380952388048172,"_wandb":{"runtime":1426},"_runtime":1426.051884624}