{"test_auroc":0.49000000953674316,"val_precision0.5":0.5,"val_precision0.25":0.24528302252292633,"test_recall0.25":1,"test_precision0.25":0.25,"val_recall0.75":0,"val_recall0.5":0.03846153989434242,"val_accuracy0.5":0.7547169923782349,"val_auroc":0.5721153616905212,"val_balanced_accuracy0.5":0.5129807692307693,"train_auroc":0.579901933670044,"test_recall0.5":0,"_runtime":632.713236609,"_timestamp":1.75309780764022e+09,"val_balanced_accuracy0.25":0.5,"train_loss":1.910753846168518,"_step":150,"test_recall0.75":0,"val_accuracy0.75":0.7547169923782349,"test_precision0.5":0,"test_accuracy0.25":0.25,"val_precision0.75":0,"test_balanced_accuracy0.75":0.5,"_wandb":{"runtime":632},"test_balanced_accuracy0.5":0.5,"test_accuracy0.75":0.75,"val_accuracy0.25":0.24528302252292633,"test_balanced_accuracy0.25":0.5,"test_precision0.75":0,"val_balanced_accuracy0.75":0.5,"val_recall0.25":1,"test_accuracy0.5":0.75}