{"_timestamp":1.7498903097704113e+09,"val_accuracy0.75":0.7142857313156128,"test_auroc":0.5203390121459961,"val_balanced_accuracy0.25":0.4817429406037001,"val_precision0.75":0.25,"test_accuracy0.25":0.6455696225166321,"val_recall0.75":0.07692307978868484,"_step":499,"_runtime":2157.480952053,"_wandb":{"runtime":2157},"val_balanced_accuracy0.5":0.5007302823758519,"val_accuracy0.5":0.6952381134033203,"train_auroc":1,"test_recall0.5":0.10000000149011612,"test_precision0.5":0.20000000298023224,"test_recall0.25":0.20000000298023224,"val_auroc":0.4386563003063202,"val_recall0.5":0.11538461595773697,"test_balanced_accuracy0.5":0.4822033898305085,"val_precision0.25":0.20000000298023224,"test_accuracy0.75":0.6835442781448364,"test_accuracy0.5":0.6708860993385315,"test_recall0.75":0.05000000074505806,"test_precision0.25":0.25,"test_precision0.75":0.1428571492433548,"val_precision0.5":0.25,"val_balanced_accuracy0.75":0.5004868549172347,"test_balanced_accuracy0.75":0.4741525423728814,"test_balanced_accuracy0.25":0.49830508474576274,"val_recall0.25":0.11538461595773697,"val_accuracy0.25":0.6666666865348816,"train_loss":0.00034883973421528935}