{"test_precision0.5":0.0714285746216774,"test_auroc":0.47372883558273315,"test_recall0.25":0.15000000596046448,"train_auroc":1,"test_recall0.5":0.05000000074505806,"val_auroc":0.43524831533432007,"test_accuracy0.75":0.6202531456947327,"val_precision0.5":0.1304347813129425,"_step":318,"val_accuracy0.25":0.5904762148857117,"val_balanced_accuracy0.75":0.4437682570593963,"val_recall0.5":0.11538461595773697,"val_accuracy0.75":0.6095238327980042,"test_balanced_accuracy0.75":0.4317796610169492,"val_accuracy0.5":0.5904762148857117,"val_balanced_accuracy0.5":0.43111002921129504,"val_recall0.25":0.1538461595773697,"_timestamp":1.7501751020618484e+09,"test_accuracy0.25":0.6202531456947327,"val_precision0.25":0.1599999964237213,"test_precision0.75":0.0833333358168602,"train_loss":5.8980895119020715e-06,"test_balanced_accuracy0.25":0.4648305084745763,"test_recall0.75":0.05000000074505806,"val_precision0.75":0.1428571492433548,"_wandb":{"runtime":2043},"val_balanced_accuracy0.25":0.44401168451801365,"test_accuracy0.5":0.594936728477478,"test_balanced_accuracy0.5":0.4148305084745763,"_runtime":2043.599934161,"val_recall0.75":0.11538461595773697,"test_precision0.25":0.1875}