{"_runtime":282.607349837,"_step":63,"val_precision":0,"test_recall":0,"test_accuracy":0.75,"val_balanced_accuracy":0.5,"_timestamp":1.7494944877312205e+09,"val_accuracy":0.7407407164573669,"val_auroc":0.4928571581840515,"_wandb":{"runtime":282},"test_auroc":0.5448423624038696,"val_recall":0,"test_balanced_accuracy":0.5,"val_loss":1.7433602809906006,"train_loss":1.6640545129776,"test_precision":0,"train_auroc":0.6563413143157959}