{"test_balanced_accuracy0.5":0.475,"test_precision0.25":0.25,"_step":153,"test_precision0.5":0.21052631735801697,"val_accuracy0.5":0.6261682510375977,"val_balanced_accuracy0.25":0.5,"train_auroc":0.6365650296211243,"_wandb":{"runtime":783},"val_recall0.25":1,"test_balanced_accuracy0.25":0.5,"val_precision0.75":0,"val_auroc":0.5351852178573608,"_runtime":783.961461418,"val_recall0.75":0,"_timestamp":1.753917579586408e+09,"test_recall0.25":1,"test_accuracy0.5":0.612500011920929,"test_recall0.75":0,"test_balanced_accuracy0.75":0.5,"val_accuracy0.75":0.7476635575294495,"test_precision0.75":0,"val_precision0.25":0.25233644247055054,"test_auroc":0.5233333110809326,"val_balanced_accuracy0.75":0.5,"val_recall0.5":0.29629629850387573,"val_balanced_accuracy0.5":0.5168981481481482,"val_precision0.5":0.27586206793785095,"test_recall0.5":0.20000000298023224,"train_loss":2.0151805877685547,"test_accuracy0.75":0.75,"val_accuracy0.25":0.25233644247055054,"test_accuracy0.25":0.25}