{"test_accuracy":0.7480915784835815,"val_recall":0,"val_precision":0,"_runtime":608.208093277,"train_loss":1.686991810798645,"_step":60,"test_auroc":0.5261286497116089,"train_auroc":0.4860035181045532,"val_accuracy":0.7407407164573669,"_timestamp":1.7495101099155982e+09,"test_balanced_accuracy":0.5,"test_precision":0,"_wandb":{"runtime":608},"test_recall":0,"val_loss":1.72869873046875,"val_balanced_accuracy":0.5,"val_auroc":0.514285683631897}