{"test_accuracy0.75":0.6962025165557861,"train_auroc":1,"_runtime":3257.793975035,"val_balanced_accuracy0.25":0.5012171372930867,"test_balanced_accuracy0.5":0.5156779661016949,"train_loss":0.0005699668545275927,"val_auroc":0.5343232750892639,"_wandb":{"runtime":3257},"test_recall0.5":0.15000000596046448,"val_recall0.25":0.19230769574642181,"test_accuracy0.25":0.6708860993385315,"_step":231,"_timestamp":1.750913579933046e+09,"test_recall0.75":0.15000000596046448,"test_precision0.5":0.30000001192092896,"val_recall0.75":0.1538461595773697,"test_accuracy0.5":0.6962025165557861,"val_precision0.5":0.2777777910232544,"test_precision0.25":0.2857142984867096,"test_balanced_accuracy0.75":0.5156779661016949,"val_accuracy0.75":0.6857143044471741,"val_precision0.75":0.2666666805744171,"test_auroc":0.5610169768333435,"val_balanced_accuracy0.5":0.5138753651411879,"test_balanced_accuracy0.25":0.5152542372881356,"val_accuracy0.25":0.6571428775787354,"val_precision0.25":0.25,"val_recall0.5":0.19230769574642181,"test_precision0.75":0.30000001192092896,"test_recall0.25":0.20000000298023224,"val_accuracy0.5":0.6761904954910278,"val_balanced_accuracy0.75":0.50730282375852}