{"val_recall0.25":1,"test_recall0.25":1,"val_balanced_accuracy0.5":0.5,"val_precision0.25":0.24528302252292633,"_wandb":{"runtime":3036},"test_recall0.75":0,"_runtime":3036.639582314,"_timestamp":1.7543005621214867e+09,"test_precision0.25":0.25,"test_accuracy0.5":0.25,"val_precision0.75":0,"test_recall0.5":1,"val_balanced_accuracy0.75":0.5,"val_accuracy0.25":0.24528302252292633,"val_recall0.5":1,"val_balanced_accuracy0.25":0.5,"test_balanced_accuracy0.5":0.5,"val_accuracy0.75":0.7547169923782349,"train_loss":2.1431920528411865,"val_precision0.5":0.24528302252292633,"test_precision0.5":0.25,"test_balanced_accuracy0.75":0.5,"test_accuracy0.75":0.75,"train_auroc":0.5854989886283875,"val_auroc":0.5115384459495544,"_step":352,"test_auroc":0.5183333158493042,"test_accuracy0.25":0.25,"test_precision0.75":0,"test_balanced_accuracy0.25":0.5,"val_accuracy0.5":0.24528302252292633,"val_recall0.75":0}