val_loss,val_accuracy,val_auroc,val_precision,val_recall,epoch,step,train_loss,train_auroc
0.4121362566947937,0.75,0.5,0.0,0.0,0,35,,
,,,,,0,35,0.4121362566947937,0.5
0.4096646010875702,0.75,0.5,0.0,0.0,1,71,,
,,,,,1,71,0.4096646010875702,0.5
0.37426063418388367,0.75,0.5,0.0,0.0,2,107,,
,,,,,2,107,0.37426063418388367,0.5
0.377756804227829,0.75,0.5,0.0,0.0,3,143,,
,,,,,3,143,0.377756804227829,0.5
0.4092276096343994,0.75,0.5,0.0,0.0,4,179,,
,,,,,4,179,0.4092276096343994,0.5
