{"test_recall":0,"val_auroc":0.3697916865348816,"val_precision":0,"val_loss":0.36755484342575073,"_runtime":1806.823469765,"_wandb":{"runtime":1806},"train_loss":0.36908093094825745,"_timestamp":1.7478036227275133e+09,"test_auroc":0.4805084764957428,"val_accuracy":0.75,"_step":19,"train_auroc":0.43970489501953125,"val_recall":0,"test_accuracy":0.746835470199585,"test_precision":0}