{"_runtime":2232.679093594,"_wandb":{"runtime":2232},"val_accuracy0.5":0.663551390171051,"test_balanced_accuracy0.5":0.45,"val_balanced_accuracy0.25":0.48657407407407405,"train_loss":0.046578217297792435,"val_accuracy0.75":0.663551390171051,"test_precision0.75":0.1538461595773697,"train_auroc":1,"val_balanced_accuracy0.5":0.4805555555555555,"val_precision0.25":0.2222222238779068,"test_recall0.25":0.10000000149011612,"val_recall0.25":0.14814814925193787,"_timestamp":1.7539566001763744e+09,"val_precision0.5":0.20000000298023224,"test_recall0.75":0.10000000149011612,"test_recall0.5":0.10000000149011612,"val_recall0.5":0.1111111119389534,"val_accuracy0.25":0.6542056202888489,"val_recall0.75":0.1111111119389534,"val_auroc":0.5048611164093018,"test_balanced_accuracy0.25":0.41666666666666663,"test_precision0.5":0.1428571492433548,"_step":356,"test_balanced_accuracy0.75":0.4583333333333333,"test_accuracy0.5":0.625,"val_precision0.75":0.20000000298023224,"test_accuracy0.25":0.574999988079071,"val_balanced_accuracy0.75":0.4805555555555555,"test_accuracy0.75":0.637499988079071,"test_auroc":0.4858333468437195,"test_precision0.25":0.1111111119389534}