{"test_auroc":0.48416668176651,"test_precision0.5":0.23076923191547394,"_runtime":6335.852583978,"val_accuracy0.75":0.6074766516685486,"test_accuracy0.5":0.574999988079071,"test_recall0.25":0.3499999940395355,"val_accuracy0.25":0.5700934529304504,"train_auroc":0.9999209642410278,"val_auroc":0.44212961196899414,"test_balanced_accuracy0.25":0.475,"test_recall0.75":0.30000001192092896,"test_precision0.25":0.22580644488334656,"val_recall0.75":0.18518517911434174,"val_balanced_accuracy0.25":0.47939814814814813,"test_balanced_accuracy0.75":0.5083333333333333,"val_precision0.75":0.20000000298023224,"_wandb":{"runtime":6335},"val_accuracy0.5":0.5887850522994995,"test_precision0.75":0.260869562625885,"val_balanced_accuracy0.5":0.4673611111111111,"test_recall0.5":0.30000001192092896,"_step":750,"val_precision0.25":0.22857142984867096,"val_precision0.5":0.2068965584039688,"val_balanced_accuracy0.75":0.46759259259259256,"train_loss":0.06799275428056717,"test_accuracy0.25":0.5375000238418579,"test_accuracy0.75":0.612500011920929,"test_balanced_accuracy0.5":0.4833333333333333,"_timestamp":1.7541522587597935e+09,"val_recall0.5":0.2222222238779068,"val_recall0.25":0.29629629850387573}