{"val_balanced_accuracy":0.5,"val_recall":0,"test_precision":0,"_step":79,"_runtime":313.199250964,"val_accuracy":0.7407407164573669,"val_loss":1.7282764911651611,"_timestamp":1.749555452809882e+09,"test_recall":0,"val_precision":0,"test_accuracy":0.7480915784835815,"_wandb":{"runtime":313},"train_auroc":0.47752809524536133,"test_auroc":0.521026611328125,"test_balanced_accuracy":0.5,"train_loss":1.6852068901062012,"val_auroc":0.6428571343421936}