{"test_accuracy0.5":0.37974682450294495,"val_recall0.75":0.6538461446762085,"val_precision0.75":0.265625,"val_recall0.25":0.692307710647583,"test_balanced_accuracy0.25":0.4682203389830508,"_wandb":{"runtime":1329},"val_accuracy0.5":0.4571428596973419,"test_accuracy0.75":0.39240506291389465,"test_balanced_accuracy0.75":0.4610169491525423,"_runtime":1329.656995237,"val_accuracy0.75":0.46666666865348816,"test_recall0.5":0.699999988079071,"test_recall0.75":0.6000000238418579,"_timestamp":1.7507093022286236e+09,"val_precision0.25":0.24657534062862396,"test_precision0.75":0.23076923191547394,"train_loss":0.0005525626474991441,"val_recall0.5":0.6538461446762085,"val_balanced_accuracy0.25":0.49805258033106137,"val_balanced_accuracy0.5":0.5231256085686465,"test_balanced_accuracy0.5":0.485593220338983,"val_accuracy0.25":0.4000000059604645,"val_balanced_accuracy0.75":0.5294547224926972,"train_auroc":1,"test_accuracy0.25":0.3291139304637909,"test_auroc":0.47415250539779663,"val_auroc":0.5438169240951538,"test_precision0.5":0.24561403691768646,"_step":269,"test_recall0.25":0.75,"test_precision0.25":0.2380952388048172,"val_precision0.5":0.26153847575187683}