{"val_recall0.75":0,"val_auroc":0.5164088010787964,"val_accuracy0.75":0.7452830076217651,"train_loss":2.224346876144409,"_step":226,"_runtime":2009.474868779,"test_balanced_accuracy0.5":0.5,"val_accuracy0.5":0.25471699237823486,"_wandb":{"runtime":2009},"val_precision0.25":0.25471699237823486,"val_balanced_accuracy0.25":0.5,"_timestamp":1.7543151672210264e+09,"val_balanced_accuracy0.75":0.5,"test_accuracy0.25":0.25,"train_auroc":0.4855664074420929,"test_recall0.5":1,"val_recall0.25":1,"test_recall0.25":1,"test_balanced_accuracy0.25":0.5,"test_balanced_accuracy0.75":0.5,"test_precision0.5":0.25,"test_auroc":0.5295833349227905,"test_precision0.25":0.25,"val_accuracy0.25":0.25471699237823486,"val_precision0.5":0.25471699237823486,"test_precision0.75":0,"val_balanced_accuracy0.5":0.5,"test_accuracy0.5":0.25,"test_accuracy0.75":0.75,"test_recall0.75":0,"val_recall0.5":1,"val_precision0.75":0}