{"_timestamp":1.755013259910875e+09,"val_accuracy0.75":0.5943396091461182,"val_accuracy0.5":0.5471698045730591,"test_precision0.75":0.17391304671764374,"val_precision0.5":0.21052631735801697,"test_balanced_accuracy0.75":0.44166666666666665,"test_precision0.5":0.13793103396892548,"_runtime":5309.688894749,"test_auroc":0.3812499940395355,"val_balanced_accuracy0.25":0.49230769230769234,"test_precision0.25":0.125,"val_precision0.25":0.2380952388048172,"_step":226,"test_recall0.75":0.20000000298023224,"val_precision0.75":0.22580644488334656,"val_recall0.25":0.38461539149284363,"val_recall0.75":0.26923078298568726,"val_balanced_accuracy0.5":0.46634615384615385,"val_recall0.5":0.3076923191547394,"train_loss":0.004137007519602776,"test_balanced_accuracy0.5":0.3916666666666667,"test_accuracy0.75":0.5625,"test_accuracy0.5":0.48750001192092896,"train_auroc":1,"val_auroc":0.5302884578704834,"_wandb":{"runtime":5309},"val_balanced_accuracy0.75":0.48461538461538456,"val_accuracy0.25":0.5471698045730591,"test_recall0.25":0.20000000298023224,"test_balanced_accuracy0.25":0.3666666666666667,"test_recall0.5":0.20000000298023224,"test_accuracy0.25":0.44999998807907104}