{"test_balanced_accuracy0.5":0.4228813559322034,"_wandb":{"runtime":1103},"_timestamp":1.7505556076529078e+09,"val_accuracy0.5":0.6380952596664429,"val_recall0.25":0.23076923191547394,"val_accuracy0.25":0.6380952596664429,"test_balanced_accuracy0.75":0.4398305084745763,"test_precision0.75":0.13333334028720856,"train_auroc":0.9993914365768433,"val_accuracy0.75":0.6761904954910278,"test_precision0.5":0.11764705926179886,"val_auroc":0.5345666408538818,"_runtime":1103.060801384,"val_precision0.25":0.25,"val_recall0.5":0.19230769574642181,"val_recall0.75":0.19230769574642181,"test_accuracy0.25":0.594936728477478,"train_loss":0.04005953297019005,"test_auroc":0.4754237234592438,"val_balanced_accuracy0.75":0.5138753651411879,"val_balanced_accuracy0.25":0.501460564751704,"_step":220,"test_accuracy0.75":0.607594907283783,"test_balanced_accuracy0.25":0.4478813559322034,"test_recall0.5":0.10000000149011612,"val_precision0.75":0.2777777910232544,"test_recall0.25":0.15000000596046448,"test_recall0.75":0.10000000149011612,"val_precision0.5":0.22727273404598236,"test_precision0.25":0.1666666716337204,"val_balanced_accuracy0.5":0.48855890944498537,"test_accuracy0.5":0.5822784900665283}