{"val_balanced_accuracy0.5":0.5,"train_auroc":0.5787328481674194,"val_accuracy0.75":0.7547169923782349,"test_accuracy0.25":0.30000001192092896,"_runtime":499.015853118,"val_precision0.5":0,"val_recall0.75":0,"val_recall0.5":0,"test_precision0.25":0.24285714328289032,"val_balanced_accuracy0.75":0.5,"test_recall0.25":0.8500000238418579,"test_balanced_accuracy0.5":0.5,"test_accuracy0.75":0.75,"val_precision0.25":0.24752475321292877,"test_balanced_accuracy0.75":0.5,"_wandb":{"runtime":499},"val_balanced_accuracy0.25":0.5057692307692307,"_step":208,"test_precision0.75":0,"val_precision0.75":0,"test_accuracy0.5":0.75,"val_accuracy0.5":0.7547169923782349,"_timestamp":1.7534831398992832e+09,"test_auroc":0.5508333444595337,"train_loss":1.689800500869751,"val_accuracy0.25":0.27358490228652954,"test_precision0.5":0,"test_balanced_accuracy0.25":0.48333333333333334,"test_recall0.5":0,"test_recall0.75":0,"val_recall0.25":0.9615384340286255,"val_auroc":0.5480769276618958}