{"test_balanced_accuracy0.75":0.47500000000000003,"val_recall0.25":0.29629629850387573,"val_accuracy0.75":0.7196261882781982,"val_auroc":0.6231481432914734,"val_precision0.5":0.3076923191547394,"test_balanced_accuracy0.5":0.43333333333333335,"val_recall0.75":0.14814814925193787,"test_precision0.5":0.0833333358168602,"_runtime":3539.433245657,"test_recall0.5":0.05000000074505806,"train_auroc":1,"train_loss":0.09828474372625351,"test_precision0.25":0.21739129722118378,"val_recall0.5":0.14814814925193787,"test_recall0.75":0.05000000074505806,"val_precision0.25":0.4000000059604645,"val_balanced_accuracy0.25":0.5731481481481482,"test_accuracy0.5":0.625,"test_precision0.75":0.1428571492433548,"_step":971,"test_balanced_accuracy0.25":0.475,"val_balanced_accuracy0.75":0.530324074074074,"val_precision0.75":0.3636363744735718,"val_accuracy0.25":0.7102803587913513,"test_accuracy0.75":0.6875,"val_balanced_accuracy0.5":0.517824074074074,"test_auroc":0.5066666603088379,"_wandb":{"runtime":3539},"val_accuracy0.5":0.7009345889091492,"_timestamp":1.7531338010573378e+09,"test_accuracy0.25":0.5874999761581421,"test_recall0.25":0.25}