{"val_auroc":0.657254159450531,"val_precision0.5":0,"test_precision0.75":0,"val_recall0.25":0.8461538553237915,"val_recall0.5":0,"test_balanced_accuracy0.5":0.5,"test_auroc":0.496610164642334,"val_balanced_accuracy0.75":0.5,"test_balanced_accuracy0.75":0.5,"test_precision0.5":0,"test_balanced_accuracy0.25":0.5711864406779661,"val_balanced_accuracy0.5":0.5,"test_accuracy0.5":0.746835470199585,"val_accuracy0.75":0.7523809671401978,"val_balanced_accuracy0.25":0.6509250243427458,"val_precision0.25":0.3384615480899811,"_runtime":2671.07008078,"test_precision0.25":0.3076923191547394,"test_recall0.25":0.6000000238418579,"val_recall0.75":0,"val_accuracy0.25":0.5523809790611267,"test_recall0.75":0,"train_auroc":0.6583495736122131,"val_precision0.75":0,"test_accuracy0.75":0.746835470199585,"test_accuracy0.25":0.5569620132446289,"_timestamp":1.7505213285043316e+09,"test_recall0.5":0,"_step":999,"val_accuracy0.5":0.7523809671401978,"train_loss":1.6604650020599365,"_wandb":{"runtime":2671}}