{"val_recall0.5":0.03846153989434242,"test_auroc":0.616949200630188,"test_precision0.25":0.4000000059604645,"_wandb":{"runtime":821},"test_accuracy0.5":0.7341772317886353,"test_recall0.25":0.10000000149011612,"train_loss":0.038927752524614334,"test_precision0.75":0.4000000059604645,"test_accuracy0.25":0.7341772317886353,"_timestamp":1.750231185883205e+09,"val_balanced_accuracy0.75":0.5002434274586174,"val_recall0.75":0.03846153989434242,"test_accuracy0.75":0.7341772317886353,"val_recall0.25":0.03846153989434242,"val_accuracy0.75":0.7333333492279053,"val_accuracy0.5":0.7333333492279053,"_runtime":821.539484743,"train_auroc":0.999634861946106,"_step":317,"val_balanced_accuracy0.5":0.5002434274586174,"val_accuracy0.25":0.7333333492279053,"test_recall0.5":0.10000000149011612,"test_balanced_accuracy0.5":0.5245762711864407,"val_precision0.5":0.25,"test_recall0.75":0.10000000149011612,"val_precision0.25":0.25,"val_auroc":0.5574488639831543,"test_balanced_accuracy0.75":0.5245762711864407,"test_balanced_accuracy0.25":0.5245762711864407,"test_precision0.5":0.4000000059604645,"val_precision0.75":0.25,"val_balanced_accuracy0.25":0.5002434274586174}