{"val_balanced_accuracy0.75":0.5,"val_auroc":0.6747809052467346,"val_recall0.75":0,"test_recall0.75":0,"test_balanced_accuracy0.5":0.4525423728813559,"train_auroc":0.5648307800292969,"train_loss":2.090491771697998,"val_recall0.25":1,"test_balanced_accuracy0.75":0.5,"_timestamp":1.7502877568783479e+09,"test_recall0.25":1,"val_precision0.75":0,"val_precision0.25":0.24761904776096344,"val_recall0.5":0.9615384340286255,"test_accuracy0.25":0.2531645596027374,"val_accuracy0.75":0.7523809671401978,"test_precision0.25":0.2531645596027374,"test_recall0.5":0.6000000238418579,"val_balanced_accuracy0.25":0.5,"_wandb":{"runtime":1621},"test_balanced_accuracy0.25":0.5,"test_precision0.75":0,"val_accuracy0.5":0.4952380955219269,"test_auroc":0.5,"_step":469,"test_accuracy0.75":0.746835470199585,"_runtime":1621.690284179,"test_precision0.5":0.22641509771347046,"val_precision0.5":0.3246753215789795,"val_balanced_accuracy0.5":0.6516553067185978,"val_accuracy0.25":0.24761904776096344,"test_accuracy0.5":0.37974682450294495}