{"_step":83,"val_accuracy":0.7407407164573669,"test_recall":0,"train_loss":1.6840187311172485,"val_precision":0,"test_balanced_accuracy":0.5,"_wandb":{"runtime":305},"val_auroc":0.6428571939468384,"test_accuracy":0.7480915784835815,"_timestamp":1.7495543646501532e+09,"val_recall":0,"test_precision":0,"train_auroc":0.516660213470459,"test_auroc":0.594001293182373,"_runtime":305.247012918,"val_loss":1.7334716320037842,"val_balanced_accuracy":0.5}