{"_runtime":9091.214431469,"test_auroc":0.4541666805744171,"val_balanced_accuracy0.5":0.5168981481481482,"test_precision0.75":0.0833333358168602,"val_precision0.5":0.27586206793785095,"test_recall0.75":0.05000000074505806,"val_recall0.25":0.40740740299224854,"test_balanced_accuracy0.25":0.4666666666666667,"test_precision0.5":0.17391304671764374,"test_accuracy0.75":0.625,"test_accuracy0.25":0.550000011920929,"test_balanced_accuracy0.75":0.43333333333333335,"test_balanced_accuracy0.5":0.44166666666666665,"val_balanced_accuracy0.75":0.4740740740740741,"val_balanced_accuracy0.25":0.5162037037037037,"train_loss":0.1625961810350418,"val_accuracy0.75":0.6355140209197998,"val_precision0.25":0.26829269528388977,"test_recall0.25":0.30000001192092896,"val_precision0.75":0.20000000298023224,"val_recall0.5":0.29629629850387573,"_timestamp":1.7536918325912492e+09,"_wandb":{"runtime":9091},"train_auroc":0.9966015815734863,"test_precision0.25":0.2142857164144516,"test_accuracy0.5":0.5625,"val_accuracy0.25":0.5700934529304504,"val_recall0.75":0.14814814925193787,"val_auroc":0.5300925970077515,"_step":219,"val_accuracy0.5":0.6261682510375977,"test_recall0.5":0.20000000298023224}