{"test_recall0.25":0.10000000149011612,"test_accuracy0.75":0.746835470199585,"val_accuracy0.25":0.761904776096344,"val_precision0.75":0,"test_recall0.5":0,"val_precision0.5":0,"val_recall0.75":0,"_wandb":{"runtime":1811},"test_balanced_accuracy0.25":0.49915254237288137,"_timestamp":1.7499005634896166e+09,"test_balanced_accuracy0.5":0.4915254237288136,"val_balanced_accuracy0.25":0.5579357351509251,"test_recall0.75":0,"val_precision0.25":0.5714285969734192,"_runtime":1811.501237417,"train_auroc":0.947906494140625,"test_precision0.25":0.25,"val_accuracy0.5":0.7333333492279053,"test_auroc":0.6059322357177734,"test_precision0.75":0,"train_loss":1.1294292211532593,"test_accuracy0.5":0.7341772317886353,"val_balanced_accuracy0.75":0.5,"val_recall0.25":0.1538461595773697,"val_accuracy0.75":0.7523809671401978,"test_precision0.5":0,"val_recall0.5":0,"val_auroc":0.5793573260307312,"_step":499,"val_balanced_accuracy0.5":0.4873417721518987,"test_accuracy0.25":0.6962025165557861,"test_balanced_accuracy0.75":0.5}