{"train_auroc":0.4906492531299591,"val_balanced_accuracy0.75":0.5,"test_balanced_accuracy0.75":0.5,"val_precision0.25":0.25471699237823486,"val_balanced_accuracy0.5":0.5,"test_auroc":0.6133333444595337,"test_accuracy0.25":0.25,"test_precision0.25":0.25,"test_accuracy0.5":0.75,"val_precision0.5":0,"test_balanced_accuracy0.5":0.5,"val_recall0.25":1,"_wandb":{"runtime":1710},"_runtime":1710.838474892,"val_auroc":0.5925925970077515,"_timestamp":1.7549578597081673e+09,"test_recall0.5":0,"test_balanced_accuracy0.25":0.5,"val_recall0.5":0,"val_precision0.75":0,"val_accuracy0.75":0.7452830076217651,"train_loss":2.1031556129455566,"test_precision0.5":0,"test_recall0.25":1,"test_precision0.75":0,"val_balanced_accuracy0.25":0.5,"val_accuracy0.25":0.25471699237823486,"val_recall0.75":0,"val_accuracy0.5":0.7452830076217651,"_step":232,"test_recall0.75":0,"test_accuracy0.75":0.75}