{"_timestamp":1.7514160634598615e+09,"test_precision0.75":0.28125,"val_auroc":0.5847127437591553,"test_accuracy0.25":0.4683544337749481,"val_accuracy0.75":0.6095238327980042,"test_precision0.5":0.23076923191547394,"val_recall0.75":0.5384615659713745,"_wandb":{"runtime":2190},"test_balanced_accuracy0.75":0.5300847457627119,"test_recall0.75":0.44999998807907104,"test_balanced_accuracy0.5":0.47076271186440677,"test_accuracy0.75":0.5696202516555786,"test_accuracy0.5":0.4810126721858978,"train_auroc":0.9997596740722656,"val_accuracy0.25":0.5047619342803955,"val_balanced_accuracy0.5":0.547711781888997,"val_balanced_accuracy0.25":0.5289678675754625,"test_recall0.5":0.44999998807907104,"val_recall0.5":0.5384615659713745,"train_loss":0.04981827735900879,"test_precision0.25":0.2708333432674408,"_step":485,"test_auroc":0.514830470085144,"val_recall0.25":0.5769230723381042,"val_precision0.25":0.2678571343421936,"test_recall0.25":0.6499999761581421,"_runtime":2190.55953194,"val_balanced_accuracy0.75":0.5856864654333009,"val_precision0.5":0.2857142984867096,"val_accuracy0.5":0.5523809790611267,"test_balanced_accuracy0.25":0.5283898305084747,"val_precision0.75":0.3255814015865326}