{"test_precision0.25":0.2291666716337204,"test_balanced_accuracy0.25":0.4666666666666667,"train_auroc":0.4916273355484009,"val_precision0.75":0,"_timestamp":1.7536196393672712e+09,"val_accuracy0.5":0.7452830076217651,"test_balanced_accuracy0.5":0.5,"val_recall0.25":0.5925925970077515,"test_recall0.75":0,"val_balanced_accuracy0.25":0.4545241443975621,"_step":151,"val_recall0.5":0,"test_accuracy0.25":0.42500001192092896,"val_accuracy0.75":0.7452830076217651,"test_accuracy0.5":0.75,"test_auroc":0.460833340883255,"test_recall0.5":0,"test_precision0.75":0,"test_recall0.25":0.550000011920929,"val_auroc":0.40600094199180603,"val_precision0.25":0.22857142984867096,"val_balanced_accuracy0.75":0.5,"val_accuracy0.25":0.38679245114326477,"val_precision0.5":0,"test_balanced_accuracy0.75":0.5,"_wandb":{"runtime":1437},"val_recall0.75":0,"val_balanced_accuracy0.5":0.5,"train_loss":1.693766474723816,"_runtime":1437.016946783,"test_accuracy0.75":0.75,"test_precision0.5":0}