{"train_loss":0.03122163563966751,"val_precision0.5":0.3478260934352875,"_timestamp":1.7513933358758302e+09,"val_balanced_accuracy0.5":0.5589094449853944,"val_recall0.75":0.26923078298568726,"val_recall0.5":0.3076923191547394,"_runtime":3587.461121946,"val_accuracy0.25":0.6666666865348816,"test_recall0.5":0.25,"test_precision0.25":0.26923078298568726,"test_recall0.75":0.25,"train_auroc":0.9997196197509766,"val_precision0.25":0.3199999928474426,"val_recall0.25":0.3076923191547394,"test_precision0.5":0.21739129722118378,"val_balanced_accuracy0.75":0.5396786757546251,"val_precision0.75":0.3181818127632141,"test_recall0.25":0.3499999940395355,"val_accuracy0.75":0.6761904954910278,"_step":579,"test_balanced_accuracy0.25":0.5139830508474577,"test_accuracy0.75":0.607594907283783,"_wandb":{"runtime":3587},"val_accuracy0.5":0.6857143044471741,"test_accuracy0.25":0.594936728477478,"test_precision0.75":0.2380952388048172,"test_auroc":0.5296610593795776,"test_balanced_accuracy0.5":0.4724576271186441,"test_accuracy0.5":0.5822784900665283,"val_auroc":0.4693281650543213,"test_balanced_accuracy0.75":0.4894067796610169,"val_balanced_accuracy0.25":0.5462512171372931}