{"test_recall0.75":0.15000000596046448,"_runtime":1995.208070758,"test_balanced_accuracy0.75":0.43940677966101693,"val_recall0.75":0.23076923191547394,"test_accuracy0.75":0.5822784900665283,"test_balanced_accuracy0.5":0.4309322033898305,"test_precision0.25":0.1666666716337204,"test_recall0.5":0.15000000596046448,"val_precision0.75":0.260869562625885,"val_balanced_accuracy0.25":0.4953748782862707,"_wandb":{"runtime":1995},"val_auroc":0.4245374798774719,"test_precision0.75":0.15789473056793213,"train_loss":1.0691805073292926e-05,"test_balanced_accuracy0.25":0.43050847457627117,"val_balanced_accuracy0.75":0.5077896786757546,"test_precision0.5":0.15000000596046448,"val_recall0.25":0.26923078298568726,"val_accuracy0.75":0.6476190686225891,"_step":499,"train_auroc":1,"test_auroc":0.3046610355377197,"val_precision0.25":0.24137930572032928,"val_precision0.5":0.2222222238779068,"test_recall0.25":0.20000000298023224,"val_balanced_accuracy0.5":0.4824732229795521,"val_accuracy0.25":0.6095238327980042,"val_accuracy0.5":0.6095238327980042,"test_accuracy0.25":0.5443037748336792,"_timestamp":1.7498241616334288e+09,"val_recall0.5":0.23076923191547394,"test_accuracy0.5":0.5696202516555786}