{"val_balanced_accuracy0.75":0.5131450827653359,"test_accuracy0.5":0.746835470199585,"test_balanced_accuracy0.25":0.5317796610169492,"test_balanced_accuracy0.5":0.5495762711864407,"val_accuracy0.25":0.6761904954910278,"test_recall0.5":0.15000000596046448,"_wandb":{"runtime":1637},"train_auroc":0.832156777381897,"test_recall0.25":0.25,"test_recall0.75":0,"test_precision0.75":0,"test_precision0.25":0.3125,"val_accuracy0.5":0.723809540271759,"_step":499,"val_recall0.25":0.26923078298568726,"val_precision0.75":0.3333333432674408,"val_auroc":0.4518013596534729,"val_accuracy0.75":0.7333333492279053,"test_balanced_accuracy0.75":0.5,"train_loss":1.1871414184570312,"val_recall0.75":0.07692307978868484,"test_accuracy0.75":0.746835470199585,"val_balanced_accuracy0.25":0.5396786757546251,"test_precision0.5":0.5,"val_precision0.25":0.3181818127632141,"_timestamp":1.749800463502014e+09,"_runtime":1637.572031326,"val_balanced_accuracy0.5":0.5197176241480039,"val_recall0.5":0.11538461595773697,"val_precision0.5":0.3333333432674408,"test_auroc":0.5305084586143494,"test_accuracy0.25":0.6708860993385315}