{"val_auroc":0.6642856597900391,"val_precision":0,"test_precision":0,"test_balanced_accuracy":0.5,"test_recall":0,"_runtime":363.13825709,"test_accuracy":0.7557252049446106,"test_auroc":0.43939390778541565,"_step":50,"_wandb":{"runtime":363},"val_recall":0,"train_auroc":0.6328641176223755,"val_accuracy":0.7407407164573669,"_timestamp":1.7495794994093723e+09,"train_loss":1.6434744596481323,"val_loss":1.6984413862228394,"val_balanced_accuracy":0.5}