{"train_auroc":0.5699643492698669,"_timestamp":1.7536084002137005e+09,"test_recall0.5":0.75,"val_accuracy0.25":0.25233644247055054,"val_auroc":0.5513888597488403,"test_accuracy0.75":0.75,"test_precision0.25":0.25,"test_balanced_accuracy0.5":0.5083333333333333,"test_precision0.75":0,"val_accuracy0.5":0.4392523467540741,"_step":298,"val_recall0.75":0,"test_auroc":0.5333333015441895,"val_balanced_accuracy0.75":0.5,"val_balanced_accuracy0.25":0.5,"val_accuracy0.75":0.7476635575294495,"test_precision0.5":0.2542372941970825,"val_precision0.5":0.29113924503326416,"test_recall0.75":0,"train_loss":2.0672736167907715,"val_recall0.5":0.8518518805503845,"val_precision0.75":0,"val_balanced_accuracy0.5":0.575925925925926,"test_accuracy0.5":0.38749998807907104,"test_accuracy0.25":0.25,"_wandb":{"runtime":1790},"test_balanced_accuracy0.25":0.5,"val_recall0.25":1,"_runtime":1790.658375409,"test_balanced_accuracy0.75":0.5,"test_recall0.25":1,"val_precision0.25":0.25233644247055054}