{"test_balanced_accuracy":0.5,"test_accuracy":0.2531645596027374,"_timestamp":1.7479613212171178e+09,"train_auroc":0.49349430203437805,"val_precision":0.25,"_step":72,"train_loss":0.6985138058662415,"val_accuracy":0.25,"test_recall":0.2531645596027374,"_wandb":{"runtime":3254},"val_recall":0.25,"val_auroc":0.5729166269302368,"test_precision":0.2531645596027374,"_runtime":3254.63318986,"val_balanced_accuracy":0.5,"val_loss":0.6934381127357483,"test_auroc":0.6211864948272705}