{"val_accuracy0.75":0.7523809671401978,"test_accuracy0.25":0.2531645596027374,"test_balanced_accuracy0.75":0.5,"val_auroc":0.5289678573608398,"test_balanced_accuracy0.25":0.5,"val_recall0.75":0,"_runtime":506.327330891,"test_balanced_accuracy0.5":0.5,"_step":150,"test_accuracy0.75":0.746835470199585,"train_auroc":0.4589809477329254,"test_precision0.5":0,"test_recall0.75":0,"_timestamp":1.7502296146270053e+09,"test_precision0.75":0,"val_precision0.25":0.24761904776096344,"val_accuracy0.25":0.24761904776096344,"train_loss":2.0937366485595703,"val_recall0.5":0,"val_balanced_accuracy0.5":0.5,"val_balanced_accuracy0.25":0.5,"val_accuracy0.5":0.7523809671401978,"val_precision0.75":0,"test_accuracy0.5":0.746835470199585,"val_recall0.25":1,"test_auroc":0.48728811740875244,"val_precision0.5":0,"val_balanced_accuracy0.75":0.5,"_wandb":{"runtime":506},"test_recall0.5":0,"test_recall0.25":1,"test_precision0.25":0.2531645596027374}