{"train_loss":2.0144155025482178,"val_recall0.25":1,"test_accuracy0.25":0.2531645596027374,"val_accuracy0.75":0.7523809671401978,"val_recall0.5":0.26923078298568726,"test_balanced_accuracy0.75":0.5,"test_precision0.5":0.27272728085517883,"val_auroc":0.4834469258785248,"_step":189,"val_accuracy0.25":0.24761904776096344,"_runtime":2887.591603046,"_timestamp":1.751161567154144e+09,"test_recall0.25":1,"test_recall0.75":0,"test_precision0.75":0,"test_auroc":0.5720338821411133,"test_balanced_accuracy0.5":0.5216101694915254,"val_accuracy0.5":0.5809524059295654,"test_recall0.5":0.44999998807907104,"val_recall0.75":0,"val_precision0.25":0.24761904776096344,"test_accuracy0.75":0.746835470199585,"val_balanced_accuracy0.25":0.5,"test_precision0.25":0.2531645596027374,"val_balanced_accuracy0.5":0.4763875365141188,"val_precision0.75":0,"_wandb":{"runtime":2887},"train_auroc":0.666359543800354,"val_balanced_accuracy0.75":0.5,"test_balanced_accuracy0.25":0.5,"test_accuracy0.5":0.5569620132446289,"val_precision0.5":0.21875}