{"val_balanced_accuracy0.25":0.4983796296296297,"test_precision0.25":0.17391304671764374,"test_precision0.75":0.11764705926179886,"val_precision0.75":0.260869562625885,"test_precision0.5":0.1111111119389534,"test_accuracy0.75":0.5874999761581421,"train_auroc":1,"test_accuracy0.25":0.5625,"_timestamp":1.7537428832396655e+09,"train_loss":2.6355844966019504e-05,"test_balanced_accuracy0.75":0.425,"test_recall0.5":0.10000000149011612,"val_recall0.25":0.25925925374031067,"val_recall0.5":0.2222222238779068,"val_accuracy0.75":0.644859790802002,"val_accuracy0.25":0.6168224215507507,"_step":275,"test_recall0.75":0.10000000149011612,"test_recall0.25":0.20000000298023224,"val_precision0.5":0.2222222238779068,"val_balanced_accuracy0.75":0.5048611111111111,"test_balanced_accuracy0.5":0.41666666666666663,"test_accuracy0.5":0.574999988079071,"val_balanced_accuracy0.5":0.4798611111111111,"val_precision0.25":0.25,"val_recall0.75":0.2222222238779068,"_wandb":{"runtime":1093},"_runtime":1093.395404031,"val_auroc":0.5590277910232544,"test_balanced_accuracy0.25":0.44166666666666665,"test_auroc":0.4000000059604645,"val_accuracy0.5":0.6074766516685486}