{"test_recall0.25":0.4000000059604645,"_runtime":2192.278292191,"train_auroc":1,"val_precision0.75":0.1538461595773697,"train_loss":0.19367320835590363,"test_balanced_accuracy0.5":0.5652542372881356,"test_recall0.5":0.30000001192092896,"test_precision0.25":0.25806450843811035,"test_precision0.75":0.4000000059604645,"_wandb":{"runtime":2192},"val_balanced_accuracy0.25":0.5798442064264849,"test_accuracy0.25":0.5569620132446289,"val_recall0.5":0.3461538553237915,"val_precision0.25":0.3076923191547394,"val_balanced_accuracy0.5":0.5464946445959105,"test_accuracy0.75":0.7341772317886353,"val_auroc":0.524829626083374,"_step":868,"test_auroc":0.5576270818710327,"val_accuracy0.75":0.6666666865348816,"test_balanced_accuracy0.75":0.5245762711864407,"val_precision0.5":0.3103448152542114,"test_accuracy0.5":0.6962025165557861,"val_balanced_accuracy0.75":0.46884128529698155,"test_recall0.75":0.10000000149011612,"test_precision0.5":0.375,"_timestamp":1.7501348885159392e+09,"test_balanced_accuracy0.25":0.5050847457627119,"val_recall0.75":0.07692307978868484,"val_accuracy0.25":0.561904788017273,"val_accuracy0.5":0.6476190686225891,"val_recall0.25":0.6153846383094788}