{"train_auroc":0.6665052175521851,"test_balanced_accuracy":0.5,"test_accuracy":0.7480915784835815,"val_precision":0,"_step":54,"_wandb":{"runtime":227},"test_recall":0,"_runtime":227.174286339,"val_loss":1.7238953113555908,"train_loss":1.657815933227539,"test_precision":0,"val_recall":0,"test_auroc":0.5544217824935913,"_timestamp":1.7494978459168012e+09,"val_balanced_accuracy":0.5,"val_auroc":0.5642856955528259,"val_accuracy":0.7407407164573669}