{"test_auroc":0.5,"val_precision0.5":0.25233644247055054,"val_balanced_accuracy0.5":0.5,"test_accuracy0.75":0.75,"val_accuracy0.25":0.25233644247055054,"test_precision0.25":0.25,"val_accuracy0.5":0.25233644247055054,"test_accuracy0.5":0.25,"val_balanced_accuracy0.25":0.5,"val_precision0.75":0,"_timestamp":1.754352630212279e+09,"val_balanced_accuracy0.75":0.5,"train_auroc":0.44078123569488525,"_wandb":{"runtime":6370},"val_precision0.25":0.25233644247055054,"_runtime":6370.390019447,"test_precision0.75":0,"_step":150,"test_recall0.75":0,"val_recall0.5":1,"train_loss":2.079941511154175,"test_recall0.5":1,"val_accuracy0.75":0.7476635575294495,"val_recall0.25":1,"test_balanced_accuracy0.75":0.5,"val_auroc":0.5,"test_balanced_accuracy0.5":0.5,"test_balanced_accuracy0.25":0.5,"test_accuracy0.25":0.25,"test_precision0.5":0.25,"val_recall0.75":0,"test_recall0.25":1}