{"test_precision0.75":0.3333333432674408,"val_balanced_accuracy0.75":0.5778967867575462,"test_balanced_accuracy0.25":0.5648305084745763,"val_precision0.5":0.380952388048172,"test_precision0.5":0.3333333432674408,"train_auroc":1,"test_accuracy0.25":0.6708860993385315,"val_balanced_accuracy0.5":0.5715676728334956,"val_accuracy0.5":0.7047619223594666,"val_accuracy0.25":0.6666666865348816,"test_balanced_accuracy0.5":0.5483050847457627,"_step":300,"test_recall0.25":0.3499999940395355,"test_auroc":0.4847458004951477,"test_recall0.75":0.30000001192092896,"_wandb":{"runtime":1028},"test_precision0.25":0.3499999940395355,"val_balanced_accuracy0.25":0.5462512171372931,"val_recall0.75":0.3076923191547394,"test_balanced_accuracy0.75":0.5483050847457627,"val_recall0.5":0.3076923191547394,"val_precision0.75":0.4000000059604645,"val_auroc":0.5228821635246277,"val_accuracy0.75":0.7142857313156128,"test_recall0.5":0.30000001192092896,"test_accuracy0.75":0.6708860993385315,"val_recall0.25":0.3076923191547394,"train_loss":1.414502548868768e-05,"_timestamp":1.7501774429468634e+09,"_runtime":1028.443558561,"val_precision0.25":0.3199999928474426,"test_accuracy0.5":0.6708860993385315}