{"train_auroc":0.5,"val_auroc":0.5,"test_recall":0,"_timestamp":1.7477089625083463e+09,"train_loss":0.3864690959453583,"test_precision":0,"val_precision":0,"val_recall":0,"val_loss":0.37746983766555786,"_wandb":{"runtime":4535},"test_auroc":0.5,"val_accuracy":0.75,"_step":35,"test_accuracy":0.75,"_runtime":4534.700970359}