{"test_auroc":0.4556502401828766,"_runtime":676.636087581,"test_balanced_accuracy":0.5,"val_recall":0,"test_precision":0,"_step":90,"_timestamp":1.749507514792756e+09,"test_accuracy":0.7557252049446106,"val_auroc":0.3428571820259094,"val_precision":0,"train_auroc":0.4984678626060486,"train_loss":1.7022560834884644,"test_recall":0,"_wandb":{"runtime":676},"val_loss":1.7390556335449219,"val_accuracy":0.7407407164573669,"val_balanced_accuracy":0.5}