{"test_recall":0,"train_loss":1.6460622549057007,"val_auroc":0.47142860293388367,"test_balanced_accuracy":0.5,"_step":83,"train_auroc":0.735180139541626,"test_accuracy":0.7480915784835815,"val_loss":1.7347381114959717,"test_auroc":0.5420531630516052,"val_balanced_accuracy":0.5,"_wandb":{"runtime":334},"val_accuracy":0.7407407164573669,"test_precision":0,"_runtime":334.18439804,"_timestamp":1.7494999427341387e+09,"val_recall":0,"val_precision":0}