{"val_balanced_accuracy0.25":0.5815481986368062,"val_balanced_accuracy0.75":0.5,"val_recall0.5":0,"_timestamp":1.750141499665512e+09,"train_loss":1.681367039680481,"test_accuracy0.5":0.746835470199585,"test_precision0.25":0.2711864411830902,"train_auroc":0.6072298288345337,"_wandb":{"runtime":3960},"val_accuracy0.75":0.7523809671401978,"val_balanced_accuracy0.5":0.5,"val_recall0.75":0,"_runtime":3960.309408319,"val_accuracy0.5":0.7523809671401978,"test_auroc":0.5279661417007446,"val_precision0.25":0.2874999940395355,"test_balanced_accuracy0.5":0.5,"test_recall0.5":0,"val_precision0.75":0,"val_recall0.25":0.8846153616905212,"test_balanced_accuracy0.75":0.5,"test_accuracy0.25":0.40506330132484436,"test_recall0.75":0,"test_precision0.75":0,"val_precision0.5":0,"test_precision0.5":0,"val_accuracy0.25":0.4285714328289032,"test_balanced_accuracy0.25":0.535593220338983,"test_accuracy0.75":0.746835470199585,"val_auroc":0.59055495262146,"test_recall0.25":0.800000011920929,"_step":999}