{"test_balanced_accuracy0.25":0.5333333333333333,"val_precision0.25":0.25,"test_accuracy0.25":0.675000011920929,"val_balanced_accuracy0.25":0.4986111111111111,"val_accuracy0.5":0.6822429895401001,"val_precision0.5":0.2666666805744171,"test_precision0.75":0.20000000298023224,"val_accuracy0.25":0.6355140209197998,"test_recall0.25":0.25,"val_balanced_accuracy0.75":0.46851851851851856,"val_balanced_accuracy0.5":0.5053240740740741,"test_precision0.25":0.3125,"val_recall0.75":0.03703703731298447,"test_recall0.5":0.05000000074505806,"val_recall0.25":0.2222222238779068,"test_auroc":0.4866666793823242,"_timestamp":1.7537612800792143e+09,"val_precision0.75":0.1111111119389534,"train_loss":0.010552086867392063,"train_auroc":1,"val_auroc":0.5069444179534912,"_step":497,"val_recall0.5":0.14814814925193787,"test_precision0.5":0.125,"_runtime":2072.249363698,"test_balanced_accuracy0.75":0.4916666666666667,"_wandb":{"runtime":2072},"test_accuracy0.75":0.7124999761581421,"val_accuracy0.75":0.6822429895401001,"test_accuracy0.5":0.675000011920929,"test_balanced_accuracy0.5":0.4666666666666667,"test_recall0.75":0.05000000074505806}