{"_timestamp":1.7494859081879709e+09,"train_loss":0.0042605227790772915,"val_loss":2.808413505554199,"val_recall":0.1428571492433548,"val_auroc":0.699999988079071,"val_balanced_accuracy":0.49642857142857144,"_step":121,"val_precision":0.25,"_runtime":344.955925028,"train_auroc":1,"test_accuracy":0.6641221642494202,"test_auroc":0.4962121248245239,"test_recall":0.125,"val_accuracy":0.6666666865348816,"test_balanced_accuracy":0.48169191919191917,"test_precision":0.20000000298023224,"_wandb":{"runtime":344}}