{"_runtime":4684.249274062,"_step":999,"test_recall0.5":0.15000000596046448,"test_accuracy0.5":0.6202531456947327,"test_recall0.75":0.15000000596046448,"val_balanced_accuracy0.25":0.5270204479065238,"val_recall0.75":0.19230769574642181,"test_recall0.25":0.20000000298023224,"train_auroc":1,"val_recall0.5":0.23076923191547394,"val_precision0.5":0.260869562625885,"val_precision0.75":0.25,"_timestamp":1.7501120135800545e+09,"val_accuracy0.5":0.6476190686225891,"val_balanced_accuracy0.5":0.5077896786757546,"test_balanced_accuracy0.25":0.4813559322033898,"train_loss":2.8924807793373475e-06,"val_balanced_accuracy0.75":0.5012171372930867,"val_recall0.25":0.26923078298568726,"test_balanced_accuracy0.5":0.4648305084745763,"test_auroc":0.5288135409355164,"test_precision0.75":0.20000000298023224,"test_accuracy0.75":0.6329113841056824,"test_accuracy0.25":0.6202531456947327,"test_balanced_accuracy0.75":0.4733050847457627,"_wandb":{"runtime":4684},"val_precision0.25":0.2916666567325592,"val_auroc":0.5418695211410522,"val_accuracy0.25":0.6571428775787354,"val_accuracy0.75":0.6571428775787354,"test_precision0.25":0.2222222238779068,"test_precision0.5":0.1875}