{"val_recall0.75":0,"val_balanced_accuracy0.5":0.5,"test_precision0.5":0.2531645596027374,"train_loss":2.0938024520874023,"val_balanced_accuracy0.25":0.5,"val_precision0.75":0,"test_balanced_accuracy0.75":0.5,"test_balanced_accuracy0.5":0.5,"val_accuracy0.75":0.7523809671401978,"val_accuracy0.5":0.24761904776096344,"test_recall0.25":1,"_runtime":1285.921416273,"test_precision0.75":0,"val_accuracy0.25":0.24761904776096344,"test_accuracy0.75":0.746835470199585,"val_precision0.25":0.24761904776096344,"val_precision0.5":0.24761904776096344,"_timestamp":1.7501613588647497e+09,"test_recall0.5":1,"test_auroc":0.5822033882141113,"test_precision0.25":0.2531645596027374,"val_balanced_accuracy0.75":0.5,"test_accuracy0.5":0.2531645596027374,"val_auroc":0.5014605522155762,"train_auroc":0.5436320304870605,"test_balanced_accuracy0.25":0.5,"val_recall0.25":1,"_wandb":{"runtime":1285},"_step":374,"val_recall0.5":1,"test_recall0.75":0,"test_accuracy0.25":0.2531645596027374}