{"train_auroc":0.9985979795455933,"val_accuracy0.25":0.4952380955219269,"test_accuracy0.75":0.5443037748336792,"test_balanced_accuracy0.75":0.5461864406779662,"val_recall0.5":0.6153846383094788,"val_recall0.75":0.5769230723381042,"val_auroc":0.6173320412635803,"val_accuracy0.75":0.6095238327980042,"test_accuracy0.5":0.5569620132446289,"val_precision0.25":0.2786885201931,"_wandb":{"runtime":1603},"test_precision0.5":0.3333333432674408,"test_recall0.75":0.550000011920929,"_timestamp":1.7514193009462218e+09,"test_auroc":0.6110169887542725,"test_balanced_accuracy0.25":0.6029661016949153,"val_balanced_accuracy0.5":0.5861733203505355,"train_loss":0.16383126378059387,"test_recall0.5":0.75,"test_accuracy0.25":0.4810126721858978,"test_precision0.75":0.28947368264198303,"_step":253,"val_balanced_accuracy0.75":0.5985881207400194,"val_recall0.25":0.6538461446762085,"test_recall0.25":0.8500000238418579,"val_precision0.5":0.3137255012989044,"test_balanced_accuracy0.5":0.6207627118644068,"val_balanced_accuracy0.25":0.5484420642648491,"_runtime":1603.862909006,"val_precision0.75":0.3333333432674408,"test_precision0.25":0.30909091234207153,"val_accuracy0.5":0.5714285969734192}