{"val_auroc":0.5236110687255859,"val_accuracy0.75":0.7476635575294495,"_wandb":{"runtime":14},"val_precision0.5":0.25233644247055054,"val_precision0.25":0.25233644247055054,"_step":0,"val_recall0.75":0,"_timestamp":1.755131446581175e+09,"val_balanced_accuracy0.5":0.5,"val_accuracy0.5":0.25233644247055054,"val_stage_balanced_accuracy0.5":0.14285714285714285,"val_balanced_accuracy0.75":0.5,"_runtime":14.927881673,"val_accuracy0.25":0.25233644247055054,"val_precision0.75":0,"val_stage_recall0.5":0.644859790802002,"val_stage_accuracy0.5":0.644859790802002,"val_balanced_accuracy0.25":0.5,"val_recall0.5":1,"val_recall0.25":1,"val_stage_precision0.5":0.644859790802002,"val_stage_auroc":0.49261772632598877}