{"test_recall0.5":0.800000011920929,"val_recall0.5":0.8518518805503845,"_wandb":{"runtime":2450},"_runtime":2450.292820784,"val_precision0.75":0,"val_balanced_accuracy0.75":0.5,"test_recall0.25":1,"test_auroc":0.5116666555404663,"val_balanced_accuracy0.5":0.5259259259259259,"test_accuracy0.25":0.25,"val_recall0.25":1,"val_balanced_accuracy0.25":0.5,"_step":420,"test_precision0.25":0.25,"val_recall0.75":0,"val_accuracy0.5":0.3644859790802002,"train_loss":2.0535550117492676,"test_balanced_accuracy0.25":0.5,"val_precision0.5":0.26436781883239746,"test_accuracy0.75":0.75,"_timestamp":1.7535298390442579e+09,"val_auroc":0.5249999761581421,"val_accuracy0.25":0.25233644247055054,"val_accuracy0.75":0.7476635575294495,"test_precision0.5":0.2711864411830902,"test_accuracy0.5":0.4124999940395355,"test_balanced_accuracy0.5":0.5416666666666667,"test_precision0.75":0,"test_balanced_accuracy0.75":0.5,"test_recall0.75":0,"train_auroc":0.562477707862854,"val_precision0.25":0.25233644247055054}