{"test_recall0.25":1,"test_accuracy0.5":0.746835470199585,"train_auroc":0.40189874172210693,"val_recall0.25":1,"test_accuracy0.25":0.2531645596027374,"test_balanced_accuracy0.5":0.5,"test_recall0.5":0,"_wandb":{"runtime":1838},"val_accuracy0.5":0.7523809671401978,"test_balanced_accuracy0.75":0.5,"_runtime":1838.718464625,"test_precision0.5":0,"val_recall0.5":0,"_timestamp":1.7506871887470095e+09,"test_precision0.25":0.2531645596027374,"test_balanced_accuracy0.25":0.5,"_step":211,"val_precision0.5":0,"val_auroc":0.45472249388694763,"test_accuracy0.75":0.746835470199585,"train_loss":1.6976913213729858,"val_accuracy0.75":0.7523809671401978,"val_precision0.75":0,"val_balanced_accuracy0.25":0.5,"val_balanced_accuracy0.75":0.5,"val_balanced_accuracy0.5":0.5,"test_recall0.75":0,"val_accuracy0.25":0.24761904776096344,"val_precision0.25":0.24761904776096344,"test_auroc":0.5474576354026794,"val_recall0.75":0,"test_precision0.75":0}