{"val_loss":1.976161003112793,"val_accuracy":0.7407407164573669,"_timestamp":1.7495671245484e+09,"test_auroc":0.5278292894363403,"val_auroc":0.6214286088943481,"_wandb":{"runtime":278},"val_precision":0,"_runtime":278.567899938,"test_recall":0,"test_balanced_accuracy":0.5,"test_precision":0,"train_auroc":0.4816931486129761,"val_recall":0,"test_accuracy":0.7480915784835815,"_step":54,"train_loss":1.9733532667160034,"val_balanced_accuracy":0.5}