{"val_accuracy0.75":0.7523809671401978,"val_recall0.5":0.23076923191547394,"test_balanced_accuracy0.25":0.573728813559322,"_wandb":{"runtime":2813},"val_accuracy0.25":0.723809540271759,"val_accuracy0.5":0.7333333492279053,"test_balanced_accuracy0.5":0.5406779661016949,"_timestamp":1.7509223926736488e+09,"test_recall0.75":0.15000000596046448,"test_recall0.25":0.30000001192092896,"val_precision0.25":0.4000000059604645,"train_auroc":1,"test_auroc":0.5440678000450134,"_runtime":2813.326269672,"_step":293,"train_loss":0.0019494289299473166,"val_balanced_accuracy0.75":0.5774099318403116,"test_precision0.25":0.4000000059604645,"val_recall0.25":0.23076923191547394,"test_precision0.5":0.3636363744735718,"val_auroc":0.5311586856842041,"test_precision0.75":0.375,"test_accuracy0.25":0.7088607549667358,"test_accuracy0.75":0.7215189933776855,"test_balanced_accuracy0.75":0.5326271186440678,"val_recall0.75":0.23076923191547394,"val_precision0.75":0.5,"val_balanced_accuracy0.5":0.5647517039922103,"test_accuracy0.5":0.7088607549667358,"val_balanced_accuracy0.25":0.5584225900681596,"val_precision0.5":0.4285714328289032,"test_recall0.5":0.20000000298023224}