{"train_loss":0.0002528480254113674,"_runtime":684.494444832,"val_precision":0,"_step":106,"test_precision":0.2142857164144516,"val_accuracy":0.7037037014961243,"test_accuracy":0.689393937587738,"val_auroc":0.5357142686843872,"train_auroc":1,"test_balanced_accuracy":0.4898989898989899,"test_recall":0.09090909361839294,"val_recall":0,"val_balanced_accuracy":0.475,"test_auroc":0.46311599016189575,"_timestamp":1.7495775447464244e+09,"val_loss":4.7616963386535645,"_wandb":{"runtime":684}}