{"_timestamp":1.7550053765386238e+09,"test_precision0.75":0.31578946113586426,"test_balanced_accuracy0.75":0.5416666666666666,"test_accuracy0.25":0.6499999761581421,"_runtime":2965.589936014,"test_recall0.5":0.30000001192092896,"val_recall0.5":0.23076923191547394,"test_recall0.75":0.30000001192092896,"val_balanced_accuracy0.75":0.5024038461538461,"val_recall0.75":0.19230769574642181,"test_balanced_accuracy0.5":0.5333333333333333,"val_balanced_accuracy0.5":0.5028846153846154,"test_precision0.25":0.30000001192092896,"val_precision0.25":0.26923078298568726,"val_recall0.25":0.26923078298568726,"val_accuracy0.75":0.6603773832321167,"val_auroc":0.5502403974533081,"_wandb":{"runtime":2965},"_step":497,"test_balanced_accuracy0.25":0.5333333333333333,"val_accuracy0.25":0.6415094137191772,"val_precision0.5":0.25,"test_auroc":0.5612499713897705,"test_accuracy0.75":0.6625000238418579,"test_accuracy0.5":0.6499999761581421,"val_balanced_accuracy0.25":0.5158653846153846,"test_precision0.5":0.30000001192092896,"train_auroc":1,"val_accuracy0.5":0.6415094137191772,"test_recall0.25":0.30000001192092896,"train_loss":5.430107648862759e-06,"val_precision0.75":0.25}