{"test_balanced_accuracy0.25":0.6083333333333334,"test_recall0.25":0.5,"val_precision0.25":0.3684210479259491,"test_recall0.75":0.20000000298023224,"train_loss":0.05265894904732704,"val_accuracy0.25":0.6603773832321167,"test_balanced_accuracy0.75":0.5333333333333333,"val_auroc":0.5971153974533081,"test_accuracy0.25":0.6625000238418579,"val_accuracy0.75":0.6698113083839417,"_timestamp":1.753127973117651e+09,"test_recall0.5":0.3499999940395355,"val_recall0.25":0.5384615659713745,"val_recall0.5":0.4615384638309479,"val_accuracy0.5":0.6698113083839417,"_step":396,"val_balanced_accuracy0.5":0.5995192307692307,"val_balanced_accuracy0.25":0.6192307692307693,"test_precision0.75":0.3333333432674408,"test_balanced_accuracy0.5":0.5583333333333333,"test_precision0.25":0.37037035822868347,"_wandb":{"runtime":2413},"test_precision0.5":0.3333333432674408,"test_accuracy0.75":0.699999988079071,"val_recall0.75":0.42307692766189575,"test_accuracy0.5":0.6625000238418579,"_runtime":2413.840884406,"val_precision0.75":0.35483869910240173,"test_auroc":0.6166666746139526,"train_auroc":1,"val_balanced_accuracy0.75":0.5865384615384616,"val_precision0.5":0.3636363744735718}