{"_runtime":2297.866790407,"test_precision0.5":0.2535211145877838,"val_balanced_accuracy0.75":0.5501460564751705,"train_loss":0.05976977199316025,"test_balanced_accuracy0.25":0.5169491525423728,"val_accuracy0.75":0.3619047701358795,"_step":364,"_wandb":{"runtime":2297},"_timestamp":1.7514002414629147e+09,"test_recall0.25":1,"val_auroc":0.6465433239936829,"train_auroc":0.999419093132019,"val_recall0.75":0.9230769276618958,"test_precision0.25":0.25974026322364807,"test_balanced_accuracy0.5":0.5008474576271187,"val_recall0.25":0.9615384340286255,"test_precision0.75":0.260869562625885,"val_balanced_accuracy0.25":0.5440603700097371,"val_precision0.25":0.26595744490623474,"val_balanced_accuracy0.5":0.5438169425511198,"val_recall0.5":0.9230769276618958,"test_balanced_accuracy0.75":0.5177966101694915,"val_accuracy0.25":0.3333333432674408,"test_recall0.75":0.8999999761581421,"test_accuracy0.25":0.27848100662231445,"test_accuracy0.5":0.3037974536418915,"val_accuracy0.5":0.3523809611797333,"val_precision0.75":0.26966291666030884,"test_recall0.5":0.8999999761581421,"test_auroc":0.5555084943771362,"test_accuracy0.75":0.3291139304637909,"val_precision0.5":0.2666666805744171}