{"val_balanced_accuracy":0.5,"_runtime":359.324692793,"_timestamp":1.7495544927775223e+09,"test_balanced_accuracy":0.5,"_wandb":{"runtime":359},"val_loss":1.7405694723129272,"_step":50,"test_accuracy":0.75,"val_accuracy":0.7407407164573669,"val_auroc":0.4642857611179352,"val_recall":0,"val_precision":0,"test_precision":0,"test_recall":0,"train_loss":1.665099024772644,"test_auroc":0.4958677589893341,"train_auroc":0.6118254661560059}