{"train_auroc":1,"val_precision":0.4000000059604645,"val_loss":14.405938148498535,"_step":82,"train_loss":4.433783396962099e-05,"val_recall":0.2857142984867096,"test_balanced_accuracy":0.5042613636363636,"val_accuracy":0.7037037014961243,"_runtime":834.121633509,"_wandb":{"runtime":834},"test_precision":0.25,"test_accuracy":0.6183205842971802,"val_auroc":0.7250000238418579,"val_balanced_accuracy":0.5678571428571428,"test_auroc":0.5304608345031738,"_timestamp":1.7495425434394724e+09,"test_recall":0.28125}