{"val_balanced_accuracy0.5":0.5,"val_balanced_accuracy0.25":0.5,"val_accuracy0.75":0.7476635575294495,"val_precision0.75":0,"test_accuracy0.75":0.75,"train_loss":2.079678773880005,"val_accuracy0.25":0.25233644247055054,"test_balanced_accuracy0.25":0.5,"test_recall0.25":1,"test_balanced_accuracy0.5":0.5,"test_balanced_accuracy0.75":0.5,"train_auroc":0.45179688930511475,"val_auroc":0.4037037193775177,"_step":173,"val_recall0.25":1,"test_accuracy0.5":0.75,"val_precision0.5":0,"_runtime":7644.720986157,"_timestamp":1.754596593681595e+09,"test_accuracy0.25":0.25,"val_accuracy0.5":0.7476635575294495,"test_recall0.75":0,"val_balanced_accuracy0.75":0.5,"test_precision0.25":0.25,"val_precision0.25":0.25233644247055054,"val_recall0.75":0,"val_recall0.5":0,"test_recall0.5":0,"_wandb":{"runtime":7644},"test_auroc":0.47333329916000366,"test_precision0.5":0,"test_precision0.75":0}