{"test_balanced_accuracy0.75":0.6083333333333334,"val_accuracy0.5":0.5794392228126526,"val_recall0.75":0.40740740299224854,"test_precision0.5":0.3478260934352875,"val_precision0.5":0.2750000059604645,"test_recall0.25":0.4000000059604645,"_wandb":{"runtime":965},"_runtime":965.87682944,"test_balanced_accuracy0.5":0.575,"test_balanced_accuracy0.25":0.5583333333333333,"test_accuracy0.25":0.637499988079071,"val_precision0.25":0.26829269528388977,"val_auroc":0.5518518686294556,"val_accuracy0.75":0.6074766516685486,"val_recall0.25":0.40740740299224854,"test_accuracy0.75":0.7124999761581421,"train_auroc":1,"test_accuracy0.5":0.6625000238418579,"val_precision0.75":0.29729729890823364,"test_precision0.25":0.3199999928474426,"val_recall0.5":0.40740740299224854,"test_precision0.75":0.42105263471603394,"val_balanced_accuracy0.75":0.5412037037037037,"_step":264,"test_recall0.75":0.4000000059604645,"val_accuracy0.25":0.5700934529304504,"val_balanced_accuracy0.5":0.5224537037037037,"test_auroc":0.5583332777023315,"_timestamp":1.7531177799690847e+09,"val_balanced_accuracy0.25":0.5162037037037037,"test_recall0.5":0.4000000059604645,"train_loss":0.009895890019834042}