{"_runtime":684.540461334,"val_precision":0,"val_accuracy":0.7407407164573669,"test_balanced_accuracy":0.5,"val_loss":1.7302666902542114,"val_recall":0,"_wandb":{"runtime":684},"train_loss":1.6918377876281738,"test_accuracy":0.7480915784835815,"_timestamp":1.7495064203168073e+09,"val_auroc":0.5,"test_recall":0,"train_auroc":0.415730357170105,"test_auroc":0.5,"test_precision":0,"_step":109,"val_balanced_accuracy":0.5}