{"test_precision0.25":0,"_runtime":1680.189848986,"val_balanced_accuracy0.5":0.5,"test_balanced_accuracy0.75":0.5,"test_recall0.75":0,"test_accuracy0.5":0.746835470199585,"val_accuracy0.75":0.7523809671401978,"val_recall0.25":0,"val_balanced_accuracy0.75":0.5,"val_accuracy0.25":0.7523809671401978,"test_accuracy0.75":0.746835470199585,"test_precision0.5":0,"_step":216,"test_balanced_accuracy0.5":0.5,"val_recall0.5":0,"_wandb":{"runtime":1680},"test_recall0.5":0,"val_accuracy0.5":0.7523809671401978,"test_precision0.75":0,"train_auroc":0.5294547080993652,"val_precision0.5":0,"val_precision0.75":0,"test_accuracy0.25":0.746835470199585,"test_recall0.25":0,"val_precision0.25":0,"val_balanced_accuracy0.25":0.5,"val_auroc":0.5,"val_recall0.75":0,"test_balanced_accuracy0.25":0.5,"train_loss":1.6900103092193604,"test_auroc":0.5,"_timestamp":1.7506801452368236e+09}