{"val_accuracy0.5":0.6761904954910278,"val_precision0.75":0.3125,"test_balanced_accuracy0.75":0.5072033898305085,"test_recall0.75":0.15000000596046448,"val_recall0.25":0.23076923191547394,"test_accuracy0.25":0.6582278609275818,"_step":225,"test_balanced_accuracy0.25":0.4902542372881356,"test_recall0.5":0.15000000596046448,"test_auroc":0.48983052372932434,"test_balanced_accuracy0.5":0.5072033898305085,"_wandb":{"runtime":2294},"val_auroc":0.5759493708610535,"_timestamp":1.7507216265869615e+09,"train_auroc":1,"val_recall0.75":0.19230769574642181,"val_precision0.5":0.2777777910232544,"train_loss":2.2118007336757728e-07,"val_accuracy0.75":0.6952381134033203,"val_precision0.25":0.2857142984867096,"test_accuracy0.5":0.6835442781448364,"_runtime":2294.284077009,"test_accuracy0.75":0.6835442781448364,"val_recall0.5":0.19230769574642181,"test_precision0.25":0.23076923191547394,"val_balanced_accuracy0.25":0.5204479065238559,"test_precision0.75":0.27272728085517883,"val_accuracy0.25":0.6666666865348816,"val_balanced_accuracy0.5":0.5138753651411879,"val_balanced_accuracy0.75":0.5265335929892893,"test_precision0.5":0.27272728085517883,"test_recall0.25":0.15000000596046448}