{"test_accuracy0.5":0.6962025165557861,"val_balanced_accuracy0.25":0.5533106134371957,"val_precision0.25":0.3055555522441864,"val_precision0.75":0.3333333432674408,"test_balanced_accuracy0.75":0.5983050847457627,"val_balanced_accuracy0.5":0.5338364167478091,"val_accuracy0.5":0.6285714507102966,"_runtime":2293.436159863,"test_precision0.75":0.4000000059604645,"train_loss":7.304078621928056e-07,"val_recall0.75":0.3461538553237915,"val_recall0.25":0.42307692766189575,"val_auroc":0.6061343550682068,"val_precision0.5":0.29032257199287415,"test_precision0.5":0.40909090638160706,"_timestamp":1.750717056219749e+09,"test_accuracy0.75":0.6962025165557861,"val_recall0.5":0.3461538553237915,"test_recall0.25":0.44999998807907104,"val_accuracy0.25":0.6190476417541504,"_step":212,"test_balanced_accuracy0.25":0.5978813559322034,"val_accuracy0.75":0.6666666865348816,"test_auroc":0.6466101408004761,"test_recall0.5":0.44999998807907104,"_wandb":{"runtime":2293},"train_auroc":1,"val_balanced_accuracy0.75":0.5591528724440117,"test_balanced_accuracy0.5":0.6148305084745763,"test_precision0.25":0.375,"test_accuracy0.25":0.6708860993385315,"test_recall0.75":0.4000000059604645}