{"_timestamp":1.7501792289464917e+09,"test_recall0.25":1,"test_balanced_accuracy0.25":1,"test_accuracy0.75":1,"train_loss":0.887467086315155,"val_precision0.25":0,"test_auroc":1,"val_precision0.75":0,"val_auroc":0.5,"_step":111,"val_balanced_accuracy0.5":0.25,"test_accuracy0.5":1,"test_precision0.25":1,"val_accuracy0.75":0.6666666865348816,"val_accuracy0.25":0.3333333432674408,"val_precision0.5":0,"val_recall0.25":0,"val_recall0.75":0,"test_balanced_accuracy0.75":1,"_runtime":45.9360088,"test_accuracy0.25":1,"test_balanced_accuracy0.5":1,"test_recall0.5":1,"val_accuracy0.5":0.3333333432674408,"val_balanced_accuracy0.25":0.25,"test_precision0.75":1,"test_precision0.5":1,"train_auroc":0.6666666269302368,"val_recall0.5":0,"val_balanced_accuracy0.75":0.5,"_wandb":{"runtime":45},"test_recall0.75":1}