{"_runtime":4042.651290276,"val_precision0.25":0.3488371968269348,"test_auroc":0.5322033762931824,"test_precision0.75":0,"val_accuracy0.25":0.6285714507102966,"val_balanced_accuracy0.75":0.5,"test_recall0.25":0.3499999940395355,"_step":999,"train_auroc":0.8930136561393738,"val_auroc":0.54527747631073,"val_accuracy0.5":0.7428571581840515,"test_accuracy0.25":0.6329113841056824,"test_balanced_accuracy0.75":0.5,"test_balanced_accuracy0.25":0.5394067796610169,"val_precision0.5":0.3333333432674408,"_timestamp":1.7501130531046796e+09,"val_balanced_accuracy0.25":0.6112463485881208,"test_accuracy0.75":0.746835470199585,"val_recall0.5":0.03846153989434242,"_wandb":{"runtime":4042},"train_loss":1.26004958152771,"test_recall0.5":0,"test_recall0.75":0,"test_accuracy0.5":0.7341772317886353,"val_recall0.25":0.5769230723381042,"test_precision0.25":0.30434781312942505,"val_balanced_accuracy0.5":0.5065725413826679,"val_precision0.75":0,"val_accuracy0.75":0.7523809671401978,"test_precision0.5":0,"test_balanced_accuracy0.5":0.4915254237288136,"val_recall0.75":0}