{"val_balanced_accuracy":0.5,"test_balanced_accuracy":0.5,"train_loss":1.6855392456054688,"val_auroc":0.47142860293388367,"val_accuracy":0.7407407164573669,"val_precision":0,"val_recall":0,"test_precision":0,"_wandb":{"runtime":497},"_runtime":497.570120202,"_step":51,"_timestamp":1.7495558293980947e+09,"val_loss":1.728541612625122,"test_auroc":0.4707682728767395,"test_recall":0,"test_accuracy":0.75,"train_auroc":0.5410091876983643}