{"val_recall0.25":0.38461539149284363,"_runtime":1294.054086126,"test_balanced_accuracy0.25":0.5385593220338983,"val_accuracy0.25":0.5904762148857117,"test_accuracy0.5":0.5696202516555786,"val_precision0.75":0.2222222238779068,"_step":304,"train_auroc":0.9995192885398865,"test_recall0.25":0.44999998807907104,"test_balanced_accuracy0.5":0.4805084745762712,"val_accuracy0.75":0.6095238327980042,"test_precision0.5":0.23076923191547394,"test_accuracy0.75":0.594936728477478,"val_recall0.5":0.26923078298568726,"test_accuracy0.25":0.5822784900665283,"test_recall0.75":0.30000001192092896,"val_accuracy0.5":0.6095238327980042,"val_balanced_accuracy0.75":0.4824732229795521,"_timestamp":1.7513916221610782e+09,"val_auroc":0.5160661935806274,"train_loss":0.07017326354980469,"test_precision0.75":0.25,"test_balanced_accuracy0.75":0.49745762711864405,"val_balanced_accuracy0.25":0.5214216163583252,"test_precision0.25":0.29032257199287415,"val_balanced_accuracy0.5":0.4953748782862707,"_wandb":{"runtime":1294},"test_auroc":0.5127118825912476,"test_recall0.5":0.30000001192092896,"val_precision0.5":0.24137930572032928,"val_precision0.25":0.2702702581882477,"val_recall0.75":0.23076923191547394}