{"val_balanced_accuracy0.5":0.5201923076923077,"test_recall0.25":0.10000000149011612,"test_balanced_accuracy0.75":0.45833333333333337,"val_recall0.25":0.19230769574642181,"test_precision0.25":0.13333334028720856,"train_loss":1.7533702703076415e-05,"val_precision0.5":0.3333333432674408,"_step":259,"val_precision0.75":0.4000000059604645,"val_balanced_accuracy0.25":0.5461538461538462,"test_auroc":0.5233333110809326,"val_accuracy0.5":0.7264150977134705,"test_precision0.5":0.1666666716337204,"test_precision0.75":0.1111111119389534,"val_recall0.75":0.07692307978868484,"_timestamp":1.7534762856661782e+09,"val_precision0.25":0.38461539149284363,"test_balanced_accuracy0.25":0.44166666666666665,"train_auroc":1,"test_accuracy0.5":0.6499999761581421,"test_balanced_accuracy0.5":0.4666666666666667,"val_auroc":0.5490385293960571,"test_recall0.75":0.05000000074505806,"val_accuracy0.75":0.7452830076217651,"test_accuracy0.75":0.6625000238418579,"val_recall0.5":0.11538461595773697,"_wandb":{"runtime":1530},"val_accuracy0.25":0.7264150977134705,"test_recall0.5":0.10000000149011612,"val_balanced_accuracy0.75":0.5197115384615385,"test_accuracy0.25":0.612500011920929,"_runtime":1530.618528488}