{"val_precision0.25":0.3181818127632141,"test_recall0.25":0.5,"val_precision0.5":0.3076923191547394,"val_balanced_accuracy0.25":0.5793573515092503,"val_recall0.75":0.4615384638309479,"test_accuracy0.25":0.5569620132446289,"test_balanced_accuracy0.25":0.538135593220339,"_runtime":1870.276830493,"test_recall0.5":0.4000000059604645,"val_recall0.5":0.4615384638309479,"val_recall0.25":0.5384615659713745,"test_accuracy0.5":0.5569620132446289,"test_precision0.75":0.23999999463558197,"val_accuracy0.75":0.6285714507102966,"test_auroc":0.5453389883041382,"val_accuracy0.5":0.6095238327980042,"test_balanced_accuracy0.75":0.48898305084745763,"val_accuracy0.25":0.6000000238418579,"val_balanced_accuracy0.5":0.5598831548198637,"test_balanced_accuracy0.5":0.5050847457627119,"val_balanced_accuracy0.75":0.572541382667965,"test_accuracy0.75":0.5822784900665283,"_wandb":{"runtime":1870},"test_precision0.25":0.2857142984867096,"train_loss":0.05674818158149719,"test_recall0.75":0.30000001192092896,"train_auroc":0.9994792342185974,"val_precision0.75":0.3243243098258972,"test_precision0.5":0.25806450843811035,"_step":434,"_timestamp":1.751410834257617e+09,"val_auroc":0.5718110799789429}