{"test_accuracy":0.746835470199585,"val_auroc":0.5,"test_auroc":0.5,"_runtime":880.745827328,"train_auroc":0.5,"val_loss":0.3745446801185608,"test_precision":0,"_timestamp":1.7476919853809757e+09,"_wandb":{"runtime":882},"test_recall":0,"val_precision":0,"val_accuracy":0.75,"_step":35,"train_loss":0.36997851729393005,"val_recall":0}