{"val_loss":8.512929916381836,"val_precision":0.4285714328289032,"_runtime":1086.89338619,"_timestamp":1.7495736885927246e+09,"val_auroc":0.44999998807907104,"_step":150,"val_accuracy":0.7037037014961243,"test_precision":0.23999999463558197,"train_loss":0.020625799894332886,"test_balanced_accuracy":0.4939703153988868,"train_auroc":1,"_wandb":{"runtime":1086},"val_balanced_accuracy":0.6142857142857143,"test_accuracy":0.6488549709320068,"test_auroc":0.46444031596183777,"test_recall":0.1818181872367859,"val_recall":0.4285714328289032}