{"val_accuracy0.75":0.7547169923782349,"train_auroc":0.46398481726646423,"_runtime":1178.905296605,"train_kld_loss":0.9522882103919983,"val_balanced_accuracy0.25":0.5,"_timestamp":1.7549590116263828e+09,"test_precision0.75":0,"train_mu":3.3113198849576975e-09,"test_balanced_accuracy0.75":0.5,"val_auroc":0.5401442050933838,"test_accuracy0.5":0.75,"test_auroc":0.5245833396911621,"val_accuracy0.25":0.24528302252292633,"train_recon_loss_no_kld":0.8699278831481934,"test_accuracy0.25":0.25,"val_balanced_accuracy0.75":0.5,"train_logvar":-3.2287999829350156e-08,"val_recall0.5":0,"val_accuracy0.5":0.7547169923782349,"test_precision0.5":0,"test_recall0.25":1,"_step":76,"test_balanced_accuracy0.5":0.5,"val_recall0.25":1,"test_balanced_accuracy0.25":0.5,"test_precision0.25":0.25,"val_precision0.25":0.24528302252292633,"_wandb":{"runtime":1178},"test_recall0.5":0,"test_accuracy0.75":0.75,"test_recall0.75":0,"train_loss":1.9191957712173462,"val_balanced_accuracy0.5":0.5,"val_precision0.5":0,"val_precision0.75":0,"val_recall0.75":0,"train_surv_loss":1.0080879926681519}