{"test_recall0.5":0.10000000149011612,"val_recall0.25":0.40740740299224854,"train_loss":0.048754166811704636,"test_precision0.5":0.2857142984867096,"_timestamp":1.7550790432731123e+09,"test_auroc":0.5575000047683716,"test_accuracy0.5":0.7124999761581421,"val_accuracy0.5":0.644859790802002,"test_recall0.75":0.05000000074505806,"test_balanced_accuracy0.75":0.4916666666666667,"val_balanced_accuracy0.5":0.5539351851851853,"val_balanced_accuracy0.25":0.5537037037037037,"val_balanced_accuracy0.75":0.5729166666666666,"_wandb":{"runtime":7279},"test_accuracy0.75":0.7124999761581421,"_runtime":7279.711215951,"val_accuracy0.75":0.6915887594223022,"val_precision0.5":0.32258063554763794,"test_accuracy0.25":0.6625000238418579,"test_balanced_accuracy0.25":0.5083333333333333,"val_precision0.25":0.3142857253551483,"_step":304,"test_recall0.25":0.20000000298023224,"val_precision0.75":0.375,"test_balanced_accuracy0.5":0.5083333333333333,"train_auroc":1,"val_accuracy0.25":0.6261682510375977,"val_recall0.75":0.3333333432674408,"test_precision0.25":0.2666666805744171,"test_precision0.75":0.20000000298023224,"val_recall0.5":0.37037035822868347,"val_auroc":0.4981481432914734}