{"_wandb":{"runtime":1533},"val_accuracy0.75":0.761904776096344,"val_accuracy0.5":0.723809540271759,"val_recall0.5":0.3461538553237915,"test_balanced_accuracy0.5":0.498728813559322,"val_recall0.25":1,"train_loss":1.8975328207015991,"test_balanced_accuracy0.25":0.5,"test_recall0.75":0,"val_recall0.75":0.07692307978868484,"train_auroc":0.7000181078910828,"test_precision0.75":0,"_runtime":1533.061572852,"val_balanced_accuracy0.75":0.5321324245374879,"test_accuracy0.25":0.2531645596027374,"test_recall0.5":0.15000000596046448,"test_recall0.25":1,"_timestamp":1.750281052253678e+09,"_step":406,"val_balanced_accuracy0.5":0.5971275559883155,"val_precision0.75":0.6666666865348816,"test_auroc":0.48474574089050293,"test_accuracy0.5":0.6708860993385315,"val_precision0.25":0.24761904776096344,"val_auroc":0.591772198677063,"test_precision0.5":0.25,"val_balanced_accuracy0.25":0.5,"test_balanced_accuracy0.75":0.5,"test_precision0.25":0.2531645596027374,"val_accuracy0.25":0.24761904776096344,"test_accuracy0.75":0.746835470199585,"val_precision0.5":0.4285714328289032}