{"val_precision":0,"val_loss":0.3746359348297119,"val_auroc":0.5,"_runtime":521.5733254,"val_accuracy":0.75,"test_precision":0,"_wandb":{"runtime":523},"_step":35,"test_accuracy":0.746835470199585,"train_auroc":0.5,"test_recall":0,"train_loss":0.37725919485092163,"_timestamp":1.7476904064711199e+09,"test_auroc":0.5,"val_recall":0}