{"_step":35,"train_auroc":0.5,"val_precision":0,"val_recall":0,"_wandb":{"runtime":473},"_runtime":470.629139708,"test_precision":0,"val_accuracy":0.75,"val_auroc":0.5,"val_loss":0.3733009994029999,"train_loss":0.3767276406288147,"test_auroc":0.5,"_timestamp":1.747651994831607e+09,"test_recall":0,"test_accuracy":0.746835470199585}