{"val_accuracy0.25":0.5428571701049805,"test_balanced_accuracy0.75":0.4915254237288136,"_wandb":{"runtime":3606},"test_recall0.75":0,"val_balanced_accuracy0.25":0.554284323271665,"val_recall0.75":0.03846153989434242,"val_recall0.5":0.26923078298568726,"train_auroc":0.990384578704834,"test_balanced_accuracy0.25":0.5135593220338983,"_runtime":3606.097905794,"test_precision0.25":0.2666666805744171,"test_precision0.5":0.27272728085517883,"val_balanced_accuracy0.75":0.5002434274586174,"val_accuracy0.5":0.6571428775787354,"test_recall0.25":0.4000000059604645,"val_precision0.25":0.2884615361690521,"_step":999,"val_recall0.25":0.5769230723381042,"test_accuracy0.5":0.6835442781448364,"val_balanced_accuracy0.5":0.5270204479065238,"_timestamp":1.750101035227872e+09,"test_accuracy0.75":0.7341772317886353,"test_recall0.5":0.15000000596046448,"test_balanced_accuracy0.5":0.5072033898305085,"test_accuracy0.25":0.5696202516555786,"val_precision0.5":0.2916666567325592,"val_precision0.75":0.25,"test_precision0.75":0,"test_auroc":0.5305084586143494,"train_loss":0.6826186776161194,"val_auroc":0.5379747152328491,"val_accuracy0.75":0.7333333492279053}