{"_timestamp":1.7495120531674647e+09,"test_accuracy":0.6666666865348816,"val_precision":0.20000000298023224,"_wandb":{"runtime":369},"test_balanced_accuracy":0.5151515151515151,"test_auroc":0.5515763759613037,"test_precision":0.2800000011920929,"train_loss":0.8081316947937012,"_runtime":369.994667965,"_step":50,"train_auroc":0.93687903881073,"val_accuracy":0.6296296119689941,"val_loss":4.427859306335449,"test_recall":0.21212121844291687,"val_auroc":0.4642857313156128,"val_balanced_accuracy":0.4714285714285714,"val_recall":0.1428571492433548}