{"test_precision0.5":0.1538461595773697,"test_balanced_accuracy0.75":0.44999999999999996,"val_recall0.25":0.42307692766189575,"val_accuracy0.25":0.6226415038108826,"val_balanced_accuracy0.75":0.4774038461538461,"val_auroc":0.5682692527770996,"test_precision0.25":0.1666666716337204,"test_accuracy0.5":0.5249999761581421,"test_recall0.25":0.25,"train_loss":0.0394437350332737,"_step":243,"test_accuracy0.25":0.5,"val_accuracy0.75":0.6226415038108826,"train_auroc":0.9999219179153442,"val_recall0.75":0.19230769574642181,"val_precision0.25":0.3055555522441864,"val_accuracy0.5":0.6226415038108826,"test_recall0.5":0.20000000298023224,"_wandb":{"runtime":9995},"test_recall0.75":0.20000000298023224,"test_auroc":0.46166667342185974,"test_accuracy0.75":0.574999988079071,"_runtime":9995.913628965,"val_balanced_accuracy0.5":0.5033653846153846,"test_precision0.75":0.1818181872367859,"val_recall0.5":0.26923078298568726,"val_balanced_accuracy0.25":0.5552884615384616,"test_balanced_accuracy0.25":0.4166666666666667,"_timestamp":1.7535849131581016e+09,"val_precision0.75":0.2083333283662796,"test_balanced_accuracy0.5":0.41666666666666663,"val_precision0.5":0.25}