{"train_loss":2.091898202896118,"val_balanced_accuracy0.5":0.5,"val_accuracy0.75":0.7523809671401978,"val_precision0.5":0.24761904776096344,"val_recall0.25":1,"_wandb":{"runtime":1071},"val_recall0.5":1,"test_balanced_accuracy0.25":0.5,"val_accuracy0.5":0.24761904776096344,"test_recall0.25":1,"val_recall0.75":0,"test_accuracy0.25":0.2531645596027374,"train_auroc":0.4927113354206085,"test_balanced_accuracy0.5":0.5,"test_auroc":0.5313559174537659,"test_precision0.5":0.2531645596027374,"val_precision0.75":0,"test_accuracy0.5":0.2531645596027374,"test_balanced_accuracy0.75":0.5,"test_precision0.25":0.2531645596027374,"test_accuracy0.75":0.746835470199585,"test_recall0.5":1,"test_recall0.75":0,"_runtime":1071.256432085,"val_accuracy0.25":0.24761904776096344,"val_balanced_accuracy0.75":0.5,"test_precision0.75":0,"_step":320,"val_precision0.25":0.24761904776096344,"val_auroc":0.5360272526741028,"val_balanced_accuracy0.25":0.5,"_timestamp":1.750160072046771e+09}