{"val_accuracy0.25":0.5420560836791992,"val_recall0.25":0.3333333432674408,"_wandb":{"runtime":19310},"_step":441,"val_precision0.5":0.22857142984867096,"test_precision0.75":0.42105263471603394,"test_balanced_accuracy0.25":0.6,"val_precision0.75":0.23333333432674408,"val_balanced_accuracy0.75":0.4858796296296296,"val_auroc":0.4851852059364319,"_runtime":19310.603720903,"_timestamp":1.7546874781873808e+09,"test_auroc":0.6791666746139526,"test_balanced_accuracy0.5":0.5916666666666667,"test_recall0.75":0.4000000059604645,"val_recall0.75":0.25925925374031067,"test_recall0.25":0.5,"test_precision0.25":0.3571428656578064,"val_accuracy0.75":0.5981308221817017,"val_precision0.25":0.22499999403953552,"test_accuracy0.75":0.7124999761581421,"val_recall0.5":0.29629629850387573,"train_loss":0.03441285714507103,"val_balanced_accuracy0.25":0.47291666666666665,"val_accuracy0.5":0.5700934529304504,"val_balanced_accuracy0.5":0.47939814814814813,"train_auroc":1,"test_accuracy0.5":0.6875,"test_accuracy0.25":0.6499999761581421,"test_precision0.5":0.380952388048172,"test_balanced_accuracy0.75":0.6083333333333334,"test_recall0.5":0.4000000059604645}