{"test_balanced_accuracy0.75":0.5583333333333333,"test_precision0.5":0.5,"val_precision0.5":0.21212121844291687,"test_precision0.75":0.6000000238418579,"val_auroc":0.4725961685180664,"test_balanced_accuracy0.25":0.5333333333333333,"test_precision0.25":0.375,"test_accuracy0.25":0.7250000238418579,"val_accuracy0.25":0.5754716992378235,"val_accuracy0.75":0.6037735939025879,"val_balanced_accuracy0.75":0.49086538461538465,"val_precision0.25":0.2432432472705841,"test_recall0.75":0.15000000596046448,"val_recall0.75":0.26923078298568726,"test_accuracy0.75":0.762499988079071,"val_precision0.75":0.23333333432674408,"train_auroc":1,"test_accuracy0.5":0.75,"val_recall0.25":0.3461538553237915,"test_auroc":0.5891666412353516,"val_accuracy0.5":0.5754716992378235,"test_recall0.5":0.15000000596046448,"_step":209,"test_recall0.25":0.15000000596046448,"_wandb":{"runtime":2065},"val_balanced_accuracy0.5":0.4721153846153846,"val_balanced_accuracy0.25":0.4980769230769231,"val_recall0.5":0.26923078298568726,"test_balanced_accuracy0.5":0.5499999999999999,"_runtime":2065.960946941,"_timestamp":1.7535513521153212e+09,"train_loss":3.71724454453215e-05}