{"test_balanced_accuracy":0.5,"_wandb":{"runtime":293},"train_auroc":0.5052305459976196,"val_precision":0,"_timestamp":1.749483216769467e+09,"val_loss":1.7312099933624268,"val_balanced_accuracy":0.5,"test_accuracy":0.7480915784835815,"val_auroc":0.2928571403026581,"val_recall":0,"_runtime":293.51722763,"test_recall":0,"_step":86,"test_precision":0,"val_accuracy":0.7407407164573669,"test_auroc":0.5655534863471985,"train_loss":1.6854166984558105}