{"train_loss":0.0001324749900959432,"val_balanced_accuracy0.25":0.5581791626095424,"test_recall0.25":0.25,"test_balanced_accuracy0.25":0.4894067796610169,"_wandb":{"runtime":948},"val_balanced_accuracy0.5":0.5516066212268744,"val_recall0.75":0.1538461595773697,"test_accuracy0.5":0.6455696225166321,"val_accuracy0.5":0.7523809671401978,"val_precision0.25":0.4545454680919647,"_step":278,"test_accuracy0.25":0.607594907283783,"test_recall0.75":0.05000000074505806,"test_precision0.5":0.2142857164144516,"test_balanced_accuracy0.5":0.4817796610169492,"train_auroc":1,"val_recall0.25":0.19230769574642181,"val_precision0.5":0.5,"_runtime":948.201282764,"test_accuracy0.75":0.6582278609275818,"val_auroc":0.589581310749054,"test_balanced_accuracy0.75":0.4572033898305085,"val_accuracy0.75":0.761904776096344,"val_balanced_accuracy0.75":0.5579357351509251,"_timestamp":1.7501845097620702e+09,"test_recall0.5":0.15000000596046448,"test_auroc":0.49067795276641846,"test_precision0.25":0.2380952388048172,"val_precision0.75":0.5714285969734192,"val_recall0.5":0.1538461595773697,"val_accuracy0.25":0.7428571581840515,"test_precision0.75":0.1111111119389534}