{"val_balanced_accuracy":0.5,"test_balanced_accuracy":0.5,"val_precision":0.75,"train_loss":0.6799231171607971,"val_auroc":0.4375000298023224,"test_precision":0.746835470199585,"_timestamp":1.7478517461346688e+09,"val_recall":0.75,"test_auroc":0.6631355881690979,"_runtime":2331.224320881,"train_auroc":0.43353453278541565,"test_recall":0.746835470199585,"test_accuracy":0.746835470199585,"val_loss":0.6621978282928467,"val_accuracy":0.75,"_step":51,"_wandb":{"runtime":2331}}