{"val_balanced_accuracy":0.5,"_timestamp":1.749489607372506e+09,"val_loss":1.7422146797180176,"_runtime":142.694540403,"train_loss":1.68507719039917,"test_precision":0,"train_auroc":0.5622442960739136,"val_accuracy":0.7407407164573669,"_step":50,"val_auroc":0.3142857253551483,"test_recall":0,"_wandb":{"runtime":142},"test_auroc":0.5528007745742798,"test_accuracy":0.75,"test_balanced_accuracy":0.5,"val_precision":0,"val_recall":0}