{"val_accuracy0.25":0.30188679695129395,"test_balanced_accuracy0.75":0.48333333333333334,"_timestamp":1.755087260034233e+09,"val_precision0.25":0.18421052396297455,"_runtime":8215.826576927,"test_accuracy0.75":0.4749999940395355,"train_auroc":1,"val_precision0.5":0.20895522832870483,"test_precision0.5":0.2830188572406769,"val_balanced_accuracy0.75":0.4307692307692308,"test_auroc":0.4841666519641876,"val_precision0.75":0.20000000298023224,"test_recall0.25":0.8500000238418579,"val_recall0.5":0.5384615659713745,"_step":344,"test_balanced_accuracy0.25":0.55,"val_accuracy0.75":0.4150943458080292,"val_auroc":0.4043269157409668,"test_precision0.25":0.27419355511665344,"test_accuracy0.5":0.4625000059604645,"test_accuracy0.25":0.4000000059604645,"val_balanced_accuracy0.25":0.3817307692307692,"test_recall0.5":0.75,"val_recall0.75":0.4615384638309479,"_wandb":{"runtime":8215},"test_recall0.75":0.5,"val_accuracy0.5":0.38679245114326477,"val_recall0.25":0.5384615659713745,"val_balanced_accuracy0.5":0.43798076923076923,"test_balanced_accuracy0.5":0.5583333333333333,"train_loss":0.0631338432431221,"test_precision0.75":0.2380952388048172}