{"test_accuracy0.25":0.75,"val_precision0.75":0.2777777910232544,"test_recall0.75":0.15000000596046448,"test_recall0.5":0.25,"_timestamp":1.7536665991479094e+09,"val_precision0.25":0.2800000011920929,"_runtime":2694.789562647,"test_precision0.25":0.5,"test_accuracy0.5":0.737500011920929,"_step":265,"val_balanced_accuracy0.25":0.5157055789967182,"val_balanced_accuracy0.5":0.4976558837318331,"test_auroc":0.6349999904632568,"test_precision0.75":0.3333333432674408,"_wandb":{"runtime":2694},"val_recall0.75":0.18518517911434174,"val_recall0.25":0.25925925374031067,"test_accuracy0.75":0.7124999761581421,"val_precision0.5":0.25,"test_balanced_accuracy0.25":0.6166666666666667,"train_loss":0.0007374134729616344,"test_recall0.25":0.3499999940395355,"train_auroc":1,"val_recall0.5":0.18518517911434174,"val_accuracy0.75":0.6698113083839417,"test_balanced_accuracy0.75":0.525,"test_balanced_accuracy0.5":0.575,"val_accuracy0.5":0.650943398475647,"val_auroc":0.5738396644592285,"val_accuracy0.25":0.6415094137191772,"val_balanced_accuracy0.75":0.5103141115799343,"test_precision0.5":0.4545454680919647}