{"test_precision0.25":0.125,"train_loss":0.21076728403568268,"test_balanced_accuracy0.5":0.5165254237288136,"test_recall0.25":0.05000000074505806,"test_precision0.75":1,"val_balanced_accuracy0.75":0.551363193768257,"test_balanced_accuracy0.75":0.525,"_runtime":2415.507248189,"val_accuracy0.75":0.7714285850524902,"val_precision0.5":0.6666666865348816,"test_recall0.75":0.05000000074505806,"test_accuracy0.5":0.746835470199585,"val_accuracy0.5":0.7714285850524902,"val_balanced_accuracy0.5":0.5642648490749756,"_wandb":{"runtime":2415},"test_accuracy0.25":0.6708860993385315,"val_recall0.25":0.1538461595773697,"val_auroc":0.5827653408050537,"val_recall0.5":0.1538461595773697,"test_balanced_accuracy0.25":0.46567796610169493,"train_auroc":0.9945837259292603,"val_precision0.75":0.75,"test_precision0.5":0.5,"_step":999,"_timestamp":1.7502436183449705e+09,"test_auroc":0.5686440467834473,"val_precision0.25":0.5,"val_balanced_accuracy0.25":0.5516066212268744,"test_accuracy0.75":0.7594936490058899,"val_accuracy0.25":0.7523809671401978,"test_recall0.5":0.05000000074505806,"val_recall0.75":0.11538461595773697}