{"val_precision":0,"_timestamp":1.7477415085476718e+09,"val_accuracy":0.5,"val_loss":0.6896448731422424,"val_auroc":0,"_runtime":13.9999469,"_wandb":{"runtime":13},"train_auroc":0.6666666269302368,"val_recall":0,"train_loss":0.6813949346542358,"_step":0}