{"test_balanced_accuracy0.5":0.5,"test_balanced_accuracy0.75":0.5,"_step":157,"test_balanced_accuracy0.25":0.5583333333333333,"val_precision0.5":0,"val_balanced_accuracy0.25":0.5241443975621191,"test_precision0.75":0,"val_precision0.25":0.2711864411830902,"test_auroc":0.5575000047683716,"val_precision0.75":0,"test_accuracy0.25":0.5375000238418579,"train_auroc":0.5754716396331787,"val_balanced_accuracy0.5":0.5,"test_precision0.5":0,"val_recall0.75":0,"test_accuracy0.75":0.75,"_timestamp":1.753511611548734e+09,"test_recall0.75":0,"val_accuracy0.25":0.49056604504585266,"val_recall0.5":0,"train_loss":1.6703341007232666,"val_auroc":0.5719643831253052,"val_recall0.25":0.5925925970077515,"val_accuracy0.5":0.7452830076217651,"test_recall0.5":0,"test_precision0.25":0.2926829159259796,"val_balanced_accuracy0.75":0.5,"val_accuracy0.75":0.7452830076217651,"test_recall0.25":0.6000000238418579,"_runtime":898.698917621,"test_accuracy0.5":0.75,"_wandb":{"runtime":898}}