{"test_accuracy0.25":0.2531645596027374,"train_auroc":0.49222880601882935,"test_accuracy0.5":0.746835470199585,"val_accuracy0.75":0.7523809671401978,"val_precision0.5":0,"test_auroc":0.5,"train_loss":2.093593120574951,"test_balanced_accuracy0.5":0.5,"test_recall0.75":0,"val_recall0.75":0,"test_recall0.5":0,"val_accuracy0.25":0.24761904776096344,"_wandb":{"runtime":3808},"test_precision0.75":0,"val_recall0.25":1,"val_recall0.5":0,"test_balanced_accuracy0.25":0.5,"_runtime":3808.711813832,"_step":222,"val_auroc":0.5,"val_balanced_accuracy0.25":0.5,"test_balanced_accuracy0.75":0.5,"test_recall0.25":1,"test_precision0.25":0.2531645596027374,"val_accuracy0.5":0.7523809671401978,"val_balanced_accuracy0.5":0.5,"val_precision0.25":0.24761904776096344,"test_accuracy0.75":0.746835470199585,"test_precision0.5":0,"val_balanced_accuracy0.75":0.5,"_timestamp":1.7509897365494175e+09,"val_precision0.75":0}