{"test_accuracy0.25":0.48750001192092896,"val_auroc":0.5375000238418579,"test_recall0.75":0.44999998807907104,"test_recall0.5":0.5,"val_recall0.25":0.5925925970077515,"val_balanced_accuracy0.75":0.4916666666666667,"val_accuracy0.75":0.5700934529304504,"val_precision0.25":0.29629629850387573,"val_accuracy0.25":0.5420560836791992,"val_precision0.75":0.2432432472705841,"test_balanced_accuracy0.25":0.5083333333333333,"val_balanced_accuracy0.5":0.5034722222222222,"train_loss":0.09285812824964523,"test_accuracy0.75":0.5874999761581421,"test_precision0.25":0.25581395626068115,"test_precision0.75":0.29032257199287415,"val_recall0.75":0.3333333432674408,"test_accuracy0.5":0.512499988079071,"_runtime":5825.652633682,"val_precision0.5":0.25531914830207825,"test_precision0.5":0.25641027092933655,"val_recall0.5":0.4444444477558136,"val_accuracy0.5":0.5327102541923523,"val_balanced_accuracy0.25":0.5587962962962962,"test_auroc":0.5808333158493042,"test_balanced_accuracy0.5":0.5083333333333333,"_timestamp":1.7539098823155186e+09,"_wandb":{"runtime":5825},"train_auroc":0.9989453554153442,"_step":242,"test_recall0.25":0.550000011920929,"test_balanced_accuracy0.75":0.5416666666666666}