{"train_loss":2.0939197540283203,"val_recall0.75":0,"test_recall0.5":0,"val_recall0.25":1,"test_accuracy0.25":0.2531645596027374,"_timestamp":1.751376108431771e+09,"test_auroc":0.5,"test_balanced_accuracy0.25":0.5,"test_precision0.25":0.2531645596027374,"_runtime":1607.482380985,"test_accuracy0.75":0.746835470199585,"val_auroc":0.5,"test_recall0.25":1,"test_precision0.75":0,"test_balanced_accuracy0.75":0.5,"val_precision0.5":0,"val_precision0.25":0.24761904776096344,"val_balanced_accuracy0.25":0.5,"_wandb":{"runtime":1607},"test_accuracy0.5":0.746835470199585,"val_precision0.75":0,"val_balanced_accuracy0.5":0.5,"test_precision0.5":0,"val_balanced_accuracy0.75":0.5,"train_auroc":0.5325741767883301,"val_accuracy0.5":0.7523809671401978,"val_accuracy0.25":0.24761904776096344,"_step":192,"test_recall0.75":0,"val_recall0.5":0,"test_balanced_accuracy0.5":0.5,"val_accuracy0.75":0.7523809671401978}