{"val_recall0.75":0,"val_accuracy0.75":0.7523809671401978,"test_auroc":0.615254282951355,"test_accuracy0.75":0.746835470199585,"test_balanced_accuracy0.75":0.5,"val_balanced_accuracy0.75":0.5,"val_precision0.75":0,"_step":225,"val_balanced_accuracy0.5":0.4727361246348588,"val_precision0.5":0.23376622796058655,"train_auroc":0.7057915925979614,"_wandb":{"runtime":2272},"test_balanced_accuracy0.5":0.5779661016949152,"test_precision0.75":0,"val_accuracy0.25":0.24761904776096344,"test_precision0.5":0.29629629850387573,"_timestamp":1.7509473088682392e+09,"val_balanced_accuracy0.25":0.5,"test_accuracy0.5":0.4683544337749481,"val_recall0.25":1,"_runtime":2272.941474772,"val_auroc":0.4824731945991516,"test_accuracy0.25":0.2531645596027374,"val_accuracy0.5":0.3619047701358795,"val_precision0.25":0.24761904776096344,"test_balanced_accuracy0.25":0.5,"test_recall0.5":0.800000011920929,"test_precision0.25":0.2531645596027374,"test_recall0.25":1,"val_recall0.5":0.692307710647583,"test_recall0.75":0,"train_loss":2.021684169769287}