{"val_precision0.75":0.800000011920929,"val_precision0.5":0.529411792755127,"test_recall0.5":0.20000000298023224,"train_loss":0.4134638011455536,"test_recall0.25":0.25,"val_recall0.5":0.3461538553237915,"test_balanced_accuracy0.5":0.525,"train_auroc":0.987619161605835,"_step":649,"val_accuracy0.25":0.5754716992378235,"test_precision0.75":0.3333333432674408,"val_balanced_accuracy0.25":0.5110576923076923,"val_recall0.75":0.1538461595773697,"test_precision0.5":0.3076923191547394,"test_balanced_accuracy0.25":0.5083333333333333,"test_accuracy0.25":0.637499988079071,"val_accuracy0.75":0.7830188870429993,"val_balanced_accuracy0.5":0.6230769230769231,"test_balanced_accuracy0.75":0.5166666666666667,"_wandb":{"runtime":3443},"test_recall0.75":0.10000000149011612,"val_precision0.25":0.25641027092933655,"val_accuracy0.5":0.7641509175300598,"_runtime":3443.710198476,"val_auroc":0.5389423370361328,"test_accuracy0.75":0.7250000238418579,"test_accuracy0.5":0.6875,"_timestamp":1.7538554339540887e+09,"val_recall0.25":0.38461539149284363,"val_balanced_accuracy0.75":0.570673076923077,"test_precision0.25":0.2631579041481018,"test_auroc":0.5083333253860474}