{"val_recall0.25":0.42307692766189575,"_step":222,"val_accuracy0.75":0.6857143044471741,"test_accuracy0.5":0.594936728477478,"val_precision0.5":0.36666667461395264,"val_precision0.25":0.36666667461395264,"val_auroc":0.5608568787574768,"val_recall0.5":0.42307692766189575,"val_balanced_accuracy0.25":0.5912852969814996,"val_recall0.75":0.42307692766189575,"test_accuracy0.75":0.6329113841056824,"test_accuracy0.25":0.5822784900665283,"test_auroc":0.6406779885292053,"_runtime":3267.482521247,"_timestamp":1.7510175444629056e+09,"test_balanced_accuracy0.25":0.5550847457627119,"test_balanced_accuracy0.75":0.5889830508474576,"test_precision0.25":0.3030303120613098,"val_precision0.75":0.37931033968925476,"val_accuracy0.5":0.6761904954910278,"test_recall0.75":0.5,"train_loss":0.014672071672976017,"test_precision0.5":0.3125,"test_recall0.5":0.5,"train_auroc":1,"val_balanced_accuracy0.5":0.5912852969814996,"val_balanced_accuracy0.75":0.5976144109055501,"test_precision0.75":0.3448275923728943,"test_balanced_accuracy0.5":0.5635593220338984,"_wandb":{"runtime":3267},"val_accuracy0.25":0.6761904954910278,"test_recall0.25":0.5}