{"test_accuracy0.25":0.675000011920929,"test_balanced_accuracy0.75":0.475,"val_precision0.5":0.25,"val_recall0.25":0.1538461595773697,"test_recall0.5":0.10000000149011612,"val_precision0.25":0.21052631735801697,"test_auroc":0.44333332777023315,"test_balanced_accuracy0.25":0.5,"val_accuracy0.5":0.6792452931404114,"val_balanced_accuracy0.25":0.4831730769230769,"test_recall0.75":0.10000000149011612,"val_accuracy0.75":0.7169811129570007,"train_auroc":1,"test_balanced_accuracy0.5":0.475,"val_balanced_accuracy0.75":0.5269230769230769,"_step":555,"_wandb":{"runtime":3230},"val_precision0.75":0.3333333432674408,"test_precision0.75":0.1818181872367859,"test_precision0.5":0.1818181872367859,"_timestamp":1.7534594039958453e+09,"val_balanced_accuracy0.5":0.5019230769230769,"val_recall0.75":0.1538461595773697,"test_recall0.25":0.15000000596046448,"test_accuracy0.75":0.6625000238418579,"test_precision0.25":0.25,"val_accuracy0.25":0.650943398475647,"_runtime":3230.381140591,"val_auroc":0.5278846025466919,"test_accuracy0.5":0.6625000238418579,"train_loss":2.6975183118338464e-06,"val_recall0.5":0.1538461595773697}