{"val_balanced_accuracy":0.5,"test_balanced_accuracy":0.5,"_step":50,"_timestamp":1.7495659079705257e+09,"train_auroc":0.5643014907836914,"test_precision":0,"test_auroc":0.440972238779068,"val_precision":0,"test_accuracy":0.7557252049446106,"train_loss":1.6987881660461426,"val_accuracy":0.7407407164573669,"test_recall":0,"_runtime":215.67220795,"val_recall":0,"val_loss":1.729369878768921,"_wandb":{"runtime":215},"val_auroc":0.5285714268684387}