{"val_balanced_accuracy0.25":0.5275073028237585,"test_accuracy0.75":0.7341772317886353,"val_accuracy0.5":0.7523809671401978,"test_recall0.25":0.4000000059604645,"val_balanced_accuracy0.5":0.5387049659201558,"test_accuracy0.25":0.6329113841056824,"val_precision0.5":0.5,"test_recall0.75":0.05000000074505806,"test_precision0.25":0.3199999928474426,"val_recall0.75":0,"_step":999,"val_recall0.25":0.3461538553237915,"train_loss":0.5015517473220825,"_wandb":{"runtime":3470},"test_auroc":0.5974576473236084,"_runtime":3470.388391906,"train_auroc":0.9998782873153687,"test_precision0.75":0.3333333432674408,"test_recall0.5":0.10000000149011612,"val_accuracy0.75":0.7333333492279053,"val_precision0.25":0.28125,"test_balanced_accuracy0.25":0.5559322033898305,"_timestamp":1.7500938974577038e+09,"val_precision0.75":0,"test_balanced_accuracy0.75":0.5080508474576271,"test_precision0.5":0.2857142984867096,"test_accuracy0.5":0.7088607549667358,"val_balanced_accuracy0.75":0.4873417721518987,"val_accuracy0.25":0.6190476417541504,"val_recall0.5":0.11538461595773697,"test_balanced_accuracy0.5":0.5076271186440678,"val_auroc":0.5657253861427307}