{"val_accuracy0.75":0.6261682510375977,"test_accuracy0.5":0.6000000238418579,"val_recall0.75":0.07407407462596893,"test_accuracy0.25":0.5625,"test_precision0.25":0.05882352963089943,"val_precision0.75":0.11764705926179886,"test_balanced_accuracy0.25":0.39166666666666666,"_timestamp":1.753945448992925e+09,"test_accuracy0.75":0.612500011920929,"test_recall0.5":0.05000000074505806,"test_auroc":0.5120833516120911,"val_accuracy0.25":0.5981308221817017,"train_auroc":1,"val_balanced_accuracy0.25":0.44907407407407407,"val_balanced_accuracy0.75":0.44328703703703703,"val_precision0.5":0.15000000596046448,"_wandb":{"runtime":1750},"val_accuracy0.5":0.6168224215507507,"test_balanced_accuracy0.75":0.42500000000000004,"val_precision0.25":0.1666666716337204,"train_loss":0.0005077267996966839,"test_precision0.75":0.07692307978868484,"test_recall0.25":0.05000000074505806,"_step":224,"test_recall0.75":0.05000000074505806,"val_balanced_accuracy0.5":0.4493055555555555,"val_recall0.25":0.14814814925193787,"val_auroc":0.4763888716697693,"test_balanced_accuracy0.5":0.4166666666666667,"test_precision0.5":0.0714285746216774,"val_recall0.5":0.1111111119389534,"_runtime":1750.678308597}