{"_runtime":723.150255713,"val_precision":0,"val_recall":0,"train_loss":0.373033344745636,"val_auroc":0.5,"test_recall":0,"train_auroc":0.5,"test_accuracy":0.746835470199585,"test_auroc":0.5,"_step":35,"test_precision":0,"_timestamp":1.7474537869819865e+09,"val_accuracy":0.75,"val_loss":0.37427645921707153,"_wandb":{"runtime":725}}