{"val_accuracy0.5":0.6666666865348816,"test_accuracy0.75":0.6582278609275818,"test_precision0.25":0.3333333432674408,"test_accuracy0.5":0.6708860993385315,"_wandb":{"runtime":1673},"val_recall0.25":0.5,"test_auroc":0.6076271533966064,"test_recall0.5":0.4000000059604645,"val_precision0.25":0.3333333432674408,"_timestamp":1.7501445133515046e+09,"test_precision0.75":0.31578946113586426,"test_accuracy0.25":0.6455696225166321,"_step":346,"train_loss":0.0012887554476037621,"test_balanced_accuracy0.25":0.5644067796610169,"val_balanced_accuracy0.75":0.5657254138266796,"val_accuracy0.25":0.6285714507102966,"val_recall0.5":0.5,"test_balanced_accuracy0.5":0.5813559322033899,"test_precision0.5":0.3636363744735718,"val_precision0.75":0.3333333432674408,"test_recall0.75":0.30000001192092896,"test_balanced_accuracy0.75":0.5398305084745763,"val_precision0.5":0.37142857909202576,"val_accuracy0.75":0.6571428775787354,"train_auroc":1,"val_balanced_accuracy0.25":0.5854430379746836,"_runtime":1673.676998198,"val_recall0.75":0.38461539149284363,"val_balanced_accuracy0.5":0.610759493670886,"test_recall0.25":0.4000000059604645,"val_auroc":0.5705939531326294}