{"test_recall0.5":0,"_runtime":519.036492392,"test_balanced_accuracy0.75":0.5,"test_precision0.75":0,"val_balanced_accuracy0.5":0.5,"val_balanced_accuracy0.75":0.5,"test_precision0.25":0.25,"val_balanced_accuracy0.25":0.5,"test_auroc":0.5895833373069763,"val_accuracy0.25":0.25471699237823486,"_step":176,"test_balanced_accuracy0.25":0.5,"val_precision0.75":0,"val_precision0.5":0,"val_accuracy0.75":0.7452830076217651,"test_accuracy0.25":0.25,"val_accuracy0.5":0.7452830076217651,"val_recall0.5":0,"val_recall0.25":1,"val_recall0.75":0,"test_recall0.25":1,"train_loss":2.073059320449829,"val_precision0.25":0.25471699237823486,"test_recall0.75":0,"test_accuracy0.75":0.75,"_timestamp":1.7534883259149027e+09,"val_auroc":0.5846226215362549,"test_accuracy0.5":0.75,"test_balanced_accuracy0.5":0.5,"_wandb":{"runtime":519},"test_precision0.5":0,"train_auroc":0.5149444341659546}