{"val_accuracy0.75":0.6285714507102966,"val_balanced_accuracy0.75":0.5080331061343719,"test_recall0.75":0.25,"val_recall0.75":0.26923078298568726,"val_recall0.25":0.3461538553237915,"val_balanced_accuracy0.25":0.5401655306718598,"train_auroc":0.9994522929191589,"test_precision0.5":0.260869562625885,"val_accuracy0.25":0.6380952596664429,"val_balanced_accuracy0.5":0.5209347614410906,"test_precision0.25":0.25,"val_auroc":0.4827166497707367,"test_recall0.25":0.30000001192092896,"_runtime":1153.057269686,"test_balanced_accuracy0.5":0.5059322033898305,"val_precision0.5":0.27586206793785095,"val_accuracy0.5":0.6285714507102966,"test_precision0.75":0.2380952388048172,"test_balanced_accuracy0.25":0.49745762711864405,"val_recall0.5":0.3076923191547394,"test_auroc":0.511864423751831,"test_accuracy0.75":0.607594907283783,"val_precision0.25":0.30000001192092896,"_wandb":{"runtime":1153},"val_precision0.75":0.25925925374031067,"_step":398,"train_loss":0.03904646635055542,"test_balanced_accuracy0.75":0.4894067796610169,"test_accuracy0.25":0.594936728477478,"_timestamp":1.7504881624428198e+09,"test_accuracy0.5":0.607594907283783,"test_recall0.5":0.30000001192092896}