{"test_recall0.25":0.6000000238418579,"val_accuracy0.5":0.7523809671401978,"_wandb":{"runtime":3486},"test_balanced_accuracy0.25":0.5372881355932203,"val_recall0.75":0,"val_recall0.5":0,"val_balanced_accuracy0.5":0.5,"val_precision0.5":0,"test_recall0.75":0,"test_recall0.5":0,"test_precision0.5":0,"test_precision0.25":0.27906978130340576,"test_balanced_accuracy0.5":0.5,"train_auroc":0.7923564314842224,"val_balanced_accuracy0.25":0.45813047711781885,"test_accuracy0.5":0.746835470199585,"val_recall0.25":0.38461539149284363,"test_accuracy0.75":0.746835470199585,"val_accuracy0.25":0.4952380955219269,"test_accuracy0.25":0.5063291192054749,"_timestamp":1.7505915202197006e+09,"val_precision0.25":0.21276596188545227,"test_precision0.75":0,"test_auroc":0.4618644118309021,"val_accuracy0.75":0.7523809671401978,"val_precision0.75":0,"_runtime":3486.535874022,"val_balanced_accuracy0.75":0.5,"train_loss":1.4172507524490356,"val_auroc":0.5167965292930603,"test_balanced_accuracy0.75":0.5,"_step":999}