{"test_accuracy0.75":0.746835470199585,"val_balanced_accuracy0.5":0.5,"test_precision0.75":0,"train_loss":1.6931735277175903,"test_balanced_accuracy0.75":0.5,"val_accuracy0.5":0.7523809671401978,"test_auroc":0.43644070625305176,"test_precision0.25":0.2531645596027374,"val_precision0.25":0.24761904776096344,"_wandb":{"runtime":517},"train_auroc":0.4317185878753662,"test_balanced_accuracy0.25":0.5,"test_accuracy0.25":0.2531645596027374,"test_recall0.5":0,"test_balanced_accuracy0.5":0.5,"val_recall0.75":0,"_runtime":517.739741275,"test_accuracy0.5":0.746835470199585,"val_accuracy0.75":0.7523809671401978,"test_precision0.5":0,"val_balanced_accuracy0.25":0.5,"val_accuracy0.25":0.24761904776096344,"_timestamp":1.7502220885501986e+09,"_step":214,"val_auroc":0.47176241874694824,"val_precision0.75":0,"val_balanced_accuracy0.75":0.5,"val_recall0.25":1,"test_recall0.25":1,"val_recall0.5":0,"test_recall0.75":0,"val_precision0.5":0}