{"train_auroc":0.4303906559944153,"val_balanced_accuracy0.25":0.5,"train_loss":2.0794854164123535,"test_balanced_accuracy0.25":0.5,"_runtime":6703.254267064,"test_accuracy0.5":0.75,"val_accuracy0.25":0.24528302252292633,"val_balanced_accuracy0.5":0.5,"test_accuracy0.25":0.25,"test_precision0.25":0.25,"val_recall0.5":0,"val_balanced_accuracy0.75":0.5,"test_recall0.5":0,"val_accuracy0.5":0.7547169923782349,"val_precision0.25":0.24528302252292633,"val_recall0.75":0,"val_precision0.75":0,"test_balanced_accuracy0.75":0.5,"test_precision0.75":0,"val_precision0.5":0,"val_auroc":0.5,"test_accuracy0.75":0.75,"_timestamp":1.7544242935578845e+09,"test_recall0.75":0,"_step":153,"_wandb":{"runtime":6703},"test_auroc":0.5,"val_accuracy0.75":0.7547169923782349,"test_precision0.5":0,"test_balanced_accuracy0.5":0.5,"val_recall0.25":1,"test_recall0.25":1}