{"_wandb":{"runtime":1111},"train_auroc":0.5230717658996582,"test_precision":0,"train_loss":0.37753036618232727,"test_accuracy":0.746835470199585,"val_loss":0.3758614659309387,"val_accuracy":0.75,"test_recall":0,"val_auroc":0.4374999701976776,"test_auroc":0.4779660999774933,"val_precision":0,"_runtime":1111.390195987,"_step":18,"val_recall":0,"_timestamp":1.7477948189301457e+09}