{"_runtime":4.5284004079999995,"_step":0,"val_precision":0.125,"val_recall":1,"val_accuracy":0.125,"_wandb":{"runtime":15},"_timestamp":1.7474347597327278e+09,"val_auroc":0.5,"val_loss":5157.904296875}