{"test_recall0.5":0.3499999940395355,"_runtime":3121.743134099,"train_loss":0.004872223362326622,"val_accuracy0.25":0.7047619223594666,"val_auroc":0.5219084620475769,"test_recall0.25":0.4000000059604645,"test_balanced_accuracy0.25":0.5898305084745763,"val_recall0.25":0.19230769574642181,"val_recall0.5":0.1538461595773697,"val_balanced_accuracy0.75":0.5260467380720545,"val_accuracy0.75":0.7333333492279053,"test_precision0.25":0.380952388048172,"test_balanced_accuracy0.5":0.5987288135593221,"_wandb":{"runtime":3121},"val_accuracy0.5":0.723809540271759,"train_auroc":1,"test_auroc":0.5466101765632629,"val_balanced_accuracy0.25":0.5328627069133398,"_step":303,"val_precision0.75":0.375,"val_precision0.5":0.3636363744735718,"test_precision0.5":0.4375,"test_precision0.75":0.4285714328289032,"test_accuracy0.75":0.7215189933776855,"val_precision0.25":0.3333333432674408,"test_accuracy0.5":0.7215189933776855,"test_balanced_accuracy0.75":0.5822033898305085,"_timestamp":1.7509195787703047e+09,"test_recall0.75":0.30000001192092896,"val_recall0.75":0.11538461595773697,"val_balanced_accuracy0.5":0.5326192794547224,"test_accuracy0.25":0.6835442781448364}