{"val_recall0.25":0.6153846383094788,"_timestamp":1.7501580084417431e+09,"test_precision0.75":0.25,"_runtime":863.04475446,"_wandb":{"runtime":863},"test_balanced_accuracy0.75":0.4966101694915254,"train_auroc":1,"val_precision0.25":0.2857142984867096,"val_balanced_accuracy0.5":0.5284810126582278,"test_recall0.75":0.4000000059604645,"train_loss":0.0004057610349263996,"test_precision0.5":0.25,"val_accuracy0.5":0.5428571701049805,"test_recall0.5":0.5,"test_accuracy0.5":0.49367088079452515,"val_balanced_accuracy0.25":0.5545277507302824,"test_auroc":0.5237288475036621,"val_balanced_accuracy0.75":0.572541382667965,"_step":248,"test_precision0.25":0.24444444477558136,"val_auroc":0.5649951696395874,"test_balanced_accuracy0.5":0.4957627118644068,"val_accuracy0.25":0.523809552192688,"test_balanced_accuracy0.25":0.48686440677966103,"test_accuracy0.25":0.4556961953639984,"val_precision0.75":0.3243243098258972,"test_recall0.25":0.550000011920929,"val_precision0.5":0.2708333432674408,"val_recall0.5":0.5,"test_accuracy0.75":0.5443037748336792,"val_recall0.75":0.4615384638309479,"val_accuracy0.75":0.6285714507102966}