{"train_auroc":0.8662575483322144,"val_balanced_accuracy":0.5,"val_recall":0,"test_auroc":0.6008570194244385,"test_precision":0.3333333432674408,"_runtime":442.377213056,"_timestamp":1.7495201287247882e+09,"_step":50,"val_loss":2.8716845512390137,"val_auroc":0.37857142090797424,"test_accuracy":0.7424242496490479,"val_accuracy":0.7407407164573669,"val_precision":0,"test_balanced_accuracy":0.5050505050505051,"_wandb":{"runtime":442},"train_loss":1.2375695705413818,"test_recall":0.03030303120613098}