{"test_precision0.25":0.09090909361839294,"test_recall0.25":0.05000000074505806,"test_recall0.75":0.05000000074505806,"test_accuracy0.75":0.6625000238418579,"test_balanced_accuracy0.5":0.45833333333333337,"val_precision0.25":0.2222222238779068,"test_precision0.5":0.1111111119389534,"_timestamp":1.7535965257473798e+09,"test_balanced_accuracy0.75":0.45833333333333337,"_wandb":{"runtime":5441},"val_balanced_accuracy0.25":0.48657407407407405,"test_accuracy0.5":0.6625000238418579,"val_recall0.75":0.14814814925193787,"val_recall0.5":0.14814814925193787,"val_accuracy0.5":0.672897219657898,"val_recall0.25":0.14814814925193787,"test_precision0.75":0.1111111119389534,"train_loss":0.00559275783598423,"val_balanced_accuracy0.5":0.49907407407407406,"val_accuracy0.75":0.7102803587913513,"test_recall0.5":0.05000000074505806,"test_accuracy0.25":0.637499988079071,"test_auroc":0.48416668176651,"_runtime":5441.508445774,"test_balanced_accuracy0.25":0.4416666666666667,"val_auroc":0.47361111640930176,"val_accuracy0.25":0.6542056202888489,"val_precision0.5":0.25,"_step":556,"train_auroc":1,"val_precision0.75":0.3333333432674408,"val_balanced_accuracy0.75":0.5240740740740741}