{"test_accuracy0.25":0.6412213444709778,"_wandb":{"runtime":1722},"test_precision0.5":0.3055555522441864,"val_balanced_accuracy0.25":0.5892857142857143,"test_precision0.25":0.3076923191547394,"val_recall0.25":0.4285714328289032,"test_precision0.75":0.34375,"test_recall0.5":0.34375,"test_auroc":0.565025269985199,"train_loss":7.048641919027432e-07,"val_balanced_accuracy0.75":0.6392857142857142,"test_accuracy0.5":0.6488549709320068,"_timestamp":1.7496964648501332e+09,"train_auroc":1,"_runtime":1722.381980382,"test_recall0.75":0.34375,"val_recall0.75":0.4285714328289032,"_step":499,"val_accuracy0.75":0.7407407164573669,"val_precision0.75":0.5,"val_recall0.5":0.4285714328289032,"val_balanced_accuracy0.5":0.6392857142857142,"test_balanced_accuracy0.5":0.5456123737373737,"val_accuracy0.25":0.6666666865348816,"test_accuracy0.75":0.6793892979621887,"val_auroc":0.7214285135269165,"test_balanced_accuracy0.25":0.5511363636363636,"test_recall0.25":0.375,"val_precision0.25":0.375,"val_accuracy0.5":0.7407407164573669,"val_precision0.5":0.5,"test_balanced_accuracy0.75":0.5658143939393939}