{"val_accuracy":0.7407407164573669,"test_auroc":0.4157390594482422,"val_loss":1.728750228881836,"test_recall":0,"_timestamp":1.7495082578830144e+09,"_wandb":{"runtime":709},"_step":86,"val_recall":0,"val_auroc":0.5428571701049805,"val_precision":0,"_runtime":709.566321374,"train_loss":1.6996028423309326,"test_accuracy":0.7480915784835815,"test_balanced_accuracy":0.5,"test_precision":0,"train_auroc":0.42231693863868713,"val_balanced_accuracy":0.5}