{"val_accuracy0.75":0.7523809671401978,"_runtime":454.978944807,"_step":155,"test_accuracy0.75":0.746835470199585,"_wandb":{"runtime":454},"val_balanced_accuracy0.25":0.5,"test_accuracy0.25":0.2531645596027374,"test_recall0.5":0,"test_accuracy0.5":0.746835470199585,"test_precision0.5":0,"val_precision0.75":0,"val_precision0.5":0,"val_accuracy0.25":0.24761904776096344,"train_auroc":0.5538370609283447,"test_balanced_accuracy0.5":0.5,"test_balanced_accuracy0.25":0.5,"train_loss":2.0941851139068604,"test_precision0.75":0,"test_recall0.75":0,"test_precision0.25":0.2531645596027374,"_timestamp":1.750236157366486e+09,"test_balanced_accuracy0.75":0.5,"test_auroc":0.5,"val_balanced_accuracy0.75":0.5,"val_precision0.25":0.24761904776096344,"val_recall0.75":0,"val_auroc":0.49367088079452515,"val_recall0.25":1,"test_recall0.25":1,"val_balanced_accuracy0.5":0.5,"val_accuracy0.5":0.7523809671401978,"val_recall0.5":0}