{"test_precision0.25":0.260869562625885,"val_precision0.5":0.3870967626571655,"_runtime":1537.517444961,"test_recall0.5":0.30000001192092896,"val_auroc":0.6397273540496826,"_timestamp":1.7502503551967027e+09,"test_precision0.75":0.30000001192092896,"test_precision0.5":0.27272728085517883,"val_balanced_accuracy0.25":0.5851996105160662,"val_precision0.75":0.4000000059604645,"test_accuracy0.75":0.6455696225166321,"val_recall0.5":0.4615384638309479,"test_recall0.75":0.30000001192092896,"test_accuracy0.25":0.607594907283783,"test_accuracy0.5":0.6202531456947327,"val_accuracy0.5":0.6857143044471741,"test_recall0.25":0.30000001192092896,"val_recall0.75":0.4615384638309479,"test_balanced_accuracy0.25":0.5059322033898305,"val_recall0.25":0.4615384638309479,"val_precision0.25":0.34285715222358704,"_step":365,"val_balanced_accuracy0.75":0.6168451801363194,"train_loss":0.031661778688430786,"test_auroc":0.508474588394165,"train_auroc":0.9997596740722656,"test_balanced_accuracy0.5":0.5144067796610169,"val_accuracy0.25":0.6476190686225891,"val_balanced_accuracy0.5":0.6105160662122688,"val_accuracy0.75":0.6952381134033203,"test_balanced_accuracy0.75":0.5313559322033898,"_wandb":{"runtime":1537}}