{"val_balanced_accuracy0.75":0.5070593962999026,"train_loss":5.949571573182766e-07,"val_recall0.75":0.11538461595773697,"val_balanced_accuracy0.5":0.5391918208373905,"test_recall0.75":0.20000000298023224,"test_precision0.75":0.3076923191547394,"val_accuracy0.5":0.7142857313156128,"val_precision0.5":0.3571428656578064,"test_balanced_accuracy0.25":0.5067796610169492,"val_accuracy0.75":0.7047619223594666,"train_auroc":1,"val_balanced_accuracy0.25":0.5457643622200584,"test_recall0.5":0.20000000298023224,"test_recall0.25":0.20000000298023224,"val_recall0.25":0.23076923191547394,"_step":999,"val_accuracy0.25":0.7047619223594666,"_wandb":{"runtime":4348},"val_auroc":0.5917721390724182,"test_accuracy0.25":0.6582278609275818,"val_precision0.75":0.27272728085517883,"test_balanced_accuracy0.5":0.5152542372881356,"val_precision0.25":0.3529411852359772,"test_accuracy0.5":0.6708860993385315,"test_precision0.5":0.2857142984867096,"test_precision0.25":0.2666666805744171,"test_balanced_accuracy0.75":0.523728813559322,"test_auroc":0.510169506072998,"test_accuracy0.75":0.6835442781448364,"_runtime":4348.256443297,"_timestamp":1.7501030693062184e+09,"val_recall0.5":0.19230769574642181}