{"_runtime":1508.967702833,"val_accuracy0.5":0.7547169923782349,"val_precision0.5":0,"test_accuracy0.75":0.75,"train_recon_loss_no_kld":0.9976233243942261,"test_accuracy0.25":0.25,"val_precision0.25":0.24528302252292633,"val_accuracy0.25":0.24528302252292633,"test_recall0.25":1,"test_balanced_accuracy0.25":0.5,"train_loss":1.7710340023040771,"val_accuracy0.75":0.7547169923782349,"val_auroc":0.5377403497695923,"test_balanced_accuracy0.5":0.5,"test_recall0.5":0,"val_recall0.75":0,"_wandb":{"runtime":1508},"val_precision0.75":0,"test_auroc":0.5612499713897705,"val_balanced_accuracy0.25":0.5,"train_kld_loss":0.5289801955223083,"test_precision0.5":0,"val_balanced_accuracy0.5":0.5,"train_surv_loss":1.0077325105667114,"test_recall0.75":0,"train_mu":-3.8664262547172257e-07,"val_recall0.25":1,"val_recall0.5":0,"val_balanced_accuracy0.75":0.5,"test_precision0.25":0.25,"test_precision0.75":0,"train_logvar":-1.0316693987988401e-06,"train_auroc":0.397314190864563,"test_balanced_accuracy0.75":0.5,"_timestamp":1.7549773066481524e+09,"test_accuracy0.5":0.75,"_step":50}