{"test_recall":0,"test_balanced_accuracy":0.5,"test_precision":0,"train_loss":1.6821184158325195,"train_auroc":0.5914967060089111,"val_auroc":0.5785714387893677,"val_recall":0,"val_loss":1.7276532649993896,"_step":50,"test_auroc":0.4327651560306549,"_timestamp":1.7494887465335243e+09,"val_balanced_accuracy":0.5,"_runtime":161.020967723,"test_accuracy":0.7557252049446106,"val_accuracy":0.7407407164573669,"val_precision":0,"_wandb":{"runtime":161}}