{"val_balanced_accuracy0.25":0.5206913339824732,"_step":234,"test_auroc":0.4423728883266449,"test_precision0.5":0.06666667014360428,"val_precision0.5":0.27272728085517883,"_wandb":{"runtime":944},"test_precision0.75":0.06666667014360428,"train_loss":0.04362109303474426,"val_recall0.5":0.23076923191547394,"_timestamp":1.7505565528345337e+09,"test_balanced_accuracy0.5":0.40635593220338984,"val_precision0.75":0.31578946113586426,"test_accuracy0.5":0.5822784900665283,"val_recall0.75":0.23076923191547394,"val_accuracy0.25":0.6476190686225891,"test_accuracy0.25":0.5696202516555786,"test_precision0.25":0.0625,"val_auroc":0.46275559067726135,"val_precision0.25":0.2800000011920929,"val_accuracy0.5":0.6571428775787354,"test_balanced_accuracy0.25":0.3978813559322034,"val_recall0.25":0.26923078298568726,"test_recall0.5":0.05000000074505806,"_runtime":944.337422211,"test_balanced_accuracy0.75":0.40635593220338984,"train_auroc":0.9993914365768433,"test_recall0.25":0.05000000074505806,"val_balanced_accuracy0.5":0.5141187925998053,"val_balanced_accuracy0.75":0.5331061343719572,"test_accuracy0.75":0.5822784900665283,"val_accuracy0.75":0.6857143044471741,"test_recall0.75":0.05000000074505806}