{"_timestamp":1.7502327517188046e+09,"_runtime":498.175654388,"test_recall0.25":1,"test_recall0.5":0,"val_accuracy0.75":0.7523809671401978,"test_balanced_accuracy0.75":0.5,"val_recall0.5":0,"test_balanced_accuracy0.5":0.5,"val_balanced_accuracy0.25":0.5,"val_precision0.25":0.24761904776096344,"train_loss":2.0932161808013916,"val_balanced_accuracy0.5":0.5,"val_precision0.75":0,"test_accuracy0.25":0.2531645596027374,"test_precision0.75":0,"val_accuracy0.5":0.7523809671401978,"test_precision0.5":0,"_step":150,"test_precision0.25":0.2531645596027374,"val_accuracy0.25":0.24761904776096344,"val_balanced_accuracy0.75":0.5,"val_recall0.25":1,"test_recall0.75":0,"test_balanced_accuracy0.25":0.5,"val_recall0.75":0,"val_auroc":0.6699123382568359,"test_auroc":0.5347457528114319,"_wandb":{"runtime":498},"test_accuracy0.5":0.746835470199585,"val_precision0.5":0,"train_auroc":0.5532366633415222,"test_accuracy0.75":0.746835470199585}