{"test_accuracy0.5":0.6000000238418579,"test_balanced_accuracy0.25":0.4583333333333333,"test_recall0.5":0.10000000149011612,"val_balanced_accuracy0.75":0.5,"val_accuracy0.75":0.7476635575294495,"test_precision0.5":0.125,"test_balanced_accuracy0.75":0.48333333333333334,"val_recall0.5":0.1111111119389534,"val_recall0.75":0,"test_accuracy0.75":0.7250000238418579,"val_accuracy0.25":0.3925233781337738,"val_auroc":0.47083336114883423,"test_balanced_accuracy0.5":0.43333333333333335,"val_precision0.5":0.1764705926179886,"val_balanced_accuracy0.25":0.4710648148148148,"_timestamp":1.7551655173797462e+09,"train_loss":1.73833167552948,"val_precision0.75":0,"train_auroc":0.7634587287902832,"test_recall0.75":0,"test_auroc":0.3633333444595337,"test_precision0.25":0.22641509771347046,"val_balanced_accuracy0.5":0.46805555555555556,"_step":4,"val_precision0.25":0.2361111044883728,"test_recall0.25":0.6000000238418579,"_wandb":{"runtime":35},"_runtime":35.0749653,"val_accuracy0.5":0.644859790802002,"test_precision0.75":0,"val_recall0.25":0.6296296119689941,"test_accuracy0.25":0.38749998807907104}