{"train_loss":1.8076218366622925,"val_loss":1.8194221258163452,"val_accuracy":0.7407407164573669,"test_accuracy":0.7557252049446106,"val_balanced_accuracy":0.5,"test_recall":0,"_runtime":316.360367081,"test_auroc":0.501893937587738,"train_auroc":0.5966675877571106,"val_auroc":0.7214285731315613,"_step":71,"test_balanced_accuracy":0.5,"_timestamp":1.7495043577803733e+09,"_wandb":{"runtime":316},"test_precision":0,"val_precision":0,"val_recall":0}