{"_wandb":{"runtime":1709},"_step":312,"test_accuracy0.5":0.5696202516555786,"train_auroc":1,"val_accuracy0.25":0.523809552192688,"test_balanced_accuracy0.75":0.5720338983050848,"_timestamp":1.750155147330203e+09,"val_recall0.5":0.5,"val_balanced_accuracy0.25":0.5158227848101266,"_runtime":1709.232699902,"val_balanced_accuracy0.75":0.4834469328140214,"val_precision0.75":0.23255814611911774,"test_recall0.5":0.5,"val_recall0.75":0.38461539149284363,"val_recall0.25":0.5,"test_precision0.75":0.32258063554763794,"test_precision0.5":0.29411765933036804,"test_balanced_accuracy0.5":0.5466101694915254,"test_recall0.25":0.6000000238418579,"val_accuracy0.75":0.5333333611488342,"val_balanced_accuracy0.5":0.5158227848101266,"val_precision0.25":0.25999999046325684,"test_accuracy0.25":0.5822784900665283,"train_loss":0.004846438765525818,"test_auroc":0.5605932474136353,"val_precision0.5":0.25999999046325684,"val_auroc":0.5036514401435852,"test_precision0.25":0.3243243098258972,"val_accuracy0.5":0.523809552192688,"test_accuracy0.75":0.607594907283783,"test_recall0.75":0.5,"test_balanced_accuracy0.25":0.5881355932203389}