{"test_accuracy0.75":0.7215189933776855,"test_recall0.25":0.30000001192092896,"test_accuracy0.25":0.6329113841056824,"test_precision0.25":0.2857142984867096,"_runtime":3212.687263329,"test_precision0.5":0.1666666716337204,"val_balanced_accuracy0.25":0.6358325219084713,"val_precision0.25":0.4444444477558136,"val_auroc":0.5917721390724182,"val_precision0.75":0.5555555820465088,"val_recall0.5":0.19230769574642181,"train_auroc":0.9997596740722656,"val_recall0.25":0.4615384638309479,"val_accuracy0.25":0.723809540271759,"test_auroc":0.5855932235717773,"test_recall0.5":0.10000000149011612,"test_precision0.75":0.25,"val_balanced_accuracy0.75":0.5708373904576436,"_timestamp":1.7502752061054292e+09,"_wandb":{"runtime":3212},"val_balanced_accuracy0.5":0.5518500486854917,"test_balanced_accuracy0.25":0.5228813559322034,"test_recall0.75":0.05000000074505806,"train_loss":0.09180533140897751,"val_accuracy0.75":0.761904776096344,"test_accuracy0.5":0.6455696225166321,"_step":999,"val_recall0.75":0.19230769574642181,"test_balanced_accuracy0.75":0.4995762711864407,"test_balanced_accuracy0.5":0.4652542372881356,"val_precision0.5":0.4166666567325592,"val_accuracy0.5":0.7333333492279053}