{"_runtime":5612.544068259,"test_precision0.75":0.5,"val_precision0.25":0.3571428656578064,"val_auroc":0.5666991472244263,"val_balanced_accuracy0.25":0.6175754625121713,"test_accuracy0.25":0.5316455960273743,"test_balanced_accuracy0.75":0.5661016949152542,"val_recall0.75":0.03846153989434242,"val_accuracy0.75":0.7142857313156128,"_timestamp":1.7507448587308059e+09,"test_auroc":0.501694917678833,"_step":999,"val_balanced_accuracy0.5":0.4754138266796495,"val_accuracy0.5":0.6571428775787354,"test_recall0.25":0.44999998807907104,"val_accuracy0.25":0.6380952596664429,"test_precision0.25":0.2571428716182709,"test_recall0.5":0.30000001192092896,"train_auroc":0.9916679859161377,"val_recall0.5":0.11538461595773697,"test_precision0.5":0.23999999463558197,"val_precision0.75":0.1666666716337204,"test_accuracy0.75":0.746835470199585,"val_precision0.5":0.1875,"test_balanced_accuracy0.5":0.48898305084745763,"val_recall0.25":0.5769230723381042,"_wandb":{"runtime":5612},"test_accuracy0.5":0.5822784900665283,"test_balanced_accuracy0.25":0.5046610169491526,"test_recall0.75":0.20000000298023224,"val_balanced_accuracy0.75":0.48758519961051605,"train_loss":0.43942150473594666}