{"test_recall0.5":0.30000001192092896,"test_recall0.75":0.20000000298023224,"test_accuracy0.75":0.7341772317886353,"val_balanced_accuracy0.75":0.5581791626095424,"test_precision0.5":0.5,"val_recall0.75":0.19230769574642181,"_wandb":{"runtime":4220},"test_precision0.25":0.31578946113586426,"test_balanced_accuracy0.5":0.5991525423728814,"val_precision0.75":0.4545454680919647,"val_balanced_accuracy0.5":0.5774099318403116,"test_precision0.75":0.4444444477558136,"val_accuracy0.25":0.7333333492279053,"val_recall0.25":0.26923078298568726,"test_recall0.25":0.30000001192092896,"val_balanced_accuracy0.25":0.5776533592989289,"_step":474,"test_accuracy0.5":0.746835470199585,"val_auroc":0.5141187906265259,"train_loss":0.011773589998483658,"test_accuracy0.25":0.6582278609275818,"test_auroc":0.5466101765632629,"train_auroc":1,"val_accuracy0.75":0.7428571581840515,"test_balanced_accuracy0.25":0.5398305084745763,"_timestamp":1.7507606889790514e+09,"val_recall0.5":0.23076923191547394,"val_precision0.5":0.5,"_runtime":4220.621284853,"val_precision0.25":0.4375,"val_accuracy0.5":0.7523809671401978,"test_balanced_accuracy0.75":0.5576271186440678}