{"train_auroc":0.7006005644798279,"val_balanced_accuracy":0.5,"_timestamp":1.7494860708945491e+09,"val_precision":0,"val_auroc":0.4714285731315613,"test_accuracy":0.7480915784835815,"_runtime":161.137362187,"train_loss":1.5757391452789307,"test_balanced_accuracy":0.5,"test_recall":0,"val_loss":1.7707085609436035,"_step":54,"test_precision":0,"val_accuracy":0.7407407164573669,"_wandb":{"runtime":161},"val_recall":0,"test_auroc":0.5850340127944946}