{"test_auroc":0.5,"val_recall0.75":0,"val_auroc":0.5,"val_balanced_accuracy0.75":0.5,"test_accuracy0.25":0.2531645596027374,"test_accuracy0.75":0.746835470199585,"_runtime":3579.433031125,"train_loss":2.0932528972625732,"_timestamp":1.7500474877683387e+09,"test_recall0.5":0,"train_auroc":0.4445352256298065,"val_precision0.75":0,"val_precision0.5":0,"val_precision0.25":0.24761904776096344,"val_accuracy0.5":0.7523809671401978,"_wandb":{"runtime":3579},"val_balanced_accuracy0.5":0.5,"val_recall0.25":1,"test_accuracy0.5":0.746835470199585,"test_balanced_accuracy0.5":0.5,"test_precision0.25":0.2531645596027374,"val_recall0.5":0,"val_balanced_accuracy0.25":0.5,"test_recall0.25":1,"_step":999,"test_precision0.75":0,"test_balanced_accuracy0.25":0.5,"test_precision0.5":0,"test_balanced_accuracy0.75":0.5,"test_recall0.75":0,"val_accuracy0.75":0.7523809671401978,"val_accuracy0.25":0.24761904776096344}