{"test_recall0.75":0.05000000074505806,"val_recall0.5":0.07692307978868484,"val_balanced_accuracy0.25":0.4756572541382668,"val_precision0.5":0.1666666716337204,"val_recall0.75":0.07692307978868484,"_wandb":{"runtime":863},"test_precision0.25":0.1538461595773697,"val_balanced_accuracy0.75":0.48149951314508277,"test_recall0.5":0.05000000074505806,"val_precision0.25":0.20000000298023224,"test_auroc":0.41016948223114014,"test_recall0.25":0.10000000149011612,"test_balanced_accuracy0.5":0.4572033898305085,"test_balanced_accuracy0.25":0.45677966101694917,"test_balanced_accuracy0.75":0.46567796610169493,"train_auroc":0.9990262985229492,"test_accuracy0.75":0.6708860993385315,"_timestamp":1.7502283368305008e+09,"val_accuracy0.25":0.6380952596664429,"val_precision0.75":0.1818181872367859,"test_accuracy0.25":0.6329113841056824,"val_balanced_accuracy0.5":0.4751703992210321,"test_accuracy0.5":0.6582278609275818,"_runtime":863.186951203,"val_auroc":0.42672833800315857,"train_loss":0.1067160815000534,"val_accuracy0.5":0.6761904954910278,"val_recall0.25":0.1538461595773697,"test_precision0.75":0.125,"val_accuracy0.75":0.6857143044471741,"_step":367,"test_precision0.5":0.1111111119389534}