{"val_precision0.5":0.36000001430511475,"val_recall0.75":0.3461538553237915,"val_balanced_accuracy0.75":0.5971275559883155,"_timestamp":1.7513952874630625e+09,"test_precision0.75":0.25,"_runtime":1886.980192629,"val_recall0.5":0.3461538553237915,"test_accuracy0.75":0.6455696225166321,"val_accuracy0.5":0.6857143044471741,"test_recall0.25":0.20000000298023224,"val_balanced_accuracy0.25":0.5654819863680622,"train_auroc":1,"val_precision0.75":0.4285714328289032,"test_recall0.5":0.20000000298023224,"val_recall0.25":0.3461538553237915,"_step":197,"test_precision0.25":0.20000000298023224,"_wandb":{"runtime":1886},"val_accuracy0.75":0.723809540271759,"test_balanced_accuracy0.75":0.49830508474576274,"val_auroc":0.5550146102905273,"test_recall0.75":0.20000000298023224,"test_accuracy0.25":0.594936728477478,"val_accuracy0.25":0.6761904954910278,"test_accuracy0.5":0.607594907283783,"test_auroc":0.45423728227615356,"test_balanced_accuracy0.5":0.4728813559322034,"val_balanced_accuracy0.5":0.5718111002921129,"test_precision0.5":0.21052631735801697,"test_balanced_accuracy0.25":0.46440677966101696,"val_precision0.25":0.3461538553237915,"train_loss":8.25015376904048e-06}