{"val_accuracy0.5":0.6190476417541504,"test_auroc":0.6822034120559692,"val_balanced_accuracy0.5":0.45009737098344693,"test_balanced_accuracy0.75":0.5826271186440678,"_timestamp":1.750171324200308e+09,"train_auroc":1,"val_accuracy0.75":0.6190476417541504,"test_balanced_accuracy0.25":0.5656779661016949,"val_balanced_accuracy0.25":0.46299902629016554,"_runtime":2424.489321449,"test_precision0.25":0.4166666567325592,"test_recall0.25":0.25,"val_recall0.75":0.07692307978868484,"val_precision0.5":0.15000000596046448,"val_accuracy0.25":0.6190476417541504,"val_auroc":0.5803310871124268,"test_precision0.5":0.5,"train_loss":8.238439477281645e-06,"test_precision0.75":0.5,"test_accuracy0.5":0.746835470199585,"_step":376,"_wandb":{"runtime":2424},"val_balanced_accuracy0.75":0.4371957156767283,"test_accuracy0.25":0.7215189933776855,"test_balanced_accuracy0.5":0.5826271186440678,"test_accuracy0.75":0.746835470199585,"val_recall0.25":0.1538461595773697,"val_recall0.5":0.11538461595773697,"test_recall0.75":0.25,"val_precision0.75":0.1111111119389534,"val_precision0.25":0.1818181872367859,"test_recall0.5":0.25}