{"val_auroc":0.5571428537368774,"test_balanced_accuracy":0.5,"_timestamp":1.7495629251508532e+09,"_step":124,"val_precision":0,"_wandb":{"runtime":505},"train_loss":1.602256417274475,"val_balanced_accuracy":0.5,"test_precision":0,"_runtime":505.874651766,"val_loss":1.727372407913208,"val_recall":0,"test_recall":0,"val_accuracy":0.7407407164573669,"test_auroc":0.5194368362426758,"test_accuracy":0.75,"train_auroc":0.723553478717804}