{"_wandb":{"runtime":1360},"_timestamp":1.753756459768253e+09,"val_precision0.25":0.29411765933036804,"test_precision0.25":0.29032257199287415,"val_recall0.5":0.37037035822868347,"test_auroc":0.5083333253860474,"val_balanced_accuracy0.25":0.5527777777777778,"test_precision0.5":0.25,"test_balanced_accuracy0.5":0.5,"val_accuracy0.5":0.5887850522994995,"test_recall0.75":0.20000000298023224,"train_auroc":1,"test_balanced_accuracy0.25":0.5416666666666666,"val_recall0.75":0.18518517911434174,"test_accuracy0.5":0.625,"val_balanced_accuracy0.5":0.5164351851851852,"test_accuracy0.75":0.675000011920929,"val_precision0.5":0.2702702581882477,"test_accuracy0.25":0.5874999761581421,"val_precision0.75":0.2083333283662796,"val_auroc":0.5449073910713196,"val_balanced_accuracy0.75":0.47384259259259254,"_step":377,"val_recall0.25":0.5555555820465088,"_runtime":1360.047871199,"test_recall0.25":0.44999998807907104,"test_balanced_accuracy0.75":0.5166666666666667,"test_precision0.75":0.2857142984867096,"val_accuracy0.25":0.5514018535614014,"val_accuracy0.75":0.6168224215507507,"test_recall0.5":0.25,"train_loss":0.01329006627202034}