{"val_accuracy0.75":0.6476190686225891,"test_accuracy0.5":0.6329113841056824,"val_recall0.75":0.23076923191547394,"test_accuracy0.25":0.6202531456947327,"val_precision0.5":0.25,"_runtime":1683.432207678,"test_balanced_accuracy0.75":0.4402542372881356,"val_precision0.25":0.23076923191547394,"val_precision0.75":0.260869562625885,"val_accuracy0.5":0.6380952596664429,"val_balanced_accuracy0.75":0.5077896786757546,"test_auroc":0.49322032928466797,"train_loss":0.03433587774634361,"val_recall0.25":0.23076923191547394,"test_precision0.25":0.2222222238779068,"test_recall0.5":0.10000000149011612,"test_balanced_accuracy0.5":0.45677966101694917,"_wandb":{"runtime":1683},"_timestamp":1.7513843182238927e+09,"train_auroc":0.999727725982666,"test_precision0.5":0.1538461595773697,"test_recall0.75":0.05000000074505806,"val_recall0.5":0.23076923191547394,"test_balanced_accuracy0.25":0.4813559322033898,"val_accuracy0.25":0.6190476417541504,"test_precision0.75":0.09090909361839294,"test_recall0.25":0.20000000298023224,"val_auroc":0.47492700815200806,"val_balanced_accuracy0.25":0.48880233690360275,"test_accuracy0.75":0.6329113841056824,"val_balanced_accuracy0.5":0.501460564751704,"_step":214}