{"test_balanced_accuracy0.75":0.5,"_runtime":1381.501891789,"test_accuracy0.5":0.5625,"val_recall0.5":0.5384615659713745,"test_recall0.75":0,"_step":175,"val_balanced_accuracy0.5":0.5817307692307692,"val_accuracy0.5":0.6037735939025879,"val_precision0.5":0.3181818127632141,"test_accuracy0.25":0.25,"val_precision0.25":0.24528302252292633,"test_precision0.25":0.25,"test_recall0.5":0.44999998807907104,"val_accuracy0.25":0.24528302252292633,"test_precision0.75":0,"val_auroc":0.6153846383094788,"test_balanced_accuracy0.25":0.5,"val_recall0.25":1,"val_balanced_accuracy0.75":0.5,"_wandb":{"runtime":1381},"_timestamp":1.7540042457338128e+09,"val_recall0.75":0,"test_accuracy0.75":0.75,"val_balanced_accuracy0.25":0.5,"val_precision0.75":0,"test_auroc":0.5400000214576721,"test_precision0.5":0.27272728085517883,"train_auroc":0.7373521327972412,"test_recall0.25":1,"test_balanced_accuracy0.5":0.525,"val_accuracy0.75":0.7547169923782349,"train_loss":1.9556282758712769}