{"val_accuracy0.75":0.5660377144813538,"_step":274,"test_recall0.25":0.6000000238418579,"val_recall0.25":0.42307692766189575,"train_loss":0.0036354619078338146,"test_accuracy0.25":0.637499988079071,"test_accuracy0.75":0.6875,"test_balanced_accuracy0.5":0.6166666666666667,"test_precision0.25":0.3636363744735718,"val_precision0.75":0.1666666716337204,"val_accuracy0.5":0.5,"test_precision0.5":0.38461539149284363,"val_recall0.5":0.3076923191547394,"train_auroc":1,"_runtime":932.608685408,"_wandb":{"runtime":932},"val_precision0.5":0.1860465109348297,"val_precision0.25":0.20370370149612427,"test_precision0.75":0.3684210479259491,"test_balanced_accuracy0.25":0.625,"val_recall0.75":0.19230769574642181,"val_accuracy0.25":0.4528301954269409,"test_accuracy0.5":0.675000011920929,"val_auroc":0.38990384340286255,"test_recall0.5":0.5,"test_auroc":0.5916666388511658,"_timestamp":1.753754119135649e+09,"test_recall0.75":0.3499999940395355,"val_balanced_accuracy0.25":0.4427884615384615,"val_balanced_accuracy0.75":0.43990384615384615,"test_balanced_accuracy0.75":0.575,"val_balanced_accuracy0.5":0.43509615384615385}