{"_timestamp":1.7476984119635925e+09,"test_precision":0,"val_auroc":0.5,"_runtime":465.086585346,"val_loss":0.3750847280025482,"val_recall":0,"val_precision":0,"test_auroc":0.5,"val_accuracy":0.75,"test_accuracy":0.746835470199585,"_step":35,"train_auroc":0.5,"_wandb":{"runtime":467},"train_loss":0.3756568729877472,"test_recall":0}