{"test_auroc":0.5822285413742065,"test_precision0.75":0.25806450843811035,"val_auroc":0.5357142686843872,"_step":499,"_runtime":1635.699724143,"test_recall0.5":0.34375,"val_recall0.5":0.4285714328289032,"_timestamp":1.7496801869805837e+09,"val_recall0.25":0.4285714328289032,"test_balanced_accuracy0.5":0.5456123737373737,"test_balanced_accuracy0.75":0.5088383838383839,"val_balanced_accuracy0.5":0.6142857142857143,"test_accuracy0.5":0.6488549709320068,"val_accuracy0.5":0.7037037014961243,"val_accuracy0.75":0.7037037014961243,"train_loss":4.6685809707014414e-07,"val_balanced_accuracy0.25":0.5892857142857143,"val_recall0.75":0.4285714328289032,"test_balanced_accuracy0.25":0.5511363636363636,"val_precision0.5":0.4285714328289032,"val_balanced_accuracy0.75":0.6142857142857143,"test_recall0.75":0.25,"val_accuracy0.25":0.6666666865348816,"val_precision0.75":0.4285714328289032,"test_precision0.25":0.3076923191547394,"train_auroc":1,"test_recall0.25":0.375,"test_accuracy0.75":0.6412213444709778,"test_accuracy0.25":0.6412213444709778,"val_precision0.25":0.375,"test_precision0.5":0.3055555522441864,"_wandb":{"runtime":1635}}