{"test_precision0.75":0.4000000059604645,"test_balanced_accuracy0.75":0.575,"test_precision0.5":0.4117647111415863,"test_precision0.25":0.3333333432674408,"val_auroc":0.41209566593170166,"val_accuracy0.5":0.5943396091461182,"val_recall0.75":0.2222222238779068,"_wandb":{"runtime":3360},"val_precision0.25":0.1944444477558136,"test_accuracy0.5":0.7124999761581421,"val_balanced_accuracy0.75":0.48452883263009844,"test_auroc":0.6291666626930237,"test_recall0.25":0.44999998807907104,"test_balanced_accuracy0.5":0.5916666666666667,"val_recall0.25":0.25925925374031067,"test_balanced_accuracy0.25":0.575,"test_recall0.5":0.3499999940395355,"val_precision0.5":0.2142857164144516,"_step":783,"val_precision0.75":0.23076923191547394,"val_accuracy0.75":0.6132075190544128,"test_accuracy0.25":0.637499988079071,"train_loss":0.3680284917354584,"val_balanced_accuracy0.25":0.4460853258321613,"test_accuracy0.75":0.7124999761581421,"val_recall0.5":0.2222222238779068,"test_recall0.75":0.30000001192092896,"val_accuracy0.25":0.5377358198165894,"_timestamp":1.7538500249247887e+09,"_runtime":3360.468333699,"val_balanced_accuracy0.5":0.47187060478199716,"train_auroc":0.9907422065734863}