{"test_accuracy0.5":0.6835442781448364,"val_recall0.25":0.38461539149284363,"test_balanced_accuracy0.75":0.5072033898305085,"test_precision0.5":0.3076923191547394,"_runtime":2090.613572538,"train_auroc":1,"val_accuracy0.5":0.6857143044471741,"val_precision0.5":0.36000001430511475,"val_auroc":0.5735150575637817,"train_loss":1.5105316606423003e-06,"val_balanced_accuracy0.75":0.5589094449853944,"test_accuracy0.25":0.7088607549667358,"val_precision0.25":0.37037035822868347,"test_auroc":0.5152541995048523,"val_recall0.75":0.3076923191547394,"val_recall0.5":0.3461538553237915,"_step":206,"test_precision0.25":0.4000000059604645,"val_balanced_accuracy0.5":0.5718111002921129,"test_recall0.5":0.20000000298023224,"test_recall0.75":0.15000000596046448,"test_recall0.25":0.30000001192092896,"test_precision0.75":0.27272728085517883,"val_balanced_accuracy0.25":0.5847127555988315,"test_accuracy0.75":0.6835442781448364,"test_balanced_accuracy0.5":0.523728813559322,"val_precision0.75":0.3478260934352875,"val_accuracy0.75":0.6857143044471741,"val_accuracy0.25":0.6857143044471741,"_timestamp":1.7508790373088226e+09,"test_balanced_accuracy0.25":0.573728813559322,"_wandb":{"runtime":2090}}