{"test_auroc":0.3572033643722534,"val_balanced_accuracy0.5":0.47590068159688415,"_step":499,"val_precision0.25":0.2083333283662796,"val_recall0.25":0.19230769574642181,"test_accuracy0.75":0.5822784900665283,"test_precision0.75":0.11764705926179886,"test_balanced_accuracy0.75":0.4228813559322034,"_wandb":{"runtime":1827},"_timestamp":1.7498467136361773e+09,"val_balanced_accuracy0.25":0.47590068159688415,"test_precision0.25":0.13636364042758942,"train_loss":3.6400242606760003e-06,"test_balanced_accuracy0.5":0.4144067796610169,"_runtime":1827.184640978,"val_accuracy0.75":0.6380952596664429,"val_accuracy0.25":0.6190476417541504,"val_auroc":0.46640700101852417,"val_accuracy0.5":0.6190476417541504,"val_balanced_accuracy0.75":0.48855890944498537,"test_precision0.5":0.1111111119389534,"val_precision0.75":0.22727273404598236,"test_recall0.5":0.10000000149011612,"test_recall0.25":0.15000000596046448,"val_recall0.75":0.19230769574642181,"test_recall0.75":0.10000000149011612,"train_auroc":1,"test_balanced_accuracy0.25":0.4139830508474576,"test_accuracy0.5":0.5696202516555786,"val_recall0.5":0.19230769574642181,"val_precision0.5":0.2083333283662796,"test_accuracy0.25":0.5443037748336792}