{"_runtime":540.478835987,"test_precision":0,"_wandb":{"runtime":540},"train_loss":1.6855500936508179,"val_auroc":0.47142860293388367,"test_balanced_accuracy":0.5,"test_auroc":0.4713805019855499,"val_balanced_accuracy":0.5,"val_precision":0,"_timestamp":1.7495283017718008e+09,"test_accuracy":0.75,"val_loss":1.7285451889038086,"val_accuracy":0.7407407164573669,"_step":51,"val_recall":0,"train_auroc":0.5409117937088013,"test_recall":0}