{"val_precision0.25":0.22580644488334656,"test_accuracy0.25":0.6835442781448364,"val_accuracy0.25":0.5904762148857117,"test_balanced_accuracy0.25":0.5402542372881356,"val_recall0.5":0.26923078298568726,"train_auroc":1,"val_recall0.25":0.26923078298568726,"val_precision0.75":0.23333333432674408,"test_balanced_accuracy0.5":0.5402542372881356,"val_balanced_accuracy0.25":0.48271665043816947,"val_balanced_accuracy0.75":0.48904576436222,"test_precision0.25":0.3333333432674408,"train_loss":1.042460553435376e-06,"val_balanced_accuracy0.5":0.48904576436222,"test_precision0.75":0.3333333432674408,"val_auroc":0.4654332995414734,"test_balanced_accuracy0.75":0.5402542372881356,"test_recall0.75":0.25,"test_accuracy0.75":0.6835442781448364,"_step":999,"val_accuracy0.75":0.6000000238418579,"val_accuracy0.5":0.6000000238418579,"test_precision0.5":0.3333333432674408,"val_precision0.5":0.23333333432674408,"test_recall0.5":0.25,"_timestamp":1.7501073171567483e+09,"test_auroc":0.5309321880340576,"_wandb":{"runtime":4246},"test_recall0.25":0.25,"test_accuracy0.5":0.6835442781448364,"_runtime":4246.986737021,"val_recall0.75":0.26923078298568726}