{"test_recall0.25":1,"train_auroc":0.6196668744087219,"val_auroc":0.5541666746139526,"test_recall0.5":0.699999988079071,"test_auroc":0.5316666960716248,"val_balanced_accuracy0.5":0.5085648148148149,"_wandb":{"runtime":1063},"val_balanced_accuracy0.75":0.5,"val_balanced_accuracy0.25":0.5,"test_accuracy0.75":0.75,"val_recall0.25":1,"test_balanced_accuracy0.75":0.5,"val_precision0.75":0,"test_precision0.25":0.25,"_runtime":1063.265058635,"test_balanced_accuracy0.25":0.5,"_timestamp":1.7535094661246257e+09,"val_accuracy0.25":0.25233644247055054,"val_recall0.75":0,"val_precision0.25":0.25233644247055054,"val_precision0.5":0.25757575035095215,"train_loss":2.0198416709899902,"test_precision0.75":0,"test_accuracy0.5":0.512499988079071,"val_recall0.5":0.6296296119689941,"test_balanced_accuracy0.5":0.575,"test_accuracy0.25":0.25,"_step":320,"val_accuracy0.75":0.7476635575294495,"val_accuracy0.5":0.44859811663627625,"test_recall0.75":0,"test_precision0.5":0.2978723347187042}