{"test_balanced_accuracy0.75":0.5416666666666667,"val_precision0.75":0.25,"val_accuracy0.75":0.6355140209197998,"val_precision0.25":0.29729729890823364,"val_recall0.5":0.29629629850387573,"_wandb":{"runtime":1802},"test_balanced_accuracy0.5":0.5083333333333333,"test_recall0.25":0.3499999940395355,"test_accuracy0.5":0.612500011920929,"test_auroc":0.53166663646698,"val_precision0.5":0.2666666805744171,"val_balanced_accuracy0.5":0.5106481481481482,"val_accuracy0.5":0.6168224215507507,"val_balanced_accuracy0.75":0.4986111111111111,"test_precision0.5":0.260869562625885,"test_precision0.25":0.23333333432674408,"_timestamp":1.7538449868714893e+09,"val_accuracy0.25":0.6074766516685486,"test_precision0.75":0.3333333432674408,"test_balanced_accuracy0.25":0.48333333333333334,"test_accuracy0.75":0.6875,"val_recall0.75":0.2222222238779068,"val_auroc":0.5050926208496094,"test_recall0.75":0.25,"test_recall0.5":0.30000001192092896,"val_balanced_accuracy0.25":0.5412037037037037,"_runtime":1802.198111479,"val_recall0.25":0.40740740299224854,"_step":412,"test_accuracy0.25":0.550000011920929,"train_auroc":1,"train_loss":0.011750282719731331}