{"test_precision":0,"val_precision":0,"val_accuracy":0.75,"train_loss":0.3734627068042755,"_timestamp":1.747788412239469e+09,"_step":16,"_wandb":{"runtime":855},"test_auroc":0.4601694941520691,"test_recall":0,"_runtime":855.999801851,"val_auroc":0.3125,"val_loss":0.368279367685318,"val_recall":0,"test_accuracy":0.746835470199585,"train_auroc":0.4806841015815735}