{"test_accuracy0.25":0.5822784900665283,"_step":225,"test_recall0.75":0.6000000238418579,"test_auroc":0.6758474707603455,"val_accuracy0.25":0.5428571701049805,"test_accuracy0.5":0.6202531456947327,"val_auroc":0.5464946031570435,"train_auroc":1,"test_balanced_accuracy0.5":0.6300847457627119,"test_precision0.75":0.3870967626571655,"test_accuracy0.75":0.6582278609275818,"_wandb":{"runtime":950},"val_balanced_accuracy0.25":0.5284810126582278,"val_recall0.25":0.5,"test_precision0.25":0.35555556416511536,"val_precision0.5":0.2954545319080353,"test_recall0.25":0.800000011920929,"_timestamp":1.7501454770636985e+09,"val_recall0.5":0.5,"val_accuracy0.5":0.5809524059295654,"test_precision0.5":0.3611111044883728,"val_precision0.75":0.2857142984867096,"_runtime":950.509101321,"val_accuracy0.75":0.5809524059295654,"test_recall0.5":0.6499999761581421,"val_precision0.25":0.2708333432674408,"test_balanced_accuracy0.25":0.6542372881355932,"train_loss":0.01129049714654684,"val_balanced_accuracy0.5":0.5537974683544304,"val_recall0.75":0.4615384638309479,"test_balanced_accuracy0.75":0.6389830508474577,"val_balanced_accuracy0.75":0.5408958130477117}