{"test_balanced_accuracy":0.5119949494949495,"test_precision":0.2857142984867096,"train_loss":1.405916690826416,"val_recall":0.1428571492433548,"_timestamp":1.749553800826559e+09,"test_accuracy":0.7099236845970154,"train_auroc":0.7851191759109497,"_step":148,"_wandb":{"runtime":834},"test_auroc":0.5495580434799194,"test_recall":0.125,"val_auroc":0.6571428775787354,"_runtime":834.583671818,"val_loss":1.6833184957504272,"val_precision":0.3333333432674408,"val_balanced_accuracy":0.5214285714285715,"val_accuracy":0.7037037014961243}