{"_runtime":211.454021872,"test_balanced_accuracy":0.5,"_step":50,"_timestamp":1.7494926327445972e+09,"val_auroc":0.5714285969734192,"test_auroc":0.5426716208457947,"test_precision":0,"val_recall":0,"val_loss":1.7306665182113647,"test_accuracy":0.7480915784835815,"_wandb":{"runtime":211},"test_recall":0,"train_loss":1.6867729425430298,"val_balanced_accuracy":0.5,"val_accuracy":0.7407407164573669,"train_auroc":0.44168928265571594,"val_precision":0}