{"test_balanced_accuracy0.5":0.5,"test_precision0.25":0.2531645596027374,"_step":170,"val_recall0.5":0,"test_recall0.75":0,"val_accuracy0.25":0.24761904776096344,"_runtime":594.333467406,"val_precision0.75":0,"val_recall0.25":1,"val_precision0.5":0,"test_balanced_accuracy0.75":0.5,"test_accuracy0.5":0.746835470199585,"_wandb":{"runtime":594},"test_accuracy0.25":0.2531645596027374,"test_recall0.25":1,"test_accuracy0.75":0.746835470199585,"_timestamp":1.7505389442780216e+09,"val_accuracy0.5":0.7523809671401978,"val_balanced_accuracy0.5":0.5,"test_recall0.5":0,"test_balanced_accuracy0.25":0.5,"test_auroc":0.5279660820960999,"val_accuracy0.75":0.7523809671401978,"val_balanced_accuracy0.75":0.5,"train_auroc":0.4160175323486328,"val_recall0.75":0,"val_balanced_accuracy0.25":0.5,"val_precision0.25":0.24761904776096344,"train_loss":1.6954209804534912,"val_auroc":0.6061344146728516,"test_precision0.75":0,"test_precision0.5":0}