{"val_auroc":0.585686445236206,"_timestamp":1.751391612281537e+09,"test_precision0.5":0.3333333432674408,"_wandb":{"runtime":1613},"test_accuracy0.5":0.6835442781448364,"val_accuracy0.25":0.6476190686225891,"val_precision0.75":0.4117647111415863,"val_precision0.5":0.3333333432674408,"test_precision0.75":0.30000001192092896,"_runtime":1613.586089102,"val_accuracy0.75":0.723809540271759,"test_precision0.25":0.30434781312942505,"_step":219,"test_balanced_accuracy0.5":0.5402542372881356,"val_accuracy0.5":0.6857143044471741,"test_recall0.25":0.3499999940395355,"val_recall0.25":0.26923078298568726,"train_auroc":1,"val_precision0.25":0.2800000011920929,"train_loss":0.03414937108755112,"test_auroc":0.5025423765182495,"test_balanced_accuracy0.75":0.5156779661016949,"val_balanced_accuracy0.5":0.5460077896786758,"test_accuracy0.75":0.6962025165557861,"val_recall0.75":0.26923078298568726,"test_balanced_accuracy0.25":0.5394067796610169,"val_balanced_accuracy0.25":0.5206913339824732,"test_accuracy0.25":0.6329113841056824,"val_balanced_accuracy0.75":0.5713242453748782,"val_recall0.5":0.26923078298568726,"test_recall0.75":0.15000000596046448,"test_recall0.5":0.25}