{"val_precision0.25":0.19512194395065308,"val_auroc":0.4381694495677948,"val_balanced_accuracy0.75":0.5080331061343719,"test_recall0.5":0.550000011920929,"val_recall0.5":0.3076923191547394,"_timestamp":1.7514046629295084e+09,"test_accuracy0.5":0.6202531456947327,"train_auroc":0.9996394515037537,"test_balanced_accuracy0.5":0.5970338983050847,"test_precision0.5":0.34375,"val_balanced_accuracy0.25":0.44498539435248297,"val_accuracy0.75":0.6285714507102966,"_wandb":{"runtime":1304},"test_recall0.25":0.6499999761581421,"_runtime":1304.810630249,"val_recall0.75":0.26923078298568726,"test_auroc":0.5779660940170288,"test_precision0.75":0.3214285671710968,"_step":259,"val_balanced_accuracy0.5":0.4892891918208374,"test_accuracy0.75":0.6202531456947327,"val_precision0.5":0.23529411852359772,"test_precision0.25":0.3611111044883728,"val_precision0.75":0.25925925374031067,"test_balanced_accuracy0.75":0.5639830508474576,"test_balanced_accuracy0.25":0.6300847457627119,"test_recall0.75":0.44999998807907104,"val_accuracy0.5":0.5809524059295654,"val_accuracy0.25":0.5142857432365417,"train_loss":0.041112467646598816,"test_accuracy0.25":0.6202531456947327,"val_recall0.25":0.3076923191547394}