{"val_precision":0,"_wandb":{"runtime":371},"val_accuracy":0.7407407164573669,"test_auroc":0.45075759291648865,"train_auroc":0.621851921081543,"val_balanced_accuracy":0.5,"test_precision":0,"_runtime":371.791896797,"val_auroc":0.6499999761581421,"_step":53,"val_recall":0,"test_recall":0,"val_loss":1.723522663116455,"_timestamp":1.7495855766929405e+09,"test_balanced_accuracy":0.5,"train_loss":1.6922895908355713,"test_accuracy":0.7557252049446106}