{"val_precision0.75":0.3125,"test_accuracy0.75":0.6708860993385315,"test_balanced_accuracy0.25":0.6055084745762712,"test_recall0.5":0.5,"val_accuracy0.75":0.6952381134033203,"val_balanced_accuracy0.25":0.5333495618305745,"test_precision0.25":0.35483869910240173,"test_auroc":0.5449152588844299,"test_precision0.5":0.37037035822868347,"val_balanced_accuracy0.75":0.5265335929892893,"test_accuracy0.25":0.6329113841056824,"test_balanced_accuracy0.75":0.5648305084745763,"val_recall0.5":0.19230769574642181,"test_precision0.75":0.3499999940395355,"test_recall0.75":0.3499999940395355,"val_recall0.75":0.19230769574642181,"val_accuracy0.5":0.6857143044471741,"train_loss":0.008013084530830383,"val_precision0.25":0.30434781312942505,"val_auroc":0.5082765817642212,"val_balanced_accuracy0.5":0.5202044790652386,"val_recall0.25":0.26923078298568726,"_wandb":{"runtime":4983},"_runtime":4983.105783449,"val_precision0.5":0.29411765933036804,"_timestamp":1.7510553515579102e+09,"_step":380,"val_accuracy0.25":0.6666666865348816,"test_balanced_accuracy0.5":0.6059322033898304,"train_auroc":1,"test_accuracy0.5":0.6582278609275818,"test_recall0.25":0.550000011920929}