{"test_auroc":0.5488559007644653,"test_accuracy":0.7480915784835815,"train_auroc":0.49593183398246765,"val_loss":1.7146151065826416,"train_loss":1.7007769346237183,"_runtime":316.7498743,"_wandb":{"runtime":316},"test_recall":0,"val_auroc":0.6214286088943481,"val_precision":0,"val_accuracy":0.7407407164573669,"_timestamp":1.7494942038404582e+09,"val_recall":0,"_step":73,"test_precision":0,"test_balanced_accuracy":0.5,"val_balanced_accuracy":0.5}