{"test_accuracy0.25":0.25,"test_precision0.5":0,"test_precision0.75":0,"test_balanced_accuracy0.25":0.5,"test_recall0.75":0,"_runtime":1003.935164581,"_wandb":{"runtime":1003},"val_balanced_accuracy0.75":0.5,"test_accuracy0.5":0.75,"val_recall0.75":0,"test_auroc":0.5366666316986084,"val_precision0.75":0,"test_balanced_accuracy0.5":0.5,"train_auroc":0.571377694606781,"test_recall0.25":1,"val_balanced_accuracy0.25":0.5,"train_loss":1.7029833793640137,"test_precision0.25":0.25,"_step":162,"val_precision0.25":0.25233644247055054,"test_accuracy0.75":0.75,"val_balanced_accuracy0.5":0.5,"val_recall0.5":0,"test_balanced_accuracy0.75":0.5,"val_auroc":0.5620370507240295,"val_accuracy0.5":0.7476635575294495,"_timestamp":1.7535269840395179e+09,"val_precision0.5":0,"val_accuracy0.25":0.25233644247055054,"test_recall0.5":0,"val_accuracy0.75":0.7476635575294495,"val_recall0.25":1}