{"val_recall0.75":0,"val_precision0.75":0,"_runtime":1683.687473471,"val_accuracy0.5":0.6666666865348816,"test_balanced_accuracy0.25":0.5202020202020202,"val_precision0.25":0.2857142984867096,"val_accuracy0.75":0.7037037014961243,"test_recall0.25":0.5151515007019043,"test_precision0.75":0,"val_precision0.5":0.25,"val_auroc":0.4714285731315613,"val_recall0.25":0.2857142984867096,"val_recall0.5":0.1428571492433548,"train_auroc":0.9973700046539307,"test_accuracy0.25":0.5227272510528564,"val_balanced_accuracy0.75":0.475,"train_loss":0.6199687123298645,"test_auroc":0.518824577331543,"test_accuracy0.75":0.7424242496490479,"_wandb":{"runtime":1683},"test_precision0.25":0.265625,"test_balanced_accuracy0.75":0.494949494949495,"val_balanced_accuracy0.5":0.49642857142857144,"_timestamp":1.7497271811012332e+09,"test_balanced_accuracy0.5":0.48484848484848486,"test_recall0.5":0.12121212482452393,"test_accuracy0.5":0.6666666865348816,"val_accuracy0.25":0.6296296119689941,"_step":499,"test_precision0.5":0.21052631735801697,"test_recall0.75":0,"val_balanced_accuracy0.25":0.5178571428571428}