{"train_auroc":1,"val_accuracy0.75":0.7428571581840515,"val_balanced_accuracy0.75":0.5194741966893865,"val_recall0.25":0.26923078298568726,"test_accuracy0.75":0.6962025165557861,"test_balanced_accuracy0.5":0.4572033898305085,"test_balanced_accuracy0.75":0.4826271186440678,"val_balanced_accuracy0.5":0.5323758519961052,"test_recall0.75":0.05000000074505806,"test_recall0.5":0.05000000074505806,"val_recall0.75":0.07692307978868484,"_timestamp":1.7507199693678195e+09,"test_precision0.75":0.1666666716337204,"val_accuracy0.25":0.7333333492279053,"_wandb":{"runtime":1593},"val_accuracy0.5":0.7428571581840515,"test_auroc":0.4669491648674011,"val_precision0.25":0.4375,"_step":361,"test_precision0.5":0.1111111119389534,"train_loss":0.023094542324543,"_runtime":1593.054332009,"test_recall0.25":0.15000000596046448,"val_auroc":0.5861732959747314,"val_balanced_accuracy0.25":0.5776533592989289,"val_precision0.75":0.4000000059604645,"test_precision0.25":0.1666666716337204,"test_accuracy0.5":0.6582278609275818,"test_accuracy0.25":0.594936728477478,"test_balanced_accuracy0.25":0.4478813559322034,"val_precision0.5":0.4285714328289032,"val_recall0.5":0.11538461595773697}