{"val_accuracy0.75":0.7142857313156128,"test_recall0.75":0.20000000298023224,"val_balanced_accuracy0.75":0.5649951314508277,"val_precision0.75":0.3888888955116272,"test_precision0.75":0.2857142984867096,"test_recall0.25":0.25,"val_balanced_accuracy0.25":0.5462512171372931,"test_balanced_accuracy0.5":0.5233050847457628,"_timestamp":1.7501665961239474e+09,"test_balanced_accuracy0.25":0.5063559322033898,"val_accuracy0.25":0.6666666865348816,"val_accuracy0.5":0.6952381134033203,"val_recall0.5":0.26923078298568726,"val_recall0.25":0.3076923191547394,"test_accuracy0.25":0.6329113841056824,"test_balanced_accuracy0.75":0.5152542372881356,"_wandb":{"runtime":2446},"train_auroc":1,"test_precision0.5":0.29411765933036804,"_step":389,"test_accuracy0.75":0.6708860993385315,"test_precision0.25":0.2631579041481018,"val_balanced_accuracy0.5":0.5523369036027264,"_runtime":2446.107247184,"val_recall0.75":0.26923078298568726,"train_loss":1.106064701161813e-05,"test_auroc":0.5635592937469482,"val_auroc":0.554527759552002,"val_precision0.25":0.3199999928474426,"test_recall0.5":0.25,"val_precision0.5":0.3499999940395355,"test_accuracy0.5":0.6582278609275818}