{"val_balanced_accuracy0.75":0.5122685185185185,"_runtime":2351.096758988,"test_balanced_accuracy0.75":0.475,"val_accuracy0.75":0.7476635575294495,"val_auroc":0.4583333432674408,"test_precision0.75":0,"test_precision0.25":0.22727273404598236,"_timestamp":1.753469769150545e+09,"val_accuracy0.5":0.7289719581604004,"val_precision0.5":0.4000000059604645,"test_precision0.5":0.30000001192092896,"test_accuracy0.5":0.699999988079071,"val_accuracy0.25":0.5887850522994995,"val_recall0.75":0.03703703731298447,"test_auroc":0.5341666340827942,"val_recall0.25":0.25925925374031067,"train_auroc":1,"val_precision0.25":0.22580644488334656,"train_loss":0.11429598927497864,"val_precision0.75":0.5,"test_accuracy0.75":0.7124999761581421,"val_recall0.5":0.14814814925193787,"test_recall0.75":0,"test_recall0.25":0.25,"test_recall0.5":0.15000000596046448,"test_accuracy0.25":0.6000000238418579,"val_balanced_accuracy0.25":0.47962962962962963,"test_balanced_accuracy0.5":0.5166666666666666,"_step":999,"_wandb":{"runtime":2351},"test_balanced_accuracy0.25":0.48333333333333334,"val_balanced_accuracy0.5":0.5365740740740741}