{"test_recall0.25":0.30000001192092896,"test_balanced_accuracy0.75":0.4830508474576271,"val_accuracy0.5":0.6952381134033203,"val_balanced_accuracy0.25":0.5591528724440117,"val_auroc":0.492210328578949,"val_precision0.75":0.20000000298023224,"_runtime":2693.852496777,"test_precision0.25":0.23999999463558197,"test_accuracy0.5":0.6582278609275818,"test_auroc":0.5177966356277466,"val_balanced_accuracy0.75":0.49391431353456666,"val_precision0.5":0.2857142984867096,"test_accuracy0.25":0.5822784900665283,"val_balanced_accuracy0.5":0.5136319376825706,"val_recall0.75":0.03846153989434242,"test_recall0.75":0,"val_accuracy0.75":0.723809540271759,"_step":815,"test_recall0.5":0.05000000074505806,"test_balanced_accuracy0.5":0.4572033898305085,"val_recall0.25":0.3461538553237915,"test_precision0.5":0.1111111119389534,"val_recall0.5":0.1538461595773697,"val_accuracy0.25":0.6666666865348816,"test_precision0.75":0,"val_precision0.25":0.3333333432674408,"_timestamp":1.7502005854703035e+09,"test_accuracy0.75":0.7215189933776855,"train_loss":0.05841924622654915,"_wandb":{"runtime":2693},"test_balanced_accuracy0.25":0.48898305084745763,"train_auroc":1}