{"test_recall0.25":0.05000000074505806,"val_balanced_accuracy0.75":0.4872685185185185,"_timestamp":1.7534654421193798e+09,"val_balanced_accuracy0.25":0.4930555555555556,"val_balanced_accuracy0.5":0.505787037037037,"test_accuracy0.25":0.6625000238418579,"val_auroc":0.5009258985519409,"test_balanced_accuracy0.5":0.4916666666666667,"_step":382,"val_accuracy0.75":0.7102803587913513,"train_loss":0.000881004030816257,"val_accuracy0.25":0.6822429895401001,"val_precision0.5":0.2857142984867096,"test_precision0.25":0.1111111119389534,"test_balanced_accuracy0.75":0.5083333333333333,"test_precision0.75":0.3333333432674408,"_runtime":988.620139121,"_wandb":{"runtime":988},"test_accuracy0.75":0.737500011920929,"val_recall0.25":0.1111111119389534,"test_auroc":0.47333335876464844,"test_recall0.75":0.05000000074505806,"val_recall0.75":0.03703703731298447,"test_balanced_accuracy0.25":0.45833333333333337,"train_auroc":1,"val_recall0.5":0.07407407462596893,"val_precision0.75":0.1666666716337204,"test_accuracy0.5":0.7124999761581421,"val_accuracy0.5":0.7196261882781982,"test_recall0.5":0.05000000074505806,"val_precision0.25":0.23076923191547394,"test_precision0.5":0.20000000298023224}