{"test_balanced_accuracy0.25":0.4872881355932204,"test_recall0.5":0.5,"val_auroc":0.572297990322113,"test_balanced_accuracy0.75":0.4957627118644068,"val_precision0.5":0.27272728085517883,"_runtime":3484.793754659,"test_precision0.5":0.25,"train_auroc":0.9985579252243042,"test_recall0.75":0.5,"test_accuracy0.25":0.4810126721858978,"val_accuracy0.5":0.46666666865348816,"_step":471,"val_recall0.75":0.6538461446762085,"test_precision0.75":0.25,"val_precision0.25":0.2647058963775635,"val_recall0.5":0.692307710647583,"val_balanced_accuracy0.25":0.5296981499513145,"val_accuracy0.75":0.4952380955219269,"val_recall0.25":0.692307710647583,"val_balanced_accuracy0.5":0.5423563777994158,"test_accuracy0.75":0.49367088079452515,"test_precision0.25":0.24390244483947754,"test_balanced_accuracy0.5":0.4957627118644068,"_wandb":{"runtime":3484},"test_auroc":0.5516948699951172,"train_loss":0.12007434666156769,"_timestamp":1.7514159311246514e+09,"val_balanced_accuracy0.75":0.5484420642648491,"test_recall0.25":0.5,"test_accuracy0.5":0.49367088079452515,"val_accuracy0.25":0.4476190507411957,"val_precision0.75":0.2786885201931}