{"test_recall0.75":0.20000000298023224,"test_precision0.75":0.2666666805744171,"test_recall0.25":0.20000000298023224,"test_balanced_accuracy0.25":0.45833333333333337,"_runtime":909.838778812,"val_balanced_accuracy0.5":0.4740740740740741,"test_accuracy0.75":0.6625000238418579,"val_precision0.25":0.19230769574642181,"test_recall0.5":0.20000000298023224,"val_precision0.75":0.1764705926179886,"_wandb":{"runtime":909},"_timestamp":1.7537455364723217e+09,"test_balanced_accuracy0.5":0.4833333333333334,"val_recall0.5":0.14814814925193787,"val_recall0.75":0.1111111119389534,"val_recall0.25":0.18518517911434174,"val_auroc":0.49444445967674255,"val_balanced_accuracy0.75":0.46805555555555556,"test_balanced_accuracy0.75":0.5083333333333333,"val_accuracy0.25":0.5981308221817017,"val_accuracy0.75":0.644859790802002,"val_balanced_accuracy0.25":0.4613425925925926,"val_accuracy0.5":0.6355140209197998,"test_precision0.25":0.190476194024086,"val_precision0.5":0.20000000298023224,"_step":265,"train_loss":0.0004004180955234915,"test_precision0.5":0.2222222238779068,"test_auroc":0.39750000834465027,"test_accuracy0.5":0.625,"train_auroc":1,"test_accuracy0.25":0.5874999761581421}