{"test_auroc":0.5144068002700806,"val_accuracy0.5":0.7523809671401978,"_step":212,"test_accuracy0.25":0.746835470199585,"val_precision0.75":0,"_timestamp":1.7502215698317132e+09,"val_balanced_accuracy0.5":0.5,"test_accuracy0.5":0.746835470199585,"val_accuracy0.75":0.7523809671401978,"test_recall0.75":0,"val_recall0.5":0,"val_balanced_accuracy0.75":0.5,"val_precision0.25":0,"val_auroc":0.6173320412635803,"test_recall0.5":0,"val_precision0.5":0,"test_balanced_accuracy0.75":0.5,"test_precision0.5":0,"_runtime":499.557093055,"train_loss":1.7082209587097168,"_wandb":{"runtime":499},"test_balanced_accuracy0.25":0.5,"train_auroc":0.4384128451347351,"test_precision0.75":0,"val_recall0.25":0,"test_balanced_accuracy0.5":0.5,"val_recall0.75":0,"test_recall0.25":0,"test_precision0.25":0,"val_accuracy0.25":0.7523809671401978,"test_accuracy0.75":0.746835470199585,"val_balanced_accuracy0.25":0.5}