{"_wandb":{"runtime":1575},"val_balanced_accuracy0.5":0.5,"train_loss":2.0903751850128174,"val_accuracy0.25":0.24761904776096344,"val_precision0.5":0.24761904776096344,"test_accuracy0.5":0.2531645596027374,"test_balanced_accuracy0.75":0.5,"val_recall0.5":1,"test_precision0.75":0,"_runtime":1575.877490631,"train_auroc":0.43923914432525635,"val_recall0.25":1,"val_auroc":0.5,"test_recall0.75":0,"val_accuracy0.75":0.7523809671401978,"val_accuracy0.5":0.24761904776096344,"val_precision0.25":0.24761904776096344,"_timestamp":1.7508606117146173e+09,"val_balanced_accuracy0.25":0.5,"test_accuracy0.25":0.2531645596027374,"test_recall0.5":1,"test_balanced_accuracy0.5":0.5,"test_accuracy0.75":0.746835470199585,"_step":177,"val_balanced_accuracy0.75":0.5,"val_precision0.75":0,"test_auroc":0.5,"test_balanced_accuracy0.25":0.5,"val_recall0.75":0,"test_precision0.5":0.2531645596027374,"test_recall0.25":1,"test_precision0.25":0.2531645596027374}