{"test_precision":0,"test_accuracy":0.7480915784835815,"val_auroc":0.485714316368103,"val_balanced_accuracy":0.5,"_timestamp":1.7495246044077406e+09,"test_balanced_accuracy":0.5,"val_precision":0,"_wandb":{"runtime":611},"_step":56,"train_loss":1.6176317930221558,"val_accuracy":0.7407407164573669,"_runtime":611.955967875,"val_recall":0,"test_recall":0,"train_auroc":0.6612747311592102,"val_loss":1.7564377784729004,"test_auroc":0.6011132001876831}