{"test_balanced_accuracy0.25":0.5224576271186441,"val_recall0.75":0.23076923191547394,"test_accuracy0.75":0.7088607549667358,"_step":244,"test_balanced_accuracy0.75":0.5572033898305084,"val_precision0.25":0.25806450843811035,"train_loss":0.015930766239762306,"test_precision0.75":0.38461539149284363,"_runtime":943.798835577,"val_balanced_accuracy0.25":0.5082765335929893,"train_auroc":1,"val_accuracy0.5":0.6190476417541504,"val_accuracy0.75":0.6571428775787354,"val_precision0.75":0.27272728085517883,"test_auroc":0.6305084228515625,"_timestamp":1.7501483910031893e+09,"val_auroc":0.5136319398880005,"val_recall0.25":0.3076923191547394,"test_recall0.25":0.3499999940395355,"val_balanced_accuracy0.75":0.5141187925998053,"test_recall0.75":0.25,"val_accuracy0.25":0.6095238327980042,"test_accuracy0.5":0.6582278609275818,"val_recall0.5":0.23076923191547394,"test_precision0.5":0.31578946113586426,"test_accuracy0.25":0.607594907283783,"test_balanced_accuracy0.5":0.5398305084745763,"val_balanced_accuracy0.5":0.48880233690360275,"_wandb":{"runtime":943},"test_precision0.25":0.2800000011920929,"val_precision0.5":0.23076923191547394,"test_recall0.5":0.30000001192092896}