{"test_balanced_accuracy":0.5,"test_accuracy":0.7557252049446106,"train_loss":1.941546082496643,"train_auroc":0.4475725293159485,"val_accuracy":0.7407407164573669,"val_loss":1.9398930072784424,"test_auroc":0.5587121248245239,"val_auroc":0.550000011920929,"_step":50,"val_recall":0,"_timestamp":1.7495602945620534e+09,"test_precision":0,"val_precision":0,"_wandb":{"runtime":712},"val_balanced_accuracy":0.5,"_runtime":712.428844572,"test_recall":0}