{"train_loss":1.6890323162078857,"val_precision":0,"_wandb":{"runtime":489},"train_auroc":0.43863236904144287,"test_auroc":0.5038261413574219,"_step":106,"test_balanced_accuracy":0.5,"val_balanced_accuracy":0.5,"test_accuracy":0.75,"val_auroc":0.5642857551574707,"val_loss":1.7307493686676025,"_timestamp":1.7495331130348518e+09,"val_recall":0,"test_recall":0,"test_precision":0,"val_accuracy":0.7407407164573669,"_runtime":489.873717079}