{"_wandb":{"runtime":1532},"test_recall0.75":0.44999998807907104,"train_loss":3.926027420675382e-05,"test_precision0.25":0.25581395626068115,"train_auroc":1,"test_auroc":0.5567796230316162,"val_auroc":0.47955211997032166,"val_accuracy0.75":0.5142857432365417,"val_recall0.5":0.5384615659713745,"test_accuracy0.25":0.4810126721858978,"_timestamp":1.7501367425091136e+09,"test_precision0.75":0.27272728085517883,"test_balanced_accuracy0.75":0.5216101694915254,"val_precision0.75":0.2641509473323822,"val_balanced_accuracy0.5":0.5097370983446933,"test_balanced_accuracy0.25":0.5038135593220339,"val_balanced_accuracy0.75":0.5223953261927945,"val_recall0.75":0.5384615659713745,"val_balanced_accuracy0.25":0.4907497565725414,"val_precision0.5":0.2545454502105713,"val_recall0.25":0.5384615659713745,"test_accuracy0.5":0.5189873576164246,"test_accuracy0.75":0.5569620132446289,"test_precision0.5":0.25,"_step":393,"val_accuracy0.5":0.4952380955219269,"test_recall0.25":0.550000011920929,"val_precision0.25":0.24137930572032928,"test_balanced_accuracy0.5":0.49618644067796613,"val_accuracy0.25":0.46666666865348816,"_runtime":1532.751626729,"test_recall0.5":0.44999998807907104}