{"test_balanced_accuracy":0.46796085858585856,"test_recall":0.21875,"_runtime":1350.127224452,"val_balanced_accuracy":0.5678571428571428,"test_accuracy":0.5954198241233826,"val_recall":0.2857142984867096,"val_precision":0.4000000059604645,"test_precision":0.20000000298023224,"test_auroc":0.540088415145874,"train_loss":0.0017900262027978897,"val_loss":4.524214744567871,"train_auroc":1,"_wandb":{"runtime":1350},"val_accuracy":0.7037037014961243,"val_auroc":0.8357142806053162,"_step":144,"_timestamp":1.7495214798914585e+09}