{"_timestamp":1.7495791352352872e+09,"train_loss":1.6679202318191528,"val_recall":0,"test_recall":0,"val_balanced_accuracy":0.5,"val_accuracy":0.7407407164573669,"_runtime":377.304251889,"train_auroc":0.7202415466308594,"val_precision":0,"_wandb":{"runtime":377},"val_auroc":0.485714316368103,"val_loss":1.736448049545288,"test_precision":0,"test_balanced_accuracy":0.5,"test_auroc":0.5953474044799805,"_step":53,"test_accuracy":0.75}