{"train_loss":1.4570302963256836,"_runtime":644.731124918,"test_balanced_accuracy":0.5,"train_auroc":0.8430528044700623,"test_recall":0,"val_loss":1.7094169855117798,"test_auroc":0.440972238779068,"test_accuracy":0.7557252049446106,"val_precision":0,"test_precision":0,"val_auroc":0.6142857074737549,"_timestamp":1.7494996075297399e+09,"val_recall":0,"val_balanced_accuracy":0.5,"val_accuracy":0.7407407164573669,"_step":168,"_wandb":{"runtime":644}}