{"val_balanced_accuracy":0.5,"train_auroc":0.563179075717926,"test_precision":0.2531645596027374,"test_recall":0.2531645596027374,"val_precision":0.25,"val_accuracy":0.25,"_step":88,"val_loss":0.7626625299453735,"_wandb":{"runtime":1866},"test_accuracy":0.2531645596027374,"val_recall":0.25,"test_auroc":0.5822033882141113,"_runtime":1866.196820043,"test_balanced_accuracy":0.5,"val_auroc":0.5364583134651184,"_timestamp":1.7478643731221433e+09,"train_loss":0.6880813837051392}