{"train_loss":1.98519766330719,"_wandb":{"runtime":3466},"test_precision0.5":0.29032257199287415,"val_accuracy0.25":0.24761904776096344,"test_balanced_accuracy0.25":0.5,"test_balanced_accuracy0.75":0.5,"test_accuracy0.5":0.5822784900665283,"test_accuracy0.75":0.746835470199585,"val_recall0.25":1,"val_precision0.75":0,"test_precision0.25":0.2531645596027374,"test_recall0.25":1,"test_recall0.5":0.44999998807907104,"val_balanced_accuracy0.25":0.5,"test_auroc":0.5186440944671631,"val_precision0.5":0.34090909361839294,"_timestamp":1.7515318012253964e+09,"val_balanced_accuracy0.75":0.5,"test_accuracy0.25":0.2531645596027374,"val_recall0.5":0.5769230723381042,"val_accuracy0.5":0.6190476417541504,"_step":457,"val_precision0.25":0.24761904776096344,"train_auroc":0.6491347551345825,"val_recall0.75":0,"val_accuracy0.75":0.7523809671401978,"val_balanced_accuracy0.5":0.6049172346640701,"test_recall0.75":0,"test_precision0.75":0,"_runtime":3466.277243343,"val_auroc":0.6260954141616821,"test_balanced_accuracy0.5":0.5385593220338983}