{"test_recall0.75":0,"val_balanced_accuracy0.5":0.5,"train_auroc":0.4638729691505432,"test_precision0.25":0.2531645596027374,"test_precision0.5":0.2531645596027374,"test_precision0.75":0,"test_balanced_accuracy0.5":0.5,"test_recall0.25":1,"test_accuracy0.25":0.2531645596027374,"test_auroc":0.5,"test_recall0.5":1,"_timestamp":1.7508571648223243e+09,"_runtime":2403.411923761,"train_loss":2.095243453979492,"val_precision0.25":0.24761904776096344,"test_accuracy0.5":0.2531645596027374,"val_recall0.75":0,"val_balanced_accuracy0.25":0.5,"val_recall0.5":1,"val_accuracy0.75":0.7523809671401978,"_step":273,"test_accuracy0.75":0.746835470199585,"test_balanced_accuracy0.75":0.5,"val_auroc":0.5,"val_precision0.5":0.24761904776096344,"val_accuracy0.5":0.24761904776096344,"test_balanced_accuracy0.25":0.5,"val_balanced_accuracy0.75":0.5,"val_recall0.25":1,"val_accuracy0.25":0.24761904776096344,"val_precision0.75":0,"_wandb":{"runtime":2403}}