{"_timestamp":1.7483555080653932e+09,"val_precision":0.25,"val_balanced_accuracy":0.5,"_wandb":{"runtime":19},"_step":0,"val_loss":5.3539581298828125,"val_accuracy":0.25,"val_recall":0.25,"_runtime":19.096014839,"val_auroc":0.3580729365348816}