{"_runtime":1390.401262692,"val_precision":0,"train_loss":0.003985315561294556,"test_auroc":0.5080508589744568,"_step":85,"_timestamp":1.7476629714054701e+09,"val_recall":0,"val_auroc":0.4791666567325592,"val_accuracy":0.71875,"test_accuracy":0.7341772317886353,"_wandb":{"runtime":1391},"test_recall":0.05000000074505806,"test_precision":0.3333333432674408,"val_loss":0.8050383925437927,"train_auroc":1}