{"test_recall0.5":0.10000000149011612,"test_balanced_accuracy0.75":0.49915254237288137,"val_balanced_accuracy0.25":0.46324245374878287,"val_auroc":0.48880234360694885,"test_recall0.75":0.10000000149011612,"val_recall0.5":0.11538461595773697,"test_precision0.25":0.25,"val_accuracy0.5":0.6190476417541504,"_wandb":{"runtime":2091},"test_precision0.5":0.1818181872367859,"_timestamp":1.7498924023869693e+09,"val_balanced_accuracy0.75":0.4627555988315482,"val_precision0.25":0.19230769574642181,"val_recall0.25":0.19230769574642181,"val_precision0.5":0.15000000596046448,"test_recall0.25":0.20000000298023224,"val_balanced_accuracy0.5":0.45009737098344693,"_runtime":2091.553839179,"test_accuracy0.75":0.6962025165557861,"val_accuracy0.25":0.6000000238418579,"_step":499,"test_accuracy0.5":0.6582278609275818,"val_precision0.75":0.1666666716337204,"test_precision0.75":0.25,"val_recall0.75":0.11538461595773697,"test_accuracy0.25":0.6455696225166321,"test_auroc":0.5745762586593628,"test_balanced_accuracy0.25":0.49830508474576274,"train_auroc":1,"test_balanced_accuracy0.5":0.473728813559322,"train_loss":0.0005525369197130203,"val_accuracy0.75":0.6380952596664429}