{"train_auroc":0.9994993209838867,"test_precision0.75":0.3199999928474426,"val_balanced_accuracy0.5":0.5082765335929893,"test_recall0.5":0.44999998807907104,"val_auroc":0.4995131492614746,"val_balanced_accuracy0.25":0.44498539435248297,"val_accuracy0.5":0.6095238327980042,"val_accuracy0.75":0.6095238327980042,"val_balanced_accuracy0.75":0.4824732229795521,"test_balanced_accuracy0.25":0.5881355932203389,"val_recall0.75":0.23076923191547394,"val_recall0.5":0.3076923191547394,"val_recall0.25":0.3076923191547394,"test_accuracy0.25":0.5822784900665283,"_timestamp":1.7514010341620514e+09,"val_precision0.75":0.2222222238779068,"val_accuracy0.25":0.5142857432365417,"test_balanced_accuracy0.5":0.5555084745762712,"test_accuracy0.5":0.607594907283783,"test_precision0.25":0.3243243098258972,"_wandb":{"runtime":986},"test_precision0.5":0.3103448152542114,"_runtime":986.794848503,"test_balanced_accuracy0.75":0.5559322033898305,"test_auroc":0.6389830112457275,"test_accuracy0.75":0.6329113841056824,"val_precision0.5":0.25806450843811035,"test_recall0.25":0.6000000238418579,"_step":216,"train_loss":0.05241507664322853,"val_precision0.25":0.19512194395065308,"test_recall0.75":0.4000000059604645}