{"val_balanced_accuracy0.25":0.5255508673230193,"val_recall0.75":0,"test_accuracy0.5":0.75,"test_balanced_accuracy0.75":0.5,"test_recall0.25":0.5,"val_auroc":0.5869667530059814,"val_accuracy0.25":0.5471698045730591,"_wandb":{"runtime":459},"test_recall0.5":0,"val_accuracy0.75":0.7452830076217651,"val_precision0.25":0.27659574151039124,"test_accuracy0.25":0.5625,"test_balanced_accuracy0.25":0.5416666666666667,"val_balanced_accuracy0.75":0.5,"_step":166,"val_balanced_accuracy0.5":0.5,"test_recall0.75":0,"test_accuracy0.75":0.75,"test_precision0.5":0,"val_precision0.5":0,"_runtime":459.314348088,"val_recall0.25":0.48148149251937866,"val_accuracy0.5":0.7452830076217651,"test_balanced_accuracy0.5":0.5,"train_loss":1.6687663793563843,"test_precision0.75":0,"val_precision0.75":0,"val_recall0.5":0,"test_precision0.25":0.2857142984867096,"train_auroc":0.5889151096343994,"_timestamp":1.7534789381884773e+09,"test_auroc":0.5891667008399963}