{"test_precision0.75":0.625,"val_recall0.25":0.11538461595773697,"_runtime":2460.476496812,"test_recall0.25":0.44999998807907104,"test_accuracy0.75":0.7749999761581421,"test_precision0.5":0.6666666865348816,"test_balanced_accuracy0.75":0.6,"val_accuracy0.5":0.6886792182922363,"test_recall0.75":0.25,"test_recall0.5":0.4000000059604645,"_wandb":{"runtime":2460},"val_precision0.25":0.25,"train_auroc":1,"_step":416,"val_precision0.5":0,"val_recall0.5":0,"val_balanced_accuracy0.75":0.475,"test_auroc":0.6441667079925537,"val_recall0.75":0,"val_accuracy0.75":0.7169811129570007,"val_balanced_accuracy0.25":0.5014423076923077,"test_balanced_accuracy0.25":0.6666666666666666,"val_auroc":0.48557692766189575,"test_accuracy0.5":0.800000011920929,"_timestamp":1.7550237962014637e+09,"val_balanced_accuracy0.5":0.45625,"train_loss":4.508334313868545e-05,"test_balanced_accuracy0.5":0.6666666666666667,"val_accuracy0.25":0.698113203048706,"test_precision0.25":0.5625,"test_accuracy0.25":0.7749999761581421,"val_precision0.75":0}