{"_step":262,"val_accuracy0.75":0.5700934529304504,"val_precision0.75":0.25641027092933655,"val_recall0.75":0.37037035822868347,"test_accuracy0.75":0.637499988079071,"val_accuracy0.5":0.5607476830482483,"val_precision0.5":0.261904776096344,"test_recall0.25":0.30000001192092896,"test_precision0.75":0.23529411852359772,"val_recall0.25":0.48148149251937866,"test_accuracy0.25":0.512499988079071,"test_accuracy0.5":0.5874999761581421,"_wandb":{"runtime":10161},"test_precision0.5":0.21739129722118378,"test_recall0.5":0.25,"test_balanced_accuracy0.75":0.4916666666666667,"test_precision0.25":0.19354838132858276,"test_balanced_accuracy0.5":0.475,"val_balanced_accuracy0.5":0.5099537037037037,"val_precision0.25":0.26530611515045166,"_timestamp":1.7535950941890628e+09,"val_auroc":0.513888955116272,"test_recall0.75":0.20000000298023224,"_runtime":10161.591660753,"test_balanced_accuracy0.25":0.44166666666666665,"val_recall0.5":0.40740740299224854,"train_auroc":0.9996484518051147,"val_accuracy0.25":0.5327102541923523,"val_balanced_accuracy0.25":0.5157407407407407,"train_loss":0.07997322827577591,"val_balanced_accuracy0.75":0.5039351851851852,"test_auroc":0.43583330512046814}