{"test_precision0.75":0.26923078298568726,"val_recall0.5":0.38461539149284363,"test_recall0.75":0.3499999940395355,"val_accuracy0.25":0.6000000238418579,"val_accuracy0.5":0.6095238327980042,"val_balanced_accuracy0.5":0.5340798442064265,"train_auroc":1,"val_balanced_accuracy0.75":0.5404089581304772,"train_loss":0.0002349079877603799,"_timestamp":1.751007584662164e+09,"_wandb":{"runtime":2923},"val_balanced_accuracy0.25":0.5406523855890945,"_runtime":2923.769946266,"val_recall0.25":0.42307692766189575,"test_balanced_accuracy0.75":0.5139830508474577,"val_precision0.75":0.29411765933036804,"test_balanced_accuracy0.25":0.4966101694915254,"test_accuracy0.75":0.594936728477478,"test_auroc":0.5644067525863647,"test_recall0.5":0.4000000059604645,"test_precision0.25":0.25,"val_recall0.75":0.38461539149284363,"test_accuracy0.5":0.5822784900665283,"val_precision0.5":0.2857142984867096,"val_precision0.25":0.28947368264198303,"test_precision0.5":0.27586206793785095,"test_balanced_accuracy0.5":0.5220338983050847,"test_accuracy0.25":0.5443037748336792,"_step":212,"val_auroc":0.5467380881309509,"test_recall0.25":0.4000000059604645,"val_accuracy0.75":0.6190476417541504}