{"train_loss":4.593271114572417e-06,"test_accuracy0.5":0.6202531456947327,"_wandb":{"runtime":2349},"test_accuracy0.75":0.607594907283783,"val_precision0.75":0.3333333432674408,"val_balanced_accuracy0.5":0.5715676728334956,"val_balanced_accuracy0.25":0.5589094449853944,"val_accuracy0.75":0.6952381134033203,"test_precision0.75":0.1764705926179886,"test_precision0.25":0.2222222238779068,"val_precision0.25":0.3478260934352875,"_step":240,"val_recall0.5":0.3076923191547394,"test_accuracy0.25":0.6202531456947327,"val_precision0.5":0.380952388048172,"test_recall0.25":0.20000000298023224,"test_recall0.75":0.15000000596046448,"val_balanced_accuracy0.75":0.5394352482960078,"test_precision0.5":0.2222222238779068,"_runtime":2349.718004597,"test_balanced_accuracy0.25":0.4813559322033898,"val_recall0.75":0.23076923191547394,"test_recall0.5":0.20000000298023224,"val_auroc":0.6645569801330566,"test_balanced_accuracy0.5":0.4813559322033898,"val_accuracy0.5":0.7047619223594666,"test_auroc":0.5322033762931824,"train_auroc":1,"test_balanced_accuracy0.75":0.4563559322033898,"_timestamp":1.7507124648237476e+09,"val_accuracy0.25":0.6857143044471741,"val_recall0.25":0.3076923191547394}