{"val_balanced_accuracy0.5":0.5,"test_accuracy0.5":0.746835470199585,"val_accuracy0.5":0.7523809671401978,"test_precision0.25":0.25641027092933655,"_wandb":{"runtime":8239},"val_auroc":0.5535540580749512,"train_auroc":0.745374858379364,"val_recall0.25":0.5,"test_recall0.25":0.5,"_step":999,"test_accuracy0.75":0.746835470199585,"test_recall0.75":0,"test_precision0.5":0,"val_precision0.25":0.26530611515045166,"test_precision0.75":0,"val_accuracy0.75":0.7523809671401978,"test_balanced_accuracy0.25":0.5042372881355932,"val_precision0.75":0,"val_balanced_accuracy0.25":0.5221518987341772,"val_accuracy0.25":0.5333333611488342,"val_precision0.5":0,"val_recall0.75":0,"train_loss":1.5435494184494019,"test_balanced_accuracy0.75":0.5,"test_balanced_accuracy0.5":0.5,"test_accuracy0.25":0.5063291192054749,"val_recall0.5":0,"_timestamp":1.7508066475817285e+09,"test_auroc":0.5110169649124146,"_runtime":8239.74566613,"test_recall0.5":0,"val_balanced_accuracy0.75":0.5}