{"val_precision0.75":0.4000000059604645,"test_precision0.75":0.3333333432674408,"test_balanced_accuracy0.25":0.5898305084745763,"test_accuracy0.5":0.7341772317886353,"train_loss":0.08601221442222595,"val_accuracy0.5":0.6857143044471741,"val_balanced_accuracy0.25":0.578383641674781,"test_precision0.25":0.380952388048172,"test_recall0.25":0.4000000059604645,"_step":999,"test_recall0.75":0.05000000074505806,"val_precision0.5":0.2666666805744171,"test_balanced_accuracy0.75":0.5080508474576271,"test_auroc":0.5932203531265259,"val_balanced_accuracy0.75":0.5194741966893865,"test_balanced_accuracy0.5":0.5741525423728814,"_timestamp":1.7500837284117062e+09,"val_accuracy0.75":0.7428571581840515,"test_accuracy0.25":0.6835442781448364,"val_recall0.75":0.07692307978868484,"_wandb":{"runtime":3242},"_runtime":3242.304619771,"val_recall0.5":0.1538461595773697,"test_recall0.5":0.25,"val_auroc":0.5920155644416809,"val_recall0.25":0.38461539149284363,"test_precision0.5":0.4545454680919647,"train_auroc":1,"val_balanced_accuracy0.5":0.50730282375852,"val_accuracy0.25":0.6761904954910278,"test_accuracy0.75":0.7341772317886353,"val_precision0.25":0.3571428656578064}