{"val_loss":1.7292873859405518,"val_recall":0,"_runtime":499.817348476,"_wandb":{"runtime":499},"test_auroc":0.5,"test_precision":0,"val_precision":0,"val_accuracy":0.7407407164573669,"train_auroc":0.44963133335113525,"test_accuracy":0.7557252049446106,"_timestamp":1.7495336136504579e+09,"val_auroc":0.5,"test_balanced_accuracy":0.5,"train_loss":1.7072733640670776,"test_recall":0,"val_balanced_accuracy":0.5,"_step":91}