{"test_balanced_accuracy0.25":0.5,"test_recall0.75":0,"train_surv_loss":1.0008971691131592,"test_precision0.75":0,"test_recall0.25":1,"_runtime":4275.406387879,"train_recon_loss_no_kld":0.4933857321739197,"_timestamp":1.75491073408805e+09,"val_auroc":0.5,"_wandb":{"runtime":4275},"test_balanced_accuracy0.75":0.5,"test_recall0.5":0,"val_accuracy0.25":0.24528302252292633,"val_balanced_accuracy0.25":0.5,"train_loss":1.6382465362548828,"test_precision0.25":0.25,"val_balanced_accuracy0.5":0.5,"train_auroc":0.47919386625289917,"val_recall0.5":0,"train_logvar":-1.5160123822965943e-08,"test_accuracy0.5":0.75,"val_recall0.25":1,"val_precision0.25":0.24528302252292633,"val_recall0.75":0,"val_precision0.75":0,"test_precision0.5":0,"test_auroc":0.5,"train_mu":9.119043298255747e-09,"test_balanced_accuracy0.5":0.5,"val_accuracy0.5":0.7547169923782349,"val_balanced_accuracy0.75":0.5,"val_accuracy0.75":0.7547169923782349,"test_accuracy0.25":0.25,"train_kld_loss":0.7813130021095276,"val_precision0.5":0,"_step":159,"test_accuracy0.75":0.75}