{"test_balanced_accuracy0.75":0.4915254237288136,"val_precision0.25":0.2586206793785095,"_runtime":3964.215530281,"test_recall0.25":0.75,"val_accuracy0.75":0.7428571581840515,"test_recall0.5":0.4000000059604645,"train_auroc":0.9460422992706299,"val_balanced_accuracy0.5":0.4951314508276534,"test_accuracy0.25":0.49367088079452515,"test_precision0.75":0,"val_accuracy0.5":0.6285714507102966,"test_accuracy0.5":0.7341772317886353,"test_balanced_accuracy0.5":0.623728813559322,"test_precision0.25":0.30000001192092896,"test_balanced_accuracy0.25":0.5783898305084746,"val_accuracy0.25":0.48571428656578064,"_timestamp":1.7514400153839514e+09,"test_recall0.75":0,"_step":999,"_wandb":{"runtime":3964},"val_balanced_accuracy0.75":0.5581791626095424,"val_balanced_accuracy0.25":0.5163096397273612,"val_recall0.75":0.19230769574642181,"val_auroc":0.4946445822715759,"test_auroc":0.6576271057128906,"test_precision0.5":0.47058823704719543,"val_recall0.5":0.23076923191547394,"val_precision0.75":0.4545454680919647,"train_loss":1.0093169212341309,"val_recall0.25":0.5769230723381042,"test_accuracy0.75":0.7341772317886353,"val_precision0.5":0.23999999463558197}