{"val_recall0.25":1,"_step":999,"test_balanced_accuracy0.5":0.625,"val_accuracy0.25":0.33018869161605835,"val_precision0.25":0.27551019191741943,"test_balanced_accuracy0.75":0.49166666666666664,"train_auroc":0.7446093559265137,"val_balanced_accuracy0.25":0.5506329113924051,"test_precision0.5":0.4285714328289032,"test_balanced_accuracy0.25":0.475,"test_precision0.75":0,"test_recall0.25":0.8500000238418579,"val_precision0.75":0,"test_recall0.75":0,"val_recall0.5":0.25925925374031067,"test_precision0.25":0.23943662643432617,"_runtime":3471.555842756,"val_auroc":0.5288326144218445,"test_accuracy0.25":0.2874999940395355,"val_recall0.75":0,"val_accuracy0.75":0.7358490824699402,"val_precision0.5":0.25,"test_accuracy0.75":0.737500011920929,"_wandb":{"runtime":3471},"val_balanced_accuracy0.5":0.4967182372245663,"val_accuracy0.5":0.6132075190544128,"_timestamp":1.7538150291620772e+09,"test_accuracy0.5":0.7124999761581421,"test_recall0.5":0.44999998807907104,"test_auroc":0.6074999570846558,"val_balanced_accuracy0.75":0.4936708860759494,"train_loss":1.7438325881958008}