{"test_balanced_accuracy0.25":0.4800847457627119,"val_balanced_accuracy0.5":0.51460564751704,"test_recall0.25":0.3499999940395355,"val_accuracy0.75":0.6380952596664429,"train_loss":0.01843070797622204,"test_balanced_accuracy0.5":0.4809322033898305,"test_accuracy0.5":0.594936728477478,"val_balanced_accuracy0.75":0.5143622200584226,"test_recall0.5":0.25,"test_accuracy0.25":0.5443037748336792,"test_accuracy0.75":0.6329113841056824,"val_recall0.75":0.26923078298568726,"_timestamp":1.7510466868298657e+09,"val_precision0.25":0.34210526943206787,"val_accuracy0.25":0.6380952596664429,"_runtime":4156.526413214,"test_balanced_accuracy0.75":0.5063559322033898,"val_precision0.5":0.2666666805744171,"test_precision0.5":0.22727273404598236,"test_precision0.75":0.2631579041481018,"_step":217,"test_precision0.25":0.23333333432674408,"test_recall0.75":0.25,"val_balanced_accuracy0.25":0.5917721518987342,"val_accuracy0.5":0.6190476417541504,"val_auroc":0.6110029220581055,"val_precision0.75":0.26923078298568726,"train_auroc":1,"test_auroc":0.49576273560523987,"val_recall0.25":0.5,"val_recall0.5":0.3076923191547394,"_wandb":{"runtime":4156}}