{"_timestamp":1.750684618410921e+09,"_wandb":{"runtime":1502},"test_accuracy0.75":0.49367088079452515,"test_recall0.25":0.75,"val_balanced_accuracy0.5":0.4591041869522882,"val_precision0.75":0.21666666865348816,"test_auroc":0.5694915056228638,"val_accuracy0.75":0.4285714328289032,"val_accuracy0.5":0.41904762387275696,"val_accuracy0.25":0.4000000059604645,"val_balanced_accuracy0.25":0.48515092502434276,"test_precision0.25":0.2884615361690521,"_step":348,"val_recall0.5":0.5384615659713745,"test_recall0.75":0.699999988079071,"val_recall0.75":0.5,"test_balanced_accuracy0.25":0.5614406779661016,"train_loss":0.0007289769710041583,"val_auroc":0.49342745542526245,"val_balanced_accuracy0.75":0.4525316455696202,"train_auroc":1,"test_balanced_accuracy0.5":0.5364406779661017,"test_precision0.5":0.27450981736183167,"test_recall0.5":0.699999988079071,"test_accuracy0.5":0.4556961953639984,"_runtime":1502.312243738,"val_precision0.5":0.2222222238779068,"val_precision0.25":0.23943662643432617,"val_recall0.25":0.6538461446762085,"test_balanced_accuracy0.75":0.561864406779661,"test_precision0.75":0.2916666567325592,"test_accuracy0.25":0.4683544337749481}