{"_step":53,"test_auroc":0.469696968793869,"val_accuracy":0.7407407164573669,"val_precision":0,"val_balanced_accuracy":0.5,"test_balanced_accuracy":0.5,"test_accuracy":0.7480915784835815,"test_precision":0,"val_auroc":0.6071428060531616,"_runtime":738.497483641,"train_loss":1.7272695302963257,"val_loss":1.731715202331543,"val_recall":0,"_timestamp":1.7495315469683952e+09,"test_recall":0,"train_auroc":0.5055211186408997,"_wandb":{"runtime":738}}