{"val_balanced_accuracy0.75":0.5,"val_recall0.5":0,"test_accuracy0.25":0.25,"_wandb":{"runtime":6687},"val_recall0.75":0,"val_balanced_accuracy0.25":0.5,"val_precision0.25":0.24528302252292633,"val_auroc":0.5,"_timestamp":1.7545080662709818e+09,"test_recall0.75":0,"test_balanced_accuracy0.75":0.5,"test_balanced_accuracy0.25":0.5,"test_recall0.25":1,"test_auroc":0.5,"val_recall0.25":1,"test_precision0.25":0.25,"train_loss":2.0794923305511475,"_runtime":6687.122472631,"val_accuracy0.75":0.7547169923782349,"test_balanced_accuracy0.5":0.5,"train_auroc":0.4309374690055847,"val_balanced_accuracy0.5":0.5,"test_recall0.5":0,"val_precision0.5":0,"test_accuracy0.75":0.75,"test_accuracy0.5":0.75,"test_precision0.75":0,"test_precision0.5":0,"val_accuracy0.25":0.24528302252292633,"val_precision0.75":0,"val_accuracy0.5":0.7547169923782349,"_step":154}