{"_runtime":2323.139179688,"test_accuracy0.75":0.75,"val_balanced_accuracy0.25":0.5,"val_recall0.5":0.8846153616905212,"train_loss":2.097990036010742,"val_recall0.25":1,"val_accuracy0.5":0.2924528419971466,"test_recall0.25":1,"train_auroc":0.5123016834259033,"test_recall0.75":0,"val_precision0.25":0.24528302252292633,"val_accuracy0.25":0.24528302252292633,"test_precision0.5":0.2571428716182709,"val_precision0.5":0.24210526049137115,"val_precision0.75":0,"val_accuracy0.75":0.7547169923782349,"val_balanced_accuracy0.75":0.5,"test_balanced_accuracy0.75":0.5,"val_balanced_accuracy0.5":0.4923076923076923,"test_balanced_accuracy0.25":0.5,"val_auroc":0.4923076927661896,"_wandb":{"runtime":2323},"test_balanced_accuracy0.5":0.5166666666666667,"_timestamp":1.7542914932742603e+09,"test_accuracy0.5":0.32499998807907104,"test_precision0.75":0,"test_recall0.5":0.8999999761581421,"test_accuracy0.25":0.25,"_step":211,"val_recall0.75":0,"test_precision0.25":0.25,"test_auroc":0.5008333921432495}