{"test_auroc":0.56166672706604,"val_accuracy0.25":0.25233644247055054,"test_precision0.5":0.29411765933036804,"test_accuracy0.75":0.75,"test_balanced_accuracy0.5":0.525,"val_recall0.5":0.14814814925193787,"val_balanced_accuracy0.75":0.49375,"val_balanced_accuracy0.25":0.5,"val_recall0.25":1,"_runtime":1040.390779503,"test_recall0.5":0.25,"test_precision0.25":0.25,"val_auroc":0.5444444417953491,"test_recall0.25":1,"val_precision0.5":0.2666666805744171,"val_balanced_accuracy0.5":0.5053240740740741,"train_auroc":0.7473992109298706,"test_balanced_accuracy0.25":0.5,"_wandb":{"runtime":1040},"val_recall0.75":0,"val_accuracy0.5":0.6822429895401001,"_step":169,"test_precision0.75":0,"val_precision0.25":0.25233644247055054,"test_balanced_accuracy0.75":0.5,"test_accuracy0.5":0.6625000238418579,"train_loss":1.8560446500778198,"_timestamp":1.7539885086397474e+09,"test_accuracy0.25":0.25,"test_recall0.75":0,"val_accuracy0.75":0.7383177280426025,"val_precision0.75":0}