{"val_balanced_accuracy0.75":0.49038912330051565,"test_accuracy0.75":0.637499988079071,"val_recall0.75":0.25925925374031067,"val_precision0.75":0.24137930572032928,"val_recall0.25":0.48148149251937866,"test_auroc":0.5024999976158142,"_wandb":{"runtime":1552},"test_recall0.25":0.44999998807907104,"val_balanced_accuracy0.5":0.5201593999062354,"train_loss":0.04799266904592514,"val_accuracy0.5":0.5754716992378235,"test_accuracy0.5":0.5874999761581421,"test_balanced_accuracy0.75":0.525,"test_balanced_accuracy0.5":0.525,"_step":427,"test_accuracy0.25":0.550000011920929,"test_precision0.5":0.27586206793785095,"val_precision0.5":0.2750000059604645,"test_precision0.75":0.2857142984867096,"_timestamp":1.753099360953046e+09,"val_precision0.25":0.2708333432674408,"test_recall0.5":0.4000000059604645,"train_auroc":0.9998828172683716,"val_accuracy0.75":0.6037735939025879,"val_accuracy0.25":0.5377358198165894,"test_recall0.75":0.30000001192092896,"val_recall0.5":0.40740740299224854,"val_balanced_accuracy0.25":0.5192217533989686,"val_auroc":0.48288795351982117,"_runtime":1552.427703375,"test_balanced_accuracy0.25":0.5166666666666667,"test_precision0.25":0.2647058963775635}