{"val_auroc":0.4214285612106323,"val_recall":0,"_timestamp":1.7495708119102404e+09,"val_loss":1.7298612594604492,"test_recall":0,"val_accuracy":0.7407407164573669,"test_auroc":0.5635139346122742,"_step":53,"val_balanced_accuracy":0.5,"test_precision":0,"test_balanced_accuracy":0.5,"val_precision":0,"train_auroc":0.4301578104496002,"train_loss":1.7003108263015747,"_runtime":337.863817045,"_wandb":{"runtime":337},"test_accuracy":0.75}