{"_wandb":{"runtime":978},"test_accuracy":0.746835470199585,"_step":83,"val_loss":0.9591877460479736,"_runtime":977.381519693,"val_accuracy":0.625,"test_recall":0.3499999940395355,"train_loss":0.015515550039708614,"test_auroc":0.6156779527664185,"test_precision":0.5,"val_precision":0,"val_auroc":0.4166666567325592,"train_auroc":0.9976525902748108,"_timestamp":1.7474418827252836e+09,"val_recall":0}