{"test_precision0.75":0.75,"test_precision0.5":0.6000000238418579,"test_recall0.5":0.15000000596046448,"test_recall0.25":0.15000000596046448,"val_balanced_accuracy0.5":0.4783653846153846,"val_precision0.5":0.21875,"val_auroc":0.4745192229747772,"val_recall0.75":0.26923078298568726,"train_auroc":1,"_timestamp":1.753557987868159e+09,"test_balanced_accuracy0.75":0.5666666666666667,"val_accuracy0.5":0.5849056839942932,"test_recall0.75":0.15000000596046448,"_wandb":{"runtime":2357},"val_balanced_accuracy0.25":0.47884615384615387,"val_accuracy0.75":0.6226415038108826,"val_precision0.75":0.25,"val_balanced_accuracy0.75":0.5033653846153846,"val_recall0.25":0.3076923191547394,"_runtime":2357.526337057,"test_balanced_accuracy0.25":0.5499999999999999,"test_accuracy0.25":0.75,"test_accuracy0.75":0.7749999761581421,"val_precision0.25":0.2222222238779068,"test_accuracy0.5":0.762499988079071,"test_precision0.25":0.5,"test_balanced_accuracy0.5":0.5583333333333333,"val_recall0.5":0.26923078298568726,"test_auroc":0.5575000047683716,"_step":213,"train_loss":9.869256609817967e-05,"val_accuracy0.25":0.5660377144813538}