{"test_accuracy0.75":0.746835470199585,"val_precision0.75":0,"val_precision0.5":0.28947368264198303,"val_recall0.25":1,"val_recall0.75":0,"test_precision0.25":0.2531645596027374,"val_balanced_accuracy0.75":0.5,"test_recall0.5":0.4000000059604645,"train_loss":1.888674259185791,"test_precision0.75":0,"test_balanced_accuracy0.75":0.5,"val_accuracy0.25":0.24761904776096344,"val_precision0.25":0.24761904776096344,"val_balanced_accuracy0.5":0.5406523855890945,"val_recall0.5":0.42307692766189575,"val_accuracy0.75":0.7523809671401978,"test_balanced_accuracy0.5":0.4457627118644068,"_wandb":{"runtime":971},"train_auroc":0.7460743188858032,"test_recall0.25":1,"val_balanced_accuracy0.25":0.5,"_step":214,"test_recall0.75":0,"test_balanced_accuracy0.25":0.5,"test_precision0.5":0.21052631735801697,"test_accuracy0.25":0.2531645596027374,"val_accuracy0.5":0.6000000238418579,"_timestamp":1.750759558616092e+09,"test_auroc":0.5194914937019348,"_runtime":971.090767107,"test_accuracy0.5":0.4683544337749481,"val_auroc":0.5058422684669495}