{"test_recall0.5":1,"train_auroc":0.5206363797187805,"_runtime":977.640442588,"test_recall0.25":1,"val_precision0.25":0.24761904776096344,"val_auroc":0.5,"val_accuracy0.25":0.24761904776096344,"val_accuracy0.5":0.24761904776096344,"test_recall0.75":0,"val_balanced_accuracy0.25":0.5,"val_recall0.5":1,"test_auroc":0.5,"_timestamp":1.7513722575952327e+09,"val_accuracy0.75":0.7523809671401978,"val_balanced_accuracy0.75":0.5,"test_accuracy0.25":0.2531645596027374,"test_precision0.25":0.2531645596027374,"test_balanced_accuracy0.25":0.5,"test_precision0.75":0,"test_precision0.5":0.2531645596027374,"test_accuracy0.5":0.2531645596027374,"val_recall0.25":1,"test_balanced_accuracy0.5":0.5,"val_balanced_accuracy0.5":0.5,"test_balanced_accuracy0.75":0.5,"val_recall0.75":0,"_step":153,"_wandb":{"runtime":977},"val_precision0.75":0,"test_accuracy0.75":0.746835470199585,"train_loss":2.094947338104248,"val_precision0.5":0.24761904776096344}