{"val_auroc":0.485714316368103,"train_loss":1.61827552318573,"val_accuracy":0.7407407164573669,"val_loss":1.7555832862854004,"_step":56,"test_precision":0,"train_auroc":0.6606935262680054,"val_balanced_accuracy":0.5,"val_precision":0,"test_accuracy":0.7480915784835815,"test_auroc":0.6008039712905884,"_runtime":728.034604403,"test_balanced_accuracy":0.5,"_timestamp":1.7495525194695606e+09,"val_recall":0,"_wandb":{"runtime":728},"test_recall":0}