{"val_auroc":0.4437499940395355,"train_loss":1.2526948921731673e-05,"val_precision0.75":0.095238097012043,"_step":281,"val_balanced_accuracy0.25":0.48461538461538456,"val_recall0.25":0.26923078298568726,"test_precision0.25":0.6000000238418579,"val_accuracy0.75":0.5943396091461182,"test_accuracy0.25":0.7749999761581421,"val_precision0.25":0.22580644488334656,"_wandb":{"runtime":651},"test_balanced_accuracy0.75":0.5916666666666667,"val_accuracy0.5":0.5943396091461182,"_runtime":651.556500404,"test_accuracy0.5":0.7749999761581421,"test_auroc":0.6470833420753479,"test_recall0.5":0.30000001192092896,"test_accuracy0.75":0.762499988079071,"val_balanced_accuracy0.5":0.44567307692307695,"val_balanced_accuracy0.75":0.4197115384615384,"_timestamp":1.753455324091203e+09,"test_recall0.25":0.30000001192092896,"test_precision0.75":0.5555555820465088,"val_accuracy0.25":0.5943396091461182,"test_balanced_accuracy0.5":0.6166666666666667,"test_precision0.5":0.6000000238418579,"test_recall0.75":0.25,"train_auroc":1,"val_precision0.5":0.1599999964237213,"val_recall0.5":0.1538461595773697,"val_recall0.75":0.07692307978868484,"test_balanced_accuracy0.25":0.6166666666666667}