{"_wandb":{"runtime":3052},"test_precision0.5":0.4375,"train_auroc":0.8368450403213501,"val_balanced_accuracy0.5":0.4824732229795521,"val_accuracy0.25":0.41904762387275696,"test_auroc":0.5932203531265259,"test_accuracy0.25":0.3291139304637909,"val_precision0.75":0,"test_accuracy0.5":0.7215189933776855,"test_recall0.25":0.800000011920929,"_runtime":3052.199906607,"val_precision0.5":0.2222222238779068,"test_recall0.75":0,"val_balanced_accuracy0.25":0.5752190847127556,"test_precision0.75":0,"test_precision0.25":0.2461538463830948,"val_balanced_accuracy0.75":0.4936708860759494,"val_precision0.25":0.2839506268501282,"test_accuracy0.75":0.746835470199585,"test_balanced_accuracy0.25":0.4847457627118644,"val_auroc":0.5486854910850525,"_step":999,"test_balanced_accuracy0.75":0.5,"val_recall0.25":0.8846153616905212,"train_loss":1.5227437019348145,"_timestamp":1.7502985047090619e+09,"val_recall0.75":0,"val_accuracy0.5":0.6095238327980042,"val_recall0.5":0.23076923191547394,"val_accuracy0.75":0.7428571581840515,"test_balanced_accuracy0.5":0.5987288135593221,"test_recall0.5":0.3499999940395355}