{"test_auroc":0.5708333253860474,"test_recall0.75":0.30000001192092896,"_step":341,"train_loss":0.020031936466693878,"val_precision0.75":0.125,"test_accuracy0.75":0.7250000238418579,"_wandb":{"runtime":8203},"val_recall0.5":0.26923078298568726,"val_recall0.75":0.07692307978868484,"_runtime":8203.646668185,"test_precision0.25":0.29411765933036804,"val_balanced_accuracy0.5":0.4721153846153846,"val_precision0.25":0.23404255509376526,"test_precision0.5":0.3199999928474426,"test_balanced_accuracy0.25":0.55,"val_accuracy0.25":0.5188679099082947,"test_recall0.25":0.5,"val_accuracy0.5":0.5754716992378235,"val_balanced_accuracy0.25":0.4865384615384616,"val_precision0.5":0.21212121844291687,"test_balanced_accuracy0.5":0.5583333333333333,"val_accuracy0.75":0.6415094137191772,"test_recall0.5":0.4000000059604645,"test_accuracy0.25":0.574999988079071,"test_accuracy0.5":0.637499988079071,"train_auroc":1,"val_recall0.25":0.42307692766189575,"test_precision0.75":0.4285714328289032,"val_balanced_accuracy0.75":0.4509615384615384,"test_balanced_accuracy0.75":0.5833333333333334,"val_auroc":0.4625000059604645,"_timestamp":1.7539554044250793e+09}