{"val_precision0.5":0,"test_recall0.25":0.21875,"test_balanced_accuracy0.75":0.5179924242424243,"test_auroc":0.5325126051902771,"val_precision0.75":0,"val_auroc":0.5428571701049805,"test_precision0.25":0.2800000011920929,"val_accuracy0.25":0.6666666865348816,"test_balanced_accuracy0.25":0.5184659090909092,"val_recall0.5":0,"val_accuracy0.75":0.7037037014961243,"_step":499,"test_recall0.5":0.21875,"test_precision0.5":0.3181818127632141,"val_recall0.75":0,"train_auroc":1,"train_loss":1.949817033164436e-06,"test_balanced_accuracy0.5":0.5336174242424243,"_runtime":1906.279989856,"_timestamp":1.749707408567959e+09,"_wandb":{"runtime":1906},"test_accuracy0.25":0.6717557311058044,"val_balanced_accuracy0.75":0.475,"test_precision0.75":0.2857142984867096,"val_recall0.25":0.1428571492433548,"test_accuracy0.75":0.6870229244232178,"val_precision0.25":0.25,"val_balanced_accuracy0.5":0.45,"test_accuracy0.5":0.694656491279602,"test_recall0.75":0.1875,"val_balanced_accuracy0.25":0.49642857142857144,"val_accuracy0.5":0.6666666865348816}