{"test_recall0.75":0.25,"val_accuracy0.5":0.6792452931404114,"_runtime":2178.797568669,"test_balanced_accuracy0.25":0.6083333333333333,"test_precision0.75":0.5555555820465088,"val_accuracy0.75":0.6792452931404114,"val_auroc":0.44913268089294434,"val_recall0.75":0.18518517911434174,"val_recall0.25":0.18518517911434174,"train_loss":7.672415449633263e-06,"_wandb":{"runtime":2178},"test_auroc":0.6808333396911621,"val_precision0.5":0.29411765933036804,"test_accuracy0.5":0.762499988079071,"_timestamp":1.753639125902349e+09,"test_recall0.5":0.25,"train_auroc":1,"val_precision0.25":0.2777777910232544,"test_accuracy0.25":0.762499988079071,"_step":208,"val_precision0.75":0.29411765933036804,"test_balanced_accuracy0.5":0.5916666666666667,"val_balanced_accuracy0.5":0.516643225503985,"test_recall0.25":0.30000001192092896,"test_balanced_accuracy0.75":0.5916666666666667,"val_balanced_accuracy0.75":0.516643225503985,"val_balanced_accuracy0.25":0.5103141115799343,"test_precision0.5":0.5555555820465088,"val_recall0.5":0.18518517911434174,"test_accuracy0.75":0.762499988079071,"val_accuracy0.25":0.6698113083839417,"test_precision0.25":0.5454545617103577}