{"test_recall0.75":0.550000011920929,"val_balanced_accuracy0.75":0.4668981481481481,"_wandb":{"runtime":5620},"test_recall0.5":0.550000011920929,"val_accuracy0.25":0.514018714427948,"_timestamp":1.7539209246877296e+09,"val_accuracy0.75":0.5514018535614014,"test_recall0.25":0.6499999761581421,"test_precision0.5":0.28205129504203796,"_runtime":5620.19269577,"test_auroc":0.565000057220459,"val_recall0.5":0.29629629850387573,"_step":242,"test_accuracy0.25":0.48750001192092896,"test_precision0.25":0.27659574151039124,"test_precision0.75":0.3142857253551483,"test_accuracy0.75":0.5874999761581421,"val_recall0.75":0.29629629850387573,"val_auroc":0.5363426208496094,"test_balanced_accuracy0.5":0.5416666666666667,"val_accuracy0.5":0.4859813153743744,"train_loss":0.006978143937885761,"test_balanced_accuracy0.25":0.5416666666666667,"val_balanced_accuracy0.5":0.42314814814814816,"val_precision0.75":0.21621622145175934,"val_balanced_accuracy0.25":0.5400462962962963,"val_precision0.25":0.28070175647735596,"val_precision0.5":0.1818181872367859,"test_accuracy0.5":0.5375000238418579,"test_balanced_accuracy0.75":0.575,"val_recall0.25":0.5925925970077515,"train_auroc":1}