{"test_precision0.75":0.2380952388048172,"_wandb":{"runtime":2367},"val_recall0.5":0.38461539149284363,"test_accuracy0.75":0.607594907283783,"val_precision0.25":0.21739129722118378,"val_balanced_accuracy0.75":0.5404089581304772,"val_accuracy0.25":0.5047619342803955,"val_accuracy0.75":0.6190476417541504,"test_balanced_accuracy0.75":0.4894067796610169,"train_loss":0.0747322365641594,"test_recall0.25":0.5,"val_recall0.75":0.38461539149284363,"val_auroc":0.4873417913913727,"val_balanced_accuracy0.25":0.4644595910418695,"test_accuracy0.5":0.5696202516555786,"test_balanced_accuracy0.25":0.5296610169491525,"test_auroc":0.5194915533065796,"val_accuracy0.5":0.5714285969734192,"_timestamp":1.7502378055650518e+09,"test_accuracy0.25":0.5443037748336792,"val_precision0.5":0.25641027092933655,"test_precision0.25":0.2777777910232544,"test_recall0.75":0.25,"test_recall0.5":0.30000001192092896,"_runtime":2367.107016455,"val_balanced_accuracy0.5":0.508763388510224,"test_precision0.5":0.23076923191547394,"val_precision0.75":0.29411765933036804,"val_recall0.25":0.38461539149284363,"_step":590,"train_auroc":0.9994992017745972,"test_balanced_accuracy0.5":0.4805084745762712}