{"val_balanced_accuracy0.5":0.575,"val_precision0.25":0.27272728085517883,"_wandb":{"runtime":7484},"val_balanced_accuracy0.25":0.55,"_step":312,"val_precision0.5":0.28421053290367126,"test_balanced_accuracy0.25":0.5416666666666666,"train_auroc":0.9986718893051147,"val_precision0.75":0.2795698940753937,"train_loss":0.15199314057826996,"_timestamp":1.7539396813863654e+09,"val_recall0.25":1,"test_precision0.5":0.24637681245803833,"test_auroc":0.5733333826065063,"test_recall0.25":0.949999988079071,"val_recall0.75":0.9629629850387573,"test_precision0.25":0.26760563254356384,"test_balanced_accuracy0.5":0.49166666666666664,"val_accuracy0.25":0.32710281014442444,"test_accuracy0.25":0.3375000059604645,"test_accuracy0.75":0.42500001192092896,"test_accuracy0.5":0.3125,"_runtime":7484.26673591,"val_recall0.5":1,"val_accuracy0.75":0.3644859790802002,"test_recall0.5":0.8500000238418579,"test_recall0.75":0.8500000238418579,"val_balanced_accuracy0.75":0.5627314814814814,"val_accuracy0.5":0.3644859790802002,"val_auroc":0.5319444537162781,"test_balanced_accuracy0.75":0.5666666666666667,"test_precision0.75":0.28333333134651184}