{"val_recall0.75":0,"train_auroc":0.5435410737991333,"val_accuracy0.25":0.24528302252292633,"test_auroc":0.5299999713897705,"val_balanced_accuracy0.75":0.5,"val_accuracy0.75":0.7547169923782349,"test_balanced_accuracy0.5":0.48333333333333334,"val_precision0.75":0,"test_accuracy0.75":0.75,"_wandb":{"runtime":1763},"val_recall0.25":1,"test_recall0.5":0.10000000149011612,"test_accuracy0.25":0.25,"test_recall0.25":1,"val_precision0.25":0.24528302252292633,"test_balanced_accuracy0.25":0.5,"test_precision0.75":0,"val_balanced_accuracy0.25":0.5,"test_balanced_accuracy0.75":0.5,"test_precision0.25":0.25,"_runtime":1763.269417971,"val_accuracy0.5":0.6792452931404114,"test_recall0.75":0,"test_precision0.5":0.20000000298023224,"train_loss":2.052251100540161,"val_auroc":0.526442289352417,"_step":286,"test_accuracy0.5":0.675000011920929,"_timestamp":1.7535855628727531e+09,"val_balanced_accuracy0.5":0.5278846153846154,"val_precision0.5":0.30000001192092896,"val_recall0.5":0.23076923191547394}