{"val_accuracy0.75":0.723809540271759,"val_accuracy0.25":0.6952381134033203,"test_recall0.25":0.4000000059604645,"test_accuracy0.75":0.746835470199585,"test_balanced_accuracy0.25":0.6406779661016949,"test_accuracy0.25":0.7594936490058899,"_wandb":{"runtime":4287},"test_balanced_accuracy0.75":0.5495762711864407,"train_auroc":1,"test_balanced_accuracy0.5":0.6076271186440678,"val_recall0.5":0.23076923191547394,"_timestamp":1.750945021245632e+09,"val_auroc":0.5808179378509521,"val_balanced_accuracy0.75":0.5197176241480039,"_step":431,"train_loss":0.019708039239048958,"val_precision0.75":0.3333333432674408,"val_recall0.25":0.23076923191547394,"val_accuracy0.5":0.7428571581840515,"test_recall0.75":0.15000000596046448,"val_balanced_accuracy0.5":0.571080817916261,"test_precision0.5":0.5454545617103577,"_runtime":4287.856985527,"val_precision0.25":0.3333333432674408,"val_precision0.5":0.4615384638309479,"test_auroc":0.5550847053527832,"val_recall0.75":0.11538461595773697,"test_precision0.75":0.5,"test_precision0.25":0.5333333611488342,"test_accuracy0.5":0.7594936490058899,"test_recall0.5":0.30000001192092896,"val_balanced_accuracy0.25":0.5394352482960078}