{"train_auroc":0.997384786605835,"val_loss":3.9120774269104004,"_timestamp":1.749518145695467e+09,"test_accuracy":0.6259542107582092,"test_auroc":0.58441561460495,"_step":50,"test_recall":0.42424243688583374,"_runtime":344.262389919,"val_balanced_accuracy":0.5642857142857143,"train_loss":0.16752572357654572,"_wandb":{"runtime":344},"val_precision":0.3333333432674408,"test_balanced_accuracy":0.5590599876314162,"test_precision":0.3181818127632141,"val_auroc":0.5714285969734192,"val_recall":0.4285714328289032,"val_accuracy":0.6296296119689941}