{"val_precision0.25":0.22499999403953552,"test_balanced_accuracy0.75":0.525,"val_accuracy0.75":0.5849056839942932,"test_precision0.5":0.30434781312942505,"val_auroc":0.4819503128528595,"train_auroc":0.9999218583106995,"val_accuracy0.25":0.5377358198165894,"test_recall0.75":0.30000001192092896,"val_recall0.25":0.3333333432674408,"test_accuracy0.5":0.637499988079071,"val_precision0.75":0.2068965584039688,"train_loss":0.08510470390319824,"_wandb":{"runtime":6767},"val_balanced_accuracy0.75":0.46554149085794655,"test_precision0.25":0.23333333432674408,"test_balanced_accuracy0.5":0.5416666666666666,"test_auroc":0.5408333539962769,"test_recall0.25":0.3499999940395355,"test_accuracy0.25":0.550000011920929,"_step":637,"val_recall0.75":0.2222222238779068,"test_precision0.75":0.2857142984867096,"_timestamp":1.7541863432543383e+09,"val_precision0.5":0.21875,"test_accuracy0.75":0.637499988079071,"test_recall0.5":0.3499999940395355,"test_balanced_accuracy0.25":0.48333333333333334,"val_balanced_accuracy0.25":0.4704641350210971,"val_balanced_accuracy0.5":0.47140178152836376,"val_recall0.5":0.25925925374031067,"_runtime":6767.857767439,"val_accuracy0.5":0.5754716992378235}