{"val_balanced_accuracy0.5":0.5428432327166505,"_step":233,"test_accuracy0.25":0.2531645596027374,"test_recall0.25":1,"test_recall0.5":0.800000011920929,"test_balanced_accuracy0.25":0.5,"train_loss":1.9849889278411865,"test_accuracy0.75":0.746835470199585,"_wandb":{"runtime":804},"val_balanced_accuracy0.25":0.5,"test_balanced_accuracy0.75":0.5,"val_auroc":0.5394352674484253,"test_accuracy0.5":0.39240506291389465,"test_precision0.75":0,"_timestamp":1.7501955479604867e+09,"test_balanced_accuracy0.5":0.5271186440677966,"_runtime":804.843182381,"test_recall0.75":0,"val_recall0.5":0.7692307829856873,"val_precision0.5":0.2702702581882477,"test_auroc":0.5805084705352783,"val_recall0.75":0,"val_accuracy0.25":0.24761904776096344,"val_accuracy0.5":0.4285714328289032,"val_accuracy0.75":0.7523809671401978,"val_precision0.75":0,"test_precision0.25":0.2531645596027374,"val_balanced_accuracy0.75":0.5,"test_precision0.5":0.2666666805744171,"train_auroc":0.7437436580657959,"val_recall0.25":1,"val_precision0.25":0.24761904776096344}