{"test_balanced_accuracy0.75":0.5224576271186441,"val_balanced_accuracy0.5":0.4892891918208374,"test_recall0.75":0.3499999940395355,"test_precision0.75":0.2800000011920929,"val_balanced_accuracy0.75":0.4437682570593963,"val_recall0.75":0.11538461595773697,"test_precision0.5":0.2750000059604645,"val_precision0.5":0.23529411852359772,"_wandb":{"runtime":1543},"test_balanced_accuracy0.5":0.5292372881355932,"val_precision0.75":0.1428571492433548,"train_loss":0.036889031529426575,"test_accuracy0.5":0.5189873576164246,"_timestamp":1.7507183752502143e+09,"val_accuracy0.75":0.6095238327980042,"test_accuracy0.25":0.4303797483444214,"val_auroc":0.49756571650505066,"_step":347,"val_balanced_accuracy0.25":0.5355404089581305,"val_recall0.25":0.6153846383094788,"test_recall0.25":0.6499999761581421,"_runtime":1543.187738739,"train_auroc":1,"val_recall0.5":0.3076923191547394,"test_precision0.25":0.2549019753932953,"val_accuracy0.25":0.4952380955219269,"test_accuracy0.75":0.607594907283783,"val_precision0.25":0.2711864411830902,"test_recall0.5":0.550000011920929,"test_auroc":0.5211864709854126,"val_accuracy0.5":0.5809524059295654,"test_balanced_accuracy0.25":0.5029661016949153}