{"test_precision0.75":0,"test_recall0.5":0,"test_accuracy0.25":0.5443037748336792,"test_balanced_accuracy0.75":0.5,"val_balanced_accuracy0.25":0.5404089581304772,"_timestamp":1.7499077861541579e+09,"val_precision0.75":0,"val_auroc":0.570107102394104,"test_recall0.75":0,"test_accuracy0.75":0.746835470199585,"test_precision0.25":0.23333333432674408,"val_precision0.5":0,"train_loss":1.3663338422775269,"train_auroc":0.8554041385650635,"test_auroc":0.5381355881690979,"val_recall0.5":0,"val_balanced_accuracy0.75":0.5,"test_precision0.5":0,"val_accuracy0.25":0.6190476417541504,"test_accuracy0.5":0.7341772317886353,"_step":499,"test_balanced_accuracy0.25":0.4800847457627119,"_runtime":1807.259211153,"test_balanced_accuracy0.5":0.4915254237288136,"val_balanced_accuracy0.5":0.4936708860759494,"val_recall0.75":0,"val_accuracy0.75":0.7523809671401978,"test_recall0.25":0.3499999940395355,"val_accuracy0.5":0.7428571581840515,"val_recall0.25":0.38461539149284363,"_wandb":{"runtime":1807},"val_precision0.25":0.29411765933036804}