{"test_precision0.75":0,"_timestamp":1.7550472927426667e+09,"val_balanced_accuracy0.75":0.5,"test_balanced_accuracy0.5":0.5166666666666667,"_wandb":{"runtime":2615},"_step":446,"val_accuracy0.75":0.7476635575294495,"val_accuracy0.25":0.25233644247055054,"val_recall0.75":0,"test_precision0.25":0.25,"test_recall0.25":1,"test_balanced_accuracy0.25":0.5,"train_auroc":0.5687967538833618,"val_balanced_accuracy0.5":0.5259259259259259,"test_precision0.5":0.25806450843811035,"_runtime":2615.153357032,"test_auroc":0.5083333253860474,"val_auroc":0.5476852059364319,"val_accuracy0.5":0.3644859790802002,"test_balanced_accuracy0.75":0.5,"train_loss":2.079340696334839,"test_accuracy0.75":0.75,"val_balanced_accuracy0.25":0.5,"val_precision0.25":0.25233644247055054,"test_accuracy0.5":0.375,"test_accuracy0.25":0.25,"test_recall0.5":0.800000011920929,"val_precision0.5":0.26436781883239746,"val_recall0.5":0.8518518805503845,"val_recall0.25":1,"test_recall0.75":0,"val_precision0.75":0}