{"_step":207,"test_balanced_accuracy0.75":0.5940677966101695,"val_balanced_accuracy0.75":0.5552580331061343,"val_accuracy0.5":0.4000000059604645,"test_accuracy0.25":0.39240506291389465,"test_auroc":0.5872881412506104,"test_accuracy0.5":0.4177215099334717,"test_recall0.25":1,"_runtime":872.349350771,"val_precision0.75":0.27941176295280457,"test_precision0.5":0.296875,"val_precision0.25":0.2530120611190796,"val_precision0.5":0.25333333015441895,"val_recall0.5":0.7307692170143127,"train_auroc":1,"test_precision0.25":0.29411765933036804,"_timestamp":1.750704649693861e+09,"test_recall0.5":0.949999988079071,"test_recall0.75":0.8999999761581421,"test_accuracy0.75":0.4430379867553711,"val_accuracy0.25":0.3619047701358795,"val_accuracy0.75":0.46666666865348816,"val_auroc":0.5501460433006287,"val_recall0.75":0.7307692170143127,"test_balanced_accuracy0.5":0.5936440677966102,"val_balanced_accuracy0.25":0.5114410905550146,"test_balanced_accuracy0.25":0.5932203389830508,"train_loss":0.014519361779093742,"val_balanced_accuracy0.5":0.5109542356377799,"_wandb":{"runtime":872},"test_precision0.75":0.30000001192092896,"val_recall0.25":0.807692289352417}