{"val_precision0.25":0.25531914830207825,"test_precision0.5":0.4000000059604645,"_step":999,"test_balanced_accuracy0.5":0.5983050847457627,"val_balanced_accuracy0.5":0.501460564751704,"val_accuracy0.5":0.6380952596664429,"test_auroc":0.6262711882591248,"test_precision0.75":0.2857142984867096,"test_accuracy0.5":0.6962025165557861,"train_loss":0.6648309230804443,"val_auroc":0.5175268054008484,"val_precision0.5":0.25,"test_balanced_accuracy0.75":0.5076271186440678,"val_recall0.75":0.11538461595773697,"val_balanced_accuracy0.75":0.5133885102239533,"test_precision0.25":0.3255814015865326,"test_recall0.25":0.699999988079071,"test_accuracy0.75":0.7088607549667358,"_wandb":{"runtime":4261},"test_recall0.75":0.10000000149011612,"_runtime":4261.954866243,"_timestamp":1.751428186694555e+09,"train_auroc":0.9806521534919739,"val_balanced_accuracy0.25":0.5092502434274586,"test_recall0.5":0.4000000059604645,"val_accuracy0.75":0.7142857313156128,"val_precision0.75":0.30000001192092896,"test_balanced_accuracy0.25":0.6042372881355932,"test_accuracy0.25":0.5569620132446289,"val_recall0.25":0.4615384638309479,"val_recall0.5":0.23076923191547394,"val_accuracy0.25":0.5333333611488342}