{"val_precision":0,"_timestamp":1.7474515824072917e+09,"test_precision":0,"_wandb":{"runtime":541},"train_loss":0.33709487318992615,"val_accuracy":0.75,"val_loss":0.362260639667511,"_runtime":540.935015807,"val_auroc":0.5,"train_auroc":0.5142857432365417,"_step":35,"test_recall":0,"val_recall":0,"test_auroc":0.5,"test_accuracy":0.746835470199585}