{"test_recall0.5":0.3499999940395355,"test_balanced_accuracy0.75":0.5398305084745763,"test_auroc":0.5127118825912476,"val_accuracy0.5":0.6380952596664429,"val_precision0.75":0.25,"_step":209,"val_precision0.5":0.22727273404598236,"test_precision0.5":0.3333333432674408,"val_balanced_accuracy0.25":0.46324245374878287,"test_balanced_accuracy0.5":0.5563559322033897,"val_recall0.75":0.19230769574642181,"val_auroc":0.5058422684669495,"test_recall0.75":0.30000001192092896,"test_precision0.25":0.3478260934352875,"_timestamp":1.7509956435048716e+09,"val_balanced_accuracy0.75":0.5012171372930867,"_wandb":{"runtime":2542},"val_recall0.25":0.19230769574642181,"train_loss":0.05340028926730156,"val_precision0.25":0.19230769574642181,"test_recall0.25":0.4000000059604645,"val_balanced_accuracy0.5":0.48855890944498537,"_runtime":2542.861810901,"train_auroc":0.9999198913574219,"test_precision0.75":0.31578946113586426,"val_accuracy0.25":0.6000000238418579,"val_accuracy0.75":0.6571428775787354,"val_recall0.5":0.19230769574642181,"test_accuracy0.25":0.6582278609275818,"test_balanced_accuracy0.25":0.5728813559322035,"test_accuracy0.75":0.6582278609275818,"test_accuracy0.5":0.6582278609275818}