{"_runtime":5498.109079177,"val_accuracy0.5":0.7047619223594666,"test_recall0.75":0.15000000596046448,"val_balanced_accuracy0.25":0.5523369036027264,"test_precision0.5":0.4545454680919647,"train_loss":0.011038828641176224,"_step":563,"val_recall0.75":0.19230769574642181,"val_balanced_accuracy0.75":0.5391918208373905,"test_balanced_accuracy0.75":0.5326271186440678,"val_precision0.25":0.3499999940395355,"_timestamp":1.7507701758594887e+09,"test_precision0.75":0.375,"val_accuracy0.75":0.7142857313156128,"test_recall0.5":0.25,"train_auroc":1,"val_auroc":0.5866601467132568,"test_accuracy0.5":0.7341772317886353,"test_recall0.25":0.3499999940395355,"test_auroc":0.5957627296447754,"_wandb":{"runtime":5498},"val_precision0.5":0.3684210479259491,"test_balanced_accuracy0.25":0.6156779661016949,"val_balanced_accuracy0.5":0.558666017526777,"val_recall0.5":0.26923078298568726,"test_precision0.25":0.5,"test_accuracy0.25":0.746835470199585,"val_precision0.75":0.3571428656578064,"test_balanced_accuracy0.5":0.5741525423728814,"test_accuracy0.75":0.7215189933776855,"val_recall0.25":0.26923078298568726,"val_accuracy0.25":0.6952381134033203}