{"test_precision0.25":0.095238097012043,"val_balanced_accuracy0.25":0.5525803310613437,"test_auroc":0.4754236936569214,"test_recall0.5":0.10000000149011612,"val_balanced_accuracy0.75":0.5331061343719572,"val_precision0.75":0.31578946113586426,"val_auroc":0.4873417615890503,"val_precision0.5":0.3181818127632141,"test_balanced_accuracy0.25":0.3889830508474576,"test_accuracy0.5":0.5569620132446289,"test_balanced_accuracy0.75":0.38940677966101694,"test_precision0.5":0.10526315867900848,"test_accuracy0.75":0.5569620132446289,"val_accuracy0.5":0.6761904954910278,"test_precision0.75":0.05882352963089943,"val_accuracy0.25":0.6761904954910278,"_wandb":{"runtime":1972},"val_recall0.25":0.3076923191547394,"_step":503,"test_accuracy0.25":0.5316455960273743,"_timestamp":1.750574976195679e+09,"train_loss":0.04514777660369873,"test_recall0.25":0.10000000149011612,"test_recall0.75":0.05000000074505806,"val_precision0.25":0.3333333432674408,"val_accuracy0.75":0.6857143044471741,"train_auroc":0.9991480112075806,"val_balanced_accuracy0.5":0.5396786757546251,"val_recall0.75":0.23076923191547394,"test_balanced_accuracy0.5":0.4059322033898305,"_runtime":1972.613281124,"val_recall0.5":0.26923078298568726}