{"val_balanced_accuracy0.75":0.5104166666666666,"test_precision0.75":0.32258063554763794,"test_balanced_accuracy0.5":0.5416666666666667,"test_balanced_accuracy0.75":0.575,"val_balanced_accuracy0.25":0.5092592592592593,"train_auroc":0.9987109899520874,"val_precision0.25":0.25925925374031067,"test_precision0.5":0.2857142984867096,"test_precision0.25":0.2702702581882477,"test_accuracy0.25":0.5375000238418579,"_wandb":{"runtime":10001},"val_precision0.75":0.2647058963775635,"val_auroc":0.49606481194496155,"val_precision0.5":0.2708333432674408,"test_auroc":0.5554166436195374,"test_recall0.5":0.5,"val_accuracy0.25":0.5046728849411011,"_timestamp":1.7535314364703982e+09,"_step":260,"val_accuracy0.5":0.5420560836791992,"test_recall0.25":0.5,"_runtime":10001.13169296,"test_accuracy0.5":0.5625,"val_recall0.75":0.3333333432674408,"train_loss":0.15748541057109833,"val_recall0.25":0.5185185074806213,"test_recall0.75":0.5,"test_accuracy0.75":0.612500011920929,"val_accuracy0.75":0.5981308221817017,"val_balanced_accuracy0.5":0.5219907407407407,"test_balanced_accuracy0.25":0.525,"val_recall0.5":0.48148149251937866}