{"train_loss":1.5420113801956177,"test_accuracy0.5":0.612500011920929,"test_balanced_accuracy0.5":0.49166666666666664,"test_recall0.25":0.75,"test_precision0.75":0.3333333432674408,"test_recall0.75":0.05000000074505806,"test_recall0.5":0.25,"_wandb":{"runtime":4108},"_step":999,"val_precision0.75":0,"val_accuracy0.5":0.5981308221817017,"val_auroc":0.5648148059844971,"test_precision0.25":0.24193547666072845,"test_auroc":0.5149999856948853,"train_auroc":0.8340651392936707,"val_recall0.5":0.29629629850387573,"test_balanced_accuracy0.75":0.5083333333333333,"val_precision0.5":0.25,"val_balanced_accuracy0.5":0.4981481481481481,"val_balanced_accuracy0.25":0.5506944444444444,"val_accuracy0.25":0.38317757844924927,"val_recall0.25":0.8888888955116272,"val_balanced_accuracy0.75":0.49375,"test_precision0.5":0.2380952388048172,"val_accuracy0.75":0.7383177280426025,"_timestamp":1.753172458336479e+09,"test_accuracy0.25":0.3499999940395355,"val_recall0.75":0,"test_accuracy0.75":0.737500011920929,"val_precision0.25":0.27586206793785095,"test_balanced_accuracy0.25":0.48333333333333334,"_runtime":4108.242947249}