{"test_precision0.5":0.3333333432674408,"test_auroc":0.503389835357666,"val_precision0.5":0.3571428656578064,"val_accuracy0.75":0.7523809671401978,"val_balanced_accuracy0.5":0.578383641674781,"train_loss":2.088742256164551,"test_recall0.75":0,"test_accuracy0.25":0.2531645596027374,"test_accuracy0.75":0.746835470199585,"val_auroc":0.5844693183898926,"val_accuracy0.5":0.6761904954910278,"train_auroc":0.6169145107269287,"_wandb":{"runtime":1015},"_timestamp":1.750292822188959e+09,"test_balanced_accuracy0.75":0.5,"val_recall0.5":0.38461539149284363,"test_recall0.25":1,"_runtime":1015.433261477,"test_balanced_accuracy0.25":0.5,"val_balanced_accuracy0.75":0.5,"val_precision0.75":0,"test_balanced_accuracy0.5":0.5563559322033897,"val_accuracy0.25":0.24761904776096344,"test_accuracy0.5":0.6582278609275818,"val_precision0.25":0.24761904776096344,"val_recall0.75":0,"_step":281,"test_precision0.25":0.2531645596027374,"val_balanced_accuracy0.25":0.5,"test_precision0.75":0,"test_recall0.5":0.3499999940395355,"val_recall0.25":1}