{"train_auroc":0.985714316368103,"_step":73,"val_loss":0.8390007019042969,"test_accuracy":0.6202531456947327,"test_auroc":0.44830507040023804,"train_loss":0.01781243272125721,"_wandb":{"runtime":1366},"test_precision":0.1428571492433548,"_timestamp":1.7477062216853817e+09,"val_recall":0.125,"val_accuracy":0.75,"test_recall":0.10000000149011612,"val_auroc":0.5416666865348816,"val_precision":0.5,"_runtime":1366.097948594}