{"val_recall0.25":1,"val_recall0.75":0,"test_balanced_accuracy0.25":0.5,"val_accuracy0.25":0.25471699237823486,"_runtime":1085.335917212,"test_accuracy0.25":0.25,"_step":181,"test_precision0.75":0,"test_accuracy0.5":0.25,"val_precision0.25":0.25471699237823486,"val_accuracy0.75":0.7452830076217651,"_wandb":{"runtime":1085},"val_auroc":0.5869667530059814,"val_precision0.5":0.25471699237823486,"train_auroc":0.49469590187072754,"val_balanced_accuracy0.25":0.5,"test_recall0.75":0,"test_balanced_accuracy0.75":0.5,"val_precision0.75":0,"val_recall0.5":1,"val_accuracy0.5":0.25471699237823486,"test_precision0.5":0.25,"val_balanced_accuracy0.75":0.5,"_timestamp":1.7550064628074582e+09,"test_precision0.25":0.25,"train_loss":2.07700252532959,"test_auroc":0.5724999904632568,"test_recall0.5":1,"test_balanced_accuracy0.5":0.5,"val_balanced_accuracy0.5":0.5,"test_recall0.25":1,"test_accuracy0.75":0.75}