{"val_balanced_accuracy0.75":0.5,"val_accuracy0.25":0.25233644247055054,"val_balanced_accuracy0.5":0.4923611111111111,"val_precision0.5":0.23999999463558197,"val_recall0.5":0.2222222238779068,"_runtime":3373.796866205,"test_auroc":0.503333330154419,"test_balanced_accuracy0.25":0.5,"train_auroc":0.7462126016616821,"val_balanced_accuracy0.25":0.5,"test_balanced_accuracy0.5":0.5416666666666666,"_step":999,"test_recall0.75":0,"_wandb":{"runtime":3373},"test_balanced_accuracy0.75":0.5,"val_recall0.75":0,"val_accuracy0.5":0.6261682510375977,"val_recall0.25":1,"test_accuracy0.75":0.75,"test_accuracy0.25":0.25,"test_precision0.25":0.25,"test_accuracy0.5":0.6625000238418579,"test_recall0.25":1,"test_precision0.5":0.31578946113586426,"test_precision0.75":0,"val_precision0.25":0.25233644247055054,"test_recall0.5":0.30000001192092896,"train_loss":1.8046067953109741,"val_auroc":0.4962962865829468,"val_precision0.75":0,"_timestamp":1.7538077489110954e+09,"val_accuracy0.75":0.7476635575294495}