{"test_accuracy0.75":0.612500011920929,"val_recall0.25":0.3333333432674408,"test_recall0.75":0.15000000596046448,"val_accuracy0.5":0.6261682510375977,"test_balanced_accuracy0.5":0.43333333333333335,"val_balanced_accuracy0.75":0.5231481481481481,"val_auroc":0.5157407522201538,"_timestamp":1.7537490318854334e+09,"test_recall0.5":0.15000000596046448,"val_accuracy0.25":0.5607476830482483,"test_recall0.25":0.15000000596046448,"val_precision0.5":0.29032257199287415,"test_balanced_accuracy0.25":0.375,"test_precision0.5":0.15000000596046448,"test_precision0.75":0.1764705926179886,"_step":340,"train_loss":0.00522036524489522,"_runtime":1509.192676881,"train_auroc":1,"val_precision0.25":0.2368421107530594,"test_accuracy0.5":0.574999988079071,"val_accuracy0.75":0.6355140209197998,"val_balanced_accuracy0.5":0.5291666666666667,"test_precision0.25":0.1111111119389534,"test_auroc":0.367499977350235,"test_balanced_accuracy0.75":0.45833333333333337,"val_precision0.75":0.2857142984867096,"val_balanced_accuracy0.25":0.4854166666666666,"val_recall0.75":0.29629629850387573,"_wandb":{"runtime":1509},"test_accuracy0.25":0.48750001192092896,"val_recall0.5":0.3333333432674408}