{"_wandb":{"runtime":3346},"test_precision0.75":0.5,"test_accuracy0.75":0.75,"val_precision0.75":0,"_timestamp":1.7550446675800846e+09,"test_balanced_accuracy0.25":0.55,"test_precision0.5":0.4000000059604645,"val_accuracy0.25":0.7358490824699402,"val_balanced_accuracy0.75":0.4810126582278481,"train_auroc":1,"val_recall0.25":0.29629629850387573,"_runtime":3346.690948547,"val_balanced_accuracy0.25":0.5911861228316924,"test_accuracy0.5":0.737500011920929,"val_accuracy0.75":0.7169811129570007,"test_recall0.25":0.20000000298023224,"val_balanced_accuracy0.5":0.5117205813408345,"val_recall0.5":0.07407407462596893,"test_balanced_accuracy0.75":0.5166666666666666,"train_loss":0.012898270972073078,"test_auroc":0.6191666722297668,"test_accuracy0.25":0.7250000238418579,"val_accuracy0.5":0.7264150977134705,"test_recall0.5":0.10000000149011612,"_step":550,"test_recall0.75":0.05000000074505806,"val_precision0.25":0.47058823704719543,"val_recall0.75":0,"test_balanced_accuracy0.5":0.525,"test_precision0.25":0.4000000059604645,"val_precision0.5":0.3333333432674408,"val_auroc":0.5250820517539978}