{"_step":117,"test_auroc":0.5861742496490479,"test_balanced_accuracy":0.5965909090909092,"_runtime":409.376081633,"val_balanced_accuracy":0.4714285714285714,"_timestamp":1.7494851430602982e+09,"train_auroc":1,"test_recall":0.375,"val_precision":0.20000000298023224,"val_loss":5.990871429443359,"train_loss":0.00011208882642677054,"val_accuracy":0.6296296119689941,"val_auroc":0.6214286088943481,"_wandb":{"runtime":409},"test_accuracy":0.7099236845970154,"test_precision":0.4000000059604645,"val_recall":0.1428571492433548}