{"test_auroc":0.5,"_step":35,"_wandb":{"runtime":727},"train_auroc":0.5,"val_recall":0,"_timestamp":1.7476942984152513e+09,"val_precision":0,"test_recall":0,"val_auroc":0.5,"val_accuracy":0.75,"test_accuracy":0.746835470199585,"val_loss":0.3636029362678528,"test_precision":0,"train_loss":0.3720554709434509,"_runtime":724.953252614}