{"val_precision0.75":0.2647058963775635,"test_precision0.5":0.2647058963775635,"test_accuracy0.75":0.5696202516555786,"val_accuracy0.5":0.5714285969734192,"test_recall0.5":0.44999998807907104,"val_accuracy0.75":0.6000000238418579,"_wandb":{"runtime":973},"val_recall0.75":0.3461538553237915,"val_precision0.5":0.2432432472705841,"train_auroc":1,"test_auroc":0.5177966356277466,"val_precision0.25":0.2631579041481018,"test_accuracy0.25":0.5189873576164246,"val_recall0.5":0.3461538553237915,"test_balanced_accuracy0.25":0.49618644067796613,"train_loss":0.0010926334653049707,"val_auroc":0.5581791400909424,"test_recall0.25":0.44999998807907104,"val_balanced_accuracy0.75":0.5148490749756572,"test_accuracy0.5":0.5443037748336792,"test_balanced_accuracy0.5":0.513135593220339,"val_balanced_accuracy0.5":0.49586173320350535,"val_recall0.25":0.38461539149284363,"test_balanced_accuracy0.75":0.5300847457627119,"_timestamp":1.7514000359232807e+09,"val_balanced_accuracy0.25":0.5150925024342746,"test_recall0.75":0.44999998807907104,"test_precision0.75":0.28125,"val_accuracy0.25":0.5809524059295654,"test_precision0.25":0.25,"_step":199,"_runtime":973.027437783}