{"test_accuracy0.75":0.737500011920929,"val_balanced_accuracy0.25":0.46828703703703706,"test_accuracy0.5":0.7124999761581421,"test_recall0.5":0,"val_balanced_accuracy0.75":0.49375,"val_auroc":0.4462962746620178,"test_balanced_accuracy0.75":0.49166666666666664,"val_recall0.75":0,"test_precision0.25":0.27272728085517883,"train_auroc":1,"_runtime":3543.898291846,"_timestamp":1.7535743913990254e+09,"_wandb":{"runtime":3543},"test_accuracy0.25":0.6875,"val_precision0.5":0,"val_precision0.25":0.1538461595773697,"test_precision0.5":0,"val_precision0.75":0,"train_loss":0.011241907253861427,"test_balanced_accuracy0.25":0.5083333333333333,"test_balanced_accuracy0.5":0.475,"test_recall0.75":0,"test_recall0.25":0.15000000596046448,"val_accuracy0.5":0.7102803587913513,"val_accuracy0.25":0.663551390171051,"val_accuracy0.75":0.7383177280426025,"_step":576,"test_auroc":0.5541666746139526,"val_recall0.5":0,"test_precision0.75":0,"val_balanced_accuracy0.5":0.475,"val_recall0.25":0.07407407462596893}