{"_step":81,"test_auroc":0.4734075665473938,"test_accuracy":0.7480915784835815,"train_auroc":0.5383572578430176,"val_auroc":0.5142857432365417,"_wandb":{"runtime":875},"test_recall":0,"train_loss":1.6815295219421387,"_runtime":875.253648628,"val_recall":0,"val_precision":0,"val_accuracy":0.7407407164573669,"_timestamp":1.7495381023158648e+09,"val_loss":1.72734797000885,"test_balanced_accuracy":0.5,"test_precision":0,"val_balanced_accuracy":0.5}