{"val_balanced_accuracy0.75":0.5525803310613437,"val_accuracy0.25":0.6571428775787354,"val_balanced_accuracy0.5":0.5399221032132424,"_timestamp":1.7501793996827016e+09,"val_balanced_accuracy0.25":0.5528237585199611,"val_recall0.75":0.3076923191547394,"test_accuracy0.5":0.6582278609275818,"test_balanced_accuracy0.5":0.4902542372881356,"test_balanced_accuracy0.75":0.498728813559322,"_runtime":2351.536873615,"test_balanced_accuracy0.25":0.4817796610169492,"val_recall0.5":0.3076923191547394,"train_auroc":1,"test_recall0.25":0.15000000596046448,"test_precision0.75":0.25,"_wandb":{"runtime":2351},"val_precision0.25":0.3214285671710968,"val_accuracy0.5":0.6571428775787354,"val_recall0.25":0.3461538553237915,"test_precision0.25":0.2142857164144516,"val_accuracy0.75":0.6761904954910278,"test_recall0.5":0.15000000596046448,"val_precision0.75":0.3333333432674408,"test_accuracy0.25":0.6455696225166321,"test_accuracy0.75":0.6708860993385315,"val_precision0.5":0.3076923191547394,"val_auroc":0.5652385950088501,"test_recall0.75":0.15000000596046448,"train_loss":1.6113059245981276e-05,"_step":347,"test_precision0.5":0.23076923191547394,"test_auroc":0.4076271057128906}