{"val_accuracy":0.7407407164573669,"test_balanced_accuracy":0.5,"val_balanced_accuracy":0.5,"_timestamp":1.7494847324769025e+09,"_runtime":180.279968578,"test_auroc":0.6020814180374146,"test_accuracy":0.75,"test_precision":0,"test_recall":0,"val_precision":0,"val_auroc":0.3285714387893677,"train_auroc":0.5581531524658203,"val_loss":1.7791216373443604,"_wandb":{"runtime":180},"_step":54,"train_loss":1.6765351295471191,"val_recall":0}