{"val_accuracy0.5":0.7523809671401978,"test_precision0.75":0,"test_balanced_accuracy0.25":0.5,"val_balanced_accuracy0.25":0.5,"val_auroc":0.6304771304130554,"val_balanced_accuracy0.5":0.5,"val_recall0.5":0,"test_recall0.5":0,"test_recall0.75":0,"test_auroc":0.6296610236167908,"test_balanced_accuracy0.5":0.5,"train_auroc":0.4718841314315796,"val_accuracy0.25":0.7523809671401978,"test_accuracy0.25":0.746835470199585,"_runtime":1160.740505511,"_step":194,"test_accuracy0.5":0.746835470199585,"train_loss":1.695235013961792,"test_recall0.25":0,"val_precision0.25":0,"test_balanced_accuracy0.75":0.5,"test_accuracy0.75":0.746835470199585,"val_recall0.25":0,"val_precision0.75":0,"_timestamp":1.7501550339127128e+09,"_wandb":{"runtime":1160},"test_precision0.5":0,"test_precision0.25":0,"val_recall0.75":0,"val_accuracy0.75":0.7523809671401978,"val_precision0.5":0,"val_balanced_accuracy0.75":0.5}