{"val_recall0.5":0.8888888955116272,"val_balanced_accuracy0.25":0.5,"_timestamp":1.7535273659308023e+09,"test_precision0.5":0.2461538463830948,"val_precision0.75":0,"test_accuracy0.5":0.3375000059604645,"test_recall0.25":1,"test_accuracy0.25":0.25,"test_recall0.5":0.800000011920929,"val_recall0.75":0,"_wandb":{"runtime":1291},"test_balanced_accuracy0.75":0.5,"train_auroc":0.6997883319854736,"val_accuracy0.25":0.25471699237823486,"test_recall0.75":0,"val_balanced_accuracy0.75":0.5,"val_balanced_accuracy0.5":0.5710267229254571,"val_accuracy0.75":0.7452830076217651,"val_precision0.5":0.28915661573410034,"val_accuracy0.5":0.4150943458080292,"test_precision0.75":0,"test_accuracy0.75":0.75,"val_precision0.25":0.25471699237823486,"train_loss":2.068840265274048,"test_balanced_accuracy0.5":0.4916666666666667,"_step":318,"val_auroc":0.5729019641876221,"_runtime":1291.705734963,"test_auroc":0.5983332991600037,"test_balanced_accuracy0.25":0.5,"test_precision0.25":0.25,"val_recall0.25":1}