{"val_accuracy0.25":0.5925925970077515,"val_recall0.25":0.2857142984867096,"test_balanced_accuracy0.75":0.4797979797979798,"test_precision0.75":0.22499999403953552,"val_accuracy0.75":0.5925925970077515,"val_precision0.75":0.25,"val_auroc":0.5035714507102966,"val_balanced_accuracy0.75":0.4928571428571428,"_timestamp":1.7496891818390715e+09,"train_auroc":1,"test_accuracy0.25":0.5378788113594055,"val_precision0.25":0.25,"test_accuracy0.75":0.5833333134651184,"val_accuracy0.5":0.5925925970077515,"_wandb":{"runtime":1976},"test_balanced_accuracy0.5":0.4696969696969697,"test_recall0.5":0.3030303120613098,"test_recall0.75":0.27272728085517883,"test_precision0.25":0.2083333283662796,"_step":499,"_runtime":1976.4800867,"test_balanced_accuracy0.25":0.45959595959595956,"train_loss":7.896709576016292e-06,"val_recall0.5":0.2857142984867096,"test_precision0.5":0.21739129722118378,"val_balanced_accuracy0.25":0.4928571428571428,"test_accuracy0.5":0.5530303120613098,"val_balanced_accuracy0.5":0.4928571428571428,"test_auroc":0.4585246443748474,"val_precision0.5":0.25,"test_recall0.25":0.3030303120613098,"val_recall0.75":0.2857142984867096}