{"test_auroc":0.4432203471660614,"val_recall0.5":0.11538461595773697,"val_precision0.5":0.23076923191547394,"val_accuracy0.5":0.6857143044471741,"test_recall0.25":0.15000000596046448,"test_precision0.5":0.3333333432674408,"val_balanced_accuracy0.5":0.4944011684518014,"test_balanced_accuracy0.25":0.5580508474576271,"test_accuracy0.5":0.7341772317886353,"test_balanced_accuracy0.5":0.5080508474576271,"val_precision0.75":0.23076923191547394,"test_accuracy0.25":0.7594936490058899,"test_precision0.25":0.6000000238418579,"val_auroc":0.5817916393280029,"test_accuracy0.75":0.7341772317886353,"val_balanced_accuracy0.75":0.4944011684518014,"test_recall0.75":0,"_step":371,"val_recall0.25":0.1538461595773697,"val_precision0.25":0.23529411852359772,"val_accuracy0.25":0.6666666865348816,"val_recall0.75":0.11538461595773697,"test_recall0.5":0.05000000074505806,"test_precision0.75":0,"train_loss":0.4728435277938843,"train_auroc":0.9927495718002319,"test_balanced_accuracy0.75":0.4915254237288136,"val_accuracy0.75":0.6857143044471741,"val_balanced_accuracy0.25":0.4946445959104187,"_timestamp":1.751094786030183e+09,"_runtime":5007.211202183,"_wandb":{"runtime":5007}}