{"val_accuracy0.25":0.5047619342803955,"val_recall0.25":0.42307692766189575,"test_precision0.25":0.25806450843811035,"test_accuracy0.25":0.5569620132446289,"val_balanced_accuracy0.5":0.5024342745861733,"test_recall0.5":0.30000001192092896,"val_auroc":0.4863680601119995,"_timestamp":1.7514241147863486e+09,"test_precision0.5":0.25,"test_recall0.75":0.30000001192092896,"val_precision0.25":0.2291666716337204,"_wandb":{"runtime":3280},"train_loss":0.1621561497449875,"val_balanced_accuracy0.25":0.4773612463485881,"val_accuracy0.5":0.561904788017273,"test_balanced_accuracy0.75":0.5144067796610169,"val_accuracy0.75":0.5904762148857117,"val_recall0.75":0.26923078298568726,"val_precision0.75":0.22580644488334656,"test_balanced_accuracy0.5":0.49745762711864405,"val_balanced_accuracy0.75":0.48271665043816947,"test_accuracy0.75":0.6202531456947327,"test_balanced_accuracy0.25":0.5050847457627119,"_step":546,"val_recall0.5":0.38461539149284363,"val_precision0.5":0.25,"test_precision0.75":0.27272728085517883,"test_accuracy0.5":0.594936728477478,"test_auroc":0.501694917678833,"train_auroc":0.9987581968307495,"test_recall0.25":0.4000000059604645,"_runtime":3280.294667775}