{"test_balanced_accuracy0.75":0.5906779661016949,"test_accuracy0.75":0.7341772317886353,"val_recall0.25":0.42307692766189575,"test_auroc":0.6275423765182495,"val_precision0.5":0.4000000059604645,"val_balanced_accuracy0.5":0.5973709834469328,"test_recall0.25":0.30000001192092896,"_timestamp":1.7507041896529448e+09,"test_accuracy0.25":0.6835442781448364,"val_accuracy0.25":0.6952381134033203,"train_auroc":1,"test_precision0.75":0.4615384638309479,"train_loss":6.926873652446375e-07,"val_accuracy0.5":0.7047619223594666,"test_precision0.5":0.4285714328289032,"val_precision0.75":0.375,"test_recall0.75":0.30000001192092896,"_step":239,"val_precision0.25":0.3928571343421936,"val_balanced_accuracy0.75":0.5781402142161636,"_wandb":{"runtime":2089},"val_balanced_accuracy0.25":0.6039435248296008,"val_recall0.5":0.38461539149284363,"val_auroc":0.594936728477478,"test_recall0.5":0.30000001192092896,"test_accuracy0.5":0.7215189933776855,"test_precision0.25":0.3529411852359772,"val_recall0.75":0.3461538553237915,"test_balanced_accuracy0.25":0.5567796610169492,"test_balanced_accuracy0.5":0.5822033898305085,"_runtime":2089.781352367,"val_accuracy0.75":0.6952381134033203}