{"_wandb":{"runtime":2871},"val_balanced_accuracy0.75":0.5,"test_balanced_accuracy0.75":0.5,"test_balanced_accuracy0.5":0.5416666666666666,"val_precision0.25":0.25471699237823486,"test_auroc":0.6049999594688416,"_runtime":2871.538554649,"val_accuracy0.25":0.25471699237823486,"val_auroc":0.5757149457931519,"_timestamp":1.7535991071594744e+09,"val_accuracy0.75":0.7452830076217651,"test_accuracy0.75":0.75,"test_accuracy0.25":0.25,"test_recall0.5":0.75,"val_accuracy0.5":0.43396225571632385,"val_recall0.75":0,"train_auroc":0.6436313986778259,"val_recall0.25":1,"test_precision0.5":0.27272728085517883,"test_recall0.75":0,"test_precision0.75":0,"_step":445,"test_recall0.25":1,"val_balanced_accuracy0.25":0.5,"val_precision0.5":0.2857142984867096,"val_balanced_accuracy0.5":0.5593061415846226,"test_balanced_accuracy0.25":0.5,"test_accuracy0.5":0.4375,"train_loss":2.0309998989105225,"test_precision0.25":0.25,"val_precision0.75":0,"val_recall0.5":0.8148148059844971}