{"train_loss":0.06517816334962845,"test_recall0.5":0.20000000298023224,"test_precision0.75":0.25,"test_auroc":0.47372880578041077,"train_auroc":0.999359130859375,"val_recall0.25":0.23076923191547394,"test_balanced_accuracy0.5":0.4898305084745763,"test_accuracy0.75":0.6455696225166321,"val_accuracy0.75":0.6761904954910278,"val_recall0.5":0.23076923191547394,"_timestamp":1.7513949870527e+09,"val_recall0.75":0.23076923191547394,"val_precision0.5":0.27272728085517883,"val_balanced_accuracy0.75":0.5267770204479065,"val_precision0.25":0.23076923191547394,"_wandb":{"runtime":1070},"test_precision0.25":0.23999999463558197,"test_accuracy0.25":0.5822784900665283,"val_auroc":0.472736120223999,"test_recall0.75":0.20000000298023224,"_step":202,"test_accuracy0.5":0.6329113841056824,"test_balanced_accuracy0.25":0.48898305084745763,"test_recall0.25":0.30000001192092896,"test_precision0.5":0.23529411852359772,"val_accuracy0.25":0.6190476417541504,"val_precision0.75":0.30000001192092896,"val_accuracy0.5":0.6571428775787354,"val_balanced_accuracy0.5":0.5141187925998053,"val_balanced_accuracy0.25":0.48880233690360275,"_runtime":1070.438615457,"test_balanced_accuracy0.75":0.49830508474576274}