{"test_accuracy0.75":0.699999988079071,"val_accuracy0.25":0.514018714427948,"val_recall0.5":0.25925925374031067,"val_accuracy0.75":0.7102803587913513,"val_precision0.25":0.20930232107639313,"train_auroc":0.9993671178817749,"test_recall0.5":0.20000000298023224,"test_balanced_accuracy0.75":0.48333333333333334,"val_balanced_accuracy0.25":0.4541666666666666,"test_balanced_accuracy0.5":0.5,"val_recall0.25":0.3333333432674408,"val_balanced_accuracy0.75":0.5118055555555555,"val_balanced_accuracy0.5":0.5421296296296296,"test_accuracy0.5":0.6499999761581421,"val_precision0.5":0.3333333432674408,"val_precision0.75":0.30000001192092896,"_wandb":{"runtime":4074},"_timestamp":1.7538694935431948e+09,"val_auroc":0.5013889074325562,"_step":999,"test_auroc":0.4908333122730255,"test_recall0.25":0.5,"_runtime":4074.690024354,"test_precision0.25":0.29411765933036804,"test_balanced_accuracy0.25":0.55,"test_accuracy0.25":0.574999988079071,"train_loss":0.19446617364883423,"test_recall0.75":0.05000000074505806,"test_precision0.5":0.25,"test_precision0.75":0.1666666716337204,"val_accuracy0.5":0.6822429895401001,"val_recall0.75":0.1111111119389534}