{"train_loss":1.7095274925231934,"_runtime":424.756365208,"val_recall":0,"test_accuracy":0.7480915784835815,"val_auroc":0.6642857193946838,"val_precision":0,"test_auroc":0.5590599775314331,"_wandb":{"runtime":424},"train_auroc":0.3664277493953705,"test_precision":0,"_step":64,"val_loss":1.7309808731079102,"val_accuracy":0.7407407164573669,"test_balanced_accuracy":0.5,"test_recall":0,"_timestamp":1.7495684325476675e+09,"val_balanced_accuracy":0.5}