{"val_recall":0.75,"val_auroc":0.5677083134651184,"val_precision":0.75,"_runtime":7.272664799,"val_accuracy":0.75,"_step":0,"_timestamp":1.7483557997357538e+09,"val_balanced_accuracy":0.5,"_wandb":{"runtime":7},"val_loss":4.774470329284668}