{"val_recall0.25":0.07407407462596893,"test_accuracy0.5":0.7124999761581421,"_wandb":{"runtime":3455},"test_balanced_accuracy0.75":0.48333333333333334,"val_recall0.75":0,"val_auroc":0.4337962865829468,"train_auroc":1,"val_precision0.25":0.1428571492433548,"val_balanced_accuracy0.25":0.462037037037037,"test_precision0.25":0.25,"_step":576,"val_balanced_accuracy0.75":0.49375,"test_recall0.75":0,"train_loss":0.011689838953316212,"test_accuracy0.25":0.675000011920929,"val_accuracy0.25":0.6542056202888489,"test_recall0.5":0,"val_recall0.5":0,"test_balanced_accuracy0.25":0.5,"test_recall0.25":0.15000000596046448,"val_precision0.5":0,"val_balanced_accuracy0.5":0.475,"val_accuracy0.5":0.7102803587913513,"_timestamp":1.7550381552264287e+09,"test_auroc":0.5450000166893005,"val_precision0.75":0,"test_precision0.75":0,"test_accuracy0.75":0.7250000238418579,"test_precision0.5":0,"val_accuracy0.75":0.7383177280426025,"test_balanced_accuracy0.5":0.475,"_runtime":3455.819106439}