{"val_recall0.5":0,"_step":238,"test_recall0.25":0,"test_precision0.5":0,"test_accuracy0.5":0.746835470199585,"val_balanced_accuracy0.75":0.5,"val_accuracy0.25":0.7523809671401978,"val_balanced_accuracy0.5":0.5,"test_auroc":0.5974575877189636,"_runtime":1419.394728932,"val_accuracy0.75":0.7523809671401978,"test_balanced_accuracy0.75":0.5,"_wandb":{"runtime":1419},"val_balanced_accuracy0.25":0.5,"test_precision0.25":0,"test_precision0.75":0,"_timestamp":1.7501487475778081e+09,"test_accuracy0.75":0.746835470199585,"test_accuracy0.25":0.746835470199585,"val_precision0.25":0,"train_auroc":0.4031158685684204,"val_recall0.25":0,"train_loss":1.6942236423492432,"test_recall0.75":0,"test_balanced_accuracy0.5":0.5,"val_auroc":0.6173319816589355,"val_precision0.75":0,"val_precision0.5":0,"test_recall0.5":0,"val_recall0.75":0,"test_balanced_accuracy0.25":0.5,"val_accuracy0.5":0.7523809671401978}