{"train_loss":1.6850720643997192,"val_loss":1.7421951293945312,"val_accuracy":0.7407407164573669,"test_recall":0,"test_precision":0,"_runtime":194.43488827,"test_balanced_accuracy":0.5,"test_accuracy":0.75,"test_auroc":0.5540250539779663,"val_recall":0,"_step":50,"val_precision":0,"train_auroc":0.5621469020843506,"_timestamp":1.749565061905121e+09,"_wandb":{"runtime":194},"val_auroc":0.3142857253551483,"val_balanced_accuracy":0.5}