{"val_precision0.5":0,"val_precision0.75":0,"val_accuracy0.25":0.25471699237823486,"val_precision0.25":0.25471699237823486,"val_recall0.75":0,"train_logvar":-4.203182157880292e-08,"test_balanced_accuracy0.25":0.5,"test_balanced_accuracy0.5":0.5,"test_precision0.75":0,"test_balanced_accuracy0.75":0.5,"val_recall0.25":1,"val_balanced_accuracy0.5":0.5,"test_precision0.25":0.25,"test_accuracy0.25":0.25,"test_accuracy0.5":0.75,"test_recall0.5":0,"test_accuracy0.75":0.75,"test_recall0.25":1,"_runtime":3330.781486751,"train_recon_loss_no_kld":0.857853889465332,"val_balanced_accuracy0.25":0.5,"val_balanced_accuracy0.75":0.5,"_wandb":{"runtime":3330},"train_surv_loss":1.0047355890274048,"val_accuracy0.75":0.7452830076217651,"test_precision0.5":0,"val_recall0.5":0,"test_auroc":0.5395833253860474,"val_accuracy0.5":0.7452830076217651,"train_kld_loss":0.9524340629577637,"test_recall0.75":0,"val_auroc":0.46882325410842896,"train_auroc":0.53076171875,"_step":162,"_timestamp":1.7549687486755884e+09,"train_mu":-4.020931854142873e-08,"train_loss":1.9098799228668213}