{"train_loss":2.0713770389556885,"test_recall0.5":0,"val_accuracy0.5":0.7547169923782349,"test_precision0.25":0.25,"val_auroc":0.5514423251152039,"test_balanced_accuracy0.5":0.5,"test_accuracy0.5":0.75,"val_accuracy0.75":0.7547169923782349,"test_precision0.75":0,"val_precision0.25":0.24528302252292633,"train_auroc":0.4558875560760498,"_step":262,"val_precision0.5":0,"val_recall0.5":0,"test_precision0.5":0,"_runtime":1897.444295915,"test_accuracy0.75":0.75,"_timestamp":1.7549620910774186e+09,"val_recall0.75":0,"test_accuracy0.25":0.25,"val_accuracy0.25":0.24528302252292633,"_wandb":{"runtime":1897},"val_balanced_accuracy0.5":0.5,"test_auroc":0.5300000309944153,"test_balanced_accuracy0.75":0.5,"test_recall0.25":1,"val_balanced_accuracy0.25":0.5,"test_balanced_accuracy0.25":0.5,"val_balanced_accuracy0.75":0.5,"val_recall0.25":1,"val_precision0.75":0,"test_recall0.75":0}