{"test_balanced_accuracy":0.4696969696969697,"val_auroc":0.5857143402099609,"_timestamp":1.7494963490643237e+09,"train_auroc":1,"test_recall":0.06060606241226196,"test_accuracy":0.6742424368858337,"_step":110,"val_loss":4.547306060791016,"val_accuracy":0.7037037014961243,"train_loss":0.0003001359582412988,"val_balanced_accuracy":0.475,"val_precision":0,"_wandb":{"runtime":472},"test_auroc":0.4276094436645508,"val_recall":0,"_runtime":472.610920518,"test_precision":0.1428571492433548}