{"train_loss":2.096918933602865e-06,"test_accuracy0.25":0.6835442781448364,"val_precision0.75":0,"val_accuracy0.5":0.6380952596664429,"test_balanced_accuracy0.25":0.5402542372881356,"_wandb":{"runtime":1791},"val_recall0.5":0.03846153989434242,"val_precision0.25":0.11764705926179886,"test_precision0.5":0.2857142984867096,"train_auroc":1,"_timestamp":1.7498074175541553e+09,"val_recall0.75":0,"test_recall0.5":0.20000000298023224,"val_balanced_accuracy0.25":0.443524829600779,"test_accuracy0.5":0.6708860993385315,"_step":499,"test_recall0.25":0.25,"test_accuracy0.75":0.6708860993385315,"test_balanced_accuracy0.75":0.5152542372881356,"val_precision0.5":0.0714285746216774,"val_balanced_accuracy0.5":0.436952288218111,"test_balanced_accuracy0.5":0.5152542372881356,"val_balanced_accuracy0.75":0.43037974683544306,"test_auroc":0.6542372703552246,"val_recall0.25":0.07692307978868484,"val_auroc":0.5258033275604248,"test_precision0.75":0.2857142984867096,"val_accuracy0.25":0.6285714507102966,"test_recall0.75":0.20000000298023224,"val_accuracy0.75":0.6476190686225891,"_runtime":1791.989710339,"test_precision0.25":0.3333333432674408}