{"val_balanced_accuracy0.5":0.4817429406037001,"val_accuracy0.75":0.6857143044471741,"test_precision0.5":0.3333333432674408,"val_precision0.75":0.1818181872367859,"train_auroc":1,"val_balanced_accuracy0.75":0.48149951314508277,"test_accuracy0.5":0.6582278609275818,"_wandb":{"runtime":1469},"_step":419,"test_balanced_accuracy0.5":0.5563559322033897,"val_precision0.25":0.2222222238779068,"val_auroc":0.5141187906265259,"val_recall0.25":0.1538461595773697,"train_loss":3.392211510799825e-05,"test_accuracy0.75":0.6835442781448364,"test_precision0.25":0.30434781312942505,"val_balanced_accuracy0.25":0.4883154819863681,"test_auroc":0.6033898591995239,"test_balanced_accuracy0.75":0.5567796610169492,"test_precision0.75":0.3529411852359772,"val_precision0.5":0.20000000298023224,"test_recall0.25":0.3499999940395355,"val_recall0.5":0.11538461595773697,"val_recall0.75":0.07692307978868484,"_runtime":1469.984957642,"_timestamp":1.7501764135967722e+09,"test_accuracy0.25":0.6329113841056824,"test_recall0.5":0.3499999940395355,"test_balanced_accuracy0.25":0.5394067796610169,"val_accuracy0.25":0.6571428775787354,"test_recall0.75":0.30000001192092896,"val_accuracy0.5":0.6666666865348816}