{"_step":260,"test_auroc":0.6333333253860474,"val_precision0.5":0.27272728085517883,"val_precision0.25":0.3055555522441864,"val_recall0.75":0.3333333432674408,"val_recall0.25":0.40740740299224854,"val_balanced_accuracy0.75":0.5337552742616034,"train_loss":0.0022970379795879126,"test_precision0.25":0.37037035822868347,"_timestamp":1.7539543533075497e+09,"_runtime":1702.852133573,"val_recall0.5":0.3333333432674408,"val_balanced_accuracy0.25":0.5454758556024378,"test_precision0.5":0.3913043439388275,"val_accuracy0.25":0.6132075190544128,"test_precision0.75":0.3913043439388275,"val_accuracy0.75":0.6320754885673523,"val_balanced_accuracy0.5":0.5147679324894515,"val_precision0.75":0.30000001192092896,"val_auroc":0.513830304145813,"test_recall0.75":0.44999998807907104,"val_accuracy0.5":0.6037735939025879,"test_accuracy0.5":0.6875,"test_recall0.5":0.44999998807907104,"test_balanced_accuracy0.75":0.6083333333333334,"test_balanced_accuracy0.5":0.6083333333333334,"test_accuracy0.25":0.6625000238418579,"train_auroc":1,"test_recall0.25":0.5,"test_balanced_accuracy0.25":0.6083333333333334,"_wandb":{"runtime":1702},"test_accuracy0.75":0.6875}