{"test_recall0.5":0.5,"val_recall0.25":0.7777777910232544,"train_auroc":0.9837499856948853,"test_accuracy0.75":0.625,"val_precision0.5":0.2678571343421936,"test_accuracy0.25":0.4625000059604645,"val_precision0.75":0.2631579041481018,"test_balanced_accuracy0.5":0.5333333333333333,"test_auroc":0.5241667032241821,"_wandb":{"runtime":8816},"val_balanced_accuracy0.75":0.5101851851851852,"val_auroc":0.5634259581565857,"val_balanced_accuracy0.5":0.5215277777777778,"test_precision0.75":0.25,"val_balanced_accuracy0.25":0.5638888888888889,"test_recall0.75":0.25,"val_accuracy0.25":0.4579439163208008,"val_accuracy0.75":0.5794392228126526,"_runtime":8816.053539743,"val_recall0.5":0.5555555820465088,"test_balanced_accuracy0.25":0.5583333333333333,"val_accuracy0.5":0.5046728849411011,"_timestamp":1.7537224659876246e+09,"test_balanced_accuracy0.75":0.5,"test_precision0.25":0.2830188572406769,"val_recall0.75":0.37037035822868347,"test_precision0.5":0.2777777910232544,"val_precision0.25":0.2876712381839752,"train_loss":0.4979887008666992,"_step":228,"test_recall0.25":0.75,"test_accuracy0.5":0.550000011920929}