{"val_precision0.75":0.4285714328289032,"test_balanced_accuracy0.25":0.5063559322033898,"val_accuracy0.75":0.7333333492279053,"test_recall0.5":0.20000000298023224,"test_balanced_accuracy0.5":0.4898305084745763,"val_accuracy0.5":0.7428571581840515,"val_recall0.5":0.26923078298568726,"val_recall0.25":0.26923078298568726,"_timestamp":1.7501166371721332e+09,"test_recall0.75":0.20000000298023224,"test_auroc":0.45508474111557007,"val_balanced_accuracy0.75":0.5647517039922103,"test_precision0.5":0.23529411852359772,"test_accuracy0.5":0.6329113841056824,"val_balanced_accuracy0.5":0.5839824732229796,"val_balanced_accuracy0.25":0.5839824732229796,"train_auroc":1,"test_precision0.75":0.23529411852359772,"_wandb":{"runtime":4622},"test_accuracy0.75":0.6329113841056824,"val_auroc":0.5012171268463135,"test_recall0.25":0.25,"test_balanced_accuracy0.75":0.4898305084745763,"val_recall0.75":0.23076923191547394,"test_accuracy0.25":0.6329113841056824,"val_precision0.25":0.46666666865348816,"test_precision0.25":0.2631579041481018,"train_loss":1.140190647674899e-06,"_runtime":4622.370346151,"val_precision0.5":0.46666666865348816,"_step":999,"val_accuracy0.25":0.7428571581840515}