{"val_auroc":0.3125,"_runtime":2425.366417722,"_timestamp":1.7477986733026385e+09,"val_precision":0,"train_loss":0.3674703538417816,"_step":20,"test_recall":0,"test_precision":0,"_wandb":{"runtime":2425},"test_accuracy":0.746835470199585,"val_loss":0.36627721786499023,"val_accuracy":0.75,"val_recall":0,"train_auroc":0.3903420567512512,"test_auroc":0.4186440706253052}