{"val_auroc":0.6071428656578064,"val_precision":0,"test_auroc":0.5344066023826599,"test_accuracy":0.7557252049446106,"test_recall":0,"train_loss":1.701083779335022,"val_loss":1.7285184860229492,"val_recall":0,"val_balanced_accuracy":0.5,"_timestamp":1.7495372257187936e+09,"_runtime":1225.292457557,"_step":123,"val_accuracy":0.7407407164573669,"train_auroc":0.45786648988723755,"_wandb":{"runtime":1225},"test_balanced_accuracy":0.5,"test_precision":0}