{"val_balanced_accuracy0.75":0.5,"_wandb":{"runtime":39},"val_accuracy0.5":0.3333333432674408,"val_balanced_accuracy0.25":0.5,"val_precision0.5":0.3333333432674408,"val_recall0.75":0,"_runtime":39.4510624,"val_precision0.75":0,"val_auroc":0.5,"val_balanced_accuracy0.5":0.5,"_step":0,"val_accuracy0.75":0.6666666865348816,"_timestamp":1.7534630066408e+09,"val_precision0.25":0.3333333432674408,"val_recall0.5":1,"val_accuracy0.25":0.3333333432674408,"val_recall0.25":1}