{"val_accuracy0.5":0.6822429895401001,"val_recall0.75":0.03703703731298447,"val_recall0.25":0.07407407462596893,"val_balanced_accuracy0.5":0.480787037037037,"val_precision0.25":0.1428571492433548,"test_balanced_accuracy0.75":0.4666666666666667,"test_recall0.75":0.05000000074505806,"val_precision0.75":0.1428571492433548,"val_auroc":0.4662036895751953,"test_precision0.25":0.1666666716337204,"val_balanced_accuracy0.75":0.4810185185185185,"test_auroc":0.5533332824707031,"val_accuracy0.75":0.7009345889091492,"val_balanced_accuracy0.25":0.462037037037037,"test_accuracy0.75":0.675000011920929,"test_precision0.5":0.1111111119389534,"_step":312,"_runtime":734.182081776,"test_balanced_accuracy0.25":0.4666666666666667,"val_recall0.5":0.07407407462596893,"_timestamp":1.7534628762580948e+09,"test_accuracy0.5":0.6625000238418579,"val_accuracy0.25":0.6542056202888489,"_wandb":{"runtime":734},"test_precision0.75":0.125,"test_recall0.5":0.05000000074505806,"test_balanced_accuracy0.5":0.45833333333333337,"train_auroc":1,"test_accuracy0.25":0.6499999761581421,"test_recall0.25":0.10000000149011612,"train_loss":0.00026347924722358584,"val_precision0.5":0.1818181872367859}