{"val_balanced_accuracy0.25":0.4,"val_recall0.5":0,"test_precision0.25":0.42307692766189575,"test_precision0.75":0.4761904776096344,"val_recall0.25":0,"test_accuracy0.25":0.7175572514533997,"val_precision0.25":0,"val_accuracy0.25":0.5925925970077515,"_runtime":1790.465712587,"val_balanced_accuracy0.75":0.425,"test_recall0.25":0.3333333432674408,"val_accuracy0.5":0.6296296119689941,"_step":499,"test_precision0.5":0.4583333432674408,"val_auroc":0.22857144474983215,"val_accuracy0.75":0.6296296119689941,"test_accuracy0.5":0.732824444770813,"val_balanced_accuracy0.5":0.425,"_wandb":{"runtime":1790},"val_precision0.5":0,"test_recall0.5":0.3333333432674408,"test_balanced_accuracy0.25":0.5901360544217688,"train_auroc":1,"train_loss":2.32054162552231e-06,"val_recall0.75":0,"test_recall0.75":0.3030303120613098,"test_auroc":0.6106988191604614,"test_balanced_accuracy0.75":0.5953927025355596,"test_balanced_accuracy0.5":0.6003401360544217,"_timestamp":1.74968720359502e+09,"val_precision0.75":0,"test_accuracy0.75":0.7404580116271973}