{"test_balanced_accuracy":0.5,"_timestamp":1.7495355180145547e+09,"val_auroc":0.5,"val_recall":0,"test_recall":0,"val_accuracy":0.7407407164573669,"test_auroc":0.5941557884216309,"val_loss":1.739209532737732,"test_precision":0,"val_precision":0,"_wandb":{"runtime":598},"_step":68,"train_auroc":0.44270628690719604,"test_accuracy":0.7480915784835815,"train_loss":1.6991368532180786,"val_balanced_accuracy":0.5,"_runtime":598.916352761}