{"test_precision":0,"train_loss":0.004368065856397152,"_runtime":1153.850859099,"val_precision":0.6666666865348816,"val_loss":0.7863149642944336,"val_auroc":0.6041666269302368,"_timestamp":1.7474499727326577e+09,"test_accuracy":0.6962025165557861,"_step":75,"train_auroc":1,"val_accuracy":0.78125,"test_auroc":0.4661017060279846,"_wandb":{"runtime":1154},"val_recall":0.25,"test_recall":0}