{"test_auroc":0.5,"val_precision":0,"val_recall":0,"train_loss":0.3606101870536804,"_wandb":{"runtime":664},"val_accuracy":0.75,"val_auroc":0.5,"_runtime":664.267047962,"_timestamp":1.7477083701797502e+09,"train_auroc":0.5,"test_recall":0,"_step":35,"test_accuracy":0.746835470199585,"val_loss":0.38090527057647705,"test_precision":0}