{"_timestamp":1.751307567628426e+09,"val_balanced_accuracy0.75":0.5,"test_auroc":1,"train_loss":0.7006138563156128,"test_balanced_accuracy0.25":0.5,"_wandb":{"runtime":14},"test_recall0.75":0,"_runtime":14.7545208,"test_balanced_accuracy0.75":0.5,"test_precision0.75":0,"val_balanced_accuracy0.25":0.5,"_step":1,"test_balanced_accuracy0.5":0.5,"val_accuracy0.5":0.3333333432674408,"test_accuracy0.75":0.5,"train_auroc":0,"val_recall0.75":0,"val_auroc":0,"val_recall0.5":1,"val_precision0.25":0.3333333432674408,"val_recall0.25":1,"test_accuracy0.5":0.5,"test_recall0.25":1,"val_precision0.5":0.3333333432674408,"val_balanced_accuracy0.5":0.5,"test_accuracy0.25":0.5,"val_accuracy0.75":0.6666666865348816,"test_recall0.5":1,"test_precision0.5":0.5,"test_precision0.25":0.5,"val_accuracy0.25":0.3333333432674408,"val_precision0.75":0}