val_loss,val_accuracy,val_auroc,val_precision,val_recall,epoch,step,train_loss,train_auroc
0.43733686208724976,0.75,0.5,0.0,0.0,0,8,,
,,,,,0,8,303.6341552734375,0.46049627661705017
0.37850701808929443,0.75,0.5,0.0,0.0,1,17,,
,,,,,1,17,0.413186639547348,0.5
0.3743700385093689,0.75,0.5,0.0,0.0,2,26,,
,,,,,2,26,0.39284956455230713,0.5
