{"val_precision0.75":0,"_runtime":8970.96704797,"_wandb":{"runtime":8970},"test_accuracy0.25":0.5874999761581421,"val_accuracy0.5":0.7075471878051758,"_step":999,"test_accuracy0.75":0.737500011920929,"val_accuracy0.25":0.46226415038108826,"val_recall0.75":0,"val_recall0.5":0.26923078298568726,"val_precision0.25":0.22807016968727112,"test_auroc":0.559166669845581,"val_auroc":0.5533653497695923,"test_precision0.25":0.3030303120613098,"val_balanced_accuracy0.75":0.5,"test_recall0.5":0.15000000596046448,"train_auroc":0.804216206073761,"val_recall0.25":0.5,"test_recall0.75":0,"val_accuracy0.75":0.7547169923782349,"train_loss":1.349068522453308,"val_precision0.5":0.3684210479259491,"test_balanced_accuracy0.5":0.5333333333333333,"val_balanced_accuracy0.5":0.5596153846153846,"_timestamp":1.7536182017024925e+09,"test_balanced_accuracy0.25":0.5583333333333333,"test_accuracy0.5":0.7250000238418579,"test_precision0.5":0.375,"test_balanced_accuracy0.75":0.49166666666666664,"test_recall0.25":0.5,"test_precision0.75":0,"val_balanced_accuracy0.25":0.475}