{"_wandb":{"runtime":239},"val_balanced_accuracy":0.5,"test_recall":0,"val_loss":1.7093687057495117,"_step":57,"_runtime":239.263684415,"val_precision":0,"train_auroc":0.5287752151489258,"test_balanced_accuracy":0.5,"val_accuracy":0.7407407164573669,"val_auroc":0.6571428775787354,"test_accuracy":0.7557252049446106,"test_auroc":0.5192550420761108,"_timestamp":1.7494938863209584e+09,"test_precision":0,"val_recall":0,"train_loss":1.69884192943573}