{"_step":50,"train_auroc":0.5744203925132751,"val_recall":0,"val_accuracy":0.7407407164573669,"_runtime":375.194171011,"_timestamp":1.7495852041083257e+09,"test_accuracy":0.75,"test_precision":0,"train_loss":1.6849644184112549,"val_precision":0,"val_auroc":0.41428571939468384,"val_balanced_accuracy":0.5,"test_auroc":0.5947352647781372,"test_balanced_accuracy":0.5,"_wandb":{"runtime":375},"val_loss":1.732403039932251,"test_recall":0}