{"test_recall0.25":0.20000000298023224,"test_recall0.75":0.15000000596046448,"_timestamp":1.750576316202735e+09,"test_precision0.5":0.1764705926179886,"test_balanced_accuracy0.75":0.4733050847457627,"test_auroc":0.45423731207847595,"test_balanced_accuracy0.25":0.46440677966101696,"test_accuracy0.75":0.6329113841056824,"test_precision0.75":0.20000000298023224,"val_precision0.5":0.23529411852359772,"val_precision0.25":0.25,"val_accuracy0.75":0.6761904954910278,"val_balanced_accuracy0.75":0.5009737098344693,"train_auroc":1,"test_precision0.25":0.20000000298023224,"test_recall0.5":0.15000000596046448,"test_balanced_accuracy0.5":0.4563559322033898,"val_balanced_accuracy0.5":0.4946445959104187,"val_accuracy0.25":0.6571428775787354,"train_loss":0.005111524369567633,"test_accuracy0.5":0.607594907283783,"val_balanced_accuracy0.25":0.5012171372930867,"val_recall0.25":0.19230769574642181,"test_accuracy0.25":0.594936728477478,"val_auroc":0.5352969765663147,"val_precision0.75":0.25,"val_recall0.75":0.1538461595773697,"val_accuracy0.5":0.6666666865348816,"_runtime":1338.833432896,"_step":364,"_wandb":{"runtime":1338},"val_recall0.5":0.1538461595773697}