{"val_recall0.75":0.3076923191547394,"test_recall0.25":0.3499999940395355,"test_precision0.75":0.23076923191547394,"train_loss":0.10499805212020874,"val_precision0.5":0.4000000059604645,"_wandb":{"runtime":5899},"test_accuracy0.75":0.6625000238418579,"_step":244,"val_precision0.25":0.38461539149284363,"val_recall0.25":0.38461539149284363,"test_recall0.5":0.20000000298023224,"_timestamp":1.7550312719550633e+09,"val_accuracy0.5":0.7075471878051758,"test_balanced_accuracy0.25":0.5333333333333333,"val_auroc":0.6192307472229004,"val_balanced_accuracy0.75":0.5788461538461538,"test_precision0.5":0.2222222238779068,"val_recall0.5":0.38461539149284363,"train_auroc":0.9991797208786011,"val_precision0.75":0.4000000059604645,"test_balanced_accuracy0.5":0.4833333333333334,"val_accuracy0.25":0.698113203048706,"test_recall0.75":0.15000000596046448,"test_accuracy0.25":0.625,"val_balanced_accuracy0.25":0.5923076923076923,"test_balanced_accuracy0.75":0.4916666666666667,"test_auroc":0.5358333587646484,"test_accuracy0.5":0.625,"_runtime":5899.393797319,"val_balanced_accuracy0.5":0.5985576923076923,"val_accuracy0.75":0.7169811129570007,"test_precision0.25":0.2916666567325592}