{"val_accuracy0.5":0.6952381134033203,"val_accuracy0.75":0.7142857313156128,"test_recall0.5":0.3499999940395355,"_wandb":{"runtime":6067},"test_accuracy0.75":0.6835442781448364,"test_precision0.75":0.3684210479259491,"val_balanced_accuracy0.75":0.5778967867575462,"test_balanced_accuracy0.75":0.5733050847457627,"val_balanced_accuracy0.25":0.5591528724440117,"train_auroc":1,"test_recall0.25":0.3499999940395355,"val_precision0.5":0.3636363744735718,"test_accuracy0.25":0.6329113841056824,"_runtime":6067.49378474,"val_recall0.75":0.3076923191547394,"test_accuracy0.5":0.6329113841056824,"test_precision0.25":0.30434781312942505,"val_auroc":0.5876338481903076,"val_recall0.5":0.3076923191547394,"test_auroc":0.5838983058929443,"_timestamp":1.7510807308122287e+09,"test_recall0.75":0.3499999940395355,"train_loss":0.014485572464764118,"_step":422,"val_accuracy0.25":0.6666666865348816,"test_precision0.5":0.30434781312942505,"val_precision0.75":0.4000000059604645,"val_recall0.25":0.3461538553237915,"val_precision0.25":0.3333333432674408,"test_balanced_accuracy0.5":0.5394067796610169,"test_balanced_accuracy0.25":0.5394067796610169,"val_balanced_accuracy0.5":0.5652385589094451}