{"train_surv_loss":2.130181312561035,"val_precision0.5":0.25233644247055054,"val_stage_accuracy0.5":0.644859790802002,"val_accuracy0.75":0.7476635575294495,"_wandb":{"runtime":17},"_runtime":17.043496052,"val_precision0.75":0,"val_stage_auroc":0.49634483456611633,"val_recall0.25":1,"val_accuracy0.5":0.25233644247055054,"val_stage_recall0.5":0.644859790802002,"train_stage_loss":1.903118371963501,"val_recall0.75":0,"stage_train_auroc":0.5224117636680603,"val_stage_balanced_accuracy0.5":0.14285714285714285,"val_stage_precision0.5":0.644859790802002,"val_balanced_accuracy0.25":0.5,"val_recall0.5":1,"train_auroc":0.4862940311431885,"_step":0,"val_accuracy0.25":0.25233644247055054,"val_balanced_accuracy0.75":0.5,"val_auroc":0.5912036895751953,"val_precision0.25":0.25233644247055054,"train_loss":3.081740617752075,"_timestamp":1.7551316929972525e+09,"val_balanced_accuracy0.5":0.5}