{"val_recall0.25":0.19230769574642181,"test_accuracy0.25":0.7088607549667358,"val_balanced_accuracy0.25":0.564508276533593,"test_precision0.25":0.3333333432674408,"val_recall0.75":0.1538461595773697,"test_accuracy0.5":0.7088607549667358,"train_loss":0.04137929156422615,"test_precision0.75":0.5,"_runtime":705.159684174,"val_accuracy0.5":0.761904776096344,"val_balanced_accuracy0.75":0.5579357351509251,"test_recall0.25":0.15000000596046448,"val_precision0.5":0.5555555820465088,"test_balanced_accuracy0.25":0.5241525423728813,"_step":296,"val_balanced_accuracy0.5":0.5708373904576436,"test_balanced_accuracy0.5":0.5076271186440678,"val_accuracy0.25":0.7523809671401978,"val_precision0.25":0.5,"val_recall0.5":0.19230769574642181,"test_precision0.5":0.2857142984867096,"test_auroc":0.6101694703102112,"val_accuracy0.75":0.761904776096344,"test_accuracy0.75":0.746835470199585,"test_recall0.75":0.10000000149011612,"test_balanced_accuracy0.75":0.5330508474576271,"_wandb":{"runtime":705},"_timestamp":1.7502360349328847e+09,"train_auroc":0.9995130896568298,"val_precision0.75":0.5714285969734192,"val_auroc":0.6046738624572754,"test_recall0.5":0.10000000149011612}