{"val_precision0.5":0,"train_auroc":1,"test_accuracy0.25":0.6335877776145935,"val_accuracy0.25":0.7037037014961243,"test_accuracy0.5":0.6412213444709778,"test_accuracy0.75":0.6870229244232178,"val_accuracy0.5":0.7407407164573669,"test_balanced_accuracy0.75":0.5094310451453309,"_runtime":1771.00571911,"train_loss":0.00012944446643814445,"test_precision0.25":0.24137930572032928,"val_recall0.25":0,"test_recall0.5":0.1818181872367859,"val_precision0.25":0,"val_recall0.5":0,"test_auroc":0.5278292894363403,"val_accuracy0.75":0.7407407164573669,"_timestamp":1.74971990126504e+09,"test_balanced_accuracy0.25":0.4938157081014224,"val_precision0.75":0,"_step":499,"test_precision0.75":0.2777777910232544,"val_balanced_accuracy0.5":0.5,"test_precision0.5":0.23076923191547394,"val_recall0.75":0,"val_balanced_accuracy0.75":0.5,"_wandb":{"runtime":1771},"test_recall0.25":0.21212121844291687,"val_auroc":0.6000000238418579,"test_balanced_accuracy0.5":0.4888682745825603,"test_recall0.75":0.1515151560306549,"val_balanced_accuracy0.25":0.475}