{"val_precision0.25":0.25233644247055054,"test_recall0.25":1,"val_balanced_accuracy0.75":0.5,"test_recall0.75":0,"_timestamp":1.7550650467056787e+09,"test_accuracy0.75":0.75,"test_precision0.75":0,"val_recall0.25":1,"val_balanced_accuracy0.5":0.49004629629629626,"test_precision0.25":0.25,"test_recall0.5":0.6499999761581421,"train_loss":2.0563061237335205,"test_balanced_accuracy0.75":0.5,"test_accuracy0.5":0.48750001192092896,"val_accuracy0.75":0.7476635575294495,"test_balanced_accuracy0.5":0.5416666666666667,"val_precision0.75":0,"val_recall0.5":0.5925925970077515,"test_precision0.5":0.27659574151039124,"val_accuracy0.25":0.25233644247055054,"test_auroc":0.5258333683013916,"test_balanced_accuracy0.25":0.5,"val_accuracy0.5":0.4392523467540741,"val_auroc":0.5564814805984497,"val_recall0.75":0,"val_balanced_accuracy0.25":0.5,"test_accuracy0.25":0.25,"_wandb":{"runtime":2745},"train_auroc":0.5656817555427551,"val_precision0.5":0.2461538463830948,"_step":446,"_runtime":2745.433849465}