{"test_accuracy0.75":0.6835442781448364,"val_balanced_accuracy0.25":0.5272638753651412,"test_precision0.5":0.3333333432674408,"test_precision0.25":0.3125,"_runtime":1997.268658206,"val_recall0.25":0.3076923191547394,"val_recall0.75":0.3076923191547394,"test_auroc":0.5720338821411133,"test_accuracy0.25":0.6708860993385315,"test_recall0.25":0.25,"val_recall0.5":0.3076923191547394,"_wandb":{"runtime":1997},"val_balanced_accuracy0.75":0.5462512171372931,"val_precision0.5":0.29629629850387573,"test_recall0.75":0.25,"test_balanced_accuracy0.25":0.5317796610169492,"test_balanced_accuracy0.75":0.5402542372881356,"_timestamp":1.7498221651705413e+09,"test_precision0.75":0.3333333432674408,"val_accuracy0.5":0.6476190686225891,"test_balanced_accuracy0.5":0.5402542372881356,"val_accuracy0.75":0.6666666865348816,"test_accuracy0.5":0.6835442781448364,"val_auroc":0.4900195002555847,"train_auroc":1,"test_recall0.5":0.25,"val_precision0.25":0.2857142984867096,"val_precision0.75":0.3199999928474426,"_step":499,"train_loss":2.080711601593066e-05,"val_accuracy0.25":0.6380952596664429,"val_balanced_accuracy0.5":0.5335929892891919}