{"test_recall0.75":0.20000000298023224,"_step":203,"_runtime":2045.885270317,"val_recall0.25":0.3076923191547394,"val_accuracy0.25":0.5660377144813538,"val_precision0.75":0.23529411852359772,"test_auroc":0.6337499618530273,"test_recall0.25":0.25,"_timestamp":1.753630688910654e+09,"_wandb":{"runtime":2045},"val_recall0.5":0.3076923191547394,"test_precision0.75":0.5714285969734192,"val_balanced_accuracy0.5":0.48509615384615384,"test_accuracy0.25":0.737500011920929,"val_recall0.75":0.3076923191547394,"test_balanced_accuracy0.25":0.575,"test_precision0.5":0.4444444477558136,"val_precision0.5":0.22857142984867096,"val_balanced_accuracy0.75":0.4913461538461539,"test_balanced_accuracy0.75":0.575,"train_loss":2.2088968876232684e-07,"train_auroc":1,"val_accuracy0.5":0.5754716992378235,"test_precision0.25":0.4545454680919647,"val_balanced_accuracy0.25":0.47884615384615387,"val_accuracy0.75":0.5849056839942932,"test_accuracy0.5":0.737500011920929,"test_balanced_accuracy0.5":0.5583333333333333,"test_accuracy0.75":0.762499988079071,"test_recall0.5":0.20000000298023224,"val_auroc":0.48365384340286255,"val_precision0.25":0.2222222238779068}