{"val_precision0.5":0.2531645596027374,"test_balanced_accuracy0.5":0.48601694915254234,"_step":227,"val_accuracy0.25":0.34285715222358704,"val_auroc":0.5004868507385254,"val_precision0.25":0.24705882370471954,"test_precision0.25":0.23333333432674408,"test_recall0.25":0.699999988079071,"val_balanced_accuracy0.75":0.46592015579357354,"train_loss":0.0006579046021215618,"test_accuracy0.25":0.3417721390724182,"val_recall0.5":0.7692307829856873,"test_accuracy0.5":0.40506330132484436,"test_precision0.75":0.239130437374115,"test_accuracy0.75":0.4430379867553711,"val_balanced_accuracy0.5":0.5111976630963972,"val_precision0.75":0.22857142984867096,"val_recall0.75":0.6153846383094788,"val_accuracy0.75":0.39047619700431824,"test_recall0.75":0.550000011920929,"val_recall0.25":0.807692289352417,"train_auroc":1,"_runtime":934.464177071,"_wandb":{"runtime":934},"test_precision0.5":0.24528302252292633,"test_balanced_accuracy0.75":0.4783898305084746,"_timestamp":1.7507065745655472e+09,"val_balanced_accuracy0.25":0.49878286270691335,"val_accuracy0.5":0.380952388048172,"test_recall0.5":0.6499999761581421,"test_auroc":0.48728811740875244,"test_balanced_accuracy0.25":0.4601694915254237}