{"train_loss":0.6955723166465759,"test_balanced_accuracy0.25":0.5,"val_balanced_accuracy0.5":0.5,"val_recall0.75":0,"val_recall0.5":1,"_timestamp":1.754086591275055e+09,"test_recall0.75":0,"train_auroc":0.6666666865348816,"test_precision0.75":0,"_runtime":156.6106237,"test_accuracy0.75":0.5,"test_balanced_accuracy0.5":0.5,"val_accuracy0.25":0.3333333432674408,"test_precision0.5":0.5,"val_accuracy0.5":0.3333333432674408,"test_auroc":0,"test_precision0.25":0.5,"_step":69,"test_accuracy0.5":0.5,"test_balanced_accuracy0.75":0.5,"val_auroc":0.5,"val_accuracy0.75":0.6666666865348816,"test_recall0.5":1,"_wandb":{"runtime":156},"test_recall0.25":1,"val_balanced_accuracy0.25":0.5,"val_balanced_accuracy0.75":0.5,"val_precision0.75":0,"test_accuracy0.25":0.5,"val_precision0.5":0.3333333432674408,"val_recall0.25":1,"val_precision0.25":0.3333333432674408}