{"train_loss":1.259306788444519,"test_accuracy":0.7099236845970154,"test_recall":0.09090909361839294,"val_accuracy":0.6666666865348816,"val_loss":2.1801271438598633,"val_recall":0,"_wandb":{"runtime":514},"test_auroc":0.5924552083015442,"test_precision":0.27272728085517883,"test_balanced_accuracy":0.5046382189239332,"_step":50,"_timestamp":1.7495219950114017e+09,"_runtime":514.465330354,"val_auroc":0.40714287757873535,"val_precision":0,"val_balanced_accuracy":0.45,"train_auroc":0.8545137643814087}