{"val_precision0.5":0.30000001192092896,"_step":999,"test_accuracy0.5":0.699999988079071,"test_balanced_accuracy0.75":0.5,"val_auroc":0.5785279273986816,"_wandb":{"runtime":4267},"_runtime":4267.9331655,"val_recall0.25":0.9629629850387573,"test_precision0.75":0,"train_loss":1.7171114683151245,"val_accuracy0.75":0.7452830076217651,"test_recall0.25":0.8500000238418579,"val_precision0.25":0.2574257552623749,"test_balanced_accuracy0.5":0.6000000000000001,"val_balanced_accuracy0.5":0.5337552742616034,"test_precision0.5":0.4000000059604645,"test_recall0.75":0,"val_recall0.75":0,"val_recall0.5":0.3333333432674408,"test_recall0.5":0.4000000059604645,"test_accuracy0.75":0.75,"val_balanced_accuracy0.25":0.506797937177684,"val_accuracy0.5":0.6320754885673523,"val_balanced_accuracy0.75":0.5,"test_precision0.25":0.22972972691059113,"train_auroc":0.7895312309265137,"_timestamp":1.7531868137205138e+09,"test_balanced_accuracy0.25":0.45,"val_precision0.75":0,"test_auroc":0.5991666913032532,"val_accuracy0.25":0.2830188572406769,"test_accuracy0.25":0.25}