{"val_balanced_accuracy0.25":0.5,"test_recall0.25":1,"_wandb":{"runtime":1228},"test_precision0.25":0.25,"test_precision0.5":0.27272728085517883,"test_recall0.5":0.75,"val_accuracy0.75":0.7547169923782349,"val_recall0.5":0.7692307829856873,"train_loss":2.0648491382598877,"val_auroc":0.5524038076400757,"val_accuracy0.25":0.24528302252292633,"test_accuracy0.5":0.4375,"test_accuracy0.25":0.25,"_timestamp":1.7535260730731733e+09,"test_accuracy0.75":0.75,"val_balanced_accuracy0.75":0.5,"val_accuracy0.5":0.33018869161605835,"test_balanced_accuracy0.75":0.5,"_step":292,"val_balanced_accuracy0.5":0.47836538461538464,"test_balanced_accuracy0.25":0.5,"train_auroc":0.6057091951370239,"val_precision0.5":0.23529411852359772,"test_precision0.75":0,"_runtime":1228.721568936,"test_auroc":0.5791666507720947,"val_recall0.75":0,"val_recall0.25":1,"val_precision0.75":0,"test_recall0.75":0,"val_precision0.25":0.24528302252292633,"test_balanced_accuracy0.5":0.5416666666666666}