{"val_recall0.75":0,"val_recall0.5":0,"val_auroc":0.5126582384109497,"train_loss":1.7865339517593384,"val_balanced_accuracy0.75":0.5,"train_auroc":0.39520448446273804,"test_balanced_accuracy0.5":0.5,"val_precision0.25":0.24175824224948883,"_runtime":706.124633245,"test_auroc":0.5322034358978271,"val_balanced_accuracy0.5":0.5,"val_balanced_accuracy0.25":0.4863680623174294,"val_precision0.75":0,"val_recall0.25":0.8461538553237915,"_timestamp":1.750584549727593e+09,"test_balanced_accuracy0.75":0.5,"_wandb":{"runtime":706},"test_precision0.5":0,"val_precision0.5":0,"test_precision0.25":0.24637681245803833,"test_recall0.25":0.8500000238418579,"test_accuracy0.75":0.746835470199585,"test_accuracy0.5":0.746835470199585,"test_recall0.5":0,"val_accuracy0.75":0.7523809671401978,"val_accuracy0.25":0.3047619163990021,"test_recall0.75":0,"test_balanced_accuracy0.25":0.4843220338983051,"test_accuracy0.25":0.3037974536418915,"val_accuracy0.5":0.7523809671401978,"_step":150,"test_precision0.75":0}