{"test_recall0.25":0.800000011920929,"test_recall0.75":0,"test_balanced_accuracy0.75":0.5,"test_accuracy0.75":0.746835470199585,"test_recall0.5":0.10000000149011612,"_runtime":3992.78370846,"val_recall0.75":0,"val_accuracy0.5":0.7333333492279053,"test_accuracy0.25":0.49367088079452515,"_step":999,"test_auroc":0.5550847053527832,"test_precision0.5":0.2222222238779068,"test_accuracy0.5":0.6835442781448364,"_timestamp":1.7501090093808343e+09,"test_precision0.25":0.3076923191547394,"train_auroc":0.9446202516555786,"val_accuracy0.75":0.7523809671401978,"val_accuracy0.25":0.48571428656578064,"val_recall0.25":0.7692307829856873,"val_precision0.25":0.29411765933036804,"val_precision0.75":0,"test_balanced_accuracy0.5":0.4906779661016949,"test_balanced_accuracy0.25":0.5949152542372882,"val_balanced_accuracy0.75":0.5,"test_precision0.75":0,"val_balanced_accuracy0.5":0.5002434274586174,"val_balanced_accuracy0.25":0.5808179162609542,"_wandb":{"runtime":3992},"train_loss":1.0836228132247925,"val_precision0.5":0.25,"val_auroc":0.5491723418235779,"val_recall0.5":0.03846153989434242}