{"_step":0,"val_auroc":0.5,"val_recall":1,"_timestamp":1.7474349277876098e+09,"val_loss":5157.904296875,"val_precision":0.125,"_runtime":5.530943439,"_wandb":{"runtime":21},"val_accuracy":0.125}