{"test_accuracy0.5":0.6962025165557861,"val_precision0.5":0.2857142984867096,"test_accuracy0.75":0.7215189933776855,"_timestamp":1.7501712126659834e+09,"val_balanced_accuracy0.5":0.5204479065238559,"test_balanced_accuracy0.75":0.5326271186440678,"val_recall0.5":0.23076923191547394,"test_precision0.25":0.27272728085517883,"test_balanced_accuracy0.25":0.5072033898305085,"test_auroc":0.47923728823661804,"test_balanced_accuracy0.5":0.5156779661016949,"val_balanced_accuracy0.25":0.5077896786757546,"val_accuracy0.75":0.6761904954910278,"train_auroc":1,"test_precision0.75":0.375,"val_recall0.75":0.19230769574642181,"test_recall0.75":0.15000000596046448,"val_auroc":0.5141187906265259,"train_loss":1.0182779078604653e-05,"val_accuracy0.5":0.6666666865348816,"val_precision0.75":0.2777777910232544,"test_accuracy0.25":0.6835442781448364,"_runtime":1058.853361869,"val_balanced_accuracy0.75":0.5138753651411879,"_wandb":{"runtime":1058},"test_precision0.5":0.30000001192092896,"val_recall0.25":0.23076923191547394,"test_recall0.25":0.15000000596046448,"val_precision0.25":0.260869562625885,"_step":302,"val_accuracy0.25":0.6476190686225891,"test_recall0.5":0.15000000596046448}