{"test_recall0.25":0.75,"_wandb":{"runtime":986},"test_balanced_accuracy0.75":0.5,"val_recall0.25":0.8518518805503845,"val_balanced_accuracy0.5":0.5,"test_recall0.5":0,"val_precision0.75":0,"val_accuracy0.25":0.46226415038108826,"test_auroc":0.5433333516120911,"val_balanced_accuracy0.25":0.5904828879512424,"test_accuracy0.75":0.75,"test_balanced_accuracy0.25":0.55,"test_accuracy0.25":0.44999998807907104,"val_accuracy0.5":0.7452830076217651,"train_loss":1.675700306892395,"test_accuracy0.5":0.75,"val_recall0.75":0,"train_auroc":0.5520046949386597,"val_recall0.5":0,"test_balanced_accuracy0.5":0.5,"test_precision0.25":0.2777777910232544,"_step":166,"test_precision0.5":0,"val_accuracy0.75":0.7452830076217651,"val_precision0.25":0.30263158679008484,"val_balanced_accuracy0.75":0.5,"val_precision0.5":0,"_runtime":986.691060853,"val_auroc":0.5761837959289551,"test_precision0.75":0,"_timestamp":1.7535259700176523e+09,"test_recall0.75":0}