{"test_accuracy0.25":0.5874999761581421,"val_accuracy0.75":0.6168224215507507,"train_loss":0.15592776238918304,"test_recall0.75":0.30000001192092896,"test_recall0.25":0.550000011920929,"val_recall0.25":0.5185185074806213,"val_auroc":0.5458333492279053,"test_precision0.75":0.260869562625885,"_step":209,"val_precision0.75":0.28125,"test_accuracy0.5":0.5874999761581421,"test_recall0.5":0.4000000059604645,"val_precision0.5":0.28947368264198303,"test_accuracy0.75":0.612500011920929,"val_balanced_accuracy0.25":0.5655092592592592,"val_recall0.5":0.40740740299224854,"val_precision0.25":0.31111112236976624,"val_balanced_accuracy0.75":0.5229166666666667,"test_balanced_accuracy0.75":0.5083333333333333,"_wandb":{"runtime":5031},"_timestamp":1.7538721185366197e+09,"test_precision0.25":0.3142857253551483,"test_precision0.5":0.27586206793785095,"test_auroc":0.5908333659172058,"_runtime":5031.512127307,"test_balanced_accuracy0.5":0.525,"train_auroc":0.9979296922683716,"test_balanced_accuracy0.25":0.575,"val_recall0.75":0.3333333432674408,"val_balanced_accuracy0.5":0.5349537037037037,"val_accuracy0.25":0.5887850522994995,"val_accuracy0.5":0.5981308221817017}