{"test_balanced_accuracy0.5":0.5,"val_balanced_accuracy0.5":0.5,"val_recall0.5":0,"_step":166,"val_precision0.5":0,"test_precision0.5":0,"_wandb":{"runtime":450},"test_balanced_accuracy0.25":0.4516949152542373,"test_recall0.5":0,"test_accuracy0.5":0.746835470199585,"train_loss":1.6812816858291626,"test_recall0.25":0.699999988079071,"val_accuracy0.5":0.7523809671401978,"test_accuracy0.25":0.3291139304637909,"train_auroc":0.6483690142631531,"test_auroc":0.46949154138565063,"val_precision0.75":0,"test_precision0.75":0,"test_accuracy0.75":0.746835470199585,"val_recall0.75":0,"test_balanced_accuracy0.75":0.5,"val_precision0.25":0.24390244483947754,"_timestamp":1.7505244816108167e+09,"val_accuracy0.25":0.3523809611797333,"test_precision0.25":0.2295081913471222,"test_recall0.75":0,"val_balanced_accuracy0.25":0.4922103213242454,"_runtime":450.244491688,"val_accuracy0.75":0.7523809671401978,"val_auroc":0.4956182837486267,"val_balanced_accuracy0.75":0.5,"val_recall0.25":0.7692307829856873}