{"val_balanced_accuracy0.25":0.45107108081791625,"_step":230,"_timestamp":1.7513880402273304e+09,"test_balanced_accuracy0.5":0.4470338983050847,"val_precision0.75":0.16129031777381897,"val_balanced_accuracy0.5":0.42526777020447903,"test_recall0.5":0.25,"_runtime":1033.591096323,"test_recall0.75":0.20000000298023224,"val_accuracy0.75":0.5523809790611267,"test_accuracy0.25":0.5063291192054749,"val_recall0.5":0.19230769574642181,"val_accuracy0.5":0.5428571701049805,"test_precision0.75":0.1599999964237213,"val_accuracy0.25":0.5428571701049805,"test_balanced_accuracy0.25":0.4216101694915254,"train_auroc":0.9994391202926636,"train_loss":0.04655619338154793,"val_recall0.25":0.26923078298568726,"test_recall0.25":0.25,"_wandb":{"runtime":1033},"val_precision0.5":0.15625,"val_auroc":0.4737098217010498,"val_precision0.25":0.1944444477558136,"test_precision0.25":0.17241379618644714,"test_auroc":0.41694915294647217,"test_accuracy0.5":0.5443037748336792,"test_precision0.5":0.19230769574642181,"test_accuracy0.75":0.5316455960273743,"val_balanced_accuracy0.75":0.4315968841285297,"test_balanced_accuracy0.75":0.42203389830508475,"val_recall0.75":0.19230769574642181}