{"val_balanced_accuracy0.75":0.551363193768257,"train_loss":1.9740731716156006,"test_precision0.75":1,"test_precision0.5":0.27906978130340576,"test_recall0.75":0.05000000074505806,"_step":368,"train_auroc":0.6400689482688904,"test_balanced_accuracy0.25":0.5,"test_auroc":0.5254237055778503,"_wandb":{"runtime":1356},"val_precision0.75":0.75,"test_accuracy0.25":0.2531645596027374,"val_accuracy0.5":0.523809552192688,"_timestamp":1.7502795181195855e+09,"test_recall0.25":1,"val_accuracy0.25":0.24761904776096344,"test_accuracy0.75":0.7594936490058899,"val_auroc":0.6815968751907349,"test_balanced_accuracy0.75":0.525,"test_recall0.5":0.6000000238418579,"_runtime":1356.51745074,"test_balanced_accuracy0.5":0.5372881355932203,"val_accuracy0.75":0.7714285850524902,"val_recall0.5":0.807692289352417,"test_accuracy0.5":0.5063291192054749,"val_precision0.5":0.3181818127632141,"val_recall0.25":1,"val_balanced_accuracy0.25":0.5,"val_precision0.25":0.24761904776096344,"val_recall0.75":0.11538461595773697,"val_balanced_accuracy0.5":0.6190360272638754,"test_precision0.25":0.2531645596027374}