{"val_recall0.5":0.3333333432674408,"test_accuracy0.5":0.6875,"_timestamp":1.7531395848269954e+09,"val_recall0.25":0.40740740299224854,"val_accuracy0.75":0.6792452931404114,"test_balanced_accuracy0.5":0.5416666666666667,"test_balanced_accuracy0.75":0.5333333333333333,"test_recall0.5":0.25,"val_precision0.75":0.36000001430511475,"val_recall0.75":0.3333333432674408,"_runtime":2980.312732209,"test_balanced_accuracy0.25":0.5333333333333333,"val_balanced_accuracy0.5":0.5210970464135021,"train_auroc":1,"_wandb":{"runtime":2980},"_step":930,"test_precision0.5":0.3333333432674408,"test_precision0.75":0.3333333432674408,"val_balanced_accuracy0.75":0.5654008438818565,"test_recall0.25":0.3499999940395355,"test_recall0.75":0.20000000298023224,"test_accuracy0.25":0.625,"val_accuracy0.25":0.5283018946647644,"val_accuracy0.5":0.6132075190544128,"val_balanced_accuracy0.25":0.48851383028598216,"test_precision0.25":0.2916666567325592,"val_auroc":0.5218002796173096,"val_precision0.5":0.28125,"test_auroc":0.6274999380111694,"test_accuracy0.75":0.699999988079071,"train_loss":0.05835683271288872,"val_precision0.25":0.24444444477558136}