{"test_accuracy0.75":0.75,"val_precision0.5":0.29113924503326416,"_wandb":{"runtime":2640},"test_precision0.25":0.25,"test_balanced_accuracy0.25":0.5,"test_recall0.75":0,"train_loss":2.0350968837738037,"val_accuracy0.75":0.7476635575294495,"val_accuracy0.25":0.25233644247055054,"val_balanced_accuracy0.25":0.5,"test_balanced_accuracy0.75":0.5,"val_recall0.25":1,"test_precision0.5":0.28070175647735596,"test_recall0.5":0.800000011920929,"_runtime":2640.843990465,"test_balanced_accuracy0.5":0.5583333333333333,"val_recall0.5":0.8518518805503845,"_step":300,"val_balanced_accuracy0.5":0.575925925925926,"test_accuracy0.5":0.4375,"train_auroc":0.7012016177177429,"val_precision0.75":0,"_timestamp":1.7537040475138028e+09,"val_accuracy0.5":0.4392523467540741,"test_auroc":0.5674999952316284,"val_recall0.75":0,"val_auroc":0.5768518447875977,"test_accuracy0.25":0.25,"test_recall0.25":1,"val_balanced_accuracy0.75":0.5,"val_precision0.25":0.25233644247055054,"test_precision0.75":0}