{"_timestamp":1.7544309002441049e+09,"val_balanced_accuracy0.25":0.5,"val_accuracy0.5":0.7476635575294495,"test_recall0.25":1,"val_recall0.75":0,"val_auroc":0.5,"test_balanced_accuracy0.75":0.5,"test_recall0.75":0,"test_balanced_accuracy0.25":0.5,"train_loss":2.0794930458068848,"val_accuracy0.75":0.7476635575294495,"val_precision0.5":0,"test_accuracy0.5":0.75,"test_auroc":0.5,"_runtime":6582.599494726,"test_precision0.75":0,"val_precision0.25":0.25233644247055054,"test_precision0.5":0,"val_recall0.25":1,"val_recall0.5":0,"test_balanced_accuracy0.5":0.5,"test_precision0.25":0.25,"_step":153,"val_accuracy0.25":0.25233644247055054,"val_balanced_accuracy0.5":0.5,"val_precision0.75":0,"test_accuracy0.75":0.75,"_wandb":{"runtime":6582},"test_accuracy0.25":0.25,"train_auroc":0.44289064407348633,"test_recall0.5":0,"val_balanced_accuracy0.75":0.5}