{"test_balanced_accuracy0.5":0.5,"test_precision0.25":0.23636363446712494,"test_auroc":0.494915246963501,"val_balanced_accuracy0.25":0.6387536514118792,"train_loss":1.6656593084335327,"val_recall0.25":0.9230769276618958,"test_recall0.25":0.6499999761581421,"val_precision0.75":0,"val_balanced_accuracy0.75":0.5,"val_recall0.5":0,"_runtime":2431.668719391,"val_auroc":0.6718597412109375,"test_recall0.5":0,"val_recall0.75":0,"train_auroc":0.6381450891494751,"_step":999,"val_accuracy0.5":0.7523809671401978,"test_accuracy0.25":0.37974682450294495,"test_balanced_accuracy0.25":0.4690677966101695,"val_balanced_accuracy0.5":0.5,"_timestamp":1.7502639240886192e+09,"test_balanced_accuracy0.75":0.5,"_wandb":{"runtime":2431},"test_accuracy0.5":0.746835470199585,"val_accuracy0.75":0.7523809671401978,"test_precision0.5":0,"test_precision0.75":0,"test_recall0.75":0,"val_precision0.25":0.3199999928474426,"val_precision0.5":0,"val_accuracy0.25":0.4952380955219269,"test_accuracy0.75":0.746835470199585}