{"train_loss":1.194694505102234e-05,"val_auroc":0.75,"_wandb":{"runtime":561},"test_recall":0.28125,"train_auroc":1,"_step":100,"test_balanced_accuracy":0.49416035353535354,"test_auroc":0.5315656661987305,"val_balanced_accuracy":0.6857142857142857,"test_accuracy":0.6030534505844116,"_runtime":561.488925351,"val_loss":15.353192329406738,"test_precision":0.2368421107530594,"_timestamp":1.7495112896887093e+09,"val_recall":0.5714285969734192,"val_precision":0.5,"val_accuracy":0.7407407164573669}