{"val_accuracy0.75":0.723809540271759,"test_accuracy0.25":0.6708860993385315,"val_accuracy0.25":0.7428571581840515,"val_balanced_accuracy0.75":0.5197176241480039,"test_precision0.5":0.4285714328289032,"test_balanced_accuracy0.75":0.5491525423728814,"_wandb":{"runtime":3835},"train_loss":0.005082380026578903,"_timestamp":1.7507488722352784e+09,"test_recall0.75":0.20000000298023224,"test_balanced_accuracy0.5":0.5822033898305085,"val_recall0.25":0.19230769574642181,"_step":432,"val_auroc":0.5204479098320007,"val_precision0.25":0.4545454680919647,"test_auroc":0.5279661417007446,"val_recall0.5":0.19230769574642181,"val_accuracy0.5":0.7428571581840515,"test_accuracy0.5":0.7215189933776855,"val_balanced_accuracy0.5":0.5581791626095424,"test_precision0.25":0.3499999940395355,"test_recall0.25":0.3499999940395355,"val_balanced_accuracy0.25":0.5581791626095424,"test_recall0.5":0.30000001192092896,"test_accuracy0.75":0.7215189933776855,"test_balanced_accuracy0.25":0.5648305084745763,"val_recall0.75":0.11538461595773697,"test_precision0.75":0.4000000059604645,"val_precision0.75":0.3333333432674408,"val_precision0.5":0.4545454680919647,"train_auroc":1,"_runtime":3835.402673592}