{"test_balanced_accuracy":0.5,"train_loss":1.7161166667938232,"val_accuracy":0.7407407164573669,"_runtime":239.767849186,"_step":83,"_timestamp":1.7494823610734606e+09,"val_balanced_accuracy":0.5,"_wandb":{"runtime":239},"test_recall":0,"val_precision":0,"test_accuracy":0.7557252049446106,"test_precision":0,"train_auroc":0.505984902381897,"val_loss":1.8623756170272827,"test_auroc":0.5192550420761108,"val_auroc":0.6071428060531616,"val_recall":0}