{"_timestamp":1.751028724070114e+09,"test_accuracy0.25":0.7215189933776855,"test_balanced_accuracy0.75":0.6978813559322035,"test_precision0.75":0.4642857015132904,"val_recall0.25":0.5,"val_balanced_accuracy0.75":0.5593962999026291,"test_precision0.25":0.46666666865348816,"_step":201,"val_recall0.75":0.38461539149284363,"val_accuracy0.5":0.6285714507102966,"_runtime":3014.708001601,"test_accuracy0.5":0.7341772317886353,"test_accuracy0.75":0.7215189933776855,"test_precision0.5":0.48275861144065857,"val_balanced_accuracy0.25":0.5917721518987342,"train_loss":0.00015149827231653035,"val_precision0.75":0.32258063554763794,"val_accuracy0.75":0.6476190686225891,"val_accuracy0.25":0.6380952596664429,"val_balanced_accuracy0.5":0.5467380720545277,"_wandb":{"runtime":3014},"test_recall0.25":0.699999988079071,"test_recall0.5":0.699999988079071,"val_recall0.5":0.38461539149284363,"test_recall0.75":0.6499999761581421,"test_auroc":0.6872881054878235,"val_precision0.25":0.34210526943206787,"train_auroc":1,"val_auroc":0.6058909893035889,"test_balanced_accuracy0.25":0.714406779661017,"val_precision0.5":0.3030303120613098,"test_balanced_accuracy0.5":0.7228813559322034}