{"test_recall0.75":0.15000000596046448,"_step":499,"_timestamp":1.7498372410161529e+09,"train_auroc":1,"test_precision0.75":0.23076923191547394,"val_precision0.5":0.3461538553237915,"val_recall0.5":0.3461538553237915,"_wandb":{"runtime":1843},"val_accuracy0.5":0.6761904954910278,"train_loss":1.2104881079721963e-06,"test_accuracy0.75":0.6582278609275818,"test_recall0.5":0.15000000596046448,"val_recall0.25":0.3461538553237915,"val_auroc":0.5698636770248413,"test_accuracy0.25":0.6329113841056824,"val_precision0.25":0.3333333432674408,"test_accuracy0.5":0.6329113841056824,"test_recall0.25":0.15000000596046448,"test_auroc":0.43644067645072937,"val_accuracy0.25":0.6666666865348816,"val_balanced_accuracy0.75":0.5589094449853944,"val_recall0.75":0.3076923191547394,"test_balanced_accuracy0.25":0.4733050847457627,"test_balanced_accuracy0.75":0.4902542372881356,"val_precision0.75":0.3478260934352875,"_runtime":1843.730187815,"val_balanced_accuracy0.25":0.5591528724440117,"val_accuracy0.75":0.6857143044471741,"test_balanced_accuracy0.5":0.4733050847457627,"test_precision0.5":0.20000000298023224,"val_balanced_accuracy0.5":0.5654819863680622,"test_precision0.25":0.20000000298023224}