{"_runtime":988.404543066,"test_accuracy0.5":0.746835470199585,"test_recall0.25":1,"test_precision0.75":0,"val_accuracy0.5":0.7523809671401978,"test_recall0.75":0,"val_recall0.75":0,"_wandb":{"runtime":988},"test_precision0.5":0,"test_precision0.25":0.2531645596027374,"val_precision0.75":0,"train_loss":1.6901589632034302,"_timestamp":1.75048104908876e+09,"val_auroc":0.42356377840042114,"test_accuracy0.25":0.2531645596027374,"train_auroc":0.5719936490058899,"_step":343,"val_balanced_accuracy0.75":0.5,"test_auroc":0.5271186828613281,"val_balanced_accuracy0.5":0.5,"val_precision0.25":0.24761904776096344,"test_accuracy0.75":0.746835470199585,"test_balanced_accuracy0.25":0.5,"val_accuracy0.25":0.24761904776096344,"val_recall0.5":0,"val_precision0.5":0,"test_recall0.5":0,"test_balanced_accuracy0.5":0.5,"val_accuracy0.75":0.7523809671401978,"val_recall0.25":1,"val_balanced_accuracy0.25":0.5,"test_balanced_accuracy0.75":0.5}