{"test_recall0.5":0.30000001192092896,"val_recall0.5":0.23076923191547394,"_step":999,"test_accuracy0.75":0.7341772317886353,"val_accuracy0.5":0.6761904954910278,"test_recall0.25":0.6499999761581421,"_wandb":{"runtime":5189},"val_balanced_accuracy0.75":0.5321324245374879,"val_accuracy0.75":0.761904776096344,"train_auroc":0.9561368227005005,"val_precision0.75":0.6666666865348816,"test_recall0.75":0,"val_balanced_accuracy0.5":0.5267770204479065,"test_balanced_accuracy0.25":0.5199152542372881,"test_precision0.25":0.26530611515045166,"test_auroc":0.5389830470085144,"_runtime":5189.51829583,"val_recall0.25":0.6153846383094788,"val_auroc":0.5423563718795776,"val_balanced_accuracy0.25":0.5292112950340798,"test_precision0.5":0.4000000059604645,"train_loss":0.942697286605835,"val_precision0.5":0.30000001192092896,"test_balanced_accuracy0.75":0.4915254237288136,"test_accuracy0.5":0.7088607549667358,"test_accuracy0.25":0.4556961953639984,"val_recall0.75":0.07692307978868484,"_timestamp":1.7502062889213417e+09,"test_precision0.75":0,"val_precision0.25":0.2666666805744171,"val_accuracy0.25":0.48571428656578064,"test_balanced_accuracy0.5":0.573728813559322}