{"val_accuracy0.5":0.6666666865348816,"test_recall0.5":0.05000000074505806,"test_precision0.75":0.125,"test_accuracy0.75":0.6708860993385315,"val_accuracy0.75":0.6952381134033203,"_timestamp":1.7498945245407026e+09,"_step":499,"test_precision0.25":0.0625,"train_auroc":1,"val_balanced_accuracy0.5":0.4817429406037001,"test_balanced_accuracy0.25":0.3978813559322034,"val_balanced_accuracy0.75":0.5007302823758519,"test_recall0.25":0.05000000074505806,"test_balanced_accuracy0.75":0.46567796610169493,"val_recall0.75":0.11538461595773697,"test_auroc":0.4050847291946411,"val_precision0.25":0.1875,"val_recall0.5":0.11538461595773697,"test_balanced_accuracy0.5":0.4572033898305085,"val_precision0.5":0.20000000298023224,"val_accuracy0.25":0.6571428775787354,"test_precision0.5":0.1111111119389534,"val_recall0.25":0.11538461595773697,"test_accuracy0.5":0.6582278609275818,"val_precision0.75":0.25,"val_balanced_accuracy0.25":0.4754138266796495,"val_auroc":0.5506329536437988,"_runtime":2120.966241693,"test_recall0.75":0.05000000074505806,"_wandb":{"runtime":2120},"train_loss":0.0004454087757039815,"test_accuracy0.25":0.5696202516555786}