{"_step":51,"test_recall":0,"test_accuracy":0.7480915784835815,"val_recall":0,"_timestamp":1.7494845511117315e+09,"val_accuracy":0.7407407164573669,"val_loss":1.7259999513626099,"test_auroc":0.5429807901382446,"val_precision":0,"_wandb":{"runtime":157},"val_auroc":0.6142857074737549,"val_balanced_accuracy":0.5,"train_auroc":0.617396354675293,"_runtime":157.465934047,"test_balanced_accuracy":0.5,"train_loss":1.6683580875396729,"test_precision":0}