{"test_balanced_accuracy0.75":0.5,"test_precision0.25":0.2531645596027374,"val_accuracy0.25":0.24761904776096344,"val_recall0.75":0,"val_accuracy0.75":0.7523809671401978,"train_auroc":0.7491188049316406,"val_precision0.25":0.24761904776096344,"test_accuracy0.75":0.746835470199585,"_step":177,"val_balanced_accuracy0.75":0.5,"_timestamp":1.751450439226709e+09,"_runtime":964.823114058,"val_recall0.5":0.5,"test_balanced_accuracy0.25":0.5,"val_recall0.25":1,"val_precision0.75":0,"val_auroc":0.5394352674484253,"test_accuracy0.5":0.594936728477478,"val_balanced_accuracy0.5":0.5348101265822784,"test_balanced_accuracy0.5":0.5470338983050848,"val_balanced_accuracy0.25":0.5,"test_recall0.25":1,"train_loss":1.9840903282165527,"_wandb":{"runtime":964},"test_accuracy0.25":0.2531645596027374,"test_recall0.5":0.44999998807907104,"val_precision0.5":0.27659574151039124,"test_precision0.5":0.30000001192092896,"val_accuracy0.5":0.5523809790611267,"test_precision0.75":0,"test_recall0.75":0,"test_auroc":0.5415253639221191}