{"train_surv_loss":1.0047738552093506,"train_loss":1.370311975479126,"test_accuracy0.25":0.25,"val_precision0.75":0,"test_accuracy0.5":0.75,"test_balanced_accuracy0.25":0.5,"val_accuracy0.75":0.7547169923782349,"_wandb":{"runtime":1446},"test_precision0.75":0,"test_recall0.25":1,"val_balanced_accuracy0.75":0.5,"val_precision0.5":0,"train_recon_loss_no_kld":0.7084709405899048,"test_precision0.5":0,"val_precision0.25":0.24528302252292633,"val_accuracy0.5":0.7547169923782349,"val_accuracy0.25":0.24528302252292633,"val_auroc":0.5,"test_auroc":0.5,"val_recall0.5":0,"val_balanced_accuracy0.5":0.5,"val_recall0.75":0,"test_recall0.75":0,"test_recall0.5":0,"val_recall0.25":1,"_step":81,"val_balanced_accuracy0.25":0.5,"test_precision0.25":0.25,"test_balanced_accuracy0.5":0.5,"train_kld_loss":0.022605381906032562,"train_auroc":0.44596734642982483,"train_mu":-6.293099819032477e-09,"test_balanced_accuracy0.75":0.5,"train_logvar":3.312262322197057e-07,"_timestamp":1.7549278329329953e+09,"test_accuracy0.75":0.75,"_runtime":1446.198042042}