{"_timestamp":1.7501739157117014e+09,"val_accuracy0.5":0.6857143044471741,"test_precision0.25":0.20000000298023224,"test_precision0.5":0.23076923191547394,"_runtime":1173.139430613,"_wandb":{"runtime":1173},"val_recall0.25":0.23076923191547394,"test_accuracy0.75":0.6708860993385315,"train_loss":1.08016738522565e-05,"train_auroc":1,"test_accuracy0.25":0.6329113841056824,"test_accuracy0.5":0.6582278609275818,"val_recall0.75":0.19230769574642181,"val_precision0.25":0.25,"test_balanced_accuracy0.75":0.498728813559322,"test_recall0.25":0.15000000596046448,"val_balanced_accuracy0.25":0.501460564751704,"test_recall0.75":0.15000000596046448,"val_balanced_accuracy0.5":0.5331061343719572,"val_balanced_accuracy0.75":0.5202044790652386,"test_balanced_accuracy0.5":0.4902542372881356,"val_accuracy0.25":0.6380952596664429,"val_accuracy0.75":0.6857143044471741,"val_recall0.5":0.23076923191547394,"val_precision0.5":0.31578946113586426,"test_auroc":0.4957627058029175,"val_precision0.75":0.29411765933036804,"val_auroc":0.4396299719810486,"test_recall0.5":0.15000000596046448,"test_precision0.75":0.25,"_step":336,"test_balanced_accuracy0.25":0.4733050847457627}