{"test_auroc":0.47415250539779663,"test_precision":0.1428571492433548,"val_loss":0.6718807220458984,"_step":55,"val_auroc":0.5416666865348816,"train_auroc":1,"_runtime":809.446495597,"test_recall":0.05000000074505806,"test_accuracy":0.6835442781448364,"train_loss":0.005703037139028311,"val_precision":0.5,"_timestamp":1.7477008972958229e+09,"val_recall":0.125,"_wandb":{"runtime":810},"val_accuracy":0.75}