{"test_recall0.5":0,"test_precision0.75":0,"test_balanced_accuracy0.5":0.5,"val_accuracy0.25":0.25471699237823486,"val_balanced_accuracy0.25":0.5,"train_recon_loss_no_kld":0.9551159143447876,"val_recall0.75":0,"test_accuracy0.5":0.75,"test_accuracy0.25":0.25,"_step":113,"test_accuracy0.75":0.75,"test_balanced_accuracy0.25":0.5,"_wandb":{"runtime":2183},"val_precision0.75":0,"val_accuracy0.75":0.7452830076217651,"test_recall0.75":0,"test_precision0.5":0,"val_balanced_accuracy0.5":0.5,"train_surv_loss":1.004188895225525,"val_balanced_accuracy0.75":0.5,"val_precision0.5":0,"test_auroc":0.54708331823349,"test_recall0.25":1,"val_precision0.25":0.25471699237823486,"val_accuracy0.5":0.7452830076217651,"_timestamp":1.754961195189644e+09,"train_kld_loss":0.9795972108840942,"val_recall0.5":0,"train_auroc":0.5240429639816284,"train_logvar":1.0520516013912129e-08,"train_mu":1.4249884827677306e-08,"train_loss":1.9715452194213867,"test_precision0.25":0.25,"_runtime":2183.196350246,"val_auroc":0.4807782471179962,"val_recall0.25":1,"test_balanced_accuracy0.75":0.5}