{"test_accuracy":0.7557252049446106,"_runtime":296.307038007,"_wandb":{"runtime":296},"_step":68,"train_auroc":0.5753136277198792,"val_accuracy":0.7407407164573669,"_timestamp":1.749493153396609e+09,"val_precision":0,"val_recall":0,"val_loss":1.7254457473754883,"val_balanced_accuracy":0.5,"test_recall":0,"test_precision":0,"train_loss":1.6950185298919678,"val_auroc":0.6285714507102966,"test_balanced_accuracy":0.5,"test_auroc":0.5413510203361511}