{"_step":79,"test_recall":0,"test_accuracy":0.7557252049446106,"test_balanced_accuracy":0.5,"test_auroc":0.5110479593276978,"val_balanced_accuracy":0.5,"_runtime":366.794955907,"train_auroc":0.547065019607544,"train_loss":1.7086178064346313,"val_precision":0,"test_precision":0,"val_auroc":0.6142857074737549,"val_recall":0,"val_accuracy":0.7407407164573669,"_timestamp":1.7494948557536132e+09,"val_loss":1.7139350175857544,"_wandb":{"runtime":366}}