{"val_recall0.5":0,"_step":382,"train_auroc":0.5989532470703125,"test_recall0.75":0,"train_loss":1.6542673110961914,"test_balanced_accuracy0.75":0.5,"test_auroc":0.5127118825912476,"val_balanced_accuracy0.5":0.5,"test_balanced_accuracy0.25":0.5296610169491525,"test_accuracy0.25":0.5443037748336792,"test_precision0.5":0,"_wandb":{"runtime":2558},"_runtime":2558.344186478,"val_precision0.75":0,"val_accuracy0.5":0.7523809671401978,"test_recall0.5":0,"val_precision0.5":0,"val_auroc":0.5087634325027466,"test_precision0.25":0.2777777910232544,"_timestamp":1.750158592431651e+09,"val_accuracy0.25":0.4952380955219269,"val_precision0.25":0.22448979318141937,"test_balanced_accuracy0.5":0.5,"test_precision0.75":0,"val_balanced_accuracy0.25":0.47103213242453745,"val_accuracy0.75":0.7523809671401978,"val_recall0.75":0,"test_accuracy0.75":0.746835470199585,"test_recall0.25":0.5,"val_recall0.25":0.42307692766189575,"test_accuracy0.5":0.746835470199585,"val_balanced_accuracy0.75":0.5}