{"test_accuracy0.25":0.25,"test_balanced_accuracy0.25":0.5,"val_precision0.25":0.25471699237823486,"_step":391,"val_accuracy0.5":0.7452830076217651,"val_balanced_accuracy0.5":0.5,"val_accuracy0.75":0.7452830076217651,"test_precision0.5":0,"test_balanced_accuracy0.5":0.5,"test_accuracy0.75":0.75,"val_recall0.75":0,"val_accuracy0.25":0.25471699237823486,"val_recall0.5":0,"val_auroc":0.5818096399307251,"val_recall0.25":1,"_runtime":2832.31492716,"_wandb":{"runtime":2832},"val_precision0.5":0,"test_recall0.25":1,"_timestamp":1.7549649243511684e+09,"train_loss":2.066514492034912,"test_precision0.25":0.25,"test_recall0.75":0,"test_auroc":0.5583333373069763,"test_accuracy0.5":0.75,"test_balanced_accuracy0.75":0.5,"test_recall0.5":0,"val_balanced_accuracy0.75":0.5,"val_precision0.75":0,"test_precision0.75":0,"train_auroc":0.5165249109268188,"val_balanced_accuracy0.25":0.5}