{"val_accuracy0.25":0.24761904776096344,"_timestamp":1.7501389446575646e+09,"val_accuracy0.75":0.7523809671401978,"test_auroc":0.5834745168685913,"val_balanced_accuracy0.75":0.5,"test_accuracy0.25":0.2531645596027374,"_wandb":{"runtime":675},"_runtime":675.062729004,"train_loss":2.0935871601104736,"val_auroc":0.5070593953132629,"test_accuracy0.75":0.746835470199585,"val_balanced_accuracy0.5":0.5,"_step":182,"val_recall0.25":1,"test_recall0.25":1,"test_accuracy0.5":0.746835470199585,"val_recall0.5":0,"test_recall0.75":0,"val_accuracy0.5":0.7523809671401978,"val_recall0.75":0,"test_recall0.5":0,"train_auroc":0.5042661428451538,"test_balanced_accuracy0.75":0.5,"test_precision0.25":0.2531645596027374,"test_balanced_accuracy0.25":0.5,"val_precision0.25":0.24761904776096344,"test_precision0.75":0,"val_precision0.75":0,"val_balanced_accuracy0.25":0.5,"val_precision0.5":0,"test_balanced_accuracy0.5":0.5,"test_precision0.5":0}