{"val_precision0.25":0.28358209133148193,"val_balanced_accuracy0.75":0.5798442064264849,"test_precision0.75":0.34210526943206787,"val_balanced_accuracy0.5":0.5421129503407984,"test_balanced_accuracy0.75":0.6131355932203391,"val_accuracy0.75":0.561904788017273,"test_precision0.25":0.2800000011920929,"_timestamp":1.75071682041975e+09,"test_balanced_accuracy0.25":0.5449152542372881,"test_accuracy0.5":0.5443037748336792,"train_loss":0.006172811612486839,"train_auroc":1,"val_balanced_accuracy0.25":0.561587147030185,"test_auroc":0.5330508351325989,"val_precision0.75":0.3076923191547394,"val_precision0.5":0.27419355511665344,"test_accuracy0.75":0.594936728477478,"val_accuracy0.25":0.4761904776096344,"val_recall0.25":0.7307692170143127,"test_recall0.75":0.6499999761581421,"_runtime":1867.13068335,"test_balanced_accuracy0.5":0.5792372881355932,"test_recall0.5":0.6499999761581421,"_step":378,"val_recall0.5":0.6538461446762085,"test_recall0.25":0.699999988079071,"val_recall0.75":0.6153846383094788,"test_precision0.5":0.3095238208770752,"val_accuracy0.5":0.48571428656578064,"_wandb":{"runtime":1867},"test_accuracy0.25":0.4683544337749481,"val_auroc":0.5423563718795776}