{"test_auroc":0.5,"test_recall":0,"_runtime":848.179819876,"val_recall":0,"train_auroc":0.5,"test_accuracy":0.746835470199585,"_timestamp":1.747697473114693e+09,"_step":39,"train_loss":0.33527204394340515,"val_accuracy":0.75,"test_precision":0,"val_loss":0.39486318826675415,"val_auroc":0.5,"_wandb":{"runtime":848},"val_precision":0}