{"train_loss":0.36570051312446594,"test_auroc":0.5,"_runtime":479.807040576,"_wandb":{"runtime":482},"train_auroc":0.5,"val_loss":0.3529193699359894,"test_precision":0,"val_auroc":0.5,"val_recall":0,"val_precision":0,"_step":35,"_timestamp":1.7476961034549985e+09,"test_accuracy":0.746835470199585,"test_recall":0,"val_accuracy":0.75}