{"_runtime":6648.84969675,"test_accuracy0.5":0.75,"train_loss":2.0794904232025146,"val_balanced_accuracy0.5":0.5,"test_recall0.25":1,"val_recall0.25":1,"test_precision0.5":0,"test_precision0.25":0.25,"val_recall0.5":0,"val_auroc":0.5,"_timestamp":1.754417587882878e+09,"test_precision0.75":0,"test_balanced_accuracy0.25":0.5,"test_balanced_accuracy0.5":0.5,"val_balanced_accuracy0.75":0.5,"val_accuracy0.25":0.25233644247055054,"val_recall0.75":0,"test_balanced_accuracy0.75":0.5,"_step":152,"test_recall0.75":0,"test_accuracy0.75":0.75,"val_precision0.5":0,"_wandb":{"runtime":6648},"val_accuracy0.75":0.7476635575294495,"test_accuracy0.25":0.25,"test_auroc":0.5,"val_balanced_accuracy0.25":0.5,"test_recall0.5":0,"val_precision0.25":0.25233644247055054,"val_precision0.75":0,"val_accuracy0.5":0.7476635575294495,"train_auroc":0.4435742199420929}