{"test_precision0.25":0.3636363744735718,"val_balanced_accuracy0.5":0.5391918208373905,"_step":417,"train_auroc":1,"_wandb":{"runtime":3974},"val_recall0.5":0.19230769574642181,"test_precision0.5":0.5,"val_balanced_accuracy0.25":0.5331061343719572,"val_precision0.5":0.3571428656578064,"val_balanced_accuracy0.75":0.5323758519961052,"_runtime":3974.558590561,"val_precision0.75":0.4285714328289032,"test_balanced_accuracy0.5":0.5661016949152542,"test_accuracy0.75":0.746835470199585,"val_auroc":0.5404089689254761,"_timestamp":1.7507646647056806e+09,"test_balanced_accuracy0.25":0.5406779661016949,"test_recall0.75":0.15000000596046448,"test_balanced_accuracy0.75":0.5495762711864407,"train_loss":0.00478079728782177,"test_precision0.75":0.5,"test_accuracy0.5":0.746835470199585,"val_recall0.25":0.23076923191547394,"test_accuracy0.25":0.7088607549667358,"test_recall0.5":0.20000000298023224,"test_recall0.25":0.20000000298023224,"val_precision0.25":0.31578946113586426,"test_auroc":0.5135593414306641,"val_recall0.75":0.11538461595773697,"val_accuracy0.75":0.7428571581840515,"val_accuracy0.25":0.6857143044471741,"val_accuracy0.5":0.7142857313156128}