{"test_balanced_accuracy0.25":0.5,"_step":150,"val_auroc":0.3950827717781067,"test_auroc":0.5245763063430786,"test_accuracy0.75":0.746835470199585,"test_recall0.25":1,"test_recall0.5":0,"_timestamp":1.7505991049439938e+09,"_wandb":{"runtime":967},"train_loss":1.8293136358261108,"val_accuracy0.75":0.7523809671401978,"test_precision0.5":0,"val_balanced_accuracy0.5":0.5,"val_precision0.5":0,"test_recall0.75":0,"test_accuracy0.5":0.746835470199585,"_runtime":967.199312406,"test_precision0.25":0.2531645596027374,"val_accuracy0.25":0.24761904776096344,"val_accuracy0.5":0.7523809671401978,"val_precision0.25":0.24761904776096344,"test_precision0.75":0,"val_precision0.75":0,"test_accuracy0.25":0.2531645596027374,"val_balanced_accuracy0.75":0.5,"val_balanced_accuracy0.25":0.5,"test_balanced_accuracy0.75":0.5,"val_recall0.5":0,"train_auroc":0.4374391436576843,"val_recall0.75":0,"test_balanced_accuracy0.5":0.5,"val_recall0.25":1}