{"val_loss":0.4937855303287506,"_step":35,"test_auroc":0.5,"val_auroc":0.5,"_runtime":832.855905276,"val_accuracy":0.75,"_timestamp":1.7477038782515492e+09,"train_loss":0.3710947036743164,"test_recall":0,"test_precision":0,"test_accuracy":0.746835470199585,"train_auroc":0.5,"_wandb":{"runtime":835},"val_precision":0,"val_recall":0}