{"val_recall0.25":1,"test_recall0.5":0.4000000059604645,"test_balanced_accuracy0.25":0.5,"test_accuracy0.75":0.746835470199585,"val_accuracy0.5":0.6476190686225891,"_wandb":{"runtime":1111},"test_accuracy0.5":0.594936728477478,"val_recall0.5":0.5,"test_balanced_accuracy0.5":0.5305084745762711,"train_loss":1.958461046218872,"test_precision0.5":0.2857142984867096,"test_balanced_accuracy0.75":0.5,"val_auroc":0.6000486612319946,"val_recall0.75":0,"train_auroc":0.6461304426193237,"val_precision0.75":0,"val_balanced_accuracy0.25":0.5,"test_accuracy0.25":0.2531645596027374,"val_precision0.25":0.24761904776096344,"test_recall0.25":1,"val_precision0.5":0.3513513505458832,"test_precision0.75":0,"val_accuracy0.75":0.7523809671401978,"test_recall0.75":0,"val_balanced_accuracy0.5":0.5981012658227849,"_step":332,"test_precision0.25":0.2531645596027374,"val_balanced_accuracy0.75":0.5,"_timestamp":1.750308196147525e+09,"val_accuracy0.25":0.24761904776096344,"_runtime":1111.332099893,"test_auroc":0.5135593414306641}