{"val_balanced_accuracy0.5":0.5206913339824732,"val_recall0.75":0.23076923191547394,"test_balanced_accuracy0.75":0.5733050847457627,"test_accuracy0.75":0.6835442781448364,"test_recall0.5":0.44999998807907104,"test_balanced_accuracy0.5":0.5809322033898305,"_runtime":6909.483454066,"test_precision0.25":0.3333333432674408,"train_loss":0.017330117523670197,"_wandb":{"runtime":6909},"val_recall0.5":0.26923078298568726,"val_accuracy0.25":0.6190476417541504,"val_recall0.25":0.26923078298568726,"val_precision0.75":0.31578946113586426,"test_precision0.5":0.3461538553237915,"val_balanced_accuracy0.25":0.5017039922103214,"_step":496,"val_balanced_accuracy0.75":0.5331061343719572,"test_auroc":0.560169517993927,"test_balanced_accuracy0.25":0.5966101694915253,"test_precision0.75":0.3684210479259491,"val_auroc":0.48442065715789795,"val_precision0.5":0.2800000011920929,"val_precision0.25":0.25,"test_recall0.75":0.3499999940395355,"test_recall0.25":0.6000000238418579,"test_accuracy0.5":0.6455696225166321,"train_auroc":1,"_timestamp":1.7510705839905443e+09,"test_accuracy0.25":0.594936728477478,"val_accuracy0.75":0.6857143044471741,"val_accuracy0.5":0.6476190686225891}