{"val_balanced_accuracy0.75":0.5192307692307693,"test_recall0.5":0,"val_precision0.25":0.2857142984867096,"val_recall0.25":0.07692307978868484,"train_auroc":1,"val_balanced_accuracy0.5":0.5067307692307692,"val_precision0.75":1,"val_accuracy0.25":0.7264150977134705,"val_balanced_accuracy0.25":0.5072115384615384,"_runtime":2431.919351292,"test_precision0.5":0,"test_precision0.75":0,"val_auroc":0.4749999940395355,"val_precision0.5":0.3333333432674408,"test_precision0.25":0,"val_accuracy0.5":0.7452830076217651,"test_auroc":0.4958333373069763,"val_recall0.75":0.03846153989434242,"val_recall0.5":0.03846153989434242,"_step":560,"test_recall0.25":0,"_timestamp":1.7538628646067064e+09,"_wandb":{"runtime":2431},"train_loss":0.04355541616678238,"test_balanced_accuracy0.5":0.48333333333333334,"test_accuracy0.5":0.7250000238418579,"test_balanced_accuracy0.75":0.48333333333333334,"test_recall0.75":0,"test_balanced_accuracy0.25":0.475,"test_accuracy0.75":0.7250000238418579,"test_accuracy0.25":0.7124999761581421,"val_accuracy0.75":0.7641509175300598}