{"test_recall0.75":0.5,"test_precision0.25":0.4545454680919647,"val_accuracy0.5":0.523809552192688,"train_loss":6.499735263787443e-06,"val_recall0.25":0.3461538553237915,"val_auroc":0.472249299287796,"_step":383,"val_accuracy0.75":0.523809552192688,"test_precision0.5":0.4545454680919647,"_timestamp":1.7504911185616994e+09,"test_accuracy0.25":0.7215189933776855,"val_recall0.75":0.3076923191547394,"test_accuracy0.5":0.7215189933776855,"test_balanced_accuracy0.75":0.6567796610169492,"val_balanced_accuracy0.75":0.4513145082765336,"train_auroc":1,"_runtime":1105.086290835,"val_precision0.5":0.2142857164144516,"test_recall0.25":0.5,"val_accuracy0.25":0.5142857432365417,"test_balanced_accuracy0.25":0.6483050847457628,"val_balanced_accuracy0.5":0.4642161635832522,"test_accuracy0.75":0.7341772317886353,"test_auroc":0.7652542591094971,"val_precision0.75":0.20000000298023224,"val_precision0.25":0.20930232107639313,"_wandb":{"runtime":1105},"test_precision0.75":0.4761904776096344,"val_balanced_accuracy0.25":0.4578870496592016,"test_recall0.5":0.5,"val_recall0.5":0.3461538553237915,"test_balanced_accuracy0.5":0.6483050847457628}