{"val_balanced_accuracy0.5":0.4695715676728335,"test_precision0.25":0.3333333432674408,"val_precision0.5":0.20000000298023224,"val_balanced_accuracy0.75":0.4566699123661149,"test_precision0.5":0.3181818127632141,"test_balanced_accuracy0.75":0.5478813559322033,"train_auroc":1,"test_accuracy0.25":0.6455696225166321,"_timestamp":1.7498056244050243e+09,"val_recall0.75":0.1538461595773697,"val_recall0.5":0.19230769574642181,"test_recall0.75":0.3499999940395355,"train_loss":1.5705455780334887e-06,"_runtime":1737.843705591,"test_auroc":0.508050799369812,"val_precision0.75":0.17391304671764374,"val_precision0.25":0.23076923191547394,"val_balanced_accuracy0.25":0.48880233690360275,"_wandb":{"runtime":1737},"test_recall0.5":0.3499999940395355,"test_accuracy0.5":0.6455696225166321,"val_recall0.25":0.23076923191547394,"val_accuracy0.75":0.6095238327980042,"test_precision0.75":0.3181818127632141,"test_accuracy0.75":0.6455696225166321,"test_balanced_accuracy0.25":0.5644067796610169,"test_recall0.25":0.4000000059604645,"val_accuracy0.25":0.6190476417541504,"_step":499,"test_balanced_accuracy0.5":0.5478813559322033,"val_auroc":0.5051119327545166,"val_accuracy0.5":0.6095238327980042}