{"train_loss":1.7713701725006104,"_wandb":{"runtime":213},"val_auroc":0.30000001192092896,"test_auroc":0.6072849631309509,"val_balanced_accuracy":0.5,"val_loss":1.8001642227172852,"_runtime":213.118317435,"test_recall":0,"test_accuracy":0.75,"val_accuracy":0.7407407164573669,"val_precision":0,"train_auroc":0.5475355386734009,"val_recall":0,"_step":50,"test_precision":0,"test_balanced_accuracy":0.5,"_timestamp":1.7495656912502284e+09}