{"val_precision0.75":0.20000000298023224,"val_precision0.25":0.24137930572032928,"test_recall0.75":0.15000000596046448,"_runtime":44091.85748783,"test_recall0.5":0.20000000298023224,"val_accuracy0.5":0.6415094137191772,"test_precision0.25":0.30000001192092896,"test_accuracy0.5":0.675000011920929,"val_accuracy0.75":0.6415094137191772,"_wandb":{"runtime":44091},"test_accuracy0.25":0.6499999761581421,"_step":999,"val_precision0.5":0.25,"train_auroc":0.9755859375,"val_recall0.25":0.26923078298568726,"val_recall0.5":0.23076923191547394,"test_balanced_accuracy0.5":0.5166666666666667,"test_auroc":0.47333332896232605,"test_recall0.25":0.30000001192092896,"test_accuracy0.75":0.6875,"train_loss":0.5561804175376892,"test_balanced_accuracy0.75":0.5083333333333333,"_timestamp":1.755038975123804e+09,"val_balanced_accuracy0.25":0.4971153846153846,"val_balanced_accuracy0.75":0.47692307692307695,"val_auroc":0.44903844594955444,"val_recall0.75":0.1538461595773697,"test_precision0.75":0.27272728085517883,"val_accuracy0.25":0.6132075190544128,"test_balanced_accuracy0.25":0.5333333333333333,"test_precision0.5":0.2857142984867096,"val_balanced_accuracy0.5":0.5028846153846154}