{"val_accuracy0.5":0.24528302252292633,"val_recall0.75":0,"val_auroc":0.4759615659713745,"test_balanced_accuracy0.75":0.5,"val_balanced_accuracy0.25":0.5,"test_auroc":0.59416663646698,"test_accuracy0.75":0.75,"val_precision0.5":0.24528302252292633,"test_accuracy0.25":0.25,"test_accuracy0.5":0.25,"val_precision0.75":0,"test_balanced_accuracy0.5":0.5,"_runtime":6993.522481386,"val_precision0.25":0.24528302252292633,"_step":160,"test_precision0.75":0,"test_balanced_accuracy0.25":0.5,"val_recall0.25":1,"test_precision0.25":0.25,"val_balanced_accuracy0.75":0.5,"_timestamp":1.7546259965035038e+09,"val_accuracy0.75":0.7547169923782349,"train_loss":2.0796029567718506,"test_recall0.25":1,"test_recall0.75":0,"test_recall0.5":1,"val_balanced_accuracy0.5":0.5,"train_auroc":0.4572460949420929,"val_recall0.5":1,"test_precision0.5":0.25,"_wandb":{"runtime":6993},"val_accuracy0.25":0.24528302252292633}