{"_wandb":{"runtime":3161},"val_accuracy0.25":0.25471699237823486,"test_auroc":0.527916669845581,"train_auroc":0.5394921898841858,"test_recall0.5":1,"test_precision0.5":0.25,"val_balanced_accuracy0.5":0.5,"test_accuracy0.25":0.25,"test_precision0.25":0.25,"val_recall0.75":0,"test_recall0.25":1,"val_precision0.25":0.25471699237823486,"test_balanced_accuracy0.75":0.5,"test_balanced_accuracy0.25":0.5,"val_recall0.25":1,"test_balanced_accuracy0.5":0.5,"train_loss":2.2240328788757324,"val_auroc":0.5206282138824463,"test_precision0.75":0,"val_precision0.75":0,"val_balanced_accuracy0.75":0.5,"val_precision0.5":0.25471699237823486,"_step":287,"test_accuracy0.75":0.75,"_runtime":3161.528927071,"_timestamp":1.7543261719880223e+09,"test_recall0.75":0,"val_accuracy0.5":0.25471699237823486,"val_recall0.5":1,"val_accuracy0.75":0.7452830076217651,"test_accuracy0.5":0.25,"val_balanced_accuracy0.25":0.5}