{"val_balanced_accuracy0.5":0.5053240740740741,"val_recall0.5":0.14814814925193787,"_step":205,"train_auroc":1,"val_precision0.5":0.2666666805744171,"_timestamp":1.7535492849230802e+09,"test_auroc":0.4712499976158142,"val_recall0.75":0.14814814925193787,"val_precision0.75":0.3076923191547394,"test_accuracy0.75":0.6499999761581421,"test_balanced_accuracy0.75":0.4666666666666667,"_wandb":{"runtime":2383},"test_precision0.5":0.2142857164144516,"test_accuracy0.5":0.6499999761581421,"test_precision0.25":0.1764705926179886,"test_precision0.75":0.1666666716337204,"val_accuracy0.75":0.7009345889091492,"val_recall0.25":0.18518517911434174,"_runtime":2383.803245201,"val_accuracy0.25":0.663551390171051,"val_precision0.25":0.2631579041481018,"train_loss":2.572612174844835e-05,"test_balanced_accuracy0.25":0.45833333333333337,"test_recall0.75":0.10000000149011612,"val_auroc":0.46412038803100586,"test_accuracy0.25":0.612500011920929,"test_recall0.5":0.15000000596046448,"val_balanced_accuracy0.75":0.517824074074074,"val_balanced_accuracy0.25":0.5050925925925925,"test_recall0.25":0.15000000596046448,"val_accuracy0.5":0.6822429895401001,"test_balanced_accuracy0.5":0.48333333333333334}