{"val_balanced_accuracy0.25":0.5,"test_accuracy0.25":0.5,"val_recall0.75":0,"val_balanced_accuracy0.75":0.5,"test_recall0.75":0,"val_precision0.5":0,"test_balanced_accuracy0.75":0.5,"test_accuracy0.5":0.5,"_step":8,"test_balanced_accuracy0.5":0.5,"test_recall0.25":1,"test_recall0.5":0,"test_precision0.75":0,"_runtime":8.0422774,"val_accuracy0.75":0.6666666865348816,"val_precision0.25":0.3333333432674408,"test_balanced_accuracy0.25":0.5,"train_auroc":1,"train_loss":0.715957760810852,"val_auroc":0.5,"val_accuracy0.25":0.3333333432674408,"test_accuracy0.75":0.5,"_wandb":{"runtime":8},"_timestamp":1.7500232448757632e+09,"val_balanced_accuracy0.5":0.5,"val_accuracy0.5":0.6666666865348816,"val_recall0.25":1,"test_precision0.25":0.5,"test_precision0.5":0,"val_recall0.5":0,"test_auroc":1,"val_precision0.75":0}