{"val_balanced_accuracy0.25":0.5192217533989686,"test_precision0.25":0.3888888955116272,"test_accuracy0.75":0.7124999761581421,"test_accuracy0.25":0.6499999761581421,"test_accuracy0.5":0.6875,"_timestamp":1.7531683372327545e+09,"train_loss":0.8782893419265747,"_runtime":6149.813694462,"test_precision0.75":0.20000000298023224,"val_auroc":0.49648383259773254,"train_auroc":0.9551562666893005,"val_accuracy0.25":0.5377358198165894,"test_balanced_accuracy0.75":0.4916666666666667,"val_precision0.25":0.2708333432674408,"test_recall0.75":0.05000000074505806,"val_precision0.5":0.29411765933036804,"val_accuracy0.5":0.6792452931404114,"val_accuracy0.75":0.7169811129570007,"val_precision0.75":0,"test_precision0.5":0.27272728085517883,"val_balanced_accuracy0.75":0.4810126582278481,"val_recall0.5":0.18518517911434174,"val_recall0.25":0.48148149251937866,"_wandb":{"runtime":6149},"test_recall0.5":0.15000000596046448,"val_balanced_accuracy0.5":0.516643225503985,"test_balanced_accuracy0.5":0.5083333333333333,"test_balanced_accuracy0.25":0.6666666666666666,"test_recall0.25":0.699999988079071,"test_auroc":0.6825000047683716,"_step":999,"val_recall0.75":0}