{"train_auroc":0.4851938486099243,"_timestamp":1.7494920702897222e+09,"train_loss":1.6901705265045166,"_wandb":{"runtime":292},"val_auroc":0.33571431040763855,"test_recall":0,"val_precision":0,"_runtime":292.649545362,"test_auroc":0.5687174797058105,"test_precision":0,"val_loss":1.7330412864685059,"val_recall":0,"test_accuracy":0.75,"_step":75,"val_accuracy":0.7407407164573669,"test_balanced_accuracy":0.5,"val_balanced_accuracy":0.5}