{"val_accuracy0.25":0.25233644247055054,"_runtime":1165.219443067,"test_recall0.25":1,"test_balanced_accuracy0.5":0.525,"val_balanced_accuracy0.75":0.5,"val_recall0.5":0.4444444477558136,"_wandb":{"runtime":1165},"val_accuracy0.5":0.5887850522994995,"val_balanced_accuracy0.5":0.5409722222222222,"test_auroc":0.5,"test_accuracy0.75":0.75,"val_recall0.25":1,"train_loss":2.00825572013855,"train_auroc":0.6414698958396912,"val_precision0.75":0,"test_accuracy0.25":0.25,"val_recall0.75":0,"test_balanced_accuracy0.25":0.5,"val_accuracy0.75":0.7476635575294495,"test_recall0.75":0,"val_precision0.5":0.2926829159259796,"test_precision0.5":0.27586206793785095,"_timestamp":1.7531815628586347e+09,"test_precision0.75":0,"_step":327,"test_accuracy0.5":0.5874999761581421,"val_auroc":0.5384259223937988,"test_recall0.5":0.4000000059604645,"val_precision0.25":0.25233644247055054,"test_precision0.25":0.25,"val_balanced_accuracy0.25":0.5,"test_balanced_accuracy0.75":0.5}