{"test_precision0.5":0.23076923191547394,"_timestamp":1.7507411692268264e+09,"test_accuracy0.75":0.6835442781448364,"val_recall0.75":0.11538461595773697,"val_precision0.75":0.27272728085517883,"test_balanced_accuracy0.75":0.5072033898305085,"val_accuracy0.75":0.7047619223594666,"_runtime":2528.530515088,"test_balanced_accuracy0.5":0.4902542372881356,"train_auroc":1,"_wandb":{"runtime":2528},"val_balanced_accuracy0.75":0.5070593962999026,"train_loss":0.0003048372454941273,"val_recall0.25":0.19230769574642181,"val_balanced_accuracy0.25":0.5012171372930867,"val_accuracy0.25":0.6571428775787354,"val_recall0.5":0.1538461595773697,"val_precision0.25":0.25,"test_precision0.25":0.23076923191547394,"val_auroc":0.5102239847183228,"test_recall0.75":0.15000000596046448,"test_balanced_accuracy0.25":0.4902542372881356,"test_precision0.75":0.27272728085517883,"test_recall0.25":0.15000000596046448,"val_accuracy0.5":0.6857143044471741,"_step":243,"val_precision0.5":0.2666666805744171,"test_accuracy0.25":0.6582278609275818,"test_auroc":0.510169506072998,"val_balanced_accuracy0.5":0.50730282375852,"test_recall0.5":0.15000000596046448,"test_accuracy0.5":0.6582278609275818}