{"train_loss":1.680586814880371,"test_auroc":0.5346320867538452,"train_auroc":0.5441689491271973,"test_balanced_accuracy":0.5,"_step":51,"val_balanced_accuracy":0.5,"test_accuracy":0.7480915784835815,"_runtime":225.560731638,"val_accuracy":0.7407407164573669,"val_auroc":0.6428571939468384,"val_precision":0,"_timestamp":1.7495648662452068e+09,"val_recall":0,"test_precision":0,"val_loss":1.7198835611343384,"test_recall":0,"_wandb":{"runtime":225}}