{"_step":35,"val_accuracy":0.75,"test_auroc":0.5,"val_auroc":0.5,"test_accuracy":0.746835470199585,"test_recall":0,"val_precision":0,"train_auroc":0.5,"val_recall":0,"test_precision":0,"_timestamp":1.747700581249749e+09,"_wandb":{"runtime":903},"train_loss":0.37482884526252747,"_runtime":901.221040361,"val_loss":0.3766784071922302}