{"train_auroc":0.5,"test_auroc":0.5,"test_accuracy":0.746835470199585,"val_recall":0,"train_loss":0.6130093336105347,"val_accuracy":0.75,"_wandb":{"runtime":897},"val_auroc":0.5,"_timestamp":1.747436441788796e+09,"test_recall":0,"val_precision":0,"val_loss":0.6130093336105347,"_step":35,"test_precision":0,"_runtime":895.62625576}