{"val_accuracy0.5":0.6857143044471741,"_step":925,"test_precision0.5":0.3913043439388275,"_wandb":{"runtime":2939},"val_auroc":0.5959104299545288,"val_recall0.75":0.26923078298568726,"val_balanced_accuracy0.75":0.5713242453748782,"val_accuracy0.75":0.723809540271759,"test_balanced_accuracy0.25":0.6055084745762712,"train_loss":0.2120063155889511,"test_auroc":0.68813556432724,"test_accuracy0.75":0.6708860993385315,"train_auroc":0.996835470199585,"val_precision0.25":0.3617021143436432,"test_balanced_accuracy0.5":0.6063559322033898,"test_accuracy0.5":0.6835442781448364,"test_balanced_accuracy0.75":0.46567796610169493,"test_precision0.75":0.125,"val_balanced_accuracy0.5":0.5847127555988315,"_timestamp":1.7502689361152217e+09,"val_balanced_accuracy0.25":0.637049659201558,"val_recall0.5":0.38461539149284363,"val_accuracy0.25":0.6285714507102966,"test_recall0.5":0.44999998807907104,"val_recall0.25":0.6538461446762085,"_runtime":2939.785502809,"test_recall0.75":0.05000000074505806,"val_precision0.75":0.4117647111415863,"test_precision0.25":0.35483869910240173,"val_precision0.5":0.37037035822868347,"test_recall0.25":0.550000011920929,"test_accuracy0.25":0.6329113841056824}