{"test_auroc":0.5644322037696838,"val_loss":1.7343617677688599,"val_recall":0,"train_auroc":0.6284823417663574,"_timestamp":1.749488584337431e+09,"_runtime":157.641524252,"val_balanced_accuracy":0.5,"_wandb":{"runtime":157},"val_auroc":0.47857144474983215,"val_precision":0,"test_recall":0,"test_accuracy":0.75,"_step":50,"val_accuracy":0.7407407164573669,"train_loss":1.6775720119476318,"test_balanced_accuracy":0.5,"test_precision":0}