{"val_auroc":0.3428571820259094,"val_loss":1.740356683731079,"train_auroc":0.5701344013214111,"test_precision":0,"test_recall":0,"train_loss":1.683261513710022,"test_balanced_accuracy":0.5,"val_recall":0,"val_precision":0,"_runtime":237.553551301,"test_auroc":0.6329966187477112,"_step":50,"_timestamp":1.7495643939024997e+09,"test_accuracy":0.75,"val_accuracy":0.7407407164573669,"val_balanced_accuracy":0.5,"_wandb":{"runtime":237}}