{"val_precision0.25":0.24761904776096344,"val_accuracy0.5":0.5142857432365417,"test_precision0.25":0.2531645596027374,"val_auroc":0.5262901782989502,"test_accuracy0.5":0.4810126721858978,"val_precision0.75":0,"test_balanced_accuracy0.5":0.4872881355932204,"test_balanced_accuracy0.75":0.5,"test_auroc":0.5110169649124146,"val_accuracy0.25":0.24761904776096344,"_runtime":1416.555351924,"val_recall0.75":0,"test_precision0.5":0.24390244483947754,"test_recall0.75":0,"test_accuracy0.25":0.2531645596027374,"train_auroc":0.5685454607009888,"val_balanced_accuracy0.5":0.5223953261927945,"test_accuracy0.75":0.746835470199585,"_step":539,"val_balanced_accuracy0.25":0.5,"train_loss":2.0718538761138916,"_wandb":{"runtime":1416},"val_precision0.5":0.2641509473323822,"test_precision0.75":0,"_timestamp":1.7501537284875116e+09,"test_recall0.25":1,"val_accuracy0.75":0.7523809671401978,"val_recall0.5":0.5384615659713745,"val_recall0.25":1,"test_balanced_accuracy0.25":0.5,"val_balanced_accuracy0.75":0.5,"test_recall0.5":0.5}