{"val_accuracy0.25":0.7075471878051758,"test_balanced_accuracy0.5":0.5166666666666667,"val_recall0.25":0.1111111119389534,"val_recall0.75":0.07407407462596893,"train_loss":7.970378646859899e-05,"test_accuracy0.5":0.7250000238418579,"_runtime":2853.942834531,"test_precision0.25":0.5454545617103577,"_timestamp":1.7535708374625967e+09,"test_recall0.25":0.30000001192092896,"_step":460,"test_precision0.5":0.3333333432674408,"val_balanced_accuracy0.25":0.5112517580872011,"val_auroc":0.49226444959640503,"test_recall0.75":0.10000000149011612,"val_accuracy0.5":0.698113203048706,"val_precision0.25":0.30000001192092896,"val_precision0.5":0.2222222238779068,"test_balanced_accuracy0.75":0.525,"test_recall0.5":0.10000000149011612,"val_recall0.5":0.07407407462596893,"val_accuracy0.75":0.7169811129570007,"val_precision0.75":0.2857142984867096,"test_balanced_accuracy0.25":0.6083333333333333,"test_auroc":0.7083333134651184,"test_precision0.75":0.4000000059604645,"_wandb":{"runtime":2853},"test_accuracy0.25":0.762499988079071,"val_balanced_accuracy0.75":0.5053914674167839,"test_accuracy0.75":0.737500011920929,"train_auroc":0.9999999403953552,"val_balanced_accuracy0.5":0.4927332395686826}