{"train_auroc":0.9983984231948853,"val_accuracy0.75":0.5754716992378235,"val_balanced_accuracy0.5":0.5302884615384615,"val_recall0.25":0.4615384638309479,"_timestamp":1.7536510354930112e+09,"test_accuracy0.5":0.512499988079071,"val_auroc":0.550000011920929,"train_loss":0.14423663914203644,"val_precision0.5":0.2750000059604645,"test_precision0.75":0.27272728085517883,"test_precision0.5":0.2432432472705841,"val_accuracy0.5":0.5849056839942932,"val_recall0.5":0.42307692766189575,"test_precision0.25":0.25,"test_recall0.25":0.550000011920929,"val_balanced_accuracy0.25":0.48701923076923076,"val_precision0.25":0.23529411852359772,"test_balanced_accuracy0.25":0.5,"val_balanced_accuracy0.75":0.4721153846153846,"test_accuracy0.75":0.5625,"test_accuracy0.25":0.4749999940395355,"_step":268,"test_balanced_accuracy0.75":0.525,"val_accuracy0.25":0.5,"test_balanced_accuracy0.5":0.4916666666666667,"test_auroc":0.4724999964237213,"val_recall0.75":0.26923078298568726,"_runtime":11083.160697765,"_wandb":{"runtime":11083},"val_precision0.75":0.21212121844291687,"test_recall0.5":0.44999998807907104,"test_recall0.75":0.44999998807907104}