{"val_recall0.5":0.26923078298568726,"val_precision0.75":0.29411765933036804,"val_accuracy0.25":0.650943398475647,"_timestamp":1.7537504604956894e+09,"test_auroc":0.5408333539962769,"val_balanced_accuracy0.5":0.5408653846153846,"val_accuracy0.5":0.6792452931404114,"val_accuracy0.75":0.6886792182922363,"val_balanced_accuracy0.25":0.5221153846153846,"test_balanced_accuracy0.25":0.5,"_runtime":1427.495058673,"test_accuracy0.25":0.6499999761581421,"test_recall0.5":0.20000000298023224,"test_precision0.25":0.25,"test_accuracy0.75":0.6875,"test_recall0.75":0.15000000596046448,"train_auroc":1,"val_recall0.75":0.19230769574642181,"test_accuracy0.5":0.6875,"val_precision0.5":0.3181818127632141,"train_loss":0.026373334228992462,"test_precision0.75":0.27272728085517883,"val_precision0.25":0.2800000011920929,"test_balanced_accuracy0.5":0.525,"val_auroc":0.5413461923599243,"test_recall0.25":0.20000000298023224,"val_recall0.25":0.26923078298568726,"test_balanced_accuracy0.75":0.5083333333333333,"_step":315,"test_precision0.5":0.3076923191547394,"_wandb":{"runtime":1427},"val_balanced_accuracy0.75":0.5211538461538462}