{"test_recall0.5":0.3499999940395355,"val_recall0.5":0.3333333432674408,"test_precision0.75":0.3529411852359772,"val_recall0.25":0.3333333432674408,"train_loss":0.01888551190495491,"test_precision0.5":0.3333333432674408,"val_precision0.25":0.27272728085517883,"test_auroc":0.62458336353302,"test_balanced_accuracy0.75":0.5583333333333333,"val_balanced_accuracy0.75":0.5274261603375527,"val_accuracy0.75":0.6226415038108826,"test_balanced_accuracy0.25":0.6,"test_accuracy0.75":0.6875,"test_accuracy0.25":0.675000011920929,"test_balanced_accuracy0.5":0.5583333333333333,"val_balanced_accuracy0.5":0.5274261603375527,"test_accuracy0.5":0.6625000238418579,"_timestamp":1.7539702114086933e+09,"test_recall0.75":0.30000001192092896,"test_precision0.25":0.375,"_step":373,"_wandb":{"runtime":2563},"_runtime":2563.363266812,"val_accuracy0.5":0.6226415038108826,"val_accuracy0.25":0.6037735939025879,"val_precision0.5":0.29032257199287415,"test_recall0.25":0.44999998807907104,"val_recall0.75":0.3333333432674408,"val_auroc":0.5072667598724365,"val_precision0.75":0.29032257199287415,"train_auroc":1,"val_balanced_accuracy0.25":0.5147679324894515}