{"_runtime":1850.6229024,"test_balanced_accuracy0.75":0.4809322033898305,"val_precision0.5":0.3333333432674408,"val_recall0.75":0.3461538553237915,"test_auroc":0.4779660701751709,"val_balanced_accuracy0.25":0.598344693281402,"test_precision0.75":0.22727273404598236,"val_accuracy0.5":0.6380952596664429,"test_recall0.75":0.25,"train_loss":0.00170218909624964,"val_auroc":0.5618305802345276,"val_accuracy0.25":0.6285714507102966,"val_recall0.25":0.5384615659713745,"_timestamp":1.7506897243776667e+09,"val_precision0.75":0.29032257199287415,"test_balanced_accuracy0.25":0.4716101694915254,"test_precision0.25":0.22580644488334656,"test_recall0.25":0.3499999940395355,"test_accuracy0.25":0.5316455960273743,"val_balanced_accuracy0.5":0.5788704965920156,"_step":366,"test_accuracy0.75":0.594936728477478,"_wandb":{"runtime":1850},"test_recall0.5":0.30000001192092896,"train_auroc":1,"test_precision0.5":0.2142857164144516,"val_accuracy0.75":0.6285714507102966,"test_accuracy0.5":0.5443037748336792,"test_balanced_accuracy0.5":0.46355932203389827,"val_balanced_accuracy0.75":0.5338364167478091,"val_recall0.5":0.4615384638309479,"val_precision0.25":0.3414634168148041}