{"test_balanced_accuracy":0.5,"_wandb":{"runtime":213},"test_auroc":0.5698825120925903,"_runtime":213.213573437,"train_auroc":0.44546690583229065,"_timestamp":1.749491776575976e+09,"test_accuracy":0.7480915784835815,"val_accuracy":0.7407407164573669,"test_recall":0,"val_precision":0,"val_balanced_accuracy":0.5,"_step":56,"train_loss":1.6878678798675537,"val_loss":1.736812710762024,"val_auroc":0.6500000357627869,"test_precision":0,"val_recall":0}