{"test_auroc":0.6483333110809326,"test_balanced_accuracy0.5":0.5083333333333333,"val_balanced_accuracy0.75":0.4669479606188467,"val_precision0.25":0.2083333283662796,"val_balanced_accuracy0.25":0.47233942803563056,"val_recall0.25":0.18518517911434174,"test_precision0.25":0.3888888955116272,"val_accuracy0.5":0.6226415038108826,"val_accuracy0.75":0.6415094137191772,"val_recall0.5":0.14814814925193787,"test_precision0.75":0.2142857164144516,"_wandb":{"runtime":1520},"_timestamp":1.7538431730467887e+09,"test_balanced_accuracy0.25":0.5833333333333333,"val_recall0.75":0.1111111119389534,"test_precision0.5":0.2666666805744171,"_step":319,"test_recall0.25":0.3499999940395355,"test_accuracy0.25":0.699999988079071,"val_precision0.5":0.190476194024086,"train_loss":0.005928502883762121,"test_accuracy0.75":0.6499999761581421,"test_recall0.75":0.15000000596046448,"val_precision0.75":0.1764705926179886,"val_accuracy0.25":0.6132075190544128,"test_recall0.5":0.20000000298023224,"val_balanced_accuracy0.5":0.4664791373652133,"val_auroc":0.4404594302177429,"test_accuracy0.5":0.6625000238418579,"test_balanced_accuracy0.75":0.48333333333333334,"_runtime":1520.831599282,"train_auroc":1}