{"val_recall":0,"test_precision":0,"train_loss":1.636796236038208,"test_accuracy":0.7557252049446106,"val_balanced_accuracy":0.5,"val_loss":1.680380940437317,"val_accuracy":0.7407407164573669,"val_precision":0,"_timestamp":1.7495763396729238e+09,"_step":50,"val_auroc":0.6499999761581421,"_wandb":{"runtime":349},"train_auroc":0.6478980779647827,"test_recall":0,"test_balanced_accuracy":0.5,"test_auroc":0.5022096037864685,"_runtime":349.539263069}