{"test_accuracy":0.7480915784835815,"val_recall":0,"train_auroc":0.6583688259124756,"test_balanced_accuracy":0.5,"val_auroc":0.5214285850524902,"val_loss":1.718824863433838,"val_accuracy":0.7407407164573669,"train_loss":1.6498875617980957,"val_precision":0,"test_recall":0,"val_balanced_accuracy":0.5,"test_auroc":0.5627705454826355,"test_precision":0,"_runtime":503.980867925,"_wandb":{"runtime":503},"_step":67,"_timestamp":1.7495800041968975e+09}