{"_timestamp":1.7505094687861388e+09,"val_auroc":0.5851995944976807,"_step":999,"train_loss":0.16882379353046417,"test_precision0.25":0.375,"test_recall0.25":0.15000000596046448,"_runtime":2613.149386459,"val_recall0.75":0.11538461595773697,"test_precision0.5":0.5,"test_accuracy0.25":0.7215189933776855,"test_recall0.5":0.05000000074505806,"test_precision0.75":0,"val_balanced_accuracy0.75":0.5450340798442064,"train_auroc":0.9979308247566223,"test_accuracy0.75":0.7341772317886353,"val_accuracy0.5":0.7523809671401978,"test_balanced_accuracy0.25":0.5326271186440678,"val_accuracy0.25":0.723809540271759,"val_precision0.5":0.5,"val_precision0.75":0.6000000238418579,"val_recall0.5":0.26923078298568726,"test_accuracy0.5":0.746835470199585,"test_balanced_accuracy0.5":0.5165254237288136,"test_auroc":0.6161017417907715,"test_recall0.75":0,"val_balanced_accuracy0.5":0.5903115871470301,"test_balanced_accuracy0.75":0.4915254237288136,"val_recall0.25":0.4615384638309479,"val_precision0.25":0.4444444477558136,"val_balanced_accuracy0.25":0.6358325219084713,"val_accuracy0.75":0.761904776096344,"_wandb":{"runtime":2613}}