{"val_precision0.25":0.25471699237823486,"val_balanced_accuracy0.5":0.5855602437880919,"test_precision0.5":0.24444444477558136,"_wandb":{"runtime":1408},"val_balanced_accuracy0.75":0.5,"_runtime":1408.265906264,"val_recall0.75":0,"test_balanced_accuracy0.25":0.5,"val_accuracy0.25":0.25471699237823486,"test_accuracy0.25":0.25,"_timestamp":1.7542873415899005e+09,"test_recall0.5":0.550000011920929,"train_auroc":0.4961327910423279,"test_accuracy0.75":0.75,"val_recall0.25":1,"test_accuracy0.5":0.4625000059604645,"val_accuracy0.5":0.5094339847564697,"test_precision0.75":0,"val_precision0.5":0.3076923191547394,"test_balanced_accuracy0.75":0.5,"test_precision0.25":0.25,"val_recall0.5":0.7407407164573669,"_step":157,"val_auroc":0.5888420343399048,"test_balanced_accuracy0.5":0.4916666666666667,"train_loss":2.0789449214935303,"test_recall0.25":1,"test_auroc":0.5041667222976685,"val_balanced_accuracy0.25":0.5,"val_accuracy0.75":0.7452830076217651,"val_precision0.75":0,"test_recall0.75":0}