{"val_accuracy0.75":0.7428571581840515,"test_precision0.75":0,"test_balanced_accuracy0.5":0.49915254237288137,"val_accuracy0.25":0.6761904954910278,"val_balanced_accuracy0.75":0.5065725413826679,"val_recall0.25":0.3076923191547394,"val_recall0.75":0.03846153989434242,"val_recall0.5":0.07692307978868484,"test_balanced_accuracy0.75":0.4915254237288136,"_runtime":7561.175422754,"val_balanced_accuracy0.5":0.5068159688412853,"test_recall0.5":0.10000000149011612,"test_balanced_accuracy0.25":0.4813559322033898,"test_accuracy0.75":0.7341772317886353,"test_accuracy0.25":0.6202531456947327,"train_loss":0.46425285935401917,"val_precision0.75":0.3333333432674408,"train_auroc":0.9892644882202148,"_timestamp":1.7514927603552713e+09,"test_recall0.25":0.20000000298023224,"val_precision0.25":0.3333333432674408,"test_accuracy0.5":0.6962025165557861,"val_auroc":0.602969765663147,"test_recall0.75":0,"val_balanced_accuracy0.25":0.5525803310613437,"val_accuracy0.5":0.723809540271759,"test_auroc":0.5313559174537659,"test_precision0.5":0.25,"test_precision0.25":0.2222222238779068,"_wandb":{"runtime":7561},"val_precision0.5":0.2857142984867096,"_step":999}