{"test_auroc":0.5841666460037231,"test_balanced_accuracy0.75":0.49166666666666664,"train_auroc":0.9883984327316284,"test_accuracy0.5":0.7124999761581421,"val_recall0.5":0.03703703731298447,"val_balanced_accuracy0.75":0.47421472105016405,"val_balanced_accuracy0.25":0.5093764650726677,"_step":999,"val_recall0.75":0.03703703731298447,"val_precision0.25":0.26923078298568726,"val_accuracy0.75":0.6886792182922363,"_runtime":4125.35931285,"test_precision0.75":0,"_wandb":{"runtime":4125},"test_accuracy0.75":0.737500011920929,"test_recall0.25":0.25,"test_precision0.5":0.2857142984867096,"val_accuracy0.5":0.650943398475647,"test_accuracy0.25":0.7124999761581421,"test_balanced_accuracy0.25":0.5583333333333333,"val_precision0.5":0.0833333358168602,"val_accuracy0.25":0.6320754885673523,"val_precision0.75":0.125,"val_recall0.25":0.25925925374031067,"test_balanced_accuracy0.5":0.5083333333333333,"val_balanced_accuracy0.5":0.4488982653539616,"train_loss":0.475326269865036,"test_precision0.25":0.38461539149284363,"test_recall0.75":0,"_timestamp":1.7538780372332013e+09,"test_recall0.5":0.10000000149011612,"val_auroc":0.48382556438446045}