{"val_balanced_accuracy":0.39642857142857146,"val_precision":0.125,"train_auroc":1,"_runtime":877.421796773,"test_recall":0.1818181872367859,"val_recall":0.1428571492433548,"val_accuracy":0.5185185074806213,"test_precision":0.31578946113586426,"_wandb":{"runtime":877},"train_loss":0.00025589129654690623,"_timestamp":1.7495142504954865e+09,"val_auroc":0.44285717606544495,"_step":94,"val_loss":26.214086532592773,"test_accuracy":0.6969696879386902,"test_auroc":0.5488215684890747,"test_balanced_accuracy":0.5252525252525253}