{"train_auroc":0.4992968738079071,"test_recall0.75":0,"test_accuracy0.5":0.75,"val_recall0.75":0,"test_auroc":0.5608333349227905,"val_recall0.5":0,"train_kld_loss":0.0008694109856151044,"test_precision0.5":0,"test_recall0.5":0,"val_accuracy0.25":0.25471699237823486,"train_recon_loss_no_kld":0.7535805106163025,"val_balanced_accuracy0.5":0.5,"_runtime":1139.218824143,"val_balanced_accuracy0.75":0.5,"val_accuracy0.75":0.7452830076217651,"test_balanced_accuracy0.75":0.5,"train_surv_loss":1.0051207542419434,"val_accuracy0.5":0.7452830076217651,"val_precision0.75":0,"train_logvar":-2.4828844402691175e-07,"_timestamp":1.7549455659824514e+09,"test_accuracy0.75":0.75,"train_loss":1.3823457956314087,"train_mu":2.4676404564161203e-07,"test_balanced_accuracy0.5":0.5,"_wandb":{"runtime":1139},"val_precision0.5":0,"_step":50,"val_auroc":0.530473530292511,"val_recall0.25":1,"test_accuracy0.25":0.25,"test_precision0.75":0,"test_recall0.25":1,"val_balanced_accuracy0.25":0.5,"test_precision0.25":0.25,"test_balanced_accuracy0.25":0.5,"val_precision0.25":0.25471699237823486}