{"val_recall0.25":0.5769230723381042,"val_auroc":0.5394352674484253,"test_recall0.25":0.800000011920929,"val_precision0.75":0.27659574151039124,"test_accuracy0.75":0.5696202516555786,"_runtime":2637.659664687,"test_precision0.25":0.3404255211353302,"test_balanced_accuracy0.5":0.6046610169491525,"test_recall0.75":0.6000000238418579,"val_balanced_accuracy0.75":0.5348101265822784,"val_precision0.5":0.23636363446712494,"val_recall0.75":0.5,"test_precision0.75":0.31578946113586426,"_wandb":{"runtime":2637},"val_balanced_accuracy0.5":0.48417721518987344,"val_accuracy0.25":0.4285714328289032,"test_recall0.5":0.6499999761581421,"_timestamp":1.750261199013241e+09,"val_accuracy0.75":0.5523809790611267,"train_loss":0.06144852191209793,"test_accuracy0.25":0.5569620132446289,"test_accuracy0.5":0.5822784900665283,"test_precision0.5":0.3333333432674408,"val_precision0.25":0.234375,"train_auroc":0.9996193647384644,"test_auroc":0.631779670715332,"_step":708,"test_balanced_accuracy0.75":0.5796610169491525,"val_recall0.5":0.5,"val_accuracy0.5":0.4761904776096344,"test_balanced_accuracy0.25":0.6372881355932204,"val_balanced_accuracy0.25":0.47833495618305744}