{"test_recall0.5":0.3499999940395355,"val_balanced_accuracy0.75":0.4476851851851852,"test_recall0.25":0.5,"val_balanced_accuracy0.25":0.44699074074074074,"val_accuracy0.5":0.44859811663627625,"test_precision0.75":0.22580644488334656,"val_auroc":0.48750001192092896,"test_recall0.75":0.3499999940395355,"test_precision0.5":0.18421052396297455,"val_accuracy0.75":0.4859813153743744,"test_balanced_accuracy0.25":0.45,"test_auroc":0.4483333230018616,"test_accuracy0.25":0.42500001192092896,"_step":222,"_timestamp":1.7538879176341927e+09,"val_recall0.5":0.40740740299224854,"val_precision0.5":0.20370370149612427,"test_balanced_accuracy0.5":0.41666666666666663,"val_accuracy0.25":0.42990654706954956,"test_precision0.25":0.21739129722118378,"train_loss":0.00019268783216830343,"test_accuracy0.75":0.5375000238418579,"train_auroc":1,"_wandb":{"runtime":5167},"val_recall0.75":0.37037035822868347,"val_recall0.25":0.48148149251937866,"_runtime":5167.63803933,"val_precision0.25":0.21666666865348816,"val_balanced_accuracy0.5":0.4349537037037037,"test_balanced_accuracy0.75":0.475,"test_accuracy0.5":0.44999998807907104,"val_precision0.75":0.2083333283662796}