{"test_accuracy0.25":0.7341772317886353,"test_recall0.25":0.20000000298023224,"train_loss":0.047430071979761124,"train_auroc":0.9993305206298828,"test_recall0.5":0.15000000596046448,"val_balanced_accuracy0.5":0.5452775073028238,"test_accuracy0.75":0.7721518874168396,"val_recall0.5":0.1538461595773697,"val_precision0.5":0.4444444477558136,"_step":432,"val_accuracy0.25":0.7428571581840515,"test_recall0.75":0.15000000596046448,"_runtime":1143.777502564,"test_balanced_accuracy0.25":0.5576271186440678,"val_balanced_accuracy0.75":0.5387049659201558,"test_auroc":0.6127118468284607,"val_recall0.25":0.19230769574642181,"val_precision0.25":0.4545454680919647,"val_accuracy0.5":0.7428571581840515,"val_balanced_accuracy0.25":0.5581791626095424,"val_recall0.75":0.11538461595773697,"test_balanced_accuracy0.75":0.5665254237288135,"test_accuracy0.5":0.7721518874168396,"test_balanced_accuracy0.5":0.5665254237288135,"test_precision0.25":0.4444444477558136,"test_precision0.5":0.75,"val_accuracy0.75":0.7523809671401978,"test_precision0.75":0.75,"_wandb":{"runtime":1143},"val_auroc":0.5306718349456787,"_timestamp":1.7502402190914092e+09,"val_precision0.75":0.5}