{"val_loss":0.36504989862442017,"val_recall":0,"test_accuracy":0.746835470199585,"test_recall":0,"_runtime":873.651794135,"train_auroc":0.5,"_wandb":{"runtime":875},"test_auroc":0.5,"_step":35,"test_precision":0,"val_precision":0,"val_auroc":0.5,"train_loss":0.35810986161231995,"_timestamp":1.7476951754210749e+09,"val_accuracy":0.75}