{"val_auroc":0.6061344146728516,"test_precision0.5":0.4000000059604645,"val_balanced_accuracy0.75":0.558666017526777,"val_accuracy0.25":0.7142857313156128,"val_accuracy0.75":0.7047619223594666,"test_accuracy0.75":0.7215189933776855,"test_recall0.25":0.30000001192092896,"val_precision0.5":0.4000000059604645,"val_precision0.75":0.3684210479259491,"_runtime":2245.910575586,"test_precision0.25":0.375,"val_balanced_accuracy0.25":0.5907984420642649,"test_balanced_accuracy0.5":0.573728813559322,"train_auroc":1,"test_recall0.75":0.30000001192092896,"test_balanced_accuracy0.25":0.5652542372881356,"_step":237,"test_balanced_accuracy0.75":0.5822033898305085,"test_accuracy0.25":0.6962025165557861,"val_accuracy0.5":0.7142857313156128,"test_recall0.5":0.30000001192092896,"_timestamp":1.7507362090995123e+09,"test_precision0.75":0.4285714328289032,"val_recall0.25":0.3461538553237915,"train_loss":0.00020442130335140973,"val_recall0.75":0.26923078298568726,"test_accuracy0.5":0.7088607549667358,"val_recall0.5":0.3076923191547394,"test_auroc":0.6194915175437927,"val_balanced_accuracy0.5":0.5778967867575462,"val_precision0.25":0.40909090638160706,"_wandb":{"runtime":2245}}