{"test_accuracy0.5":0.5874999761581421,"val_balanced_accuracy0.5":0.5653846153846154,"_wandb":{"runtime":3108},"test_balanced_accuracy0.5":0.5416666666666666,"val_precision0.25":0.26760563254356384,"_timestamp":1.7539676472192507e+09,"test_recall0.5":0.44999998807907104,"val_recall0.75":0.6153846383094788,"val_balanced_accuracy0.75":0.5576923076923077,"val_precision0.75":0.2857142984867096,"val_balanced_accuracy0.25":0.5403846153846154,"test_auroc":0.5529166460037231,"val_accuracy0.75":0.5283018946647644,"val_accuracy0.5":0.4811320900917053,"val_auroc":0.5769230127334595,"test_precision0.25":0.2926829159259796,"test_recall0.25":0.6000000238418579,"test_accuracy0.25":0.5375000238418579,"_runtime":3108.747728666,"train_loss":0.07898524403572083,"val_recall0.25":0.7307692170143127,"val_accuracy0.25":0.4433962404727936,"train_auroc":0.9999604225158691,"test_precision0.5":0.29032257199287415,"test_recall0.75":0.3499999940395355,"test_accuracy0.75":0.6000000238418579,"val_precision0.5":0.28358209133148193,"_step":479,"val_recall0.5":0.7307692170143127,"test_precision0.75":0.26923078298568726,"test_balanced_accuracy0.25":0.5583333333333333,"test_balanced_accuracy0.75":0.5166666666666666}