{"test_precision":0,"_timestamp":1.7494928558374307e+09,"val_loss":1.730402946472168,"test_balanced_accuracy":0.5,"val_accuracy":0.7407407164573669,"val_balanced_accuracy":0.5,"test_accuracy":0.75,"test_auroc":0.5537190437316895,"test_recall":0,"_runtime":222.20625821,"val_recall":0,"_wandb":{"runtime":222},"val_precision":0,"train_auroc":0.43103447556495667,"train_loss":1.703355073928833,"_step":50,"val_auroc":0.4285714626312256}