{"val_loss":1.7194448709487915,"val_precision":0,"val_accuracy":0.7407407164573669,"_wandb":{"runtime":330},"val_auroc":0.5857143402099609,"test_precision":0,"_timestamp":1.7495541324430902e+09,"test_balanced_accuracy":0.5,"test_accuracy":0.7480915784835815,"_step":50,"_runtime":330.647407437,"val_recall":0,"val_balanced_accuracy":0.5,"test_auroc":0.5769944787025452,"test_recall":0,"train_loss":1.647368311882019,"train_auroc":0.6463580131530762}