{"_wandb":{"runtime":3021},"test_balanced_accuracy0.75":0.5666666666666667,"test_accuracy0.5":0.7124999761581421,"val_recall0.25":0.03846153989434242,"train_auroc":1,"val_accuracy0.75":0.6226415038108826,"val_recall0.75":0.03846153989434242,"test_recall0.25":0.30000001192092896,"val_precision0.75":0.0625,"test_recall0.5":0.30000001192092896,"_runtime":3021.822660383,"_step":479,"val_accuracy0.25":0.5849056839942932,"test_precision0.5":0.4000000059604645,"val_balanced_accuracy0.75":0.4254807692307692,"test_accuracy0.25":0.7124999761581421,"val_precision0.25":0.05000000074505806,"val_auroc":0.39567309617996216,"test_balanced_accuracy0.25":0.575,"test_auroc":0.6158333420753479,"test_balanced_accuracy0.5":0.575,"test_precision0.75":0.4166666567325592,"val_accuracy0.5":0.6226415038108826,"test_precision0.25":0.4000000059604645,"val_precision0.5":0.0625,"train_loss":5.025194241170539e-06,"val_balanced_accuracy0.25":0.4004807692307692,"test_accuracy0.75":0.7250000238418579,"val_balanced_accuracy0.5":0.4254807692307692,"test_recall0.75":0.25,"val_recall0.5":0.03846153989434242,"_timestamp":1.75501228272894e+09}