{"test_accuracy0.75":0.746835470199585,"val_accuracy0.5":0.7523809671401978,"train_loss":1.7064369916915894,"test_recall0.25":0,"_timestamp":1.7504774128670561e+09,"val_recall0.25":0,"train_auroc":0.39812561869621277,"val_recall0.5":0,"val_precision0.5":0,"test_auroc":0.5097457766532898,"val_auroc":0.6626095771789551,"test_precision0.25":0,"val_balanced_accuracy0.5":0.5,"test_balanced_accuracy0.75":0.5,"_wandb":{"runtime":679},"test_balanced_accuracy0.25":0.5,"test_recall0.5":0,"_step":237,"val_accuracy0.75":0.7523809671401978,"val_precision0.75":0,"val_recall0.75":0,"test_accuracy0.25":0.746835470199585,"test_accuracy0.5":0.746835470199585,"test_recall0.75":0,"test_balanced_accuracy0.5":0.5,"test_precision0.75":0,"val_balanced_accuracy0.25":0.5,"val_accuracy0.25":0.7523809671401978,"_runtime":679.224611823,"val_balanced_accuracy0.75":0.5,"test_precision0.5":0,"val_precision0.25":0}