{"val_balanced_accuracy0.75":0.5479552093476143,"test_accuracy0.5":0.40506330132484436,"train_auroc":0.998277485370636,"val_balanced_accuracy0.5":0.5418695228821812,"_runtime":740.552459624,"_timestamp":1.7502426191491482e+09,"test_recall0.5":0.6000000238418579,"test_recall0.25":0.699999988079071,"test_balanced_accuracy0.5":0.4694915254237288,"test_recall0.75":0.550000011920929,"train_loss":0.14705413579940796,"test_balanced_accuracy0.25":0.485593220338983,"val_precision0.25":0.2777777910232544,"test_accuracy0.75":0.4303797483444214,"test_precision0.25":0.24561403691768646,"_step":236,"val_precision0.5":0.27586206793785095,"test_balanced_accuracy0.75":0.4699152542372882,"test_precision0.75":0.23404255509376526,"val_accuracy0.5":0.5047619342803955,"val_auroc":0.5589094758033752,"val_precision0.75":0.2830188572406769,"val_accuracy0.25":0.4476190507411957,"_wandb":{"runtime":740},"val_recall0.75":0.5769230723381042,"test_accuracy0.25":0.37974682450294495,"val_balanced_accuracy0.25":0.5555014605647517,"val_recall0.5":0.6153846383094788,"test_auroc":0.5419491529464722,"val_accuracy0.75":0.5333333611488342,"val_recall0.25":0.7692307829856873,"test_precision0.5":0.23529411852359772}