{"test_recall0.75":0,"val_accuracy0.5":0.7547169923782349,"val_recall0.25":1,"val_accuracy0.75":0.7547169923782349,"train_surv_loss":1.0236570835113525,"test_auroc":0.5395833253860474,"val_precision0.5":0,"_wandb":{"runtime":1398},"val_balanced_accuracy0.5":0.5,"test_recall0.25":1,"_step":50,"_runtime":1398.27139144,"_timestamp":1.754990862848275e+09,"test_accuracy0.75":0.75,"val_balanced_accuracy0.25":0.5,"test_balanced_accuracy0.5":0.5,"test_balanced_accuracy0.75":0.5,"val_recall0.5":0,"test_precision0.75":0,"val_precision0.75":0,"test_precision0.5":0,"train_recon_loss_no_kld":0.9900239109992981,"train_kld_loss":7.118613575585186e-05,"train_logvar":2.965719659187016e-06,"train_auroc":0.4193267822265625,"val_recall0.75":0,"val_precision0.25":0.24528302252292633,"test_recall0.5":0,"train_loss":1.5187044143676758,"test_accuracy0.5":0.75,"val_accuracy0.25":0.24528302252292633,"train_mu":-2.780083718789683e-07,"test_precision0.25":0.25,"val_balanced_accuracy0.75":0.5,"test_balanced_accuracy0.25":0.5,"test_accuracy0.25":0.25,"val_auroc":0.5064903497695923}