{"test_auroc":0.5898305177688599,"_timestamp":1.7497988245712416e+09,"test_recall0.25":0.8500000238418579,"val_precision0.25":0.2688172161579132,"test_balanced_accuracy0.75":0.5,"_runtime":1715.724390958,"test_balanced_accuracy0.5":0.5,"val_recall0.25":0.9615384340286255,"test_accuracy0.5":0.746835470199585,"test_precision0.75":0,"val_balanced_accuracy0.5":0.5,"test_accuracy0.75":0.746835470199585,"_wandb":{"runtime":1715},"val_precision0.5":0,"train_loss":1.6917833089828491,"_step":499,"train_auroc":0.5054770708084106,"test_precision0.25":0.24637681245803833,"test_recall0.75":0,"val_recall0.5":0,"val_balanced_accuracy0.25":0.5503894839337877,"val_balanced_accuracy0.75":0.5,"test_balanced_accuracy0.25":0.4843220338983051,"test_accuracy0.25":0.3037974536418915,"val_accuracy0.5":0.7523809671401978,"val_auroc":0.5959104299545288,"val_accuracy0.25":0.34285715222358704,"val_recall0.75":0,"val_precision0.75":0,"val_accuracy0.75":0.7523809671401978,"test_recall0.5":0,"test_precision0.5":0}