{"test_accuracy0.25":0.2531645596027374,"val_precision0.75":0,"test_accuracy0.75":0.746835470199585,"val_balanced_accuracy0.75":0.5,"val_auroc":0.4861246347427368,"test_precision0.5":0,"val_balanced_accuracy0.5":0.5,"test_recall0.25":1,"test_recall0.75":0,"test_accuracy0.5":0.746835470199585,"test_balanced_accuracy0.75":0.5,"val_accuracy0.25":0.24761904776096344,"val_recall0.25":1,"test_balanced_accuracy0.25":0.5,"test_balanced_accuracy0.5":0.5,"test_recall0.5":0,"test_precision0.25":0.2531645596027374,"train_auroc":0.5632911920547485,"train_loss":1.688362717628479,"_step":234,"val_accuracy0.5":0.7523809671401978,"val_recall0.75":0,"test_auroc":0.40805086493492126,"val_precision0.5":0,"test_precision0.75":0,"val_precision0.25":0.24761904776096344,"_wandb":{"runtime":1105},"_timestamp":1.7505422611503167e+09,"val_balanced_accuracy0.25":0.5,"val_accuracy0.75":0.7523809671401978,"_runtime":1105.993033691,"val_recall0.5":0}