{"val_balanced_accuracy0.75":0.5068159688412853,"test_recall0.5":0.20000000298023224,"val_accuracy0.5":0.6666666865348816,"val_balanced_accuracy0.25":0.49610516066212274,"test_balanced_accuracy0.75":0.49915254237288137,"_wandb":{"runtime":3328},"test_balanced_accuracy0.25":0.5216101694915254,"val_precision0.5":0.2631579041481018,"train_auroc":0.9991480112075806,"train_loss":0.23852133750915527,"val_precision0.25":0.24390244483947754,"_timestamp":1.7500870585848465e+09,"test_recall0.75":0.10000000149011612,"val_auroc":0.5048685669898987,"test_precision0.25":0.27272728085517883,"test_accuracy0.25":0.5569620132446289,"val_recall0.25":0.38461539149284363,"test_precision0.75":0.25,"_runtime":3328.997377605,"val_accuracy0.25":0.5523809790611267,"test_recall0.25":0.44999998807907104,"_step":999,"val_recall0.5":0.19230769574642181,"test_balanced_accuracy0.5":0.4813559322033898,"val_balanced_accuracy0.5":0.5075462512171374,"test_accuracy0.75":0.6962025165557861,"test_auroc":0.5186440944671631,"test_accuracy0.5":0.6202531456947327,"val_recall0.75":0.07692307978868484,"val_precision0.75":0.2857142984867096,"test_precision0.5":0.2222222238779068,"val_accuracy0.75":0.723809540271759}