{"val_auroc":0.4819444417953491,"test_recall0.75":0,"val_accuracy0.25":0.25233644247055054,"test_auroc":0.4387499988079071,"train_surv_loss":0.9943234920501709,"_runtime":2848.433492323,"_step":118,"test_recall0.25":1,"train_kld_loss":0.00684200506657362,"test_precision0.25":0.25,"val_precision0.25":0.25233644247055054,"val_accuracy0.75":0.7476635575294495,"val_balanced_accuracy0.75":0.5,"test_precision0.5":0.25,"train_logvar":1.054888798535103e-06,"test_balanced_accuracy0.5":0.5,"train_auroc":0.5069023966789246,"val_balanced_accuracy0.5":0.5,"val_recall0.75":0,"train_recon_loss_no_kld":0.9964183568954468,"val_precision0.75":0,"_wandb":{"runtime":2848},"test_balanced_accuracy0.25":0.5,"test_accuracy0.25":0.25,"val_recall0.5":1,"_timestamp":1.754989464106489e+09,"val_recall0.25":1,"test_balanced_accuracy0.75":0.5,"train_mu":-3.830302262031182e-07,"test_accuracy0.75":0.75,"val_accuracy0.5":0.25233644247055054,"train_loss":1.4959536790847778,"test_precision0.75":0,"test_recall0.5":1,"val_balanced_accuracy0.25":0.5,"val_precision0.5":0.25233644247055054,"test_accuracy0.5":0.25}