{"val_accuracy":0.7407407164573669,"val_loss":1.729095697402954,"test_precision":0,"test_balanced_accuracy":0.5,"test_auroc":0.5486111044883728,"test_accuracy":0.7557252049446106,"_step":85,"val_balanced_accuracy":0.5,"test_recall":0,"val_recall":0,"_wandb":{"runtime":788},"val_precision":0,"train_loss":1.6996597051620483,"_timestamp":1.7495095007155814e+09,"val_auroc":0.46785715222358704,"train_auroc":0.49976059794425964,"_runtime":788.823030884}