{"val_balanced_accuracy0.5":0.5317307692307692,"val_balanced_accuracy0.25":0.5,"val_accuracy0.75":0.7547169923782349,"val_precision0.75":0,"train_loss":2.0695879459381104,"test_recall0.25":1,"val_auroc":0.5581730604171753,"val_recall0.5":0.5384615659713745,"val_precision0.5":0.26923078298568726,"test_balanced_accuracy0.25":0.5,"val_balanced_accuracy0.75":0.5,"test_precision0.75":0,"test_precision0.25":0.25,"_runtime":1833.648298545,"_timestamp":1.7536037690066206e+09,"test_accuracy0.5":0.574999988079071,"test_recall0.75":0,"val_precision0.25":0.24528302252292633,"val_recall0.75":0,"test_balanced_accuracy0.5":0.5666666666666667,"test_auroc":0.5366666913032532,"test_precision0.5":0.3055555522441864,"_step":286,"val_recall0.25":1,"test_accuracy0.75":0.75,"test_accuracy0.25":0.25,"val_accuracy0.25":0.24528302252292633,"_wandb":{"runtime":1833},"val_accuracy0.5":0.5283018946647644,"train_auroc":0.5208672285079956,"test_recall0.5":0.550000011920929,"test_balanced_accuracy0.75":0.5}