{"test_balanced_accuracy0.25":0.5666666666666667,"_step":432,"test_accuracy0.5":0.7124999761581421,"test_precision0.75":0.3333333432674408,"test_balanced_accuracy0.5":0.575,"train_loss":0.004829905461519957,"test_accuracy0.25":0.699999988079071,"test_auroc":0.56333327293396,"val_precision0.25":0.31578946113586426,"test_precision0.5":0.4000000059604645,"_wandb":{"runtime":2493},"test_accuracy0.75":0.699999988079071,"train_auroc":1,"val_accuracy0.5":0.7075471878051758,"val_balanced_accuracy0.5":0.5478199718706047,"test_balanced_accuracy0.75":0.5333333333333333,"val_balanced_accuracy0.25":0.5288326300984529,"val_precision0.5":0.375,"val_accuracy0.75":0.7169811129570007,"val_balanced_accuracy0.75":0.5541490857946554,"test_recall0.5":0.30000001192092896,"_timestamp":1.7550262907276182e+09,"val_accuracy0.25":0.6792452931404114,"val_recall0.25":0.2222222238779068,"test_recall0.75":0.20000000298023224,"_runtime":2493.234255246,"test_recall0.25":0.30000001192092896,"val_precision0.75":0.4000000059604645,"test_precision0.25":0.375,"val_recall0.75":0.2222222238779068,"val_auroc":0.4697608947753906,"val_recall0.5":0.2222222238779068}