{"_wandb":{"runtime":9045},"val_accuracy0.75":0.7047619223594666,"val_balanced_accuracy0.5":0.5138753651411879,"_runtime":9045.61965986,"val_accuracy0.5":0.6761904954910278,"val_recall0.25":0.26923078298568726,"test_accuracy0.25":0.6329113841056824,"test_recall0.5":0.3499999940395355,"test_balanced_accuracy0.25":0.5889830508474576,"val_recall0.75":0.19230769574642181,"test_balanced_accuracy0.5":0.5309322033898305,"test_balanced_accuracy0.75":0.5317796610169492,"test_precision0.5":0.2916666567325592,"train_loss":0.036287106573581696,"val_balanced_accuracy0.75":0.5328627069133398,"_step":576,"val_precision0.5":0.2777777910232544,"test_recall0.25":0.5,"test_accuracy0.5":0.6202531456947327,"test_auroc":0.5372881293296814,"test_precision0.75":0.3125,"_timestamp":1.751089778073909e+09,"train_auroc":1,"test_recall0.75":0.25,"val_precision0.75":0.3333333432674408,"val_recall0.5":0.19230769574642181,"val_auroc":0.48442065715789795,"test_accuracy0.75":0.6708860993385315,"val_accuracy0.25":0.6095238327980042,"test_precision0.25":0.3448275923728943,"val_balanced_accuracy0.25":0.4953748782862707,"val_precision0.25":0.24137930572032928}