{"test_accuracy":0.746835470199585,"val_recall":0,"_step":16,"_wandb":{"runtime":1045},"test_auroc":0.4991525411605835,"val_auroc":0.4166666567325592,"train_loss":0.37301695346832275,"train_auroc":0.49114686250686646,"_runtime":1045.442732278,"_timestamp":1.7477820926775749e+09,"val_accuracy":0.75,"val_loss":0.3746148347854614,"val_precision":0,"test_precision":0,"test_recall":0}