{"val_precision0.5":0.3333333432674408,"test_balanced_accuracy0.25":0.5083333333333333,"test_precision0.25":0.27272728085517883,"test_balanced_accuracy0.5":0.475,"val_balanced_accuracy0.5":0.5117205813408345,"test_recall0.75":0,"test_accuracy0.75":0.737500011920929,"val_balanced_accuracy0.25":0.4610876699484294,"val_accuracy0.25":0.650943398475647,"test_precision0.75":0,"val_recall0.5":0.07407407462596893,"_runtime":2335.458588595,"val_recall0.75":0.03703703731298447,"val_accuracy0.5":0.7264150977134705,"train_auroc":0.9998820424079895,"val_precision0.75":0.3333333432674408,"test_precision0.5":0,"_wandb":{"runtime":2335},"test_accuracy0.5":0.7124999761581421,"test_recall0.5":0,"_timestamp":1.753474417852695e+09,"val_accuracy0.75":0.7358490824699402,"val_balanced_accuracy0.75":0.5058602906704173,"train_loss":0.3573746681213379,"_step":999,"val_precision0.25":0.1428571492433548,"val_auroc":0.41443973779678345,"test_accuracy0.25":0.6875,"test_balanced_accuracy0.75":0.49166666666666664,"test_auroc":0.5199999809265137,"val_recall0.25":0.07407407462596893,"test_recall0.25":0.15000000596046448}