{"val_recall":0,"_wandb":{"runtime":688},"test_recall":0,"val_precision":0,"val_accuracy":0.7407407164573669,"val_loss":1.7269010543823242,"test_balanced_accuracy":0.5,"test_accuracy":0.75,"test_precision":0,"val_balanced_accuracy":0.5,"train_loss":1.6691219806671143,"train_auroc":0.6966686248779297,"_step":103,"test_auroc":0.5402510166168213,"val_auroc":0.5214285850524902,"_timestamp":1.749584122887774e+09,"_runtime":688.482241738}