{"val_accuracy0.5":0.7037037014961243,"test_balanced_accuracy0.75":0.48579545454545453,"test_recall0.5":0.125,"train_auroc":1,"test_precision0.5":0.2222222238779068,"val_recall0.5":0.2857142984867096,"val_accuracy0.25":0.6296296119689941,"val_accuracy0.75":0.7037037014961243,"val_precision0.5":0.4000000059604645,"val_balanced_accuracy0.25":0.5178571428571428,"val_precision0.75":0.3333333432674408,"_runtime":1773.898975013,"val_recall0.25":0.2857142984867096,"_wandb":{"runtime":1773},"test_balanced_accuracy0.25":0.48216540404040403,"test_precision0.25":0.2083333283662796,"train_loss":8.460543904220685e-05,"val_precision0.25":0.2857142984867096,"test_precision0.75":0.1818181872367859,"test_balanced_accuracy0.5":0.4917929292929293,"test_recall0.75":0.0625,"_step":499,"test_accuracy0.25":0.6488549709320068,"val_recall0.75":0.1428571492433548,"test_auroc":0.5126262903213501,"_timestamp":1.7497181293074315e+09,"val_balanced_accuracy0.75":0.5214285714285715,"test_recall0.25":0.15625,"val_auroc":0.6642856597900391,"test_accuracy0.5":0.6793892979621887,"val_balanced_accuracy0.5":0.5678571428571428,"test_accuracy0.75":0.7022900581359863}