{"_wandb":{"runtime":1264},"test_auroc":0.5817796587944031,"val_balanced_accuracy0.25":0.5,"val_accuracy0.5":0.24761904776096344,"val_recall0.5":1,"test_precision0.25":0.2531645596027374,"val_precision0.75":0,"test_precision0.75":0,"val_balanced_accuracy0.5":0.5,"test_recall0.5":1,"test_accuracy0.25":0.2531645596027374,"val_accuracy0.25":0.24761904776096344,"test_accuracy0.5":0.2531645596027374,"test_balanced_accuracy0.25":0.5,"test_accuracy0.75":0.746835470199585,"test_recall0.75":0,"val_recall0.25":1,"train_auroc":0.4383111596107483,"val_precision0.25":0.24761904776096344,"_runtime":1264.316570935,"train_loss":2.0936477184295654,"_timestamp":1.7506814593762605e+09,"val_balanced_accuracy0.75":0.5,"test_balanced_accuracy0.75":0.5,"val_precision0.5":0.24761904776096344,"val_auroc":0.5352969765663147,"val_recall0.75":0,"test_recall0.25":1,"test_balanced_accuracy0.5":0.5,"val_accuracy0.75":0.7523809671401978,"_step":264,"test_precision0.5":0.2531645596027374}