{"val_balanced_accuracy0.75":0.5703703703703704,"val_precision0.25":0.25581395626068115,"test_balanced_accuracy0.75":0.4,"val_recall0.25":0.8148148059844971,"val_recall0.75":0.7407407164573669,"val_precision0.75":0.29411765933036804,"val_accuracy0.5":0.4112149477005005,"test_precision0.5":0.19230769574642181,"test_accuracy0.25":0.36250001192092896,"test_recall0.75":0.4000000059604645,"val_accuracy0.75":0.4859813153743744,"val_accuracy0.25":0.35514017939567566,"test_balanced_accuracy0.25":0.44166666666666665,"_runtime":1527.065059169,"train_loss":0.1874758005142212,"val_precision0.5":0.2631579041481018,"val_auroc":0.6081018447875977,"val_recall0.5":0.7407407164573669,"_step":359,"test_recall0.5":0.5,"train_auroc":0.9943832159042358,"test_precision0.25":0.2181818187236786,"test_accuracy0.5":0.3499999940395355,"test_recall0.25":0.6000000238418579,"test_precision0.75":0.1818181872367859,"_wandb":{"runtime":1527},"val_balanced_accuracy0.5":0.5203703703703704,"_timestamp":1.7538279852822492e+09,"val_balanced_accuracy0.25":0.5074074074074074,"test_accuracy0.75":0.4000000059604645,"test_auroc":0.3462499976158142,"test_balanced_accuracy0.5":0.4}