{"val_balanced_accuracy0.25":0.5658696671354899,"val_precision0.5":0.3529411852359772,"val_precision0.25":0.380952388048172,"_runtime":3159.995210504,"test_accuracy0.75":0.762499988079071,"train_loss":0.0011233650147914886,"test_auroc":0.59333336353302,"train_auroc":1,"val_accuracy0.25":0.698113203048706,"test_precision0.25":0.4285714328289032,"test_recall0.75":0.30000001192092896,"val_recall0.75":0.2222222238779068,"test_precision0.75":0.5454545617103577,"val_recall0.25":0.29629629850387573,"test_accuracy0.25":0.7250000238418579,"test_recall0.5":0.30000001192092896,"_wandb":{"runtime":3159},"val_accuracy0.75":0.7075471878051758,"val_auroc":0.5358649492263794,"test_recall0.25":0.30000001192092896,"test_precision0.5":0.5454545617103577,"val_balanced_accuracy0.75":0.5478199718706047,"val_precision0.75":0.375,"test_accuracy0.5":0.762499988079071,"test_balanced_accuracy0.75":0.6083333333333333,"val_balanced_accuracy0.5":0.5414908579465542,"val_recall0.5":0.2222222238779068,"test_balanced_accuracy0.25":0.5833333333333334,"_timestamp":1.753579013698459e+09,"_step":345,"test_balanced_accuracy0.5":0.6083333333333333,"val_accuracy0.5":0.698113203048706}