{"val_precision0.75":0.27272728085517883,"val_balanced_accuracy0.75":0.5111111111111111,"val_accuracy0.75":0.6542056202888489,"val_recall0.5":0.2222222238779068,"_runtime":1849.529201887,"val_balanced_accuracy0.25":0.5048611111111111,"val_accuracy0.5":0.6542056202888489,"val_auroc":0.4541666507720947,"val_recall0.25":0.2222222238779068,"test_accuracy0.25":0.6625000238418579,"test_accuracy0.75":0.699999988079071,"_step":335,"test_precision0.25":0.31578946113586426,"test_balanced_accuracy0.75":0.5666666666666667,"test_recall0.25":0.30000001192092896,"train_auroc":1,"val_precision0.25":0.260869562625885,"val_recall0.75":0.2222222238779068,"test_precision0.75":0.375,"val_precision0.5":0.27272728085517883,"test_recall0.5":0.30000001192092896,"val_accuracy0.25":0.644859790802002,"_timestamp":1.7534632779301274e+09,"test_precision0.5":0.3529411852359772,"test_auroc":0.5166666507720947,"test_balanced_accuracy0.25":0.5416666666666666,"test_balanced_accuracy0.5":0.5583333333333333,"test_recall0.75":0.30000001192092896,"train_loss":1.8326127246837132e-06,"_wandb":{"runtime":1849},"val_balanced_accuracy0.5":0.5111111111111111,"test_accuracy0.5":0.6875}