{"val_precision":0.25,"test_accuracy":0.2531645596027374,"_wandb":{"runtime":15291},"test_balanced_accuracy":0.5,"val_accuracy":0.25,"val_balanced_accuracy":0.5,"train_loss":0.6911841034889221,"val_recall":0.25,"val_loss":0.6937200427055359,"test_recall":0.2531645596027374,"_timestamp":1.7479858396243637e+09,"val_auroc":0.421875,"_step":106,"test_auroc":0.45720338821411133,"train_auroc":0.5413480997085571,"_runtime":15291.5512505,"test_precision":0.2531645596027374}