{"val_precision0.75":0.2647058963775635,"val_balanced_accuracy0.5":0.47679324894514763,"test_accuracy0.75":0.675000011920929,"val_precision0.25":0.2380952388048172,"val_balanced_accuracy0.25":0.4826535396155649,"val_auroc":0.5086732506752014,"_runtime":1535.725846143,"test_recall0.75":0.44999998807907104,"val_balanced_accuracy0.75":0.5084388185654009,"test_balanced_accuracy0.5":0.625,"val_recall0.25":0.37037035822868347,"train_auroc":1,"test_precision0.5":0.37931033968925476,"val_precision0.5":0.23076923191547394,"val_recall0.5":0.3333333432674408,"test_precision0.75":0.375,"test_recall0.25":0.550000011920929,"_timestamp":1.7539485675274804e+09,"test_balanced_accuracy0.75":0.6,"test_precision0.25":0.36666667461395264,"train_loss":0.007762686815112829,"val_recall0.75":0.3333333432674408,"_step":222,"test_auroc":0.64041668176651,"_wandb":{"runtime":1535},"test_accuracy0.5":0.6625000238418579,"val_accuracy0.75":0.5943396091461182,"test_accuracy0.25":0.6499999761581421,"val_accuracy0.25":0.5377358198165894,"test_recall0.5":0.550000011920929,"val_accuracy0.5":0.5471698045730591,"test_balanced_accuracy0.25":0.6166666666666667}