{"val_accuracy":0.7037037014961243,"train_auroc":1,"val_precision":0.4000000059604645,"val_loss":3.883692502975464,"_timestamp":1.7494843927202394e+09,"test_accuracy":0.6717557311058044,"test_recall":0.21875,"test_auroc":0.5269886255264282,"test_balanced_accuracy":0.5184659090909092,"_runtime":362.971547469,"val_balanced_accuracy":0.5678571428571428,"test_precision":0.2800000011920929,"train_loss":0.00047651425120420754,"val_recall":0.2857142984867096,"val_auroc":0.8214285373687744,"_wandb":{"runtime":362},"_step":122}