{"test_accuracy0.25":0.6329113841056824,"test_auroc":0.5372881293296814,"val_precision0.25":0.2666666805744171,"val_recall0.75":0.26923078298568726,"test_precision0.5":0.2857142984867096,"_wandb":{"runtime":1048},"val_precision0.5":0.24137930572032928,"val_balanced_accuracy0.5":0.4953748782862707,"val_balanced_accuracy0.25":0.51460564751704,"val_auroc":0.512414813041687,"val_accuracy0.5":0.6095238327980042,"test_recall0.25":0.30000001192092896,"train_loss":0.043515242636203766,"_timestamp":1.75048005965233e+09,"test_accuracy0.75":0.6329113841056824,"val_accuracy0.25":0.6190476417541504,"val_balanced_accuracy0.75":0.5017039922103214,"_step":366,"test_accuracy0.5":0.6329113841056824,"test_precision0.75":0.2857142984867096,"val_recall0.5":0.26923078298568726,"train_auroc":0.9995739459991455,"test_recall0.75":0.30000001192092896,"val_precision0.75":0.25,"test_precision0.25":0.2857142984867096,"test_recall0.5":0.30000001192092896,"test_balanced_accuracy0.25":0.5228813559322034,"_runtime":1048.397549874,"test_balanced_accuracy0.75":0.5228813559322034,"val_recall0.25":0.3076923191547394,"test_balanced_accuracy0.5":0.5228813559322034,"val_accuracy0.75":0.6190476417541504}