{"test_accuracy0.25":0.746835470199585,"test_recall0.25":0,"_step":340,"_runtime":2816.977386999,"val_recall0.75":0,"val_accuracy0.25":0.7523809671401978,"val_precision0.5":0,"test_recall0.75":0,"val_recall0.25":0,"test_precision0.25":0,"test_auroc":0.5936440825462341,"test_balanced_accuracy0.25":0.5,"train_auroc":0.4086538255214691,"test_precision0.75":0,"val_balanced_accuracy0.5":0.5,"_timestamp":1.7506922007548366e+09,"val_recall0.5":0,"_wandb":{"runtime":2816},"val_auroc":0.5121713876724243,"test_balanced_accuracy0.5":0.5,"test_balanced_accuracy0.75":0.5,"val_accuracy0.5":0.7523809671401978,"val_precision0.75":0,"test_accuracy0.5":0.746835470199585,"test_recall0.5":0,"val_accuracy0.75":0.7523809671401978,"train_loss":1.694174885749817,"test_accuracy0.75":0.746835470199585,"test_precision0.5":0,"val_balanced_accuracy0.25":0.5,"val_precision0.25":0,"val_balanced_accuracy0.75":0.5}