{"test_recall0.75":0.25,"test_balanced_accuracy0.75":0.5911016949152542,"train_loss":0.04635397717356682,"test_precision0.75":0.5555555820465088,"val_accuracy0.5":0.7428571581840515,"_step":381,"test_accuracy0.25":0.6582278609275818,"_wandb":{"runtime":899},"test_recall0.5":0.25,"val_recall0.25":0.26923078298568726,"test_precision0.5":0.5,"val_balanced_accuracy0.25":0.5713242453748782,"val_precision0.25":0.4117647111415863,"test_accuracy0.75":0.7594936490058899,"val_accuracy0.25":0.723809540271759,"test_precision0.25":0.31578946113586426,"val_auroc":0.5418695211410522,"val_precision0.75":0.5,"test_balanced_accuracy0.5":0.5826271186440678,"val_balanced_accuracy0.75":0.5774099318403116,"test_recall0.25":0.30000001192092896,"test_auroc":0.638135552406311,"val_accuracy0.75":0.7523809671401978,"val_recall0.75":0.23076923191547394,"train_auroc":0.9995131492614746,"test_accuracy0.5":0.746835470199585,"val_balanced_accuracy0.5":0.5839824732229796,"val_precision0.5":0.46666666865348816,"_timestamp":1.7502369358538773e+09,"test_balanced_accuracy0.25":0.5398305084745763,"val_recall0.5":0.26923078298568726,"_runtime":899.91636208}