{"val_recall0.25":0.23076923191547394,"val_balanced_accuracy0.5":0.4826923076923077,"test_precision0.75":0,"test_accuracy0.25":0.699999988079071,"_wandb":{"runtime":941},"_timestamp":1.7534985401779032e+09,"val_precision0.75":0.3333333432674408,"train_auroc":0.9999999403953552,"test_precision0.25":0.30000001192092896,"val_accuracy0.25":0.650943398475647,"_step":313,"train_loss":0.0002962003636639565,"val_balanced_accuracy0.75":0.5201923076923077,"test_recall0.75":0,"val_precision0.25":0.260869562625885,"test_accuracy0.75":0.699999988079071,"_runtime":941.856699722,"val_balanced_accuracy0.25":0.5091346153846154,"val_accuracy0.75":0.7264150977134705,"test_precision0.5":0.3333333432674408,"test_balanced_accuracy0.25":0.5166666666666666,"test_auroc":0.5691666603088379,"val_precision0.5":0.20000000298023224,"test_recall0.5":0.10000000149011612,"val_accuracy0.5":0.6698113083839417,"test_accuracy0.5":0.7250000238418579,"test_balanced_accuracy0.75":0.4666666666666667,"val_auroc":0.4350961446762085,"test_balanced_accuracy0.5":0.5166666666666667,"val_recall0.75":0.11538461595773697,"test_recall0.25":0.15000000596046448,"val_recall0.5":0.11538461595773697}