{"test_accuracy0.5":0.75,"_runtime":2601.740246976,"val_precision0.25":0.24528302252292633,"val_recall0.5":0,"val_accuracy0.25":0.24528302252292633,"test_auroc":0.5,"train_auroc":0.4636881351470947,"test_precision0.5":0,"train_recon_loss_no_kld":0.8847684860229492,"train_logvar":-6.319343270888567e-09,"train_mu":-2.0646695464421327e-09,"test_accuracy0.25":0.25,"test_precision0.75":0,"_timestamp":1.754938573243087e+09,"val_precision0.75":0,"train_surv_loss":1.0073866844177246,"val_accuracy0.75":0.7547169923782349,"train_loss":2.050947427749634,"test_recall0.75":0,"val_auroc":0.5,"test_balanced_accuracy0.75":0.5,"test_balanced_accuracy0.5":0.5,"val_balanced_accuracy0.25":0.5,"test_balanced_accuracy0.25":0.5,"_wandb":{"runtime":2601},"val_precision0.5":0,"val_accuracy0.5":0.7547169923782349,"test_recall0.25":1,"val_balanced_accuracy0.5":0.5,"val_recall0.25":1,"val_balanced_accuracy0.75":0.5,"_step":80,"train_kld_loss":1.2023532390594482,"test_accuracy0.75":0.75,"test_precision0.25":0.25,"test_recall0.5":0,"val_recall0.75":0}