{"val_precision0.5":0.3333333432674408,"train_auroc":1,"val_balanced_accuracy0.75":0.5243788091889358,"_runtime":3557.863419375,"test_accuracy0.25":0.699999988079071,"val_auroc":0.4763244390487671,"test_balanced_accuracy0.75":0.5,"val_accuracy0.75":0.7452830076217651,"val_recall0.5":0.07407407462596893,"test_precision0.75":0.25,"val_accuracy0.25":0.7169811129570007,"test_precision0.5":0.20000000298023224,"test_precision0.25":0.25,"val_recall0.75":0.07407407462596893,"test_recall0.5":0.05000000074505806,"test_recall0.25":0.10000000149011612,"test_accuracy0.75":0.7250000238418579,"val_precision0.25":0.3333333432674408,"_timestamp":1.7534860756771913e+09,"test_auroc":0.574999988079071,"val_recall0.25":0.1111111119389534,"val_precision0.75":0.5,"test_balanced_accuracy0.25":0.5,"_step":634,"test_balanced_accuracy0.5":0.4916666666666667,"test_accuracy0.5":0.7124999761581421,"_wandb":{"runtime":3557},"val_balanced_accuracy0.5":0.5117205813408345,"test_recall0.75":0.05000000074505806,"val_accuracy0.5":0.7264150977134705,"val_balanced_accuracy0.25":0.5175808720112518,"train_loss":3.470758383627981e-05}