{"test_recall0.5":0.550000011920929,"val_precision0.5":0.25,"_runtime":19156.419821303,"test_recall0.75":0.5,"val_auroc":0.548557698726654,"_step":434,"val_recall0.5":0.5,"val_accuracy0.75":0.5283018946647644,"val_accuracy0.5":0.5094339847564697,"val_recall0.75":0.4615384638309479,"train_auroc":0.9972655773162842,"test_recall0.25":0.6000000238418579,"test_accuracy0.25":0.42500001192092896,"test_accuracy0.75":0.512499988079071,"test_precision0.5":0.25,"test_balanced_accuracy0.75":0.5083333333333333,"val_precision0.25":0.2586206793785095,"val_recall0.25":0.5769230723381042,"val_precision0.75":0.25,"val_balanced_accuracy0.25":0.5197115384615385,"train_loss":0.22871172428131104,"test_precision0.75":0.25641027092933655,"test_balanced_accuracy0.25":0.4833333333333333,"_timestamp":1.7547744860787463e+09,"val_accuracy0.25":0.49056604504585266,"test_precision0.25":0.23999999463558197,"test_balanced_accuracy0.5":0.5,"val_balanced_accuracy0.75":0.5057692307692307,"_wandb":{"runtime":19156},"test_auroc":0.5216666460037231,"test_accuracy0.5":0.4749999940395355,"val_balanced_accuracy0.5":0.50625}