{"val_balanced_accuracy0.25":0.5357838364167478,"_runtime":2314.08577196,"test_balanced_accuracy0.25":0.47796610169491527,"test_accuracy0.25":0.4177215099334717,"val_recall0.75":0,"val_precision0.5":0,"_step":814,"train_auroc":0.6436221599578857,"val_accuracy0.25":0.4761904776096344,"test_precision0.25":0.23999999463558197,"val_auroc":0.48101264238357544,"_wandb":{"runtime":2314},"test_accuracy0.75":0.746835470199585,"val_recall0.25":0.6538461446762085,"val_precision0.75":0,"val_precision0.25":0.2698412835597992,"test_accuracy0.5":0.746835470199585,"test_recall0.25":0.6000000238418579,"test_precision0.5":0,"val_accuracy0.75":0.7523809671401978,"test_recall0.5":0,"_timestamp":1.7505299463016932e+09,"test_balanced_accuracy0.5":0.5,"val_accuracy0.5":0.7523809671401978,"val_balanced_accuracy0.5":0.5,"test_balanced_accuracy0.75":0.5,"test_recall0.75":0,"val_balanced_accuracy0.75":0.5,"test_precision0.75":0,"test_auroc":0.5059322118759155,"val_recall0.5":0,"train_loss":1.6723796129226685}