{"val_auroc":0.5642857551574707,"train_auroc":0.6649554967880249,"val_precision":0,"val_recall":0,"test_recall":0,"test_precision":0,"_timestamp":1.7495634490076847e+09,"val_balanced_accuracy":0.5,"test_balanced_accuracy":0.5,"_runtime":213.604257725,"train_loss":1.6594480276107788,"_step":52,"val_accuracy":0.7407407164573669,"test_accuracy":0.7480915784835815,"test_auroc":0.5395795106887817,"_wandb":{"runtime":213},"val_loss":1.7206867933273315}