{"test_precision0.25":0.25,"train_loss":1.972509503364563,"test_balanced_accuracy0.75":0.5,"test_precision0.75":0,"val_auroc":0.48564815521240234,"val_precision0.75":0,"val_balanced_accuracy0.75":0.5,"val_precision0.5":0.25233644247055054,"test_recall0.25":1,"_runtime":2543.701738783,"train_mu":-2.3664744830398377e-08,"test_accuracy0.25":0.25,"_wandb":{"runtime":2543},"val_precision0.25":0.25233644247055054,"test_accuracy0.75":0.75,"val_accuracy0.5":0.25233644247055054,"test_accuracy0.5":0.25,"test_recall0.5":1,"test_recall0.75":0,"train_surv_loss":0.9946190118789673,"test_balanced_accuracy0.25":0.5,"test_auroc":0.4958333373069763,"test_balanced_accuracy0.5":0.5,"train_recon_loss_no_kld":0.9950747489929199,"_timestamp":1.7549578321847613e+09,"val_balanced_accuracy0.25":0.5,"train_logvar":-5.898531885151215e-09,"val_recall0.25":1,"val_balanced_accuracy0.5":0.5,"test_precision0.5":0.25,"train_auroc":0.4392626881599426,"train_kld_loss":0.9607068300247192,"val_recall0.5":1,"val_accuracy0.25":0.25233644247055054,"_step":89,"val_recall0.75":0,"val_accuracy0.75":0.7476635575294495}