{"_runtime":3644.382191207,"val_balanced_accuracy0.75":0.5920155793573515,"test_recall0.25":0.75,"val_balanced_accuracy0.5":0.573271665043817,"_step":301,"test_precision0.5":0.34285715222358704,"train_loss":0.023264240473508835,"test_accuracy0.25":0.6202531456947327,"test_precision0.75":0.3333333432674408,"test_balanced_accuracy0.25":0.663135593220339,"test_precision0.25":0.375,"test_recall0.5":0.6000000238418579,"_wandb":{"runtime":3644},"val_recall0.75":0.5384615659713745,"val_recall0.25":0.6538461446762085,"val_accuracy0.5":0.5714285969734192,"test_recall0.75":0.550000011920929,"val_precision0.75":0.3333333432674408,"test_accuracy0.75":0.607594907283783,"val_balanced_accuracy0.25":0.5927458617332035,"val_accuracy0.25":0.561904788017273,"test_balanced_accuracy0.75":0.5885593220338983,"train_auroc":1,"val_precision0.5":0.30612245202064514,"test_balanced_accuracy0.5":0.6050847457627119,"val_precision0.25":0.31481480598449707,"test_auroc":0.6516948938369751,"val_recall0.5":0.5769230723381042,"_timestamp":1.7510503676607938e+09,"test_accuracy0.5":0.607594907283783,"val_accuracy0.75":0.6190476417541504,"val_auroc":0.585686445236206}