{"val_precision0.5":0,"test_recall0.75":0,"val_precision0.75":0,"val_recall0.75":0,"_timestamp":1.7505411543687727e+09,"val_accuracy0.5":0.7523809671401978,"_step":549,"val_balanced_accuracy0.75":0.5,"train_loss":1.6913338899612427,"val_recall0.25":1,"_wandb":{"runtime":2199},"test_balanced_accuracy0.75":0.5,"val_auroc":0.47565725445747375,"test_recall0.25":1,"test_precision0.25":0.2531645596027374,"test_precision0.75":0,"val_precision0.25":0.24761904776096344,"val_accuracy0.25":0.24761904776096344,"test_accuracy0.25":0.2531645596027374,"val_balanced_accuracy0.25":0.5,"test_accuracy0.5":0.746835470199585,"test_balanced_accuracy0.5":0.5,"train_auroc":0.5102847814559937,"val_recall0.5":0,"test_auroc":0.5978813171386719,"test_accuracy0.75":0.746835470199585,"test_precision0.5":0,"val_accuracy0.75":0.7523809671401978,"test_recall0.5":0,"val_balanced_accuracy0.5":0.5,"_runtime":2199.414138391,"test_balanced_accuracy0.25":0.5}