{"_wandb":{"runtime":835},"test_recall0.25":1,"val_precision0.25":0.24761904776096344,"val_precision0.75":0,"test_balanced_accuracy0.25":0.5,"val_balanced_accuracy0.5":0.5026777020447907,"_step":229,"_timestamp":1.7502014299488263e+09,"test_accuracy0.25":0.2531645596027374,"val_accuracy0.5":0.5428571701049805,"val_recall0.5":0.42307692766189575,"val_recall0.75":0,"test_accuracy0.5":0.5822784900665283,"train_auroc":0.7007917165756226,"test_accuracy0.75":0.746835470199585,"test_balanced_accuracy0.5":0.5716101694915254,"val_accuracy0.75":0.7523809671401978,"val_precision0.5":0.25,"test_recall0.75":0,"val_balanced_accuracy0.25":0.5,"test_precision0.75":0,"val_balanced_accuracy0.75":0.5,"test_recall0.5":0.550000011920929,"train_loss":2.0346415042877197,"test_precision0.25":0.2531645596027374,"test_balanced_accuracy0.75":0.5,"val_accuracy0.25":0.24761904776096344,"val_recall0.25":1,"_runtime":835.18006959,"val_auroc":0.5282375812530518,"test_precision0.5":0.3142857253551483,"test_auroc":0.5686440467834473}