{"test_precision0.75":0,"test_balanced_accuracy0.25":0.5,"val_accuracy0.5":0.33018869161605835,"test_balanced_accuracy0.5":0.5,"val_recall0.25":1,"val_precision0.25":0.24528302252292633,"test_precision0.5":0.25,"val_auroc":0.5254807472229004,"val_recall0.75":0,"_timestamp":1.7535054725386481e+09,"test_recall0.5":0.75,"test_accuracy0.5":0.375,"train_loss":1.98247492313385,"val_balanced_accuracy0.75":0.5,"_step":292,"val_recall0.5":0.8461538553237915,"test_recall0.25":1,"val_precision0.75":0,"test_accuracy0.25":0.25,"test_auroc":0.5408333539962769,"val_balanced_accuracy0.5":0.5043269230769231,"_runtime":941.553419619,"_wandb":{"runtime":941},"val_precision0.5":0.24719101190567017,"val_accuracy0.25":0.24528302252292633,"test_accuracy0.75":0.75,"test_precision0.25":0.25,"train_auroc":0.6510258316993713,"val_accuracy0.75":0.7547169923782349,"test_recall0.75":0,"val_balanced_accuracy0.25":0.5,"test_balanced_accuracy0.75":0.5}