{"test_precision0.75":0.25,"val_recall0.5":0.5185185074806213,"val_balanced_accuracy0.75":0.6019690576652602,"val_precision0.75":0.3870967626571655,"test_balanced_accuracy0.5":0.45833333333333337,"_runtime":5800.037819907,"test_balanced_accuracy0.25":0.43333333333333335,"val_auroc":0.5986872911453247,"test_recall0.5":0.30000001192092896,"val_accuracy0.5":0.6792452931404114,"train_loss":0.012214257381856441,"val_accuracy0.75":0.6792452931404114,"test_accuracy0.75":0.6000000238418579,"test_precision0.25":0.1875,"test_recall0.75":0.30000001192092896,"val_balanced_accuracy0.5":0.626347866854196,"train_auroc":1,"val_recall0.25":0.5925925970077515,"val_recall0.75":0.4444444477558136,"_timestamp":1.7541618637903728e+09,"test_auroc":0.42499998211860657,"val_precision0.5":0.4000000059604645,"test_balanced_accuracy0.75":0.5,"_wandb":{"runtime":5800},"val_balanced_accuracy0.25":0.6190811064228785,"_step":667,"val_accuracy0.25":0.6320754885673523,"test_recall0.25":0.30000001192092896,"test_accuracy0.25":0.5,"test_precision0.5":0.2068965584039688,"test_accuracy0.5":0.5375000238418579,"val_precision0.25":0.3636363744735718}