{"_runtime":1229.867335163,"test_accuracy":0.746835470199585,"test_auroc":0.4389830529689789,"val_accuracy":0.75,"_wandb":{"runtime":1229},"val_precision":0,"_step":17,"_timestamp":1.7478018162654989e+09,"test_recall":0,"val_recall":0,"train_loss":0.36636075377464294,"val_auroc":0.3385416865348816,"test_precision":0,"train_auroc":0.40824949741363525,"val_loss":0.3628407120704651}