{"_wandb":{"runtime":2801},"test_auroc":0.5575000047683716,"val_auroc":0.5543269515037537,"train_loss":0.13330964744091034,"val_precision0.75":0.3461538553237915,"val_balanced_accuracy0.75":0.5668269230769231,"test_precision0.5":0.3055555522441864,"val_accuracy0.75":0.6792452931404114,"test_balanced_accuracy0.5":0.5666666666666667,"train_auroc":0.9987738132476807,"test_recall0.25":0.6499999761581421,"_step":829,"_runtime":2801.379131515,"val_recall0.25":0.42307692766189575,"_timestamp":1.7531366035052476e+09,"val_accuracy0.25":0.5,"test_accuracy0.25":0.5,"val_recall0.75":0.3461538553237915,"test_precision0.75":0.31578946113586426,"val_balanced_accuracy0.25":0.4740384615384615,"test_precision0.25":0.28260868787765503,"val_balanced_accuracy0.5":0.5235576923076923,"test_accuracy0.75":0.6625000238418579,"val_accuracy0.5":0.5943396091461182,"val_recall0.5":0.38461539149284363,"test_balanced_accuracy0.25":0.55,"val_precision0.25":0.22448979318141937,"val_precision0.5":0.2702702581882477,"test_accuracy0.5":0.574999988079071,"test_balanced_accuracy0.75":0.5416666666666666,"test_recall0.5":0.550000011920929,"test_recall0.75":0.30000001192092896}