{"_wandb":{"runtime":1943},"test_precision0.25":0.0625,"test_auroc":0.35932204127311707,"test_accuracy0.75":0.5822784900665283,"test_balanced_accuracy0.75":0.40635593220338984,"val_balanced_accuracy0.25":0.565968841285297,"val_accuracy0.5":0.6476190686225891,"test_accuracy0.5":0.5696202516555786,"val_recall0.25":0.42307692766189575,"val_accuracy0.75":0.6666666865348816,"test_recall0.75":0.05000000074505806,"_timestamp":1.7498280966470056e+09,"val_accuracy0.25":0.6380952596664429,"val_precision0.75":0.3333333432674408,"test_balanced_accuracy0.25":0.3978813559322034,"val_balanced_accuracy0.75":0.5591528724440117,"val_precision0.25":0.3235294222831726,"val_balanced_accuracy0.5":0.5593962999026291,"test_recall0.25":0.05000000074505806,"val_recall0.5":0.38461539149284363,"_runtime":1943.47895802,"test_accuracy0.25":0.5696202516555786,"train_auroc":1,"val_precision0.5":0.32258063554763794,"test_balanced_accuracy0.5":0.3978813559322034,"_step":499,"test_recall0.5":0.05000000074505806,"train_loss":1.908310423459625e-06,"test_precision0.5":0.0625,"val_recall0.75":0.3461538553237915,"test_precision0.75":0.06666667014360428,"val_auroc":0.5920155644416809}