{"_step":999,"test_precision0.75":0,"val_recall0.75":0,"val_precision0.5":0.2800000011920929,"val_precision0.25":0.25974026322364807,"test_accuracy0.25":0.36250001192092896,"val_recall0.5":0.25925925374031067,"_runtime":10467.131424165,"train_auroc":0.8301886916160583,"test_recall0.25":0.6000000238418579,"test_auroc":0.42249998450279236,"test_recall0.5":0.10000000149011612,"val_precision0.75":0,"val_accuracy0.5":0.644859790802002,"val_auroc":0.5078703761100769,"test_balanced_accuracy0.25":0.44166666666666665,"_timestamp":1.754249144875163e+09,"_wandb":{"runtime":10467},"val_balanced_accuracy0.75":0.5,"val_accuracy0.25":0.40186914801597595,"test_precision0.25":0.2181818187236786,"val_balanced_accuracy0.5":0.5171296296296296,"test_recall0.75":0,"test_balanced_accuracy0.75":0.48333333333333334,"test_accuracy0.75":0.7250000238418579,"test_accuracy0.5":0.6000000238418579,"val_recall0.25":0.7407407164573669,"test_balanced_accuracy0.5":0.43333333333333335,"test_precision0.5":0.125,"val_balanced_accuracy0.25":0.5141203703703703,"train_loss":1.4744826555252075,"val_accuracy0.75":0.7476635575294495}