{"val_precision0.25":0.24528302252292633,"train_auroc":0.713932991027832,"val_precision0.5":0.2631579041481018,"val_accuracy0.5":0.33018869161605835,"val_balanced_accuracy0.5":0.5432692307692308,"test_accuracy0.5":0.3375000059604645,"_step":323,"train_loss":2.052499532699585,"test_recall0.5":0.8500000238418579,"val_auroc":0.5524038672447205,"val_accuracy0.25":0.24528302252292633,"val_balanced_accuracy0.75":0.5,"test_precision0.25":0.25,"val_precision0.75":0,"val_recall0.75":0,"test_accuracy0.25":0.25,"val_accuracy0.75":0.7547169923782349,"val_recall0.5":0.9615384340286255,"_timestamp":1.753716010984073e+09,"test_balanced_accuracy0.25":0.5,"test_auroc":0.5750000476837158,"test_balanced_accuracy0.5":0.5083333333333333,"test_recall0.75":0,"test_balanced_accuracy0.75":0.5,"val_recall0.25":1,"test_precision0.75":0,"val_balanced_accuracy0.25":0.5,"_wandb":{"runtime":3570},"_runtime":3570.07004175,"test_precision0.5":0.2537313401699066,"test_recall0.25":1,"test_accuracy0.75":0.75}