{"_runtime":6503.902728914,"val_precision0.75":0,"test_accuracy0.75":0.75,"val_recall0.75":0,"test_recall0.5":0,"val_auroc":0.5,"train_loss":2.079519033432007,"val_accuracy0.5":0.7476635575294495,"test_recall0.25":1,"test_precision0.75":0,"val_recall0.5":0,"test_balanced_accuracy0.75":0.5,"test_accuracy0.25":0.25,"val_balanced_accuracy0.5":0.5,"val_balanced_accuracy0.25":0.5,"train_auroc":0.44859373569488525,"test_recall0.75":0,"test_precision0.5":0,"_wandb":{"runtime":6503},"val_precision0.5":0,"val_balanced_accuracy0.75":0.5,"_step":151,"test_precision0.25":0.25,"val_recall0.25":1,"_timestamp":1.7545210953764572e+09,"val_precision0.25":0.25233644247055054,"test_balanced_accuracy0.25":0.5,"test_accuracy0.5":0.75,"val_accuracy0.25":0.25233644247055054,"val_accuracy0.75":0.7476635575294495,"test_balanced_accuracy0.5":0.5,"test_auroc":0.5}