{"test_precision0.5":0.38461539149284363,"test_balanced_accuracy0.75":0.5826271186440678,"_timestamp":1.7502489823452344e+09,"val_balanced_accuracy0.5":0.4622687439143135,"_runtime":952.137557179,"val_recall0.75":0.03846153989434242,"val_precision0.5":0.10000000149011612,"test_recall0.75":0.25,"test_recall0.5":0.25,"val_balanced_accuracy0.25":0.44985394352482966,"test_precision0.75":0.5,"test_accuracy0.75":0.746835470199585,"train_loss":0.05858629196882248,"val_auroc":0.5464946031570435,"val_balanced_accuracy0.75":0.4622687439143135,"val_recall0.5":0.03846153989434242,"test_accuracy0.25":0.6962025165557861,"test_precision0.25":0.3888888955116272,"val_precision0.25":0.125,"val_accuracy0.75":0.6761904954910278,"_step":257,"val_recall0.25":0.07692307978868484,"val_precision0.75":0.10000000149011612,"test_accuracy0.5":0.7088607549667358,"train_auroc":0.9995004534721375,"test_recall0.25":0.3499999940395355,"test_auroc":0.5694915056228638,"test_balanced_accuracy0.25":0.5817796610169492,"val_accuracy0.25":0.6380952596664429,"_wandb":{"runtime":952},"val_accuracy0.5":0.6761904954910278,"test_balanced_accuracy0.5":0.5572033898305084}