{"test_accuracy0.25":0.6835442781448364,"val_balanced_accuracy0.25":0.5004868549172347,"val_precision0.5":0.1666666716337204,"test_balanced_accuracy0.25":0.4576271186440678,"_wandb":{"runtime":852},"test_accuracy0.75":0.7215189933776855,"val_balanced_accuracy0.5":0.48758519961051605,"test_auroc":0.5152541995048523,"test_precision0.75":0,"val_recall0.75":0.03846153989434242,"_timestamp":1.7501819057615373e+09,"_step":239,"train_auroc":1,"test_accuracy0.5":0.6962025165557861,"_runtime":852.180370797,"test_balanced_accuracy0.5":0.4661016949152542,"val_recall0.5":0.03846153989434242,"test_balanced_accuracy0.75":0.4830508474576271,"test_recall0.75":0,"test_recall0.25":0,"val_precision0.75":0.3333333432674408,"val_recall0.25":0.07692307978868484,"val_accuracy0.5":0.7142857313156128,"val_accuracy0.25":0.7142857313156128,"test_recall0.5":0,"test_precision0.25":0,"val_balanced_accuracy0.75":0.5065725413826679,"val_precision0.25":0.25,"val_auroc":0.45764362812042236,"val_accuracy0.75":0.7428571581840515,"train_loss":4.464013909455389e-05,"test_precision0.5":0}