{"test_recall0.75":0.15000000596046448,"val_auroc":0.562317430973053,"val_balanced_accuracy0.25":0.5328627069133398,"test_balanced_accuracy0.75":0.498728813559322,"train_auroc":0.9995131492614746,"_timestamp":1.7502290681283624e+09,"val_accuracy0.25":0.7047619223594666,"_step":317,"train_loss":0.03893347084522247,"val_accuracy0.5":0.723809540271759,"val_precision0.5":0.3636363744735718,"test_recall0.5":0.25,"val_recall0.25":0.19230769574642181,"val_precision0.25":0.3333333432674408,"test_precision0.25":0.3529411852359772,"val_precision0.75":0.3636363744735718,"test_balanced_accuracy0.5":0.5402542372881356,"val_recall0.75":0.1538461595773697,"_runtime":723.182700212,"test_precision0.5":0.3333333432674408,"val_balanced_accuracy0.5":0.5326192794547224,"test_accuracy0.25":0.6835442781448364,"test_accuracy0.75":0.6708860993385315,"val_recall0.5":0.1538461595773697,"test_auroc":0.5813559293746948,"test_recall0.25":0.30000001192092896,"val_accuracy0.75":0.723809540271759,"test_balanced_accuracy0.25":0.5567796610169492,"test_accuracy0.5":0.6835442781448364,"test_precision0.75":0.25,"val_balanced_accuracy0.75":0.5326192794547224,"_wandb":{"runtime":723}}