{"test_accuracy0.25":0.6708860993385315,"val_precision0.25":0.3611111044883728,"val_recall0.5":0.4615384638309479,"val_recall0.75":0.3076923191547394,"_timestamp":1.7502659836846073e+09,"val_balanced_accuracy0.75":0.5525803310613437,"test_precision0.25":0.38461539149284363,"val_auroc":0.5929892659187317,"test_precision0.75":0.25,"test_balanced_accuracy0.5":0.5567796610169492,"test_accuracy0.5":0.6835442781448364,"val_precision0.5":0.375,"test_accuracy0.75":0.6708860993385315,"_runtime":2448.883368996,"val_balanced_accuracy0.25":0.6044303797468354,"train_loss":0.046755000948905945,"val_accuracy0.75":0.6761904954910278,"val_precision0.75":0.3333333432674408,"test_auroc":0.6322033405303955,"val_recall0.25":0.5,"test_balanced_accuracy0.25":0.6144067796610169,"test_recall0.25":0.5,"test_balanced_accuracy0.75":0.498728813559322,"val_balanced_accuracy0.5":0.6041869522882182,"test_precision0.5":0.3529411852359772,"val_accuracy0.5":0.6761904954910278,"val_accuracy0.25":0.6571428775787354,"test_recall0.75":0.15000000596046448,"test_recall0.5":0.30000001192092896,"_wandb":{"runtime":2448},"train_auroc":1,"_step":615}