{"test_balanced_accuracy":0.4614406779661017,"test_precision":0.4177215099334717,"_wandb":{"runtime":1865},"train_loss":0.2316853553056717,"_step":80,"test_auroc":0.42966100573539734,"val_accuracy":0.375,"test_accuracy":0.4177215099334717,"val_precision":0.375,"val_loss":3.1811208724975586,"_timestamp":1.7478830323433673e+09,"train_auroc":0.9586853981018066,"test_recall":0.4177215099334717,"val_auroc":0.4322916865348816,"val_balanced_accuracy":0.375,"val_recall":0.375,"_runtime":1865.099350538}