{"_wandb":{"runtime":3348},"train_loss":1.64859139919281,"val_precision0.75":0,"test_recall0.25":0.800000011920929,"test_precision0.75":0,"val_balanced_accuracy0.25":0.4990262901655307,"val_recall0.25":0.8461538553237915,"_step":999,"test_recall0.5":0,"test_recall0.75":0,"_runtime":3348.318344825,"val_recall0.5":0,"val_balanced_accuracy0.5":0.5,"val_precision0.5":0,"_timestamp":1.7501197297484908e+09,"val_recall0.75":0,"test_precision0.5":0,"val_precision0.25":0.24719101190567017,"test_balanced_accuracy0.25":0.476271186440678,"test_balanced_accuracy0.75":0.5,"test_accuracy0.5":0.746835470199585,"train_auroc":0.7579114437103271,"val_balanced_accuracy0.75":0.5,"test_accuracy0.75":0.746835470199585,"test_accuracy0.25":0.3164556920528412,"test_precision0.25":0.24242424964904785,"val_auroc":0.5262901782989502,"test_auroc":0.5355932116508484,"val_accuracy0.25":0.32380953431129456,"val_accuracy0.75":0.7523809671401978,"test_balanced_accuracy0.5":0.5,"val_accuracy0.5":0.7523809671401978}