{"_wandb":{"runtime":6581},"val_accuracy0.25":0.25233644247055054,"test_recall0.25":1,"test_balanced_accuracy0.25":0.5,"test_auroc":0.5,"val_balanced_accuracy0.5":0.5,"_timestamp":1.754410937916181e+09,"test_precision0.25":0.25,"val_precision0.25":0.25233644247055054,"val_recall0.75":0,"test_balanced_accuracy0.75":0.5,"val_balanced_accuracy0.25":0.5,"test_precision0.5":0,"val_accuracy0.5":0.7476635575294495,"val_recall0.5":0,"val_auroc":0.5,"test_balanced_accuracy0.5":0.5,"val_accuracy0.75":0.7476635575294495,"test_recall0.5":0,"test_precision0.75":0,"val_balanced_accuracy0.75":0.5,"test_accuracy0.75":0.75,"train_auroc":0.4313672184944153,"train_loss":2.079496383666992,"val_precision0.75":0,"val_precision0.5":0,"test_recall0.75":0,"val_recall0.25":1,"_step":151,"test_accuracy0.25":0.25,"test_accuracy0.5":0.75,"_runtime":6581.133196387}