{"val_balanced_accuracy0.5":0.37142857142857144,"test_precision0.25":0.27272728085517883,"val_accuracy0.75":0.5185185074806213,"train_loss":2.235107785963919e-06,"_step":499,"train_auroc":1,"test_precision0.5":0.25,"_timestamp":1.7496929997928245e+09,"test_accuracy0.75":0.7022900581359863,"test_balanced_accuracy0.25":0.5092764378478665,"val_precision0.25":0.1111111119389534,"val_accuracy0.5":0.48148149251937866,"val_accuracy0.25":0.48148149251937866,"val_recall0.5":0.1428571492433548,"test_precision0.75":0.3125,"val_precision0.5":0.1111111119389534,"_runtime":1919.067851656,"test_recall0.75":0.1515151560306549,"test_recall0.25":0.1818181872367859,"val_balanced_accuracy0.75":0.39642857142857146,"val_precision0.75":0.125,"val_balanced_accuracy0.25":0.37142857142857144,"val_recall0.25":0.1428571492433548,"test_balanced_accuracy0.75":0.519635126777984,"test_recall0.5":0.1515151560306549,"val_auroc":0.3214285671710968,"test_accuracy0.25":0.6717557311058044,"_wandb":{"runtime":1919},"test_balanced_accuracy0.5":0.4992269635126778,"test_auroc":0.5038652420043945,"test_accuracy0.5":0.6717557311058044,"val_recall0.75":0.1428571492433548}