{"val_auroc":0.567672848701477,"val_recall0.5":0.11538461595773697,"val_accuracy0.25":0.7714285850524902,"test_recall0.5":0.05000000074505806,"test_balanced_accuracy0.25":0.5165254237288136,"test_precision0.5":1,"test_balanced_accuracy0.5":0.525,"val_precision0.25":0.6666666865348816,"train_auroc":0.9999392032623291,"val_accuracy0.75":0.7714285850524902,"_wandb":{"runtime":1321},"test_precision0.25":0.5,"val_precision0.75":1,"val_recall0.25":0.1538461595773697,"test_recall0.75":0,"test_accuracy0.75":0.746835470199585,"test_accuracy0.25":0.746835470199585,"test_recall0.25":0.05000000074505806,"test_balanced_accuracy0.75":0.5,"val_precision0.5":0.75,"train_loss":0.039455972611904144,"val_balanced_accuracy0.75":0.5384615384615384,"val_recall0.75":0.07692307978868484,"_step":517,"_runtime":1321.187545441,"val_accuracy0.5":0.7714285850524902,"_timestamp":1.750239074272655e+09,"test_accuracy0.5":0.7594936490058899,"test_precision0.75":0,"val_balanced_accuracy0.25":0.5642648490749756,"val_balanced_accuracy0.5":0.551363193768257,"test_auroc":0.5661016702651978}