{"_timestamp":1.747651520779156e+09,"train_auroc":0.5,"val_accuracy":0.75,"test_recall":0,"_step":35,"_wandb":{"runtime":718},"_runtime":716.178938274,"train_loss":0.37358787655830383,"val_recall":0,"test_auroc":0.5,"val_auroc":0.5,"test_accuracy":0.746835470199585,"test_precision":0,"val_loss":0.37386736273765564,"val_precision":0}