{"val_balanced_accuracy0.25":0.5,"test_recall0.5":0.8500000238418579,"val_precision0.75":0,"test_accuracy0.5":0.3499999940395355,"test_balanced_accuracy0.5":0.5166666666666666,"test_recall0.75":0,"val_auroc":0.5847222208976746,"val_recall0.5":0.8888888955116272,"test_balanced_accuracy0.75":0.5,"test_precision0.25":0.25,"_timestamp":1.753712439900696e+09,"_runtime":3073.738208244,"val_recall0.75":0,"test_balanced_accuracy0.25":0.5,"test_accuracy0.75":0.75,"train_loss":2.0598604679107666,"test_precision0.5":0.25757575035095215,"test_recall0.25":1,"val_recall0.25":1,"val_accuracy0.75":0.7476635575294495,"_wandb":{"runtime":3073},"val_accuracy0.5":0.336448609828949,"train_auroc":0.6716511249542236,"_step":300,"test_precision0.75":0,"val_precision0.25":0.25233644247055054,"test_auroc":0.5699999928474426,"val_precision0.5":0.260869562625885,"test_accuracy0.25":0.25,"val_accuracy0.25":0.25233644247055054,"val_balanced_accuracy0.5":0.5194444444444444,"val_balanced_accuracy0.75":0.5}