{"_step":35,"test_recall":0,"train_loss":0.3743974566459656,"_timestamp":1.7474300734266686e+09,"test_precision":0,"train_auroc":0.5,"val_precision":0,"_runtime":809.957340851,"val_loss":0.3743974566459656,"test_auroc":0.5,"val_accuracy":0.75,"val_recall":0,"val_auroc":0.5,"test_accuracy":0.746835470199585,"_wandb":{"runtime":811}}