{"val_precision0.75":1,"test_precision0.5":0.5,"val_accuracy0.25":0.6698113083839417,"train_loss":0.009367840364575386,"test_accuracy0.5":0.75,"val_precision0.25":0.09090909361839294,"test_recall0.25":0.05000000074505806,"val_recall0.25":0.03846153989434242,"test_auroc":0.6116666793823242,"test_accuracy0.75":0.75,"test_recall0.75":0,"val_balanced_accuracy0.5":0.5192307692307693,"test_recall0.5":0.05000000074505806,"test_balanced_accuracy0.25":0.48333333333333334,"val_accuracy0.75":0.7641509175300598,"test_precision0.75":0,"test_balanced_accuracy0.5":0.5166666666666666,"test_precision0.25":0.1666666716337204,"_wandb":{"runtime":3290},"train_auroc":1,"_step":524,"val_balanced_accuracy0.75":0.5192307692307693,"_runtime":3290.068610606,"test_balanced_accuracy0.75":0.5,"val_auroc":0.45721155405044556,"val_precision0.5":1,"val_recall0.5":0.03846153989434242,"val_accuracy0.5":0.7641509175300598,"val_recall0.75":0.03846153989434242,"test_accuracy0.25":0.699999988079071,"_timestamp":1.753577682314083e+09,"val_balanced_accuracy0.25":0.4567307692307692}