{"test_recall0.5":0,"test_precision0.25":0.1111111119389534,"val_balanced_accuracy0.25":0.42311298640412565,"val_auroc":0.3253633379936218,"val_accuracy0.5":0.6415094137191772,"test_accuracy0.75":0.675000011920929,"test_precision0.5":0,"test_balanced_accuracy0.5":0.44166666666666665,"test_auroc":0.5716667175292969,"_runtime":858.594267697,"val_accuracy0.75":0.6698113083839417,"test_precision0.75":0,"val_recall0.5":0.07407407462596893,"test_balanced_accuracy0.25":0.45833333333333337,"_timestamp":1.7534644456140673e+09,"val_recall0.25":0.07407407462596893,"test_recall0.75":0,"val_balanced_accuracy0.5":0.4547585560243788,"train_loss":0.0005180455627851188,"val_balanced_accuracy0.75":0.4737458977965307,"test_accuracy0.5":0.6625000238418579,"val_accuracy0.25":0.5943396091461182,"test_recall0.25":0.05000000074505806,"val_precision0.5":0.13333334028720856,"test_accuracy0.25":0.6625000238418579,"val_precision0.25":0.10000000149011612,"test_balanced_accuracy0.75":0.45,"val_precision0.75":0.1666666716337204,"_step":361,"val_recall0.75":0.07407407462596893,"train_auroc":0.9999999403953552,"_wandb":{"runtime":858}}