{"test_recall0.75":0,"train_auroc":0.4991150200366974,"test_balanced_accuracy0.75":0.5,"test_balanced_accuracy0.5":0.5,"val_precision0.5":0.25471699237823486,"val_precision0.25":0.25471699237823486,"val_recall0.75":0,"test_precision0.25":0.25,"val_accuracy0.75":0.7452830076217651,"test_accuracy0.5":0.25,"_wandb":{"runtime":885},"_timestamp":1.7535405158768275e+09,"val_balanced_accuracy0.25":0.5,"val_auroc":0.5604782104492188,"val_accuracy0.5":0.25471699237823486,"test_balanced_accuracy0.25":0.5,"test_precision0.5":0.25,"val_accuracy0.25":0.25471699237823486,"test_accuracy0.75":0.75,"test_auroc":0.5816667079925537,"val_recall0.25":1,"test_accuracy0.25":0.25,"test_precision0.75":0,"_runtime":885.056192549,"test_recall0.25":1,"train_loss":2.082956552505493,"val_balanced_accuracy0.5":0.5,"val_precision0.75":0,"val_balanced_accuracy0.75":0.5,"_step":150,"test_recall0.5":1,"val_recall0.5":1}