{"val_precision0.75":0.28947368264198303,"test_balanced_accuracy0.75":0.46228813559322035,"val_balanced_accuracy0.25":0.5282375851996105,"test_precision0.75":0.22499999403953552,"_wandb":{"runtime":1108},"_runtime":1108.435474215,"test_recall0.75":0.44999998807907104,"val_accuracy0.75":0.6000000238418579,"test_accuracy0.5":0.4177215099334717,"test_precision0.5":0.20454545319080353,"test_accuracy0.75":0.4683544337749481,"val_recall0.75":0.42307692766189575,"test_accuracy0.25":0.40506330132484436,"val_recall0.5":0.4615384638309479,"val_accuracy0.5":0.5904762148857117,"test_recall0.25":0.44999998807907104,"val_precision0.25":0.27272728085517883,"val_balanced_accuracy0.5":0.5472249269717624,"test_balanced_accuracy0.5":0.42838983050847457,"val_precision0.5":0.2926829159259796,"_step":235,"val_auroc":0.5087633728981018,"_timestamp":1.7513927315979946e+09,"test_auroc":0.45423731207847595,"test_precision0.25":0.20000000298023224,"val_recall0.25":0.4615384638309479,"val_accuracy0.25":0.561904788017273,"val_balanced_accuracy0.75":0.5406523855890945,"train_auroc":1,"test_balanced_accuracy0.25":0.41991525423728815,"train_loss":0.001236138166859746,"test_recall0.5":0.44999998807907104}