{"val_loss":2.942221164703369,"val_balanced_accuracy":0.5,"_wandb":{"runtime":40},"_step":0,"val_auroc":0.2760416865348816,"val_precision":0.75,"val_recall":0.75,"_timestamp":1.7483453610032666e+09,"_runtime":40.044596241,"val_accuracy":0.75}