{"train_loss":0.2777327597141266,"test_auroc":0.41583332419395447,"test_balanced_accuracy0.5":0.35000000000000003,"train_auroc":0.9891797304153442,"_timestamp":1.7549510370989795e+09,"val_recall0.25":0.5185185074806213,"test_accuracy0.25":0.48750001192092896,"test_precision0.75":0.0555555559694767,"test_precision0.5":0.04545454680919647,"test_recall0.25":0.15000000596046448,"val_balanced_accuracy0.25":0.5842592592592593,"val_balanced_accuracy0.5":0.5659722222222222,"test_precision0.25":0.1111111119389534,"_wandb":{"runtime":43835},"val_recall0.5":0.4444444477558136,"val_accuracy0.5":0.6261682510375977,"_step":999,"test_recall0.5":0.05000000074505806,"_runtime":43835.620218673,"test_accuracy0.75":0.550000011920929,"val_accuracy0.25":0.6168224215507507,"test_recall0.75":0.05000000074505806,"val_accuracy0.75":0.6355140209197998,"test_balanced_accuracy0.25":0.375,"val_precision0.75":0.3333333432674408,"test_balanced_accuracy0.75":0.38333333333333336,"val_balanced_accuracy0.75":0.5722222222222222,"val_recall0.75":0.4444444477558136,"val_precision0.25":0.3333333432674408,"val_precision0.5":0.3243243098258972,"val_auroc":0.6275463104248047,"test_accuracy0.5":0.5}