{"val_balanced_accuracy0.75":0.5642648490749756,"val_accuracy0.5":0.7523809671401978,"test_accuracy0.5":0.6962025165557861,"test_auroc":0.5398304462432861,"val_recall0.25":0.23076923191547394,"test_recall0.75":0,"test_recall0.25":0.10000000149011612,"test_accuracy0.75":0.7215189933776855,"_timestamp":1.7502483708474176e+09,"test_accuracy0.25":0.6455696225166321,"val_auroc":0.45837390422821045,"val_balanced_accuracy0.25":0.5394352482960078,"val_recall0.5":0.19230769574642181,"train_auroc":0.9986611008644104,"test_balanced_accuracy0.75":0.4830508474576271,"train_loss":0.12096870690584183,"_wandb":{"runtime":2346},"_step":999,"val_precision0.75":0.6666666865348816,"test_recall0.5":0,"val_accuracy0.25":0.6952381134033203,"test_precision0.75":0,"val_precision0.25":0.3333333432674408,"test_precision0.5":0,"val_balanced_accuracy0.5":0.564508276533593,"test_precision0.25":0.1666666716337204,"val_accuracy0.75":0.7714285850524902,"val_precision0.5":0.5,"val_recall0.75":0.1538461595773697,"test_balanced_accuracy0.5":0.4661016949152542,"_runtime":2346.673957205,"test_balanced_accuracy0.25":0.4652542372881356}