{"test_accuracy0.75":0.5696202516555786,"val_precision0.5":0.3478260934352875,"test_accuracy0.5":0.5443037748336792,"train_loss":0.04608596861362457,"_timestamp":1.7505691369583528e+09,"test_balanced_accuracy0.5":0.3809322033898305,"_wandb":{"runtime":1979},"_step":504,"val_recall0.75":0.23076923191547394,"test_precision0.75":0.0625,"val_balanced_accuracy0.75":0.5331061343719572,"val_precision0.75":0.31578946113586426,"test_precision0.25":0.13636364042758942,"test_balanced_accuracy0.25":0.4139830508474576,"val_recall0.25":0.3461538553237915,"test_recall0.25":0.15000000596046448,"val_precision0.25":0.3461538553237915,"val_balanced_accuracy0.25":0.5654819863680622,"val_accuracy0.75":0.6857143044471741,"val_accuracy0.25":0.6761904954910278,"test_accuracy0.25":0.5443037748336792,"_runtime":1979.505134679,"test_precision0.5":0.0555555559694767,"test_recall0.75":0.05000000074505806,"val_balanced_accuracy0.5":0.5589094449853944,"test_auroc":0.47372880578041077,"test_balanced_accuracy0.75":0.3978813559322034,"train_auroc":0.9992088079452515,"test_recall0.5":0.05000000074505806,"val_auroc":0.4912366271018982,"val_recall0.5":0.3076923191547394,"val_accuracy0.5":0.6857143044471741}