{"test_recall":0,"test_accuracy":0.746835470199585,"train_loss":0.3633897304534912,"_wandb":{"runtime":297},"test_auroc":0.5,"test_precision":0,"_runtime":297.191351603,"val_accuracy":0.75,"train_auroc":0.5,"val_precision":0,"val_recall":0,"_step":35,"_timestamp":1.7477067873336084e+09,"val_auroc":0.5,"val_loss":0.3755989074707031}