{"val_accuracy0.5":0.6857143044471741,"val_recall0.25":0.3076923191547394,"test_balanced_accuracy0.5":0.5148305084745763,"val_balanced_accuracy0.75":0.5715676728334956,"val_auroc":0.5951801538467407,"_wandb":{"runtime":1771},"test_recall0.5":0.25,"val_precision0.25":0.29629629850387573,"val_precision0.75":0.380952388048172,"test_precision0.75":0.3125,"test_recall0.75":0.25,"train_loss":0.03824598714709282,"val_accuracy0.25":0.6476190686225891,"_runtime":1771.562265731,"test_accuracy0.5":0.6455696225166321,"test_accuracy0.25":0.6329113841056824,"_timestamp":1.7513826342929466e+09,"val_recall0.5":0.3076923191547394,"val_balanced_accuracy0.25":0.5335929892891919,"_step":209,"test_accuracy0.75":0.6708860993385315,"val_balanced_accuracy0.5":0.5589094449853944,"test_precision0.25":0.30434781312942505,"val_recall0.75":0.3076923191547394,"test_recall0.25":0.3499999940395355,"val_precision0.5":0.3478260934352875,"val_accuracy0.75":0.7047619223594666,"test_auroc":0.4936440587043762,"test_balanced_accuracy0.25":0.5394067796610169,"test_balanced_accuracy0.75":0.5317796610169492,"train_auroc":1,"test_precision0.5":0.2777777910232544}