{"test_recall0.75":0.15000000596046448,"_wandb":{"runtime":1298},"test_accuracy0.5":0.6582278609275818,"test_auroc":0.5686440467834473,"val_accuracy0.25":0.6476190686225891,"test_precision0.5":0.23076923191547394,"test_recall0.25":0.25,"val_precision0.75":0.3478260934352875,"test_recall0.5":0.15000000596046448,"val_auroc":0.5635346174240112,"_timestamp":1.7501351956392667e+09,"_step":303,"test_balanced_accuracy0.5":0.4902542372881356,"val_accuracy0.5":0.6666666865348816,"val_recall0.25":0.38461539149284363,"test_balanced_accuracy0.25":0.5317796610169492,"val_balanced_accuracy0.75":0.5589094449853944,"val_precision0.5":0.3333333432674408,"train_loss":0.05902271345257759,"test_precision0.25":0.3125,"test_precision0.75":0.30000001192092896,"_runtime":1298.306168205,"val_balanced_accuracy0.25":0.5593962999026291,"test_accuracy0.25":0.6708860993385315,"test_balanced_accuracy0.75":0.5156779661016949,"val_recall0.75":0.3076923191547394,"val_accuracy0.75":0.6857143044471741,"val_balanced_accuracy0.5":0.5591528724440117,"test_accuracy0.75":0.6962025165557861,"val_precision0.25":0.32258063554763794,"val_recall0.5":0.3461538553237915,"train_auroc":0.9999198913574219}