{"_runtime":438.550069121,"test_auroc":0.5411255359649658,"train_loss":1.6662545204162598,"test_precision":0,"test_recall":0,"val_loss":1.7084400653839111,"val_precision":0,"val_recall":0,"_timestamp":1.7495553309359589e+09,"val_accuracy":0.7407407164573669,"test_balanced_accuracy":0.5,"val_auroc":0.5928571224212646,"_wandb":{"runtime":438},"val_balanced_accuracy":0.5,"test_accuracy":0.7480915784835815,"train_auroc":0.600929856300354,"_step":50}