{"test_precision0.25":0.2571428716182709,"val_accuracy0.75":0.7407407164573669,"_step":499,"_timestamp":1.7497017566219966e+09,"val_recall0.5":0.4285714328289032,"test_accuracy0.25":0.6259542107582092,"test_balanced_accuracy0.25":0.5093118686868687,"val_balanced_accuracy0.25":0.6142857142857143,"_runtime":1758.066983215,"val_balanced_accuracy0.5":0.6142857142857143,"test_recall0.75":0.28125,"val_balanced_accuracy0.75":0.6392857142857142,"test_balanced_accuracy0.5":0.5143623737373737,"test_precision0.5":0.2647058963775635,"test_accuracy0.5":0.6335877776145935,"val_precision0.5":0.4285714328289032,"test_balanced_accuracy0.75":0.5194128787878788,"test_auroc":0.5670770406723022,"val_auroc":0.7857142686843872,"val_accuracy0.25":0.7037037014961243,"_wandb":{"runtime":1758},"train_auroc":1,"val_precision0.25":0.4285714328289032,"val_precision0.75":0.5,"test_accuracy0.75":0.6412213444709778,"val_recall0.75":0.4285714328289032,"test_recall0.25":0.28125,"test_recall0.5":0.28125,"val_accuracy0.5":0.7037037014961243,"test_precision0.75":0.27272728085517883,"train_loss":5.425282324722502e-06,"val_recall0.25":0.4285714328289032}