{"_timestamp":1.7497376372615058e+09,"train_loss":1.7529840469360352,"val_balanced_accuracy0.5":0.5,"test_auroc":0.5144068002700806,"val_auroc":0.43888890743255615,"val_accuracy0.5":0.761904776096344,"train_auroc":0.5083563923835754,"val_balanced_accuracy0.25":0.5,"val_recall0.25":0,"test_precision0.5":0,"test_balanced_accuracy0.25":0.5,"val_accuracy0.75":0.761904776096344,"val_precision0.5":0,"val_balanced_accuracy0.75":0.5,"test_recall0.25":0,"_wandb":{"runtime":36},"val_recall0.5":0,"test_recall0.5":0,"test_accuracy0.75":0.746835470199585,"_step":4,"test_precision0.25":0,"test_accuracy0.5":0.746835470199585,"val_precision0.25":0,"test_balanced_accuracy0.75":0.5,"test_precision0.75":0,"val_accuracy0.25":0.761904776096344,"val_recall0.75":0,"_runtime":36.684625454,"val_precision0.75":0,"test_accuracy0.25":0.746835470199585,"test_recall0.75":0,"test_balanced_accuracy0.5":0.5}