{"_timestamp":1.7536138021363904e+09,"val_recall0.25":1,"val_accuracy0.5":0.4528301954269409,"train_loss":2.062410593032837,"train_auroc":0.5642768144607544,"val_balanced_accuracy0.25":0.5,"_runtime":2761.767443934,"val_balanced_accuracy0.5":0.5963431786216596,"_wandb":{"runtime":2761},"val_auroc":0.5578997135162354,"test_recall0.25":1,"test_precision0.75":0,"val_balanced_accuracy0.75":0.5,"val_accuracy0.25":0.25471699237823486,"val_precision0.75":0,"val_precision0.25":0.25471699237823486,"_step":454,"test_recall0.5":0.800000011920929,"val_precision0.5":0.3037974536418915,"val_recall0.75":0,"test_balanced_accuracy0.75":0.5,"test_accuracy0.5":0.4000000059604645,"val_recall0.5":0.8888888955116272,"test_precision0.25":0.25,"test_balanced_accuracy0.25":0.5,"test_balanced_accuracy0.5":0.5333333333333333,"val_accuracy0.75":0.7452830076217651,"test_accuracy0.25":0.25,"test_auroc":0.5433332920074463,"test_accuracy0.75":0.75,"test_recall0.75":0,"test_precision0.5":0.2666666805744171}