{"val_balanced_accuracy0.5":0.5,"test_accuracy0.75":0.746835470199585,"_wandb":{"runtime":2255},"val_accuracy0.5":0.7523809671401978,"test_precision0.25":0.2531645596027374,"val_accuracy0.25":0.24761904776096344,"_step":270,"test_balanced_accuracy0.25":0.5,"_runtime":2255.389214821,"test_precision0.75":0,"test_recall0.5":0,"val_balanced_accuracy0.25":0.5,"val_auroc":0.5,"test_accuracy0.5":0.746835470199585,"test_balanced_accuracy0.75":0.5,"val_balanced_accuracy0.75":0.5,"test_auroc":0.5,"val_precision0.25":0.24761904776096344,"test_recall0.25":1,"test_balanced_accuracy0.5":0.5,"train_loss":1.6951497793197632,"test_recall0.75":0,"val_precision0.75":0,"val_precision0.5":0,"val_recall0.75":0,"val_accuracy0.75":0.7523809671401978,"test_precision0.5":0,"val_recall0.5":0,"val_recall0.25":1,"test_accuracy0.25":0.2531645596027374,"train_auroc":0.4550876319408417,"_timestamp":1.7506853394204721e+09}