{"train_loss":1.7169899365399033e-05,"test_auroc":0.5157699584960938,"val_precision0.5":0,"test_accuracy0.75":0.7175572514533997,"val_precision0.75":0,"test_accuracy0.5":0.6793892979621887,"test_balanced_accuracy0.25":0.4839208410636982,"val_balanced_accuracy0.5":0.5,"test_precision0.25":0.21739129722118378,"val_auroc":0.6428571939468384,"val_accuracy0.75":0.7407407164573669,"val_recall0.75":0,"val_accuracy0.25":0.7407407164573669,"_step":499,"val_recall0.25":0,"train_auroc":1,"test_recall0.5":0.12121212482452393,"test_precision0.75":0.3333333432674408,"_runtime":1716.140470922,"val_balanced_accuracy0.75":0.5,"test_accuracy0.25":0.6488549709320068,"test_balanced_accuracy0.75":0.5197897340754484,"val_recall0.5":0,"test_precision0.5":0.23529411852359772,"test_balanced_accuracy0.5":0.4942795299938157,"test_recall0.25":0.1515151560306549,"val_balanced_accuracy0.25":0.5,"_wandb":{"runtime":1716},"val_accuracy0.5":0.7407407164573669,"_timestamp":1.7497145570459344e+09,"val_precision0.25":0,"test_recall0.75":0.12121212482452393}