{"_timestamp":1.7534748091702507e+09,"val_precision0.5":0,"_wandb":{"runtime":384},"val_balanced_accuracy0.25":0.5148148148148148,"val_balanced_accuracy0.5":0.5,"test_balanced_accuracy0.25":0.5583333333333333,"val_accuracy0.5":0.7476635575294495,"test_balanced_accuracy0.75":0.5,"val_precision0.75":0,"test_accuracy0.75":0.75,"train_auroc":0.576124370098114,"val_auroc":0.5620369911193848,"val_recall0.25":0.6296296119689941,"test_recall0.25":0.699999988079071,"val_balanced_accuracy0.75":0.5,"val_accuracy0.25":0.4579439163208008,"test_precision0.5":0,"train_loss":1.6685103178024292,"val_precision0.25":0.26153847575187683,"test_precision0.75":0,"val_recall0.75":0,"test_recall0.75":0,"test_recall0.5":0,"_step":162,"test_balanced_accuracy0.5":0.5,"val_recall0.5":0,"test_accuracy0.5":0.75,"_runtime":384.14487847,"test_precision0.25":0.2857142984867096,"test_auroc":0.528333306312561,"val_accuracy0.75":0.7476635575294495,"test_accuracy0.25":0.48750001192092896}