{"train_loss":2.0576789379119873,"test_accuracy0.75":0.746835470199585,"test_precision0.5":0.23076923191547394,"val_balanced_accuracy0.25":0.5,"test_precision0.75":0,"test_auroc":0.5228813886642456,"_wandb":{"runtime":1040},"test_recall0.5":0.44999998807907104,"test_accuracy0.5":0.4810126721858978,"val_recall0.5":0.42307692766189575,"val_accuracy0.5":0.5523809790611267,"test_balanced_accuracy0.5":0.47076271186440677,"val_accuracy0.75":0.7523809671401978,"val_precision0.75":0,"test_accuracy0.25":0.2531645596027374,"test_precision0.25":0.2531645596027374,"train_auroc":0.6665598750114441,"_timestamp":1.7507672969737422e+09,"val_accuracy0.25":0.24761904776096344,"val_precision0.5":0.25581395626068115,"val_recall0.75":0,"test_recall0.25":1,"_runtime":1040.822451901,"val_auroc":0.5311586856842041,"val_precision0.25":0.24761904776096344,"val_balanced_accuracy0.75":0.5,"test_balanced_accuracy0.25":0.5,"val_recall0.25":1,"_step":214,"test_recall0.75":0,"val_balanced_accuracy0.5":0.5090068159688412,"test_balanced_accuracy0.75":0.5}