{"test_balanced_accuracy0.75":0.5,"_wandb":{"runtime":941},"test_auroc":0.5601694583892822,"train_loss":2.117997646331787,"_step":266,"val_accuracy0.5":0.7523809671401978,"test_recall0.5":0,"test_balanced_accuracy0.25":0.5,"test_recall0.25":1,"val_balanced_accuracy0.75":0.5,"val_auroc":0.5167964696884155,"test_recall0.75":0,"test_balanced_accuracy0.5":0.5,"train_auroc":0.4424281120300293,"_runtime":941.054156367,"test_accuracy0.75":0.746835470199585,"_timestamp":1.7501623008237903e+09,"val_precision0.75":0,"test_accuracy0.25":0.2531645596027374,"val_precision0.5":0,"val_balanced_accuracy0.5":0.5,"test_accuracy0.5":0.746835470199585,"test_precision0.75":0,"val_accuracy0.25":0.24761904776096344,"val_precision0.25":0.24761904776096344,"test_precision0.25":0.2531645596027374,"test_precision0.5":0,"val_recall0.75":0,"val_balanced_accuracy0.25":0.5,"val_recall0.5":0,"val_recall0.25":1,"val_accuracy0.75":0.7523809671401978}