{"val_auroc":0.5874999761581421,"val_balanced_accuracy0.75":0.5264423076923077,"val_recall0.75":0.11538461595773697,"val_balanced_accuracy0.5":0.5649038461538461,"val_precision0.25":0.5454545617103577,"test_balanced_accuracy0.25":0.5,"_timestamp":1.7534825169735065e+09,"val_accuracy0.75":0.7358490824699402,"val_recall0.5":0.19230769574642181,"test_auroc":0.49916666746139526,"val_precision0.75":0.375,"test_precision0.75":0.1666666716337204,"test_recall0.5":0.05000000074505806,"val_recall0.25":0.23076923191547394,"test_balanced_accuracy0.75":0.48333333333333334,"test_accuracy0.75":0.699999988079071,"val_balanced_accuracy0.25":0.5841346153846154,"test_precision0.5":0.1111111119389534,"test_balanced_accuracy0.5":0.45833333333333337,"train_loss":5.196238635107875e-05,"_step":341,"test_accuracy0.5":0.6625000238418579,"test_precision0.25":0.25,"val_accuracy0.5":0.7547169923782349,"_wandb":{"runtime":1871},"test_accuracy0.25":0.6499999761581421,"train_auroc":1,"test_recall0.25":0.20000000298023224,"test_recall0.75":0.05000000074505806,"val_accuracy0.25":0.7641509175300598,"_runtime":1871.026067519,"val_precision0.5":0.5}