{"test_accuracy":0.75,"test_precision":0,"val_loss":1.7967475652694702,"train_auroc":0.6599454879760742,"_timestamp":1.749550345821933e+09,"val_accuracy":0.7407407164573669,"test_auroc":0.5218855142593384,"test_balanced_accuracy":0.5,"val_auroc":0.40000003576278687,"val_balanced_accuracy":0.5,"val_recall":0,"_runtime":586.310428662,"val_precision":0,"_wandb":{"runtime":586},"train_loss":1.6171224117279053,"_step":51,"test_recall":0}