{"val_accuracy":0.6296296119689941,"test_precision":0.3333333432674408,"val_auroc":0.40714284777641296,"test_balanced_accuracy":0.5252525252525253,"val_recall":0.1428571492433548,"test_auroc":0.5858585834503174,"train_auroc":0.9924020767211914,"_timestamp":1.7495417083431678e+09,"val_precision":0.20000000298023224,"train_loss":0.318984717130661,"_runtime":794.716097157,"_step":84,"val_loss":5.645330429077148,"_wandb":{"runtime":794},"val_balanced_accuracy":0.4714285714285714,"test_accuracy":0.7121211886405945,"test_recall":0.1515151560306549}