{"val_balanced_accuracy":0.5,"test_accuracy":0.7557252049446106,"test_balanced_accuracy":0.5,"_step":57,"test_precision":0,"val_loss":1.7263977527618408,"val_accuracy":0.7407407164573669,"val_auroc":0.514285683631897,"val_precision":0,"_wandb":{"runtime":189},"test_recall":0,"train_auroc":0.5621947646141052,"val_recall":0,"test_auroc":0.5097853541374207,"_runtime":189.641321524,"_timestamp":1.7494829226288173e+09,"train_loss":1.6904551982879639}