{"val_precision0.25":0.25471699237823486,"test_accuracy0.25":0.25,"test_accuracy0.75":0.75,"_wandb":{"runtime":3494},"val_accuracy0.75":0.7452830076217651,"val_recall0.25":1,"val_auroc":0.567276120185852,"test_precision0.75":0,"val_accuracy0.25":0.25471699237823486,"test_accuracy0.5":0.4000000059604645,"test_balanced_accuracy0.25":0.5,"test_recall0.25":1,"test_precision0.25":0.25,"val_balanced_accuracy0.5":0.590014064697609,"test_balanced_accuracy0.5":0.5333333333333333,"test_recall0.75":0,"val_accuracy0.5":0.4433962404727936,"test_precision0.5":0.2666666805744171,"val_balanced_accuracy0.25":0.5,"test_recall0.5":0.800000011920929,"val_balanced_accuracy0.75":0.5,"_step":576,"_timestamp":1.7550834969683847e+09,"train_loss":2.06369948387146,"train_auroc":0.6246612668037415,"val_recall0.5":0.8888888955116272,"val_precision0.5":0.30000001192092896,"test_auroc":0.5441666841506958,"val_recall0.75":0,"val_precision0.75":0,"_runtime":3494.548488256,"test_balanced_accuracy0.75":0.5}