{"train_loss":0.051647212356328964,"val_recall0.75":0.42307692766189575,"val_accuracy0.25":0.46666666865348816,"val_balanced_accuracy0.5":0.5925024342745862,"val_recall0.5":0.6153846383094788,"test_precision0.5":0.2142857164144516,"_timestamp":1.7507131699180942e+09,"val_balanced_accuracy0.25":0.5423563777994158,"val_accuracy0.5":0.5809524059295654,"test_precision0.25":0.3137255012989044,"val_recall0.25":0.692307710647583,"val_auroc":0.5691334009170532,"test_auroc":0.5228813886642456,"test_balanced_accuracy0.75":0.4542372881355932,"val_balanced_accuracy0.75":0.5533106134371957,"test_accuracy0.25":0.5063291192054749,"val_precision0.25":0.27272728085517883,"test_balanced_accuracy0.5":0.44533898305084746,"val_precision0.75":0.3055555522441864,"test_recall0.25":0.800000011920929,"test_recall0.5":0.44999998807907104,"val_precision0.5":0.3199999928474426,"test_balanced_accuracy0.25":0.6033898305084746,"test_accuracy0.5":0.4430379867553711,"val_accuracy0.75":0.6190476417541504,"train_auroc":1,"test_precision0.75":0.21621622145175934,"_runtime":2381.202843456,"test_accuracy0.75":0.4810126721858978,"_wandb":{"runtime":2381},"test_recall0.75":0.4000000059604645,"_step":390}