{"test_recall0.5":0.550000011920929,"val_accuracy0.25":0.561904788017273,"_runtime":906.84270742,"val_accuracy0.75":0.6000000238418579,"test_precision0.75":0.40740740299224854,"test_accuracy0.25":0.607594907283783,"test_precision0.5":0.3928571343421936,"val_recall0.25":0.5384615659713745,"test_recall0.75":0.550000011920929,"test_precision0.25":0.3589743673801422,"test_balanced_accuracy0.5":0.6309322033898306,"test_recall0.25":0.699999988079071,"test_balanced_accuracy0.25":0.638135593220339,"val_recall0.75":0.38461539149284363,"val_precision0.25":0.2916666567325592,"_wandb":{"runtime":906},"_timestamp":1.7502312247275798e+09,"val_balanced_accuracy0.75":0.5277507302823758,"test_accuracy0.5":0.6708860993385315,"val_recall0.5":0.5,"train_loss":0.05729084461927414,"val_balanced_accuracy0.5":0.5791139240506329,"val_balanced_accuracy0.25":0.5540408958130477,"val_precision0.75":0.2777777910232544,"test_accuracy0.75":0.6835442781448364,"test_balanced_accuracy0.75":0.639406779661017,"val_auroc":0.5438169836997986,"_step":266,"test_auroc":0.7063559293746948,"train_auroc":0.9998397827148438,"val_precision0.5":0.32499998807907104,"val_accuracy0.5":0.6190476417541504}