{"test_auroc":0.4703153967857361,"test_precision":0,"val_recall":0,"val_balanced_accuracy":0.5,"train_auroc":0.5056179761886597,"val_loss":1.7317098379135132,"_runtime":696.73007837,"val_accuracy":0.7407407164573669,"val_auroc":0.6071428060531616,"test_recall":0,"_step":53,"train_loss":1.7272542715072632,"val_precision":0,"_wandb":{"runtime":696},"test_accuracy":0.7480915784835815,"test_balanced_accuracy":0.5,"_timestamp":1.7495588572831578e+09}