{"_runtime":1898.996080594,"val_balanced_accuracy0.5":0.4946445959104187,"test_balanced_accuracy0.25":0.46440677966101696,"_timestamp":1.7505838315015635e+09,"val_recall0.75":0.1538461595773697,"val_precision0.75":0.25,"test_recall0.25":0.20000000298023224,"val_accuracy0.5":0.6666666865348816,"val_auroc":0.5343232750892639,"test_balanced_accuracy0.75":0.4733050847457627,"train_loss":0.010773048736155033,"val_balanced_accuracy0.75":0.5009737098344693,"test_recall0.5":0.20000000298023224,"val_recall0.25":0.19230769574642181,"_wandb":{"runtime":1898},"_step":476,"test_recall0.75":0.15000000596046448,"test_balanced_accuracy0.5":0.4898305084745763,"val_precision0.25":0.25,"val_recall0.5":0.1538461595773697,"val_balanced_accuracy0.25":0.5012171372930867,"val_accuracy0.25":0.6571428775787354,"train_auroc":1,"test_auroc":0.4567796587944031,"test_precision0.75":0.20000000298023224,"test_accuracy0.5":0.6329113841056824,"test_accuracy0.25":0.594936728477478,"val_accuracy0.75":0.6761904954910278,"test_accuracy0.75":0.6329113841056824,"test_precision0.25":0.20000000298023224,"test_precision0.5":0.23529411852359772,"val_precision0.5":0.23529411852359772}