{"test_accuracy0.75":0.746835470199585,"_timestamp":1.7501163803945496e+09,"val_accuracy0.5":0.7523809671401978,"val_precision0.25":0.2537313401699066,"test_balanced_accuracy0.25":0.5614406779661016,"test_recall0.25":0.75,"test_balanced_accuracy0.5":0.5,"val_recall0.75":0,"val_balanced_accuracy0.25":0.5104673807205453,"val_precision0.75":0,"train_auroc":0.7491480112075806,"val_accuracy0.75":0.7523809671401978,"test_precision0.75":0,"val_precision0.5":0,"val_recall0.5":0,"val_recall0.25":0.6538461446762085,"test_recall0.5":0,"test_accuracy0.25":0.4683544337749481,"test_balanced_accuracy0.75":0.5,"_wandb":{"runtime":3318},"test_accuracy0.5":0.746835470199585,"train_loss":1.6244677305221558,"test_precision0.5":0,"val_balanced_accuracy0.75":0.5,"val_accuracy0.25":0.43809524178504944,"_runtime":3318.914298637,"test_auroc":0.5788135528564453,"test_precision0.25":0.2884615361690521,"val_balanced_accuracy0.5":0.5,"_step":999,"val_auroc":0.5438169240951538,"test_recall0.75":0}