{"test_precision0.25":0.28947368264198303,"test_recall0.75":0.5,"test_balanced_accuracy0.75":0.6083333333333334,"val_accuracy0.75":0.5607476830482483,"val_balanced_accuracy0.5":0.5224537037037037,"test_auroc":0.5400000214576721,"val_balanced_accuracy0.75":0.4854166666666666,"test_balanced_accuracy0.25":0.55,"_timestamp":1.7538431664148693e+09,"test_accuracy0.25":0.550000011920929,"val_recall0.75":0.3333333432674408,"test_recall0.5":0.5,"val_precision0.5":0.2750000059604645,"_wandb":{"runtime":5764},"_runtime":5764.077532023,"val_balanced_accuracy0.25":0.4969907407407407,"test_precision0.75":0.37037035822868347,"val_accuracy0.5":0.5794392228126526,"test_accuracy0.75":0.6625000238418579,"test_recall0.25":0.550000011920929,"val_auroc":0.4851851761341095,"test_precision0.5":0.32258063554763794,"train_auroc":0.9981250166893005,"test_balanced_accuracy0.5":0.575,"val_precision0.75":0.2368421107530594,"val_recall0.25":0.48148149251937866,"val_precision0.25":0.25,"val_recall0.5":0.40740740299224854,"train_loss":0.1292642205953598,"_step":241,"test_accuracy0.5":0.612500011920929,"val_accuracy0.25":0.5046728849411011}