{"_runtime":946.513252733,"_timestamp":1.7478005848702273e+09,"train_auroc":0.39758554100990295,"_wandb":{"runtime":946},"val_auroc":0.3333333730697632,"test_recall":0,"test_accuracy":0.746835470199585,"val_loss":0.3637790381908417,"test_auroc":0.4237288236618042,"val_recall":0,"val_precision":0,"test_precision":0,"val_accuracy":0.75,"_step":16,"train_loss":0.36296871304512024}