{"val_recall0.25":0.07407407462596893,"_timestamp":1.7536286421143734e+09,"val_accuracy0.25":0.6261682510375977,"test_accuracy0.75":0.675000011920929,"val_balanced_accuracy0.25":0.44328703703703703,"_wandb":{"runtime":1812},"val_precision0.75":0.1428571492433548,"val_balanced_accuracy0.5":0.449537037037037,"val_precision0.5":0.125,"val_recall0.5":0.07407407462596893,"test_precision0.75":0.2857142984867096,"test_balanced_accuracy0.5":0.5166666666666667,"test_auroc":0.48625001311302185,"train_auroc":1,"val_recall0.75":0.07407407462596893,"test_recall0.25":0.20000000298023224,"test_accuracy0.25":0.6499999761581421,"val_precision0.25":0.11764705926179886,"test_precision0.25":0.25,"test_accuracy0.5":0.675000011920929,"test_balanced_accuracy0.75":0.5166666666666667,"val_auroc":0.49953705072402954,"train_loss":5.057287580712e-06,"val_balanced_accuracy0.75":0.462037037037037,"_step":208,"test_recall0.5":0.20000000298023224,"_runtime":1812.983442782,"test_recall0.75":0.20000000298023224,"test_balanced_accuracy0.25":0.5,"val_accuracy0.5":0.6355140209197998,"val_accuracy0.75":0.6542056202888489,"test_precision0.5":0.2857142984867096}