{"test_balanced_accuracy":0.5,"val_loss":1.7118895053863525,"val_balanced_accuracy":0.5,"test_recall":0,"val_accuracy":0.7407407164573669,"test_accuracy":0.7480915784835815,"train_auroc":0.5543394088745117,"_step":52,"train_loss":1.6804509162902832,"test_auroc":0.5136054754257202,"test_precision":0,"_timestamp":1.7495654770410755e+09,"val_recall":0,"_wandb":{"runtime":210},"_runtime":210.560105908,"val_precision":0,"val_auroc":0.6071429252624512}