{"train_auroc":1,"test_recall":0.1515151560306549,"val_auroc":0.550000011920929,"val_balanced_accuracy":0.5678571428571428,"val_loss":3.917315721511841,"_wandb":{"runtime":577},"test_auroc":0.4675324559211731,"_timestamp":1.7495787566251335e+09,"test_precision":0.21739129722118378,"_step":84,"test_accuracy":0.6488549709320068,"train_loss":0.04660307615995407,"val_precision":0.4000000059604645,"val_accuracy":0.7037037014961243,"test_balanced_accuracy":0.4839208410636982,"_runtime":577.887084186,"val_recall":0.2857142984867096}