{"_wandb":{"runtime":1048},"_step":165,"val_accuracy0.25":0.24761904776096344,"test_precision0.5":0.28125,"val_accuracy0.5":0.6761904954910278,"val_balanced_accuracy0.75":0.5,"_runtime":1048.089452909,"test_accuracy0.5":0.5696202516555786,"test_recall0.25":1,"test_balanced_accuracy0.5":0.5300847457627119,"test_precision0.25":0.2531645596027374,"val_balanced_accuracy0.25":0.5,"test_accuracy0.75":0.746835470199585,"test_balanced_accuracy0.25":0.5,"_timestamp":1.7515211204952104e+09,"train_auroc":0.6772152185440063,"val_recall0.75":0,"val_recall0.5":0.5,"val_auroc":0.5854430794715881,"val_recall0.25":1,"test_auroc":0.503389835357666,"val_precision0.25":0.24761904776096344,"test_recall0.5":0.44999998807907104,"val_precision0.75":0,"train_loss":2.0069644451141357,"val_precision0.5":0.38235294818878174,"test_balanced_accuracy0.75":0.5,"test_precision0.75":0,"test_recall0.75":0,"val_balanced_accuracy0.5":0.6170886075949367,"val_accuracy0.75":0.7523809671401978,"test_accuracy0.25":0.2531645596027374}