{"_runtime":1.7868203,"train_auroc":0.2222222089767456,"test_balanced_accuracy0.5":0.5,"val_accuracy0.5":0.6666666865348816,"test_accuracy0.25":0.5,"val_recall0.5":1,"test_accuracy0.5":0.5,"test_auroc":0,"test_accuracy0.75":0.5,"test_recall0.75":0,"val_balanced_accuracy0.5":0.5,"test_precision0.75":0,"val_accuracy0.25":0.6666666865348816,"train_loss":0.7022199034690857,"val_accuracy0.75":0.3333333432674408,"test_recall0.25":1,"test_recall0.5":1,"test_precision0.25":0.5,"val_recall0.75":0,"val_balanced_accuracy0.25":0.5,"val_precision0.25":0.6666666865348816,"val_balanced_accuracy0.75":0.5,"val_auroc":0,"_wandb":{"runtime":1},"val_precision0.75":0,"val_precision0.5":0.6666666865348816,"test_precision0.5":0.5,"_timestamp":1.7512820420780587e+09,"test_balanced_accuracy0.75":0.5,"test_balanced_accuracy0.25":0.5,"val_recall0.25":1,"_step":1}