{"test_recall0.75":0.05000000074505806,"val_precision0.5":0.5555555820465088,"val_precision0.25":0.4615384638309479,"test_precision0.75":0.3333333432674408,"val_balanced_accuracy0.75":0.5579357351509251,"val_accuracy0.75":0.761904776096344,"_wandb":{"runtime":1173},"test_balanced_accuracy0.75":0.5080508474576271,"val_precision0.75":0.5714285969734192,"test_accuracy0.5":0.7215189933776855,"test_auroc":0.6245762705802917,"test_recall0.25":0.20000000298023224,"_runtime":1173.524800042,"train_loss":0.13999585807323456,"val_recall0.5":0.19230769574642181,"test_precision0.25":0.3636363744735718,"test_recall0.5":0.05000000074505806,"val_auroc":0.5408958196640015,"val_balanced_accuracy0.25":0.571080817916261,"test_balanced_accuracy0.5":0.4995762711864407,"test_precision0.5":0.25,"val_recall0.75":0.1538461595773697,"test_accuracy0.75":0.7341772317886353,"val_balanced_accuracy0.5":0.5708373904576436,"_timestamp":1.7502581978585043e+09,"val_accuracy0.25":0.7428571581840515,"test_accuracy0.25":0.7088607549667358,"_step":325,"train_auroc":0.9992630481719971,"test_balanced_accuracy0.25":0.5406779661016949,"val_recall0.25":0.23076923191547394,"val_accuracy0.5":0.761904776096344}