{"val_balanced_accuracy0.75":0.5,"val_precision0.5":0,"test_accuracy0.5":0.746835470199585,"test_accuracy0.25":0.2531645596027374,"val_precision0.25":0.24761904776096344,"test_balanced_accuracy0.25":0.5,"test_precision0.5":0,"test_balanced_accuracy0.5":0.5,"test_precision0.75":0,"test_accuracy0.75":0.746835470199585,"val_recall0.75":0,"test_recall0.25":1,"_timestamp":1.7500597391633475e+09,"val_recall0.25":1,"val_accuracy0.75":0.7523809671401978,"_runtime":4141.907991019,"val_balanced_accuracy0.5":0.5,"val_accuracy0.25":0.24761904776096344,"val_balanced_accuracy0.25":0.5,"train_auroc":0.4941865801811218,"test_recall0.75":0,"test_balanced_accuracy0.75":0.5,"test_auroc":0.5783898830413818,"test_precision0.25":0.2531645596027374,"val_auroc":0.5238559246063232,"val_accuracy0.5":0.7523809671401978,"_step":999,"train_loss":2.093721866607666,"test_recall0.5":0,"_wandb":{"runtime":4141},"val_precision0.75":0,"val_recall0.5":0}