{"val_recall0.25":1,"test_precision0.75":0,"val_precision0.5":0.24761904776096344,"_wandb":{"runtime":4210},"val_balanced_accuracy0.25":0.5,"test_balanced_accuracy0.25":0.5,"test_balanced_accuracy0.75":0.5,"test_accuracy0.5":0.2531645596027374,"val_auroc":0.5,"test_auroc":0.5,"val_recall0.75":0,"val_recall0.5":1,"train_loss":2.0911567211151123,"test_precision0.5":0.2531645596027374,"val_accuracy0.75":0.7523809671401978,"val_accuracy0.25":0.24761904776096344,"test_accuracy0.25":0.2531645596027374,"val_precision0.75":0,"val_precision0.25":0.24761904776096344,"test_accuracy0.75":0.746835470199585,"_step":999,"train_auroc":0.4907177686691284,"test_recall0.25":1,"test_recall0.75":0,"val_balanced_accuracy0.5":0.5,"test_balanced_accuracy0.5":0.5,"val_balanced_accuracy0.75":0.5,"test_recall0.5":1,"test_precision0.25":0.2531645596027374,"val_accuracy0.5":0.24761904776096344,"_runtime":4210.604423552,"_timestamp":1.7500681446838098e+09}