{"val_recall0.75":0,"test_accuracy0.75":0.75,"test_recall0.25":1,"val_accuracy0.5":0.7452830076217651,"_wandb":{"runtime":2891},"test_precision0.5":0,"test_balanced_accuracy0.75":0.5,"val_accuracy0.75":0.7452830076217651,"test_accuracy0.5":0.75,"test_precision0.25":0.25,"test_auroc":0.5,"val_recall0.25":1,"_runtime":2891.469871667,"train_loss":2.09285569190979,"test_recall0.75":0,"test_precision0.75":0,"val_balanced_accuracy0.25":0.5,"train_auroc":0.47343748807907104,"val_precision0.5":0,"_timestamp":1.7549414680913231e+09,"train_mu":-3.450225938284035e-10,"train_surv_loss":1.0035854578018188,"val_balanced_accuracy0.75":0.5,"test_balanced_accuracy0.25":0.5,"test_accuracy0.25":0.25,"_step":95,"test_balanced_accuracy0.5":0.5,"val_recall0.5":0,"val_accuracy0.25":0.25471699237823486,"train_logvar":-5.635867772468828e-09,"test_recall0.5":0,"val_precision0.25":0.25471699237823486,"train_kld_loss":1.1546443700790405,"val_auroc":0.5,"val_precision0.75":0,"val_balanced_accuracy0.5":0.5,"train_recon_loss_no_kld":1.0238960981369019}