{"val_precision0.5":0.2666666805744171,"_step":646,"val_accuracy0.5":0.3523809611797333,"_timestamp":1.751412445043241e+09,"test_balanced_accuracy0.5":0.5101694915254238,"val_accuracy0.25":0.32380953431129456,"val_recall0.75":0.8846153616905212,"test_accuracy0.75":0.3544303774833679,"val_balanced_accuracy0.5":0.5438169425511198,"test_recall0.5":0.800000011920929,"val_balanced_accuracy0.25":0.5248296007789679,"test_recall0.25":0.8999999761581421,"test_accuracy0.25":0.3544303774833679,"test_precision0.5":0.25806450843811035,"val_auroc":0.5805745124816895,"val_precision0.25":0.25806450843811035,"test_balanced_accuracy0.75":0.4851694915254237,"test_auroc":0.4868644177913666,"test_precision0.75":0.24590164422988892,"train_loss":0.061126045882701874,"val_balanced_accuracy0.75":0.5245861733203505,"val_accuracy0.75":0.34285715222358704,"train_auroc":0.9994792342185974,"_wandb":{"runtime":5197},"val_precision0.75":0.2584269642829895,"test_balanced_accuracy0.25":0.5347457627118644,"_runtime":5197.530858177,"val_recall0.25":0.9230769276618958,"test_accuracy0.5":0.3670886158943176,"val_recall0.5":0.9230769276618958,"test_recall0.75":0.75,"test_precision0.25":0.26865673065185547}