{"test_precision0.25":0.25,"test_recall0.75":0,"val_precision0.5":0,"test_recall0.25":1,"_runtime":1684.816455008,"test_accuracy0.5":0.75,"test_recall0.5":0,"val_balanced_accuracy0.25":0.5,"test_accuracy0.75":0.75,"val_balanced_accuracy0.75":0.5,"_wandb":{"runtime":1684},"_step":282,"val_precision0.75":0,"_timestamp":1.753473032741296e+09,"val_balanced_accuracy0.5":0.5,"test_balanced_accuracy0.5":0.5,"test_balanced_accuracy0.25":0.5,"test_precision0.5":0,"val_precision0.25":0.25471699237823486,"test_auroc":0.5641666650772095,"val_recall0.25":1,"test_accuracy0.25":0.25,"test_balanced_accuracy0.75":0.5,"val_recall0.5":0,"val_accuracy0.75":0.7452830076217651,"val_accuracy0.25":0.25471699237823486,"val_auroc":0.5925925970077515,"val_recall0.75":0,"train_loss":1.6883152723312378,"val_accuracy0.5":0.7452830076217651,"train_auroc":0.4748820662498474,"test_precision0.75":0}