{"val_precision0.75":0,"_wandb":{"runtime":1787},"val_auroc":0.47249269485473633,"test_precision0.25":0,"val_accuracy0.25":0.7523809671401978,"_timestamp":1.7505440495962207e+09,"test_balanced_accuracy0.75":0.5,"train_auroc":0.5540409088134766,"test_accuracy0.5":0.746835470199585,"test_balanced_accuracy0.5":0.5,"val_recall0.75":0,"_step":333,"test_precision0.5":0,"val_accuracy0.5":0.7523809671401978,"test_recall0.5":0,"test_accuracy0.25":0.746835470199585,"val_recall0.5":0,"test_recall0.25":0,"_runtime":1787.532525823,"val_balanced_accuracy0.5":0.5,"val_precision0.25":0,"train_loss":1.6924865245819092,"test_auroc":0.5449152588844299,"test_balanced_accuracy0.25":0.5,"val_precision0.5":0,"test_recall0.75":0,"test_precision0.75":0,"val_recall0.25":0,"val_balanced_accuracy0.75":0.5,"test_accuracy0.75":0.746835470199585,"val_balanced_accuracy0.25":0.5,"val_accuracy0.75":0.7523809671401978}