{"test_precision0.5":0.5,"test_accuracy0.5":0.5,"test_recall0.5":1,"val_precision0.5":0.3333333432674408,"_wandb":{"runtime":6},"test_balanced_accuracy0.25":0.5,"test_recall0.25":1,"val_precision0.25":0.3333333432674408,"test_auroc":1,"test_precision0.75":0,"test_balanced_accuracy0.5":0.5,"val_balanced_accuracy0.75":0.5,"val_accuracy0.5":0.3333333432674408,"val_recall0.75":0,"test_accuracy0.25":0.5,"val_precision0.75":0,"val_accuracy0.75":0.6666666865348816,"val_auroc":0,"val_recall0.25":1,"val_balanced_accuracy0.25":0.5,"_step":1,"val_accuracy0.25":0.3333333432674408,"test_accuracy0.75":0.5,"test_precision0.25":0.5,"val_balanced_accuracy0.5":0.5,"test_recall0.75":0,"train_auroc":0,"_runtime":6.0693583,"val_recall0.5":1,"train_loss":0.7009100914001465,"_timestamp":1.751366292473519e+09,"test_balanced_accuracy0.75":0.5}