{"val_accuracy0.75":0.4571428596973419,"test_precision0.75":0.2666666805744171,"test_accuracy0.5":0.4556961953639984,"val_auroc":0.5150924921035767,"test_balanced_accuracy0.25":0.5279661016949152,"train_auroc":1,"_wandb":{"runtime":1071},"test_precision0.5":0.25531914830207825,"test_balanced_accuracy0.5":0.5033898305084745,"val_accuracy0.25":0.43809524178504944,"val_recall0.75":0.5769230723381042,"val_accuracy0.5":0.4571428596973419,"train_loss":0.0025860057212412357,"test_accuracy0.25":0.4430379867553711,"_runtime":1071.501567736,"val_balanced_accuracy0.75":0.4973222979552093,"val_recall0.5":0.692307710647583,"val_balanced_accuracy0.25":0.5233690360272638,"test_precision0.25":0.26923078298568726,"test_accuracy0.75":0.4810126721858978,"val_precision0.25":0.260869562625885,"val_precision0.75":0.24590164422988892,"test_recall0.25":0.699999988079071,"val_balanced_accuracy0.5":0.5360272638753651,"_timestamp":1.750132327307344e+09,"val_precision0.5":0.26865673065185547,"val_recall0.25":0.692307710647583,"test_recall0.5":0.6000000238418579,"test_balanced_accuracy0.75":0.5203389830508475,"test_recall0.75":0.6000000238418579,"test_auroc":0.5762712359428406,"_step":256}