{"test_recall0.25":1,"val_accuracy0.5":0.24761904776096344,"test_precision0.25":0.2531645596027374,"test_accuracy0.5":0.2531645596027374,"val_precision0.75":0,"test_accuracy0.75":0.746835470199585,"val_recall0.25":1,"test_recall0.75":0,"val_accuracy0.25":0.24761904776096344,"train_loss":2.092095136642456,"_wandb":{"runtime":1394},"test_auroc":0.5635592937469482,"val_recall0.5":1,"test_balanced_accuracy0.25":0.5,"val_balanced_accuracy0.25":0.5,"val_accuracy0.75":0.7523809671401978,"_runtime":1394.278151325,"test_balanced_accuracy0.5":0.5,"test_accuracy0.25":0.2531645596027374,"train_auroc":0.4478153884410858,"val_precision0.5":0.24761904776096344,"val_auroc":0.5847127437591553,"val_balanced_accuracy0.75":0.5,"val_balanced_accuracy0.5":0.5,"_step":384,"_timestamp":1.7501692557274725e+09,"test_balanced_accuracy0.75":0.5,"val_recall0.75":0,"val_precision0.25":0.24761904776096344,"test_recall0.5":1,"test_precision0.5":0.2531645596027374,"test_precision0.75":0}