{"test_accuracy0.75":0.75,"test_accuracy0.5":0.4625000059604645,"val_accuracy0.5":0.38679245114326477,"val_balanced_accuracy0.5":0.541826923076923,"val_balanced_accuracy0.75":0.5,"val_recall0.25":1,"_timestamp":1.753706895023262e+09,"train_auroc":0.7209876775741577,"_step":323,"test_balanced_accuracy0.75":0.5,"val_auroc":0.5514423251152039,"test_balanced_accuracy0.5":0.5583333333333333,"val_accuracy0.25":0.24528302252292633,"train_loss":2.001441478729248,"val_precision0.5":0.2650602459907532,"test_precision0.25":0.25,"val_recall0.5":0.8461538553237915,"test_precision0.75":0,"test_recall0.75":0,"val_precision0.75":0,"test_recall0.5":0.75,"val_accuracy0.75":0.7547169923782349,"test_auroc":0.5766667127609253,"val_balanced_accuracy0.25":0.5,"test_precision0.5":0.2830188572406769,"test_balanced_accuracy0.25":0.5,"val_precision0.25":0.24528302252292633,"_wandb":{"runtime":2846},"test_recall0.25":1,"test_accuracy0.25":0.25,"val_recall0.75":0,"_runtime":2846.393119232}