{"test_precision":0,"test_accuracy":0.7557252049446106,"test_auroc":0.5,"val_loss":1.7288784980773926,"val_precision":0,"_step":110,"val_balanced_accuracy":0.5,"_wandb":{"runtime":598},"test_balanced_accuracy":0.5,"val_recall":0,"val_auroc":0.5,"_runtime":598.895025022,"test_recall":0,"train_loss":1.7103337049484253,"val_accuracy":0.7407407164573669,"_timestamp":1.749505735062862e+09,"train_auroc":0.42411184310913086}