{"val_balanced_accuracy0.5":0.4701923076923077,"val_precision0.25":0.1764705926179886,"val_balanced_accuracy0.75":0.4634615384615385,"_runtime":2667.313909492,"val_precision0.75":0.1428571492433548,"test_recall0.5":0.20000000298023224,"val_recall0.75":0.07692307978868484,"_step":405,"test_accuracy0.25":0.6625000238418579,"val_balanced_accuracy0.25":0.4701923076923077,"_timestamp":1.7535464872197943e+09,"val_accuracy0.75":0.6603773832321167,"val_recall0.5":0.11538461595773697,"val_precision0.5":0.1764705926179886,"val_accuracy0.5":0.650943398475647,"val_recall0.25":0.11538461595773697,"test_auroc":0.5066666603088379,"test_accuracy0.75":0.6625000238418579,"test_accuracy0.5":0.6625000238418579,"test_balanced_accuracy0.5":0.5083333333333333,"test_recall0.75":0.20000000298023224,"test_recall0.25":0.20000000298023224,"train_auroc":1,"train_loss":6.868947366456268e-06,"val_accuracy0.25":0.650943398475647,"test_precision0.25":0.2666666805744171,"test_balanced_accuracy0.25":0.5083333333333333,"test_precision0.75":0.2666666805744171,"test_precision0.5":0.2666666805744171,"val_auroc":0.3985576629638672,"_wandb":{"runtime":2667},"test_balanced_accuracy0.75":0.5083333333333333}