{"val_auroc":0.4700584411621094,"test_auroc":0.4690678119659424,"test_precision0.5":0.0833333358168602,"_timestamp":1.7501614395671756e+09,"val_balanced_accuracy0.75":0.5584225900681596,"_step":431,"test_accuracy0.25":0.607594907283783,"val_recall0.25":0.26923078298568726,"test_recall0.75":0.05000000074505806,"val_accuracy0.25":0.7333333492279053,"val_precision0.5":0.4000000059604645,"val_accuracy0.75":0.723809540271759,"test_precision0.75":0.0833333358168602,"test_recall0.5":0.05000000074505806,"val_precision0.25":0.4375,"val_accuracy0.5":0.723809540271759,"test_accuracy0.75":0.6202531456947327,"_wandb":{"runtime":2846},"test_balanced_accuracy0.25":0.4233050847457627,"test_balanced_accuracy0.75":0.4317796610169492,"_runtime":2846.060747651,"test_recall0.25":0.05000000074505806,"test_accuracy0.5":0.6202531456947327,"val_recall0.75":0.23076923191547394,"val_balanced_accuracy0.5":0.5584225900681596,"val_balanced_accuracy0.25":0.5776533592989289,"test_precision0.25":0.07692307978868484,"val_recall0.5":0.23076923191547394,"train_loss":6.378191415024048e-07,"val_precision0.75":0.4000000059604645,"test_balanced_accuracy0.5":0.4317796610169492,"train_auroc":1}