{"val_auroc":0.49318405985832214,"val_accuracy0.25":0.6761904954910278,"train_loss":3.814484443864785e-05,"test_balanced_accuracy0.75":0.4906779661016949,"test_precision0.5":0.20000000298023224,"val_precision0.75":0.3333333432674408,"test_precision0.25":0.1818181872367859,"test_accuracy0.5":0.6708860993385315,"test_recall0.5":0.10000000149011612,"test_precision0.75":0.2222222238779068,"test_recall0.25":0.10000000149011612,"val_accuracy0.5":0.7142857313156128,"_step":296,"_wandb":{"runtime":1018},"test_balanced_accuracy0.25":0.473728813559322,"val_recall0.5":0.1538461595773697,"test_accuracy0.75":0.6835442781448364,"test_auroc":0.39915257692337036,"val_recall0.75":0.1538461595773697,"val_precision0.25":0.25,"val_balanced_accuracy0.75":0.5262901655306719,"test_accuracy0.25":0.6582278609275818,"val_balanced_accuracy0.5":0.5262901655306719,"val_accuracy0.75":0.7142857313156128,"_timestamp":1.7501749425640771e+09,"val_precision0.5":0.3333333432674408,"val_balanced_accuracy0.25":0.5009737098344693,"test_recall0.75":0.10000000149011612,"val_recall0.25":0.1538461595773697,"_runtime":1018.374732113,"test_balanced_accuracy0.5":0.4822033898305085,"train_auroc":0.9999999403953552}