{"val_precision0.75":0.25,"val_recall0.25":0.5384615659713745,"test_precision0.5":0.380952388048172,"test_precision0.75":0.3499999940395355,"train_loss":0.04654582962393761,"test_recall0.75":0.3499999940395355,"val_accuracy0.25":0.6320754885673523,"test_balanced_accuracy0.25":0.5583333333333333,"_step":685,"test_balanced_accuracy0.5":0.5916666666666667,"test_auroc":0.5191667079925537,"val_precision0.5":0.34285715222358704,"val_recall0.5":0.4615384638309479,"val_recall0.75":0.26923078298568726,"test_precision0.25":0.3199999928474426,"_runtime":7068.119963018,"val_precision0.25":0.3414634168148041,"_timestamp":1.7541795744747765e+09,"val_balanced_accuracy0.25":0.6004807692307692,"test_accuracy0.25":0.637499988079071,"test_accuracy0.5":0.6875,"val_accuracy0.75":0.6226415038108826,"test_recall0.25":0.4000000059604645,"test_accuracy0.75":0.675000011920929,"test_balanced_accuracy0.75":0.5666666666666667,"val_auroc":0.6026442646980286,"train_auroc":0.9999604225158691,"_wandb":{"runtime":7068},"val_accuracy0.5":0.650943398475647,"test_recall0.5":0.4000000059604645,"val_balanced_accuracy0.5":0.5870192307692308,"val_balanced_accuracy0.75":0.5033653846153846}