{"test_balanced_accuracy":0.5,"val_auroc":0.6000000238418579,"_wandb":{"runtime":218},"_step":52,"test_recall":0,"test_accuracy":0.7480915784835815,"val_precision":0,"_timestamp":1.7495562732987192e+09,"train_loss":1.6834478378295898,"_runtime":218.128455936,"test_auroc":0.5709647536277771,"train_auroc":0.533707857131958,"val_loss":1.7284777164459229,"val_recall":0,"test_precision":0,"val_balanced_accuracy":0.5,"val_accuracy":0.7407407164573669}