{"test_balanced_accuracy0.25":0.575,"train_auroc":0.9998437762260437,"test_precision0.75":0.3571428656578064,"test_recall0.25":0.44999998807907104,"val_precision0.5":0.3235294222831726,"_runtime":5188.995503356,"test_recall0.75":0.25,"test_precision0.5":0.380952388048172,"_timestamp":1.7538773087382183e+09,"val_balanced_accuracy0.5":0.5599537037037037,"test_balanced_accuracy0.5":0.5916666666666667,"test_auroc":0.5566666722297668,"val_recall0.75":0.29629629850387573,"val_accuracy0.75":0.6355140209197998,"_step":216,"val_recall0.25":0.40740740299224854,"val_auroc":0.5370370745658875,"_wandb":{"runtime":5188},"test_precision0.25":0.3333333432674408,"train_loss":0.0472889244556427,"val_accuracy0.25":0.5607476830482483,"test_balanced_accuracy0.75":0.55,"val_precision0.25":0.261904776096344,"val_balanced_accuracy0.25":0.5099537037037037,"val_precision0.75":0.2857142984867096,"val_balanced_accuracy0.75":0.5231481481481481,"test_accuracy0.5":0.6875,"test_accuracy0.75":0.699999988079071,"test_accuracy0.25":0.637499988079071,"test_recall0.5":0.4000000059604645,"val_accuracy0.5":0.6355140209197998,"val_recall0.5":0.40740740299224854}