{"val_recall0.5":0.37037035822868347,"test_auroc":0.5575000047683716,"val_recall0.75":0.29629629850387573,"test_recall0.25":0.4000000059604645,"test_accuracy0.5":0.6625000238418579,"val_recall0.25":0.37037035822868347,"test_balanced_accuracy0.25":0.5416666666666667,"test_precision0.75":0.3499999940395355,"test_precision0.25":0.29629629850387573,"val_precision0.5":0.32258063554763794,"val_balanced_accuracy0.25":0.5164351851851852,"val_balanced_accuracy0.5":0.5539351851851853,"val_precision0.75":0.2857142984867096,"test_accuracy0.25":0.612500011920929,"val_balanced_accuracy0.75":0.5231481481481481,"train_auroc":1,"val_accuracy0.25":0.5887850522994995,"_step":249,"test_recall0.75":0.3499999940395355,"train_loss":0.003774994285777211,"val_precision0.25":0.2702702581882477,"_timestamp":1.7536047467711222e+09,"_runtime":9651.091269413,"test_balanced_accuracy0.5":0.5583333333333333,"test_accuracy0.75":0.675000011920929,"val_accuracy0.75":0.6355140209197998,"test_recall0.5":0.3499999940395355,"test_precision0.5":0.3333333432674408,"val_auroc":0.539814829826355,"_wandb":{"runtime":9651},"val_accuracy0.5":0.644859790802002,"test_balanced_accuracy0.75":0.5666666666666667}