{"_wandb":{"runtime":897},"val_accuracy0.75":0.7523809671401978,"test_precision0.75":0,"test_recall0.25":1,"test_balanced_accuracy0.75":0.5,"test_precision0.25":0.2531645596027374,"val_balanced_accuracy0.75":0.5,"val_balanced_accuracy0.25":0.5,"val_balanced_accuracy0.5":0.5,"test_auroc":0.5,"_timestamp":1.7513682793760877e+09,"test_balanced_accuracy0.25":0.5,"test_accuracy0.25":0.2531645596027374,"train_loss":2.093752145767212,"_runtime":897.468157601,"val_precision0.25":0.24761904776096344,"val_auroc":0.5,"test_accuracy0.75":0.746835470199585,"val_accuracy0.25":0.24761904776096344,"val_recall0.75":0,"val_accuracy0.5":0.7523809671401978,"test_recall0.75":0,"val_recall0.25":1,"test_balanced_accuracy0.5":0.5,"val_precision0.5":0,"test_accuracy0.5":0.746835470199585,"test_recall0.5":0,"test_precision0.5":0,"val_recall0.5":0,"train_auroc":0.4372897148132324,"val_precision0.75":0,"_step":150}