{"val_auroc":0.550000011920929,"test_accuracy":0.7557252049446106,"test_auroc":0.5587121248245239,"val_accuracy":0.7407407164573669,"val_balanced_accuracy":0.5,"train_loss":1.9415490627288818,"_runtime":291.813577758,"val_recall":0,"train_auroc":0.4477640390396118,"test_balanced_accuracy":0.5,"val_precision":0,"_step":50,"val_loss":1.9398910999298096,"_wandb":{"runtime":291},"test_recall":0,"test_precision":0,"_timestamp":1.7495322413421035e+09}