{"val_accuracy":0.75,"val_precision":0,"val_recall":0,"test_precision":0,"test_auroc":0.5,"test_recall":0,"_wandb":{"runtime":544},"test_accuracy":0.746835470199585,"val_loss":0.3723639249801636,"train_loss":0.3746142089366913,"train_auroc":0.5,"_timestamp":1.7476525406088395e+09,"_step":35,"_runtime":542.171456997,"val_auroc":0.5}