{"test_recall0.25":0.800000011920929,"test_accuracy0.5":0.607594907283783,"test_recall0.5":0.15000000596046448,"val_auroc":0.5433301329612732,"test_auroc":0.5991525053977966,"val_balanced_accuracy0.5":0.5012171372930867,"val_precision0.75":0.1428571492433548,"val_balanced_accuracy0.25":0.5355404089581305,"_wandb":{"runtime":5420},"test_recall0.75":0,"_runtime":5420.975904971,"val_accuracy0.75":0.7047619223594666,"test_precision0.5":0.1764705926179886,"train_loss":0.8406338691711426,"test_precision0.25":0.3333333432674408,"_timestamp":1.7501967818767474e+09,"test_balanced_accuracy0.25":0.6288135593220339,"test_balanced_accuracy0.5":0.4563559322033898,"val_precision0.25":0.2711864411830902,"val_balanced_accuracy0.75":0.48125608568646544,"train_auroc":0.9739625453948975,"_step":999,"test_accuracy0.25":0.5443037748336792,"val_recall0.25":0.6153846383094788,"test_precision0.75":0,"val_recall0.5":0.19230769574642181,"val_precision0.5":0.25,"val_accuracy0.5":0.6571428775787354,"val_recall0.75":0.03846153989434242,"test_accuracy0.75":0.7088607549667358,"test_balanced_accuracy0.75":0.4745762711864407,"val_accuracy0.25":0.4952380955219269}