{"val_accuracy0.25":0.7142857313156128,"test_precision0.75":0.4285714328289032,"_wandb":{"runtime":3380},"test_precision0.5":0.4444444477558136,"test_balanced_accuracy0.25":0.5491525423728814,"_timestamp":1.7507522540466568e+09,"test_balanced_accuracy0.5":0.5576271186440678,"test_accuracy0.25":0.7215189933776855,"val_precision0.25":0.375,"val_balanced_accuracy0.25":0.5520934761441091,"train_auroc":1,"val_precision0.75":0.375,"_step":379,"test_recall0.75":0.15000000596046448,"test_balanced_accuracy0.75":0.5411016949152542,"val_recall0.25":0.23076923191547394,"test_accuracy0.75":0.7341772317886353,"val_recall0.75":0.11538461595773697,"val_accuracy0.75":0.7333333492279053,"val_auroc":0.5185004472732544,"_runtime":3380.817165103,"val_recall0.5":0.19230769574642181,"val_balanced_accuracy0.75":0.5260467380720545,"test_recall0.25":0.20000000298023224,"test_precision0.25":0.4000000059604645,"val_accuracy0.5":0.7142857313156128,"train_loss":0.0025307275354862213,"test_recall0.5":0.20000000298023224,"val_precision0.5":0.3571428656578064,"test_auroc":0.5254237651824951,"test_accuracy0.5":0.7341772317886353,"val_balanced_accuracy0.5":0.5391918208373905}