{"val_precision0.5":0.25757575035095215,"test_recall0.5":0.6000000238418579,"val_recall0.75":0.5925925970077515,"val_recall0.5":0.6296296119689941,"val_balanced_accuracy0.75":0.5462962962962963,"test_balanced_accuracy0.5":0.5583333333333333,"test_recall0.25":0.699999988079071,"val_precision0.25":0.260869562625885,"test_precision0.5":0.2926829159259796,"val_balanced_accuracy0.25":0.5145833333333333,"train_loss":0.018879983574151993,"test_accuracy0.75":0.5625,"val_accuracy0.5":0.44859811663627625,"test_accuracy0.25":0.512499988079071,"test_balanced_accuracy0.75":0.575,"val_accuracy0.25":0.4392523467540741,"val_auroc":0.511805534362793,"test_accuracy0.5":0.5375000238418579,"train_auroc":1,"_wandb":{"runtime":5392},"test_auroc":0.5920833349227905,"val_balanced_accuracy0.5":0.5085648148148149,"_timestamp":1.7538547356463566e+09,"test_recall0.75":0.6000000238418579,"test_balanced_accuracy0.25":0.575,"val_precision0.75":0.2857142984867096,"_step":233,"val_accuracy0.75":0.5233644843101501,"_runtime":5392.179014214,"test_precision0.75":0.3076923191547394,"test_precision0.25":0.2978723347187042,"val_recall0.25":0.6666666865348816}