{"test_balanced_accuracy0.25":0.5083333333333333,"test_precision0.25":0.25925925374031067,"_timestamp":1.7531209273240645e+09,"val_accuracy0.5":0.6355140209197998,"val_precision0.5":0.3333333432674408,"test_balanced_accuracy0.75":0.5166666666666666,"val_precision0.25":0.3414634168148041,"test_balanced_accuracy0.5":0.48333333333333334,"val_balanced_accuracy0.25":0.5905092592592592,"val_recall0.5":0.4444444477558136,"test_accuracy0.75":0.6499999761581421,"test_recall0.75":0.25,"test_recall0.5":0.25,"test_precision0.5":0.22727273404598236,"test_recall0.25":0.3499999940395355,"test_precision0.75":0.2777777910232544,"val_precision0.75":0.29629629850387573,"val_balanced_accuracy0.5":0.5722222222222222,"val_balanced_accuracy0.75":0.5293981481481481,"test_auroc":0.5625,"val_recall0.25":0.5185185074806213,"test_accuracy0.5":0.6000000238418579,"val_accuracy0.75":0.644859790802002,"_step":315,"test_accuracy0.25":0.5874999761581421,"val_recall0.75":0.29629629850387573,"train_loss":0.02202407829463482,"val_accuracy0.25":0.6261682510375977,"_wandb":{"runtime":1049},"_runtime":1049.078759099,"val_auroc":0.5643518567085266,"train_auroc":1}