{"_runtime":349.038132069,"_timestamp":1.7495740389183078e+09,"test_recall":0,"val_loss":1.7438020706176758,"val_accuracy":0.7407407164573669,"_wandb":{"runtime":349},"train_loss":1.6882553100585938,"_step":54,"train_auroc":0.5676017999649048,"val_balanced_accuracy":0.5,"test_precision":0,"test_balanced_accuracy":0.5,"val_recall":0,"val_precision":0,"val_auroc":0.45000001788139343,"test_auroc":0.5273951888084412,"test_accuracy":0.75}