{"test_precision0.25":0.2978723347187042,"val_precision0.5":0.3181818127632141,"test_accuracy0.5":0.6835442781448364,"test_recall0.75":0.05000000074505806,"val_accuracy0.5":0.6761904954910278,"val_balanced_accuracy0.75":0.564508276533593,"test_auroc":0.622881293296814,"test_recall0.25":0.699999988079071,"test_recall0.5":0.30000001192092896,"test_accuracy0.25":0.5063291192054749,"_runtime":3324.942564313,"val_recall0.25":0.5769230723381042,"val_precision0.75":0.5,"val_balanced_accuracy0.25":0.49099318403115866,"val_recall0.75":0.19230769574642181,"test_precision0.75":0.3333333432674408,"val_auroc":0.5647517442703247,"_timestamp":1.750272856264219e+09,"val_accuracy0.25":0.4476190507411957,"val_accuracy0.75":0.7523809671401978,"train_loss":0.4718128442764282,"_step":999,"val_precision0.25":0.24193547666072845,"test_balanced_accuracy0.75":0.5080508474576271,"val_recall0.5":0.26923078298568726,"train_auroc":0.995094895362854,"test_balanced_accuracy0.5":0.5567796610169492,"val_balanced_accuracy0.5":0.5396786757546251,"test_balanced_accuracy0.25":0.5703389830508474,"test_accuracy0.75":0.7341772317886353,"_wandb":{"runtime":3324},"test_precision0.5":0.3529411852359772}