{"test_recall0.75":0,"val_accuracy0.5":0.7452830076217651,"_step":151,"test_recall0.5":0,"val_accuracy0.75":0.7452830076217651,"val_auroc":0.4027191996574402,"test_precision0.25":0.2531645596027374,"train_loss":1.768326997756958,"test_accuracy0.25":0.26249998807907104,"val_recall0.75":0,"test_accuracy0.5":0.75,"val_recall0.5":0,"test_balanced_accuracy0.5":0.5,"val_precision0.5":0,"_runtime":1502.0384311,"val_accuracy0.25":0.2641509473323822,"val_balanced_accuracy0.5":0.5,"test_auroc":0.4391666650772095,"val_balanced_accuracy0.25":0.5063291139240507,"_wandb":{"runtime":1502},"test_recall0.25":1,"val_precision0.25":0.2571428716182709,"test_accuracy0.75":0.75,"test_balanced_accuracy0.25":0.5083333333333333,"val_recall0.25":1,"val_precision0.75":0,"test_precision0.5":0,"train_auroc":0.45707547664642334,"test_balanced_accuracy0.75":0.5,"_timestamp":1.7536363900945518e+09,"val_balanced_accuracy0.75":0.5,"test_precision0.75":0}