{"val_recall0.25":1,"test_recall0.25":1,"test_accuracy0.25":0.25,"train_auroc":0.6177663803100586,"val_accuracy0.25":0.25471699237823486,"val_recall0.75":0,"_timestamp":1.7535203306182013e+09,"train_loss":2.0642473697662354,"val_balanced_accuracy0.25":0.5,"test_precision0.75":0,"val_recall0.5":0.7777777910232544,"val_accuracy0.5":0.4528301954269409,"_runtime":1008.51390371,"val_balanced_accuracy0.75":0.5,"test_accuracy0.75":0.75,"test_recall0.5":0.75,"test_precision0.5":0.2830188572406769,"test_balanced_accuracy0.75":0.5,"val_precision0.75":0,"test_precision0.25":0.25,"test_balanced_accuracy0.25":0.5,"val_auroc":0.5738396644592285,"test_recall0.75":0,"_wandb":{"runtime":1008},"test_balanced_accuracy0.5":0.5583333333333333,"test_accuracy0.5":0.4625000059604645,"test_auroc":0.5916666984558105,"val_balanced_accuracy0.5":0.559774964838256,"val_precision0.5":0.2876712381839752,"_step":284,"val_accuracy0.75":0.7452830076217651,"val_precision0.25":0.25471699237823486}