{"val_recall":0,"_runtime":572.183581454,"val_accuracy":0.625,"_step":49,"test_accuracy":0.6455696225166321,"_timestamp":1.7477000858753226e+09,"train_loss":0.005738871172070503,"val_auroc":0.4166666567325592,"train_auroc":1,"test_recall":0.20000000298023224,"val_loss":0.9951619505882263,"test_precision":0.25,"val_precision":0,"test_auroc":0.4983051121234894,"_wandb":{"runtime":572}}