{"val_balanced_accuracy0.25":0.5,"test_recall0.5":0,"test_balanced_accuracy0.5":0.5,"val_precision0.25":0.6666666865348816,"train_auroc":0.4444444179534912,"val_precision0.5":0,"val_precision0.75":0,"val_auroc":0,"test_recall0.75":0,"val_recall0.5":0,"_wandb":{"runtime":72},"test_recall0.25":1,"val_accuracy0.75":0.3333333432674408,"_runtime":72.0091479,"test_accuracy0.75":0.5,"test_precision0.25":0.5,"test_auroc":0,"val_accuracy0.25":0.6666666865348816,"test_balanced_accuracy0.75":0.5,"val_accuracy0.5":0.3333333432674408,"val_balanced_accuracy0.75":0.5,"test_precision0.75":0,"_timestamp":1.7540866648777246e+09,"_step":30,"test_balanced_accuracy0.25":0.5,"test_precision0.5":0,"test_accuracy0.5":0.5,"val_recall0.25":1,"test_accuracy0.25":0.5,"val_balanced_accuracy0.5":0.5,"train_loss":0.7614477872848511,"val_recall0.75":0}