{"_timestamp":1.751031847888503e+09,"val_balanced_accuracy0.75":0.5778967867575462,"test_recall0.25":0.699999988079071,"test_precision0.25":0.3888888955116272,"val_precision0.25":0.40625,"val_accuracy0.25":0.6952381134033203,"val_accuracy0.5":0.6952381134033203,"val_recall0.25":0.5,"val_precision0.75":0.4000000059604645,"val_auroc":0.6295033693313599,"val_recall0.75":0.3076923191547394,"test_accuracy0.25":0.6455696225166321,"test_balanced_accuracy0.25":0.6635593220338982,"test_precision0.75":0.375,"test_precision0.5":0.42424243688583374,"test_recall0.5":0.699999988079071,"test_balanced_accuracy0.75":0.5978813559322034,"_step":211,"val_balanced_accuracy0.25":0.629746835443038,"val_recall0.5":0.38461539149284363,"val_precision0.5":0.38461539149284363,"val_accuracy0.75":0.7142857313156128,"_runtime":3122.628821808,"train_auroc":1,"train_loss":0.0017613657983019948,"test_balanced_accuracy0.5":0.6889830508474576,"test_accuracy0.5":0.6835442781448364,"_wandb":{"runtime":3122},"test_accuracy0.75":0.6708860993385315,"test_recall0.75":0.44999998807907104,"val_balanced_accuracy0.5":0.5910418695228822,"test_auroc":0.6177965998649597}