{"train_loss":2.0867812633514404,"val_accuracy0.25":0.24761904776096344,"val_accuracy0.75":0.7523809671401978,"test_recall0.25":1,"test_accuracy0.5":0.3544303774833679,"test_balanced_accuracy0.25":0.5,"val_recall0.25":1,"test_recall0.75":0,"test_balanced_accuracy0.75":0.5,"val_accuracy0.5":0.5047619342803955,"val_precision0.25":0.24761904776096344,"val_balanced_accuracy0.5":0.6708860759493671,"val_auroc":0.6703992486000061,"val_recall0.5":1,"test_balanced_accuracy0.5":0.43559322033898307,"test_precision0.25":0.2531645596027374,"test_accuracy0.25":0.2531645596027374,"val_precision0.75":0,"test_precision0.5":0.2181818187236786,"test_recall0.5":0.6000000238418579,"_step":469,"_timestamp":1.750283864804346e+09,"val_balanced_accuracy0.75":0.5,"test_accuracy0.75":0.746835470199585,"test_auroc":0.5059322118759155,"_wandb":{"runtime":1592},"test_precision0.75":0,"val_recall0.75":0,"_runtime":1592.284306055,"val_balanced_accuracy0.25":0.5,"train_auroc":0.574176549911499,"val_precision0.5":0.3333333432674408}