{"val_balanced_accuracy":0.5,"_timestamp":1.7494616486918583e+09,"test_auroc":0.505050539970398,"val_precision":0,"train_auroc":0.6501071453094482,"_runtime":603.447848152,"test_recall":0,"test_precision":0,"test_balanced_accuracy":0.5,"val_loss":0.20018741488456726,"_wandb":{"runtime":603},"test_accuracy":0.75,"val_auroc":0.5928571224212646,"_step":78,"train_loss":0.17493408918380737,"val_accuracy":0.7407407164573669,"val_recall":0}