{"train_mu":-2.7990653350684624e-08,"val_accuracy0.75":0.7547169923782349,"val_auroc":0.5,"test_accuracy0.25":0.25,"val_precision0.25":0.24528302252292633,"test_recall0.75":0,"test_recall0.5":0,"test_accuracy0.5":0.75,"test_precision0.75":0,"train_kld_loss":0.004006191156804562,"_step":102,"train_auroc":0.44683754444122314,"test_balanced_accuracy0.5":0.5,"val_precision0.75":0,"test_precision0.5":0,"test_recall0.25":1,"val_balanced_accuracy0.75":0.5,"val_balanced_accuracy0.5":0.5,"test_accuracy0.75":0.75,"train_logvar":7.203487228935046e-08,"train_surv_loss":1.002234697341919,"val_balanced_accuracy0.25":0.5,"val_accuracy0.5":0.7547169923782349,"val_recall0.5":0,"_runtime":1371.025772989,"test_balanced_accuracy0.75":0.5,"val_accuracy0.25":0.24528302252292633,"test_auroc":0.5,"test_precision0.25":0.25,"train_recon_loss_no_kld":0.9439806342124939,"test_balanced_accuracy0.25":0.5,"train_loss":1.4762282371520996,"val_precision0.5":0,"val_recall0.75":0,"val_recall0.25":1,"_wandb":{"runtime":1371},"_timestamp":1.7549228593133209e+09}