{"test_recall":0,"val_balanced_accuracy":0.5,"val_recall":0,"_step":50,"val_loss":1.800153374671936,"train_auroc":0.5466588735580444,"_wandb":{"runtime":154},"test_accuracy":0.75,"test_precision":0,"test_balanced_accuracy":0.5,"train_loss":1.7713358402252197,"val_auroc":0.29285717010498047,"_timestamp":1.7494900695429993e+09,"_runtime":154.277512789,"val_accuracy":0.7407407164573669,"val_precision":0,"test_auroc":0.6069788932800293}