{"_runtime":194.068706076,"test_auroc":0.49908173084259033,"train_auroc":0.4623027443885803,"test_balanced_accuracy":0.5,"val_balanced_accuracy":0.5,"val_accuracy":0.7407407164573669,"val_auroc":0.4642857313156128,"val_precision":0,"_timestamp":1.749482732036012e+09,"val_loss":1.7308275699615479,"test_precision":0,"val_recall":0,"_step":61,"_wandb":{"runtime":194},"test_accuracy":0.75,"test_recall":0,"train_loss":1.6944836378097534}