{"_timestamp":1.751393399695837e+09,"val_recall0.75":0.23076923191547394,"val_accuracy0.25":0.6000000238418579,"val_balanced_accuracy0.75":0.501460564751704,"val_accuracy0.5":0.6285714507102966,"val_balanced_accuracy0.25":0.4761441090555014,"val_precision0.25":0.2142857164144516,"test_balanced_accuracy0.75":0.3978813559322034,"train_loss":0.06291317194700241,"_wandb":{"runtime":1786},"train_auroc":0.9995454549789429,"val_recall0.25":0.23076923191547394,"test_accuracy0.25":0.5569620132446289,"_step":209,"test_accuracy0.5":0.5569620132446289,"_runtime":1786.371216076,"test_precision0.5":0.05882352963089943,"test_precision0.75":0.0625,"test_precision0.25":0.1428571492433548,"val_auroc":0.44133394956588745,"test_auroc":0.4372881352901459,"val_precision0.75":0.25,"test_recall0.25":0.15000000596046448,"test_recall0.75":0.05000000074505806,"val_accuracy0.75":0.6380952596664429,"val_balanced_accuracy0.5":0.4951314508276534,"test_balanced_accuracy0.25":0.4224576271186441,"test_accuracy0.75":0.5696202516555786,"val_precision0.5":0.23999999463558197,"val_recall0.5":0.23076923191547394,"test_recall0.5":0.05000000074505806,"test_balanced_accuracy0.5":0.38940677966101694}