{"_runtime":1299.387661757,"val_accuracy0.25":0.24761904776096344,"val_accuracy0.75":0.7523809671401978,"test_precision0.75":0,"val_precision0.5":0,"val_recall0.75":0,"test_recall0.5":0,"test_accuracy0.25":0.2531645596027374,"test_balanced_accuracy0.75":0.5,"val_balanced_accuracy0.75":0.5,"test_recall0.75":0,"val_recall0.25":1,"val_precision0.25":0.24761904776096344,"_timestamp":1.7513712675670695e+09,"train_loss":2.0938303470611572,"test_balanced_accuracy0.5":0.5,"val_auroc":0.5,"test_precision0.25":0.2531645596027374,"_step":192,"val_balanced_accuracy0.5":0.5,"val_accuracy0.5":0.7523809671401978,"val_recall0.5":0,"_wandb":{"runtime":1299},"test_balanced_accuracy0.25":0.5,"test_precision0.5":0,"val_precision0.75":0,"test_accuracy0.75":0.746835470199585,"train_auroc":0.524498701095581,"val_balanced_accuracy0.25":0.5,"test_accuracy0.5":0.746835470199585,"test_recall0.25":1,"test_auroc":0.5}