{"test_accuracy0.5":0.6455696225166321,"test_accuracy0.75":0.6455696225166321,"_step":499,"_timestamp":1.7498181790713696e+09,"val_accuracy0.75":0.6571428775787354,"val_accuracy0.5":0.6476190686225891,"val_precision0.5":0.2380952388048172,"test_balanced_accuracy0.75":0.4817796610169492,"test_recall0.75":0.15000000596046448,"val_balanced_accuracy0.75":0.5012171372930867,"val_accuracy0.25":0.6571428775787354,"test_auroc":0.5144068002700806,"val_recall0.25":0.23076923191547394,"train_loss":8.76307694852585e-06,"val_precision0.75":0.25,"_runtime":1995.102380924,"val_balanced_accuracy0.5":0.49488802336903603,"test_recall0.5":0.15000000596046448,"test_recall0.25":0.20000000298023224,"test_accuracy0.25":0.6582278609275818,"test_precision0.75":0.2142857164144516,"test_balanced_accuracy0.25":0.5067796610169492,"val_auroc":0.4595910310745239,"val_balanced_accuracy0.25":0.5141187925998053,"val_recall0.5":0.19230769574642181,"val_precision0.25":0.27272728085517883,"test_precision0.5":0.2142857164144516,"val_recall0.75":0.19230769574642181,"test_balanced_accuracy0.5":0.4817796610169492,"train_auroc":1,"test_precision0.25":0.2666666805744171,"_wandb":{"runtime":1995}}