{"val_recall0.75":0,"test_accuracy0.25":0.3037974536418915,"val_auroc":0.5048685669898987,"test_precision0.5":0.3333333432674408,"test_balanced_accuracy0.25":0.4843220338983051,"test_accuracy0.5":0.6329113841056824,"_runtime":4664.971431199,"test_balanced_accuracy0.75":0.5,"test_precision0.25":0.24637681245803833,"_timestamp":1.750764236686813e+09,"val_precision0.75":0,"_wandb":{"runtime":4664},"test_precision0.75":0,"train_loss":1.7311948537826538,"val_recall0.5":0.23076923191547394,"test_recall0.25":0.8500000238418579,"val_precision0.5":0.1875,"test_recall0.75":0,"val_balanced_accuracy0.25":0.5311587147030186,"test_recall0.5":0.44999998807907104,"val_balanced_accuracy0.75":0.5,"train_auroc":0.7850905656814575,"_step":999,"val_accuracy0.25":0.3333333432674408,"val_balanced_accuracy0.5":0.450827653359299,"val_accuracy0.75":0.7523809671401978,"test_balanced_accuracy0.5":0.5724576271186441,"val_precision0.25":0.260869562625885,"val_recall0.25":0.9230769276618958,"test_accuracy0.75":0.746835470199585,"val_accuracy0.5":0.561904788017273,"test_auroc":0.5525423288345337}