{"test_balanced_accuracy":0.5,"val_precision":0,"test_auroc":0.5565862655639648,"test_accuracy":0.7480915784835815,"val_accuracy":0.7407407164573669,"train_auroc":0.636478066444397,"val_balanced_accuracy":0.5,"test_precision":0,"_step":50,"test_recall":0,"val_auroc":0.6071428060531616,"train_loss":1.6782763004302979,"val_recall":0,"val_loss":1.727597951889038,"_timestamp":1.7495011303037345e+09,"_runtime":199.495421669,"_wandb":{"runtime":199}}