{"_timestamp":1.7538252360139856e+09,"test_recall0.25":0.5,"train_loss":0.0013946155086159706,"val_accuracy0.5":0.5471698045730591,"val_accuracy0.25":0.5094339847564697,"test_precision0.5":0.3214285671710968,"test_balanced_accuracy0.5":0.5666666666666667,"test_accuracy0.5":0.625,"val_balanced_accuracy0.25":0.4543269230769231,"test_balanced_accuracy0.75":0.5666666666666667,"val_recall0.75":0.23076923191547394,"test_balanced_accuracy0.25":0.5666666666666667,"val_auroc":0.42548075318336487,"_step":383,"val_recall0.25":0.3461538553237915,"val_accuracy0.75":0.5754716992378235,"test_accuracy0.75":0.6499999761581421,"test_accuracy0.25":0.6000000238418579,"val_precision0.75":0.19354838132858276,"val_balanced_accuracy0.75":0.4591346153846154,"test_precision0.25":0.3125,"val_recall0.5":0.26923078298568726,"val_precision0.25":0.20454545319080353,"_wandb":{"runtime":1676},"test_recall0.75":0.4000000059604645,"val_balanced_accuracy0.5":0.45336538461538456,"test_recall0.5":0.44999998807907104,"val_precision0.5":0.1944444477558136,"train_auroc":1,"test_auroc":0.5924999713897705,"_runtime":1676.025014388,"test_precision0.75":0.3333333432674408}