{"val_balanced_accuracy0.75":0.47913736521331457,"test_precision0.25":0.4117647111415863,"train_auroc":1,"test_auroc":0.5887500047683716,"_step":242,"test_recall0.25":0.3499999940395355,"val_recall0.25":0.2222222238779068,"_wandb":{"runtime":3064},"test_precision0.75":0.4285714328289032,"val_balanced_accuracy0.5":0.4976558837318331,"val_recall0.75":0.14814814925193787,"test_precision0.5":0.46666666865348816,"test_accuracy0.75":0.7250000238418579,"train_loss":0.00022340139548759907,"val_accuracy0.75":0.6415094137191772,"test_accuracy0.25":0.7124999761581421,"val_precision0.75":0.21052631735801697,"test_recall0.5":0.3499999940395355,"val_accuracy0.5":0.650943398475647,"val_accuracy0.25":0.6320754885673523,"val_recall0.5":0.18518517911434174,"test_balanced_accuracy0.75":0.5833333333333334,"test_accuracy0.5":0.737500011920929,"_runtime":3064.685141284,"val_auroc":0.4470229744911194,"test_balanced_accuracy0.5":0.6083333333333334,"test_recall0.75":0.30000001192092896,"val_precision0.5":0.25,"_timestamp":1.7535685820664744e+09,"val_precision0.25":0.25,"test_balanced_accuracy0.25":0.5916666666666667,"val_balanced_accuracy0.25":0.4971870604781997}