{"val_recall0.5":0,"train_loss":1.6914111375808716,"test_precision0.25":0.2531645596027374,"test_precision0.75":0,"test_balanced_accuracy0.75":0.5,"val_precision0.75":0,"val_recall0.75":0,"test_recall0.75":0,"test_balanced_accuracy0.25":0.5,"test_accuracy0.5":0.746835470199585,"val_precision0.5":0,"val_balanced_accuracy0.25":0.5,"_step":4,"_runtime":37.758447623,"val_accuracy0.75":0.7460317611694336,"_wandb":{"runtime":37},"test_balanced_accuracy0.5":0.5,"val_auroc":0.5691488981246948,"val_balanced_accuracy0.75":0.5,"val_recall0.25":1,"test_auroc":0.5398305058479309,"val_precision0.25":0.2539682686328888,"test_accuracy0.25":0.2531645596027374,"test_accuracy0.75":0.746835470199585,"train_auroc":0.48675721883773804,"_timestamp":1.749737753188375e+09,"test_recall0.5":0,"val_accuracy0.5":0.7460317611694336,"test_precision0.5":0,"test_recall0.25":1,"val_accuracy0.25":0.2539682686328888,"val_balanced_accuracy0.5":0.5}