{"test_recall0.5":0.20000000298023224,"train_loss":2.3249588139151456e-06,"val_balanced_accuracy0.5":0.5077896786757546,"test_accuracy0.5":0.7215189933776855,"test_recall0.25":0.20000000298023224,"val_balanced_accuracy0.25":0.5077896786757546,"val_recall0.25":0.23076923191547394,"test_precision0.5":0.4000000059604645,"test_balanced_accuracy0.25":0.5322033898305085,"val_precision0.75":0.2857142984867096,"test_auroc":0.506779670715332,"val_recall0.75":0.23076923191547394,"val_accuracy0.5":0.6476190686225891,"val_accuracy0.25":0.6476190686225891,"_timestamp":1.7498448855021324e+09,"val_auroc":0.4683544337749481,"test_recall0.75":0.20000000298023224,"val_precision0.5":0.260869562625885,"_wandb":{"runtime":1908},"val_recall0.5":0.23076923191547394,"_runtime":1908.139359123,"test_accuracy0.75":0.7215189933776855,"val_precision0.25":0.260869562625885,"val_balanced_accuracy0.75":0.5204479065238559,"test_precision0.75":0.4000000059604645,"test_balanced_accuracy0.75":0.5491525423728814,"_step":499,"train_auroc":1,"test_balanced_accuracy0.5":0.5491525423728814,"test_precision0.25":0.3333333432674408,"val_accuracy0.75":0.6666666865348816,"test_accuracy0.25":0.6962025165557861}