{"val_balanced_accuracy0.75":0.49488802336903603,"val_recall0.25":0.3461538553237915,"val_accuracy0.25":0.6761904954910278,"test_auroc":0.5838983058929443,"val_accuracy0.75":0.6476190686225891,"val_auroc":0.5671859979629517,"_runtime":1936.029020435,"val_recall0.5":0.26923078298568726,"train_auroc":1,"test_balanced_accuracy0.75":0.5322033898305085,"test_accuracy0.75":0.6962025165557861,"_timestamp":1.7498410422898898e+09,"val_precision0.25":0.3461538553237915,"val_precision0.5":0.30434781312942505,"test_balanced_accuracy0.5":0.548728813559322,"val_recall0.75":0.19230769574642181,"test_recall0.25":0.25,"test_precision0.5":0.3571428656578064,"val_accuracy0.5":0.6666666865348816,"test_recall0.5":0.25,"train_loss":5.64262973057339e-06,"test_accuracy0.5":0.6962025165557861,"val_balanced_accuracy0.25":0.5654819863680622,"test_accuracy0.25":0.6835442781448364,"test_precision0.75":0.3333333432674408,"test_precision0.25":0.3333333432674408,"_wandb":{"runtime":1936},"_step":499,"test_balanced_accuracy0.25":0.5402542372881356,"val_balanced_accuracy0.5":0.5333495618305745,"test_recall0.75":0.20000000298023224,"val_precision0.75":0.2380952388048172}