{"val_precision0.5":0.1666666716337204,"_step":330,"test_recall0.75":0.3499999940395355,"val_accuracy0.75":0.6095238327980042,"test_auroc":0.6322034001350403,"val_accuracy0.5":0.6000000238418579,"val_precision0.25":0.2068965584039688,"val_balanced_accuracy0.5":0.45034079844206426,"test_recall0.5":0.4000000059604645,"val_balanced_accuracy0.75":0.4566699123661149,"train_loss":0.07143105566501617,"train_auroc":0.9991835951805115,"test_accuracy0.5":0.7215189933776855,"test_precision0.25":0.4545454680919647,"val_balanced_accuracy0.25":0.46981499513145086,"val_accuracy0.25":0.5904762148857117,"test_balanced_accuracy0.5":0.6152542372881356,"val_auroc":0.39240509271621704,"val_recall0.5":0.1538461595773697,"test_balanced_accuracy0.75":0.5902542372881356,"test_precision0.75":0.4117647111415863,"val_recall0.25":0.23076923191547394,"val_recall0.75":0.1538461595773697,"test_precision0.5":0.4444444477558136,"_runtime":1221.229933161,"val_precision0.75":0.17391304671764374,"test_recall0.25":0.5,"test_accuracy0.75":0.7088607549667358,"test_accuracy0.25":0.7215189933776855,"_wandb":{"runtime":1221},"test_balanced_accuracy0.25":0.6483050847457628,"_timestamp":1.7502502045960348e+09}