{"val_recall0.5":0.07407407462596893,"test_precision0.75":0.1428571492433548,"val_recall0.75":0.07407407462596893,"val_precision0.5":0.1818181872367859,"test_balanced_accuracy0.25":0.5,"test_precision0.5":0.2222222238779068,"val_balanced_accuracy0.5":0.4800750117205813,"test_accuracy0.25":0.675000011920929,"test_recall0.5":0.10000000149011612,"val_accuracy0.25":0.6320754885673523,"test_accuracy0.5":0.6875,"val_balanced_accuracy0.25":0.4484294421003282,"train_loss":9.619876800570637e-05,"test_auroc":0.5608333349227905,"test_recall0.75":0.05000000074505806,"_step":292,"test_accuracy0.75":0.6875,"val_recall0.25":0.07407407462596893,"val_balanced_accuracy0.75":0.4927332395686826,"test_precision0.25":0.25,"test_recall0.25":0.15000000596046448,"test_balanced_accuracy0.5":0.49166666666666664,"val_accuracy0.5":0.6792452931404114,"val_auroc":0.3820909261703491,"val_precision0.75":0.2222222238779068,"val_accuracy0.75":0.698113203048706,"val_precision0.25":0.125,"train_auroc":1,"_runtime":720.609037675,"_timestamp":1.7534621344177585e+09,"_wandb":{"runtime":720},"test_balanced_accuracy0.75":0.47500000000000003}