{"test_balanced_accuracy0.75":0.49166666666666664,"test_balanced_accuracy0.25":0.4666666666666667,"train_loss":0.002568452153354883,"val_recall0.75":0,"test_precision0.25":0.125,"val_balanced_accuracy0.25":0.5055555555555555,"val_auroc":0.4324073791503906,"_runtime":1120.302265748,"train_auroc":1,"val_precision0.75":0,"val_precision0.5":0.1428571492433548,"_step":281,"val_balanced_accuracy0.5":0.4810185185185185,"test_recall0.5":0.05000000074505806,"val_accuracy0.5":0.7009345889091492,"test_accuracy0.25":0.675000011920929,"val_recall0.25":0.1111111119389534,"test_accuracy0.5":0.737500011920929,"test_auroc":0.46000000834465027,"test_precision0.75":0,"test_recall0.75":0,"test_precision0.5":0.3333333432674408,"_wandb":{"runtime":1120},"val_precision0.25":0.27272728085517883,"test_accuracy0.75":0.737500011920929,"val_balanced_accuracy0.75":0.48125,"val_accuracy0.75":0.7196261882781982,"test_balanced_accuracy0.5":0.5083333333333333,"test_recall0.25":0.05000000074505806,"val_recall0.5":0.03703703731298447,"val_accuracy0.25":0.7009345889091492,"_timestamp":1.7537531855831227e+09}