{"train_auroc":1,"test_auroc":0.5491666793823242,"val_accuracy0.75":0.6792452931404114,"_wandb":{"runtime":2900},"_step":447,"val_accuracy0.5":0.6698113083839417,"test_accuracy0.25":0.699999988079071,"val_auroc":0.450070321559906,"test_precision0.25":0.3333333432674408,"test_balanced_accuracy0.5":0.55,"_runtime":2900.976148483,"test_balanced_accuracy0.25":0.5333333333333333,"val_balanced_accuracy0.5":0.4615564932020628,"test_accuracy0.75":0.7250000238418579,"val_precision0.25":0.0833333358168602,"val_recall0.25":0.03703703731298447,"test_balanced_accuracy0.75":0.5166666666666667,"val_recall0.5":0.03703703731298447,"test_precision0.75":0.3333333432674408,"val_balanced_accuracy0.75":0.4678856071261135,"train_loss":7.48313614167273e-05,"_timestamp":1.7535560192549393e+09,"test_accuracy0.5":0.7250000238418579,"val_recall0.75":0.03703703731298447,"val_precision0.75":0.1111111119389534,"test_recall0.5":0.20000000298023224,"test_recall0.25":0.20000000298023224,"test_recall0.75":0.10000000149011612,"val_accuracy0.25":0.650943398475647,"val_balanced_accuracy0.25":0.4488982653539616,"test_precision0.5":0.4000000059604645,"val_precision0.5":0.10000000149011612}