{"test_auroc":0.5932203531265259,"test_precision0.75":0.290909081697464,"val_auroc":0.4832035303115845,"test_accuracy0.25":0.4303797483444214,"val_precision0.5":0.2063492089509964,"val_precision0.25":0.23188406229019165,"_step":310,"test_balanced_accuracy0.25":0.5690677966101695,"_wandb":{"runtime":1230},"val_recall0.5":0.5,"val_balanced_accuracy0.75":0.3950827653359299,"test_accuracy0.5":0.4303797483444214,"val_precision0.75":0.1803278625011444,"val_accuracy0.25":0.4000000059604645,"test_recall0.5":0.800000011920929,"test_precision0.5":0.28070175647735596,"train_loss":0.008894335478544235,"test_balanced_accuracy0.75":0.5694915254237288,"train_auroc":1,"_runtime":1230.411023002,"val_recall0.25":0.6153846383094788,"test_accuracy0.75":0.4556961953639984,"test_recall0.25":0.8500000238418579,"val_accuracy0.5":0.4000000059604645,"_timestamp":1.7506977314359615e+09,"val_balanced_accuracy0.5":0.43354430379746833,"val_balanced_accuracy0.25":0.47224926971762415,"val_recall0.75":0.42307692766189575,"test_balanced_accuracy0.5":0.552542372881356,"test_recall0.75":0.800000011920929,"val_accuracy0.75":0.380952388048172,"test_precision0.25":0.2881355881690979}