{"test_precision":0,"_timestamp":1.749489757038355e+09,"val_balanced_accuracy":0.5,"train_auroc":0.588240921497345,"test_recall":0,"val_auroc":0.5785714387893677,"_step":51,"test_balanced_accuracy":0.5,"_wandb":{"runtime":148},"test_auroc":0.4223484694957733,"val_accuracy":0.7407407164573669,"val_precision":0,"_runtime":148.616401793,"val_recall":0,"train_loss":1.6888601779937744,"val_loss":1.7257734537124634,"test_accuracy":0.7557252049446106}