{"val_auroc":0.5833333730697632,"test_recall":0.20000000298023224,"_timestamp":1.7474428305288272e+09,"_runtime":945.892481662,"test_precision":0.25,"_wandb":{"runtime":946},"val_loss":0.672234296798706,"train_auroc":0.9858148694038391,"val_accuracy":0.6875,"train_loss":0.024949289858341217,"_step":63,"val_precision":0.375,"test_accuracy":0.6455696225166321,"test_auroc":0.4983051121234894,"val_recall":0.375}