{"test_recall0.5":0.3499999940395355,"_wandb":{"runtime":2005},"train_loss":7.882148929638788e-05,"_timestamp":1.7507297598283317e+09,"val_precision0.25":0.4000000059604645,"test_balanced_accuracy0.25":0.5902542372881356,"test_accuracy0.5":0.7088607549667358,"val_accuracy0.25":0.7047619223594666,"val_balanced_accuracy0.5":0.5907984420642649,"val_accuracy0.75":0.7047619223594666,"val_balanced_accuracy0.25":0.5973709834469328,"test_balanced_accuracy0.5":0.5902542372881356,"val_recall0.25":0.38461539149284363,"_runtime":2005.736032248,"val_auroc":0.6100292205810547,"test_accuracy0.75":0.6962025165557861,"val_precision0.75":0.3684210479259491,"test_precision0.75":0.375,"val_accuracy0.5":0.7142857313156128,"test_recall0.75":0.30000001192092896,"test_precision0.5":0.4117647111415863,"val_recall0.5":0.3461538553237915,"val_recall0.75":0.26923078298568726,"test_precision0.25":0.4117647111415863,"val_precision0.5":0.40909090638160706,"test_recall0.25":0.3499999940395355,"train_auroc":1,"test_balanced_accuracy0.75":0.5652542372881356,"test_auroc":0.6432203054428101,"test_accuracy0.25":0.7088607549667358,"val_balanced_accuracy0.75":0.558666017526777,"_step":212}