{"train_loss":0.8519843816757202,"val_precision0.5":0.31578946113586426,"val_recall0.5":0.23076923191547394,"test_recall0.5":0.20000000298023224,"val_accuracy0.5":0.6857143044471741,"val_recall0.25":0.42307692766189575,"_runtime":3299.429776769,"test_balanced_accuracy0.75":0.5,"_step":999,"val_precision0.75":0.5,"val_recall0.75":0.07692307978868484,"val_accuracy0.25":0.5714285969734192,"test_recall0.25":0.44999998807907104,"val_precision0.25":0.26829269528388977,"val_balanced_accuracy0.25":0.5216650438169426,"test_balanced_accuracy0.25":0.5555084745762712,"test_recall0.75":0,"test_accuracy0.25":0.607594907283783,"test_balanced_accuracy0.5":0.5745762711864407,"test_accuracy0.5":0.7594936490058899,"train_auroc":0.9633260369300842,"val_balanced_accuracy0.5":0.5331061343719572,"test_accuracy0.75":0.746835470199585,"_wandb":{"runtime":3299},"test_auroc":0.6296610236167908,"val_balanced_accuracy0.75":0.5258033106134372,"_timestamp":1.7502768661660793e+09,"val_auroc":0.55525803565979,"test_precision0.5":0.5714285969734192,"test_precision0.75":0,"val_accuracy0.75":0.7523809671401978,"test_precision0.25":0.3103448152542114}