{"test_balanced_accuracy0.25":0.5,"test_accuracy0.25":0.6000000238418579,"test_recall0.25":0.30000001192092896,"train_loss":0.043944086879491806,"val_recall0.5":0.18518517911434174,"test_balanced_accuracy0.75":0.45,"_step":223,"val_auroc":0.5037037134170532,"test_precision0.25":0.25,"test_accuracy0.5":0.6000000238418579,"test_accuracy0.75":0.6499999761581421,"val_precision0.25":0.18518517911434174,"test_auroc":0.5391666293144226,"test_precision0.5":0.1666666716337204,"test_recall0.5":0.15000000596046448,"val_balanced_accuracy0.25":0.4550925925925926,"val_balanced_accuracy0.75":0.5115740740740741,"val_recall0.25":0.18518517911434174,"_timestamp":1.7539040542464092e+09,"test_recall0.75":0.05000000074505806,"_runtime":5379.1557114,"val_precision0.5":0.2380952388048172,"val_balanced_accuracy0.5":0.4925925925925926,"val_recall0.75":0.14814814925193787,"val_accuracy0.5":0.644859790802002,"val_precision0.75":0.2857142984867096,"test_balanced_accuracy0.5":0.45,"train_auroc":0.9999608993530273,"val_accuracy0.25":0.5887850522994995,"test_precision0.75":0.10000000149011612,"_wandb":{"runtime":5379},"val_accuracy0.75":0.6915887594223022}