{"val_precision0.75":0.10000000149011612,"val_balanced_accuracy0.25":0.4639423076923077,"_wandb":{"runtime":2251},"val_auroc":0.4653846323490143,"val_accuracy0.75":0.6792452931404114,"test_auroc":0.5625,"_timestamp":1.7535603984603515e+09,"_step":379,"test_recall0.75":0.10000000149011612,"test_recall0.25":0.20000000298023224,"test_balanced_accuracy0.5":0.5,"test_accuracy0.75":0.7250000238418579,"train_auroc":1,"test_precision0.25":0.3333333432674408,"train_loss":4.206160519970581e-05,"test_balanced_accuracy0.75":0.5166666666666667,"_runtime":2251.588486856,"test_recall0.5":0.10000000149011612,"val_balanced_accuracy0.5":0.4572115384615385,"test_balanced_accuracy0.25":0.5333333333333333,"val_accuracy0.5":0.650943398475647,"val_recall0.75":0.03846153989434242,"test_precision0.5":0.25,"val_recall0.5":0.07692307978868484,"val_balanced_accuracy0.75":0.4629807692307692,"test_precision0.75":0.3333333432674408,"val_recall0.25":0.11538461595773697,"val_precision0.5":0.13333334028720856,"val_accuracy0.25":0.6415094137191772,"test_accuracy0.5":0.699999988079071,"test_accuracy0.25":0.699999988079071,"val_precision0.25":0.1666666716337204}