{"train_loss":2.0953845977783203,"test_accuracy0.25":0.2531645596027374,"val_recall0.75":0,"train_auroc":0.4638729691505432,"test_balanced_accuracy0.75":0.5,"_timestamp":1.7513699687754033e+09,"val_auroc":0.5,"val_recall0.5":1,"val_balanced_accuracy0.75":0.5,"_runtime":1629.946373941,"val_precision0.75":0,"val_recall0.25":1,"val_accuracy0.5":0.24761904776096344,"test_recall0.5":1,"test_accuracy0.5":0.2531645596027374,"val_balanced_accuracy0.5":0.5,"test_precision0.5":0.2531645596027374,"test_precision0.25":0.2531645596027374,"test_balanced_accuracy0.25":0.5,"val_precision0.5":0.24761904776096344,"test_recall0.75":0,"test_balanced_accuracy0.5":0.5,"val_accuracy0.75":0.7523809671401978,"_step":273,"test_precision0.75":0,"_wandb":{"runtime":1629},"val_precision0.25":0.24761904776096344,"val_balanced_accuracy0.25":0.5,"test_recall0.25":1,"val_accuracy0.25":0.24761904776096344,"test_accuracy0.75":0.746835470199585,"test_auroc":0.5}