{"val_recall0.25":1,"test_precision0.5":0.25,"val_balanced_accuracy0.25":0.5,"test_precision0.75":0,"test_accuracy0.25":0.25,"test_balanced_accuracy0.25":0.5,"val_balanced_accuracy0.5":0.5,"val_recall0.75":0,"val_auroc":0.5182692408561707,"test_precision0.25":0.25,"_wandb":{"runtime":4365},"test_accuracy0.5":0.25,"test_balanced_accuracy0.5":0.5,"val_precision0.5":0.24528302252292633,"val_recall0.5":1,"test_recall0.5":1,"train_auroc":0.5225465893745422,"_runtime":4365.534429952,"test_balanced_accuracy0.75":0.5,"val_accuracy0.5":0.24528302252292633,"_timestamp":1.7543131567142658e+09,"test_accuracy0.75":0.75,"val_accuracy0.25":0.24528302252292633,"test_recall0.25":1,"val_precision0.25":0.24528302252292633,"test_auroc":0.534166693687439,"val_accuracy0.75":0.7547169923782349,"val_balanced_accuracy0.75":0.5,"val_precision0.75":0,"_step":532,"test_recall0.75":0,"train_loss":2.1532678604125977}