{"val_auroc":0.7392857074737549,"test_precision":0.2631579041481018,"_step":107,"val_precision":0.5555555820465088,"val_recall":0.7142857313156128,"_timestamp":1.749515330250667e+09,"train_loss":3.235171243431978e-05,"test_recall":0.3125,"_runtime":1078.934831171,"train_auroc":1,"_wandb":{"runtime":1078},"val_loss":12.053301811218262,"val_accuracy":0.7777777910232544,"test_accuracy":0.6183205842971802,"test_auroc":0.5328283309936523,"test_balanced_accuracy":0.5148358585858586,"val_balanced_accuracy":0.7571428571428571}