{"val_auroc":0.48831549286842346,"test_recall0.25":1,"val_precision0.5":0.24761904776096344,"_step":0,"test_balanced_accuracy0.75":0.5,"train_auroc":0.5054046511650085,"test_recall0.5":1,"_runtime":11.492657537,"test_accuracy0.75":0.746835470199585,"test_accuracy0.5":0.2531645596027374,"test_balanced_accuracy0.25":0.5,"test_accuracy0.25":0.2531645596027374,"test_precision0.5":0.2531645596027374,"test_recall0.75":0,"val_recall0.5":1,"val_precision0.25":0.24761904776096344,"_timestamp":1.7501049895317235e+09,"val_precision0.75":0,"val_recall0.25":1,"val_recall0.75":0,"_wandb":{"runtime":11},"test_precision0.75":0,"test_auroc":0.48813557624816895,"val_accuracy0.25":0.24761904776096344,"test_balanced_accuracy0.5":0.5,"test_precision0.25":0.2531645596027374,"val_balanced_accuracy0.25":0.5,"val_accuracy0.75":0.7523809671401978,"val_accuracy0.5":0.24761904776096344,"val_balanced_accuracy0.5":0.5,"val_balanced_accuracy0.75":0.5,"train_loss":2.1111807823181152}