{"train_auroc":1,"val_recall":0.5714285969734192,"val_precision":0.5,"test_balanced_accuracy":0.4932133838383838,"test_accuracy":0.6335877776145935,"test_precision":0.23333333432674408,"train_loss":2.7568760287977057e-06,"_timestamp":1.7495390813667505e+09,"_step":91,"_runtime":520.385647369,"_wandb":{"runtime":520},"test_recall":0.21875,"test_auroc":0.524936854839325,"val_balanced_accuracy":0.6857142857142857,"val_auroc":0.75,"val_loss":11.819652557373047,"val_accuracy":0.7407407164573669}