{"_step":665,"test_recall0.75":0,"val_precision0.5":0.3333333432674408,"val_precision0.25":0.29411765933036804,"val_accuracy0.5":0.7264150977134705,"test_balanced_accuracy0.75":0.4666666666666667,"test_balanced_accuracy0.25":0.48333333333333334,"test_precision0.5":0.125,"test_precision0.25":0.2142857164144516,"val_auroc":0.4937500059604645,"val_recall0.75":0.03846153989434242,"test_accuracy0.75":0.699999988079071,"val_recall0.5":0.11538461595773697,"val_balanced_accuracy0.25":0.5211538461538462,"val_balanced_accuracy0.75":0.4942307692307692,"test_auroc":0.5199999809265137,"train_loss":0.002790017519146204,"test_recall0.5":0.05000000074505806,"test_precision0.75":0,"_runtime":3816.077171782,"train_auroc":1,"test_recall0.25":0.15000000596046448,"test_balanced_accuracy0.5":0.4666666666666667,"val_accuracy0.25":0.6886792182922363,"val_recall0.25":0.19230769574642181,"test_accuracy0.5":0.675000011920929,"val_accuracy0.75":0.7264150977134705,"_timestamp":1.7535004516692047e+09,"val_precision0.75":0.20000000298023224,"val_balanced_accuracy0.5":0.5201923076923077,"test_accuracy0.25":0.6499999761581421,"_wandb":{"runtime":3816}}