{"val_recall":0,"_wandb":{"runtime":619},"val_accuracy":0.7407407164573669,"test_precision":0,"val_precision":0,"val_balanced_accuracy":0.5,"val_loss":1.736706018447876,"val_auroc":0.4714285731315613,"_runtime":619.355548591,"test_accuracy":0.7480915784835815,"train_loss":1.646103024482727,"_step":82,"_timestamp":1.7495834330829754e+09,"test_auroc":0.5423623919487,"train_auroc":0.7101898193359375,"test_balanced_accuracy":0.5,"test_recall":0}