{"test_balanced_accuracy0.25":0.5317796610169492,"val_accuracy0.75":0.7428571581840515,"val_balanced_accuracy0.5":0.4620253164556962,"test_recall0.75":0,"val_recall0.25":0.03846153989434242,"val_auroc":0.39727360010147095,"test_precision0.75":0,"train_auroc":0.99711674451828,"val_recall0.5":0,"test_precision0.5":0.2222222238779068,"train_loss":0.28436243534088135,"test_balanced_accuracy0.5":0.4906779661016949,"test_accuracy0.75":0.6962025165557861,"test_accuracy0.25":0.6708860993385315,"test_precision0.25":0.3125,"val_precision0.25":0.07692307978868484,"val_recall0.75":0,"_timestamp":1.7502530865583813e+09,"test_recall0.25":0.25,"val_precision0.75":0,"test_accuracy0.5":0.6835442781448364,"test_recall0.5":0.10000000149011612,"_runtime":892.489961255,"val_balanced_accuracy0.25":0.4432814021421616,"test_auroc":0.5355932712554932,"val_precision0.5":0,"val_balanced_accuracy0.75":0.4936708860759494,"val_accuracy0.25":0.6476190686225891,"val_accuracy0.5":0.6952381134033203,"test_balanced_accuracy0.75":0.4661016949152542,"_step":248,"_wandb":{"runtime":892}}