{"val_accuracy0.25":0.46666666865348816,"_timestamp":1.7501668691675758e+09,"train_auroc":1,"test_accuracy0.5":0.5063291192054749,"val_recall0.75":0.23076923191547394,"test_precision0.5":0.21212121844291687,"_step":415,"test_recall0.75":0.25,"val_balanced_accuracy0.25":0.46494644595910417,"val_precision0.75":0.23999999463558197,"val_precision0.5":0.2750000059604645,"val_accuracy0.75":0.6285714507102966,"val_recall0.5":0.42307692766189575,"val_recall0.25":0.4615384638309479,"test_recall0.25":0.6000000238418579,"test_precision0.25":0.27272728085517883,"test_accuracy0.25":0.49367088079452515,"_wandb":{"runtime":2425},"val_balanced_accuracy0.5":0.5279941577409932,"test_auroc":0.4779660701751709,"test_recall0.5":0.3499999940395355,"val_accuracy0.5":0.5809524059295654,"test_balanced_accuracy0.25":0.5288135593220339,"train_loss":0.07830220460891724,"test_accuracy0.75":0.594936728477478,"test_precision0.75":0.22727273404598236,"val_balanced_accuracy0.75":0.4951314508276534,"_runtime":2425.452617055,"test_balanced_accuracy0.75":0.4809322033898305,"val_precision0.25":0.2222222238779068,"test_balanced_accuracy0.5":0.4546610169491525,"val_auroc":0.4776046872138977}