{"test_accuracy0.75":0.75,"_wandb":{"runtime":462},"val_recall0.75":0,"test_accuracy0.5":0.75,"val_accuracy0.75":0.7547169923782349,"test_precision0.5":0,"val_balanced_accuracy0.5":0.5,"val_recall0.5":0,"_step":169,"test_balanced_accuracy0.25":0.5333333333333333,"test_precision0.75":0,"val_balanced_accuracy0.25":0.5038461538461538,"train_loss":1.6882201433181763,"val_precision0.75":0,"val_precision0.25":0.24705882370471954,"test_balanced_accuracy0.5":0.5,"val_precision0.5":0,"test_recall0.25":0.75,"_timestamp":1.753479835418861e+09,"test_balanced_accuracy0.75":0.5,"test_recall0.5":0,"val_accuracy0.25":0.349056601524353,"train_auroc":0.5784999132156372,"val_auroc":0.5615384578704834,"test_recall0.75":0,"_runtime":462.610075528,"test_precision0.25":0.2678571343421936,"val_accuracy0.5":0.7547169923782349,"test_auroc":0.5491666793823242,"val_recall0.25":0.807692289352417,"val_balanced_accuracy0.75":0.5,"test_accuracy0.25":0.42500001192092896}