{"test_precision0.25":0.2531645596027374,"test_recall0.5":0.5,"val_accuracy0.5":0.6190476417541504,"val_balanced_accuracy0.25":0.5,"test_recall0.75":0,"test_balanced_accuracy0.5":0.597457627118644,"val_recall0.25":1,"test_auroc":0.6067796349525452,"test_accuracy0.5":0.6455696225166321,"val_precision0.5":0.2666666805744171,"val_auroc":0.580331027507782,"val_balanced_accuracy0.75":0.5,"test_recall0.25":1,"test_precision0.5":0.3571428656578064,"val_precision0.75":0,"_step":251,"val_balanced_accuracy0.5":0.51460564751704,"_runtime":2123.218966147,"val_accuracy0.25":0.24761904776096344,"_wandb":{"runtime":2123},"test_accuracy0.25":0.2531645596027374,"test_balanced_accuracy0.25":0.5,"test_precision0.75":0,"train_loss":2.0696845054626465,"test_balanced_accuracy0.75":0.5,"val_recall0.75":0,"val_precision0.25":0.24761904776096344,"train_auroc":0.7291534543037415,"_timestamp":1.7509557065773678e+09,"val_recall0.5":0.3076923191547394,"test_accuracy0.75":0.746835470199585,"val_accuracy0.75":0.7523809671401978}