{"_step":499,"test_auroc":0.5272108912467957,"val_precision0.5":0.5,"test_precision0.75":0.3333333432674408,"test_recall0.5":0.1818181872367859,"train_auroc":1,"test_recall0.75":0.1515151560306549,"val_recall0.5":0.1428571492433548,"val_recall0.75":0,"val_balanced_accuracy0.75":0.475,"_wandb":{"runtime":1862},"val_auroc":0.4714285731315613,"val_balanced_accuracy0.25":0.5464285714285714,"test_accuracy0.75":0.7099236845970154,"_timestamp":1.7497254961321826e+09,"test_balanced_accuracy0.25":0.5089672232529375,"val_accuracy0.75":0.7037037014961243,"val_recall0.25":0.1428571492433548,"test_precision0.25":0.2666666805744171,"test_accuracy0.25":0.6412213444709778,"test_balanced_accuracy0.75":0.5247371675943104,"test_accuracy0.5":0.6793892979621887,"test_balanced_accuracy0.5":0.514378478664193,"_runtime":1862.913173782,"test_precision0.5":0.2857142984867096,"train_loss":0.0009069648804143071,"test_recall0.25":0.24242424964904785,"val_accuracy0.5":0.7407407164573669,"val_precision0.75":0,"val_accuracy0.25":0.7407407164573669,"val_precision0.25":0.5,"val_balanced_accuracy0.5":0.5464285714285714}