{"val_recall0.5":0.4615384638309479,"val_precision0.5":0.260869562625885,"test_precision0.75":0.3333333432674408,"test_accuracy0.25":0.5249999761581421,"val_accuracy0.25":0.4811320900917053,"test_recall0.75":0.20000000298023224,"test_recall0.25":0.4000000059604645,"test_recall0.5":0.25,"val_auroc":0.576442301273346,"test_precision0.5":0.22727273404598236,"val_balanced_accuracy0.25":0.5394230769230769,"test_precision0.25":0.23529411852359772,"train_auroc":0.9814485311508179,"val_balanced_accuracy0.75":0.5802884615384616,"val_accuracy0.5":0.5471698045730591,"_step":999,"val_precision0.25":0.2698412835597992,"val_recall0.75":0.42307692766189575,"test_auroc":0.5375000238418579,"val_balanced_accuracy0.5":0.5182692307692307,"val_accuracy0.75":0.6603773832321167,"test_accuracy0.75":0.699999988079071,"_runtime":5652.536539422,"_timestamp":1.7539816316455805e+09,"val_recall0.25":0.6538461446762085,"test_balanced_accuracy0.75":0.5333333333333333,"val_precision0.75":0.34375,"_wandb":{"runtime":5652},"test_accuracy0.5":0.6000000238418579,"test_balanced_accuracy0.25":0.48333333333333334,"test_balanced_accuracy0.5":0.48333333333333334,"train_loss":0.5447187423706055}