{"val_accuracy0.25":0.6476190686225891,"val_precision0.75":0.1538461595773697,"_runtime":1747.306217002,"val_precision0.25":0.21052631735801697,"val_accuracy0.5":0.6571428775787354,"test_precision0.75":0.375,"val_balanced_accuracy0.25":0.4819863680623174,"test_accuracy0.75":0.7215189933776855,"val_balanced_accuracy0.75":0.46884128529698155,"val_recall0.75":0.07692307978868484,"val_precision0.5":0.1875,"test_recall0.75":0.15000000596046448,"test_precision0.25":0.375,"_timestamp":1.7498108944228203e+09,"val_recall0.25":0.1538461595773697,"test_recall0.25":0.15000000596046448,"train_auroc":1,"test_precision0.5":0.375,"val_recall0.5":0.11538461595773697,"train_loss":1.7094246231863508e-06,"_wandb":{"runtime":1747},"test_balanced_accuracy0.25":0.5326271186440678,"_step":499,"test_balanced_accuracy0.5":0.5326271186440678,"test_balanced_accuracy0.75":0.5326271186440678,"val_accuracy0.75":0.6666666865348816,"test_recall0.5":0.15000000596046448,"test_accuracy0.5":0.7215189933776855,"test_auroc":0.5203390121459961,"val_auroc":0.4839337468147278,"val_balanced_accuracy0.5":0.4754138266796495,"test_accuracy0.25":0.7215189933776855}