{"val_accuracy0.25":0.523809552192688,"val_balanced_accuracy0.5":0.5,"test_precision0.5":0,"val_accuracy0.5":0.7523809671401978,"val_recall0.25":0.4615384638309479,"train_auroc":0.6438656449317932,"val_auroc":0.5389484167098999,"test_balanced_accuracy0.5":0.5,"_runtime":8801.529326513,"val_recall0.75":0,"val_accuracy0.75":0.7523809671401978,"val_recall0.5":0,"val_precision0.25":0.25,"test_precision0.75":0,"val_balanced_accuracy0.75":0.5,"test_accuracy0.25":0.5316455960273743,"test_auroc":0.5245762467384338,"test_balanced_accuracy0.25":0.5377118644067798,"_wandb":{"runtime":8801},"test_recall0.75":0,"test_precision0.25":0.28205129504203796,"val_precision0.75":0,"test_recall0.5":0,"_timestamp":1.750853352226466e+09,"train_loss":1.6431710720062256,"test_balanced_accuracy0.75":0.5,"test_accuracy0.5":0.746835470199585,"test_accuracy0.75":0.746835470199585,"val_balanced_accuracy0.25":0.502921129503408,"_step":999,"val_precision0.5":0,"test_recall0.25":0.550000011920929}