{"val_balanced_accuracy0.5":0.5902777777777778,"val_recall0.5":0.5555555820465088,"test_balanced_accuracy0.25":0.5,"val_recall0.25":1,"test_auroc":0.5175000429153442,"test_precision0.25":0.25,"_timestamp":1.7531885404250214e+09,"train_auroc":0.6572524309158325,"val_balanced_accuracy0.75":0.5,"val_recall0.75":0,"test_recall0.75":0,"test_recall0.25":1,"_step":292,"_wandb":{"runtime":1712},"test_precision0.75":0,"val_accuracy0.25":0.25233644247055054,"test_accuracy0.25":0.25,"test_accuracy0.75":0.75,"train_loss":1.986976981163025,"test_recall0.5":0.44999998807907104,"val_accuracy0.5":0.6074766516685486,"test_precision0.5":0.3214285671710968,"test_balanced_accuracy0.5":0.5666666666666667,"val_accuracy0.75":0.7476635575294495,"test_balanced_accuracy0.75":0.5,"val_precision0.5":0.3333333432674408,"val_precision0.25":0.25233644247055054,"_runtime":1712.442752369,"val_precision0.75":0,"val_auroc":0.5462962985038757,"val_balanced_accuracy0.25":0.5,"test_accuracy0.5":0.625}