{"test_balanced_accuracy0.75":0.5059322033898305,"val_accuracy0.5":0.6666666865348816,"val_balanced_accuracy0.5":0.610759493670886,"val_recall0.25":0.5384615659713745,"_runtime":4576.561166521,"test_recall0.25":0.5,"test_precision0.25":0.3030303120613098,"val_auroc":0.5944498777389526,"test_precision0.75":0.260869562625885,"_timestamp":1.7510636736739774e+09,"test_auroc":0.5838983058929443,"val_precision0.25":0.3414634168148041,"test_accuracy0.75":0.607594907283783,"train_auroc":1,"test_accuracy0.25":0.5822784900665283,"val_balanced_accuracy0.75":0.5591528724440117,"val_precision0.75":0.3333333432674408,"test_accuracy0.5":0.594936728477478,"val_accuracy0.25":0.6285714507102966,"val_accuracy0.75":0.6666666865348816,"_step":360,"val_precision0.5":0.37142857909202576,"val_balanced_accuracy0.25":0.598344693281402,"val_recall0.75":0.3461538553237915,"test_recall0.75":0.30000001192092896,"train_loss":0.011582331731915474,"_wandb":{"runtime":4576},"test_recall0.5":0.4000000059604645,"test_balanced_accuracy0.25":0.5550847457627119,"test_balanced_accuracy0.5":0.5305084745762711,"test_precision0.5":0.2857142984867096,"val_recall0.5":0.5}