{"test_recall0.25":0.25,"_runtime":819.198191452,"_step":232,"test_precision0.75":0.27272728085517883,"val_accuracy0.75":0.6226415038108826,"val_recall0.75":0.18518517911434174,"test_precision0.5":0.25,"val_balanced_accuracy0.5":0.4908579465541491,"val_precision0.75":0.21739129722118378,"val_auroc":0.552742600440979,"test_balanced_accuracy0.5":0.5,"train_auroc":1,"test_recall0.5":0.15000000596046448,"val_recall0.25":0.25925925374031067,"test_auroc":0.5974999666213989,"test_accuracy0.75":0.6875,"_wandb":{"runtime":819},"val_precision0.5":0.23999999463558197,"test_precision0.25":0.29411765933036804,"val_accuracy0.5":0.6226415038108826,"val_accuracy0.25":0.6132075190544128,"val_precision0.25":0.25,"train_loss":0.0044943466782569885,"test_balanced_accuracy0.25":0.525,"val_recall0.5":0.2222222238779068,"val_balanced_accuracy0.75":0.4786685419596812,"_timestamp":1.753107830231807e+09,"val_balanced_accuracy0.25":0.4967182372245663,"test_recall0.75":0.15000000596046448,"test_accuracy0.5":0.675000011920929,"test_accuracy0.25":0.6625000238418579,"test_balanced_accuracy0.75":0.5083333333333333}