{"test_recall0.25":0.4000000059604645,"val_accuracy0.25":0.6320754885673523,"val_balanced_accuracy0.25":0.47280825128926396,"val_auroc":0.3975621163845062,"val_precision0.75":0.1666666716337204,"test_balanced_accuracy0.25":0.6000000000000001,"test_balanced_accuracy0.5":0.55,"_timestamp":1.7534966625026498e+09,"val_recall0.75":0.07407407462596893,"val_accuracy0.75":0.6698113083839417,"train_auroc":0.9999999403953552,"test_precision0.25":0.4000000059604645,"_step":267,"test_auroc":0.5249999761581421,"test_precision0.75":0.3333333432674408,"test_balanced_accuracy0.75":0.5333333333333333,"test_recall0.5":0.25,"val_precision0.5":0.1538461595773697,"_runtime":800.535151336,"val_precision0.25":0.20000000298023224,"val_recall0.5":0.07407407462596893,"test_accuracy0.25":0.699999988079071,"_wandb":{"runtime":800},"train_loss":0.0001266537292394787,"val_balanced_accuracy0.5":0.4674167838724801,"val_recall0.25":0.14814814925193787,"test_accuracy0.75":0.699999988079071,"test_accuracy0.5":0.699999988079071,"val_balanced_accuracy0.75":0.4737458977965307,"val_accuracy0.5":0.6603773832321167,"test_precision0.5":0.3571428656578064,"test_recall0.75":0.20000000298023224}