{"val_recall0.25":1,"val_balanced_accuracy0.25":0.5,"test_accuracy0.25":0.2531645596027374,"test_precision0.25":0.2531645596027374,"test_accuracy0.75":0.746835470199585,"test_balanced_accuracy0.5":0.5,"val_recall0.5":1,"val_accuracy0.75":0.7523809671401978,"test_recall0.75":0,"_timestamp":1.750869642336136e+09,"test_precision0.5":0.2531645596027374,"test_precision0.75":0,"_wandb":{"runtime":2604},"val_auroc":0.5,"train_loss":2.093712091445923,"train_auroc":0.4971790313720703,"_step":273,"val_balanced_accuracy0.75":0.5,"val_balanced_accuracy0.5":0.5,"test_recall0.5":1,"_runtime":2604.214527181,"test_recall0.25":1,"val_precision0.75":0,"val_recall0.75":0,"val_accuracy0.25":0.24761904776096344,"test_balanced_accuracy0.75":0.5,"test_accuracy0.5":0.2531645596027374,"val_precision0.25":0.24761904776096344,"val_accuracy0.5":0.24761904776096344,"val_precision0.5":0.24761904776096344,"test_auroc":0.5,"test_balanced_accuracy0.25":0.5}