{"val_precision0.75":0,"test_accuracy0.75":0.75,"test_balanced_accuracy0.75":0.5,"test_precision0.5":0.25,"val_accuracy0.25":0.25471699237823486,"val_accuracy0.5":0.25471699237823486,"val_recall0.25":1,"val_recall0.75":0,"test_auroc":0.5016666650772095,"test_recall0.5":1,"val_balanced_accuracy0.75":0.5,"test_accuracy0.25":0.25,"val_balanced_accuracy0.5":0.5,"_wandb":{"runtime":2202},"val_auroc":0.5731364488601685,"_timestamp":1.7535329950324638e+09,"train_loss":2.0803160667419434,"test_recall0.25":1,"test_accuracy0.5":0.25,"test_balanced_accuracy0.25":0.5,"test_recall0.75":0,"val_precision0.5":0.25471699237823486,"val_accuracy0.75":0.7452830076217651,"val_precision0.25":0.25471699237823486,"val_balanced_accuracy0.25":0.5,"test_balanced_accuracy0.5":0.5,"val_recall0.5":1,"train_auroc":0.44895079731941223,"_runtime":2202.880286779,"_step":353,"test_precision0.25":0.25,"test_precision0.75":0}