{"test_recall0.25":1,"test_accuracy0.75":0.75,"train_loss":1.7328011989593506,"val_balanced_accuracy0.25":0.5,"test_precision0.75":0,"val_recall0.25":1,"_timestamp":1.7534852502088842e+09,"_step":214,"_runtime":612.453214336,"test_precision0.5":0,"val_accuracy0.5":0.7452830076217651,"val_accuracy0.25":0.25471699237823486,"val_precision0.25":0.25471699237823486,"test_precision0.25":0.25,"test_balanced_accuracy0.75":0.5,"test_recall0.5":0,"val_precision0.75":0,"val_accuracy0.75":0.7452830076217651,"_wandb":{"runtime":612},"train_auroc":0.5658018589019775,"test_auroc":0.5649999976158142,"val_precision0.5":0,"test_balanced_accuracy0.25":0.5,"test_accuracy0.5":0.75,"test_balanced_accuracy0.5":0.5,"val_balanced_accuracy0.5":0.5,"val_balanced_accuracy0.75":0.5,"val_recall0.75":0,"test_recall0.75":0,"val_auroc":0.5930614471435547,"test_accuracy0.25":0.25,"val_recall0.5":0}