{"val_balanced_accuracy0.5":0.5050925925925925,"val_recall0.25":0.18518517911434174,"val_accuracy0.25":0.663551390171051,"_timestamp":1.7534546713539395e+09,"val_recall0.5":0.18518517911434174,"test_precision0.5":0.3333333432674408,"_step":335,"test_balanced_accuracy0.75":0.5416666666666666,"test_precision0.25":0.3571428656578064,"val_accuracy0.5":0.663551390171051,"val_auroc":0.40925925970077515,"test_accuracy0.75":0.7124999761581421,"val_recall0.75":0.18518517911434174,"test_accuracy0.25":0.699999988079071,"val_balanced_accuracy0.25":0.5050925925925925,"val_balanced_accuracy0.75":0.5300925925925926,"test_recall0.25":0.25,"val_accuracy0.75":0.7009345889091492,"train_loss":8.724181498109829e-06,"test_accuracy0.5":0.699999988079071,"_wandb":{"runtime":781},"val_precision0.25":0.2631579041481018,"val_precision0.75":0.3333333432674408,"test_auroc":0.5041666626930237,"test_precision0.75":0.3636363744735718,"train_auroc":1,"test_recall0.5":0.20000000298023224,"test_balanced_accuracy0.5":0.5333333333333333,"val_precision0.5":0.2631579041481018,"_runtime":781.483334128,"test_balanced_accuracy0.25":0.55,"test_recall0.75":0.20000000298023224}