{"test_precision":0,"val_loss":0.3806740641593933,"_wandb":{"runtime":497},"val_accuracy":0.75,"train_loss":0.3514743745326996,"test_accuracy":0.746835470199585,"_timestamp":1.747444349188091e+09,"_step":35,"val_recall":0,"test_recall":0,"val_auroc":0.5,"test_auroc":0.5,"train_auroc":0.5,"val_precision":0,"_runtime":497.033289489}