{"train_loss":1.6455169916152954,"test_balanced_accuracy0.5":0.5,"test_precision0.5":0,"test_accuracy0.75":0.746835470199585,"test_precision0.75":0,"_wandb":{"runtime":435},"test_balanced_accuracy0.75":0.5,"test_recall0.75":0,"_runtime":435.595880649,"val_recall0.75":0,"val_accuracy0.25":0.4761904776096344,"test_auroc":0.496610164642334,"test_precision0.25":0.2448979616165161,"val_precision0.75":0,"val_auroc":0.489776074886322,"val_balanced_accuracy0.75":0.5,"val_precision0.25":0.2698412835597992,"test_accuracy0.25":0.4303797483444214,"_step":166,"val_recall0.5":0,"test_accuracy0.5":0.746835470199585,"val_recall0.25":0.6538461446762085,"val_accuracy0.75":0.7523809671401978,"train_auroc":0.6594449877738953,"_timestamp":1.7502560148908494e+09,"val_balanced_accuracy0.25":0.5357838364167478,"val_accuracy0.5":0.7523809671401978,"val_precision0.5":0,"test_balanced_accuracy0.25":0.4864406779661017,"test_recall0.25":0.6000000238418579,"val_balanced_accuracy0.5":0.5,"test_recall0.5":0}