{"val_balanced_accuracy0.75":0.5,"_runtime":1715.017804128,"val_auroc":0.6571428775787354,"test_auroc":0.4595959186553955,"test_accuracy0.25":0.4885496199131012,"val_accuracy0.25":0.6296296119689941,"test_balanced_accuracy0.5":0.5004734848484849,"_wandb":{"runtime":1715},"test_balanced_accuracy0.75":0.5,"_timestamp":1.7497288971627328e+09,"val_balanced_accuracy0.25":0.6571428571428571,"train_auroc":0.9322034120559692,"val_balanced_accuracy0.5":0.5464285714285714,"val_recall0.5":0.1428571492433548,"val_precision0.75":0,"train_loss":1.172029972076416,"test_precision0.75":0,"val_recall0.75":0,"test_recall0.75":0,"val_precision0.5":0.5,"test_accuracy0.5":0.7404580116271973,"test_balanced_accuracy0.25":0.45012626262626265,"val_recall0.25":0.7142857313156128,"_step":499,"val_accuracy0.75":0.7407407164573669,"test_recall0.25":0.375,"val_accuracy0.5":0.7407407164573669,"test_recall0.5":0.03125,"val_precision0.25":0.38461539149284363,"test_accuracy0.75":0.7557252049446106,"test_precision0.5":0.25,"test_precision0.25":0.20338982343673706}