{"_step":278,"val_auroc":0.5046296119689941,"test_precision0.5":0.375,"val_balanced_accuracy0.75":0.46851851851851856,"test_recall0.5":0.15000000596046448,"val_precision0.75":0.1111111119389534,"test_precision0.25":0.3333333432674408,"test_accuracy0.75":0.7250000238418579,"val_precision0.5":0.1111111119389534,"_wandb":{"runtime":700},"train_loss":7.865806401241571e-05,"test_precision0.75":0.3333333432674408,"val_balanced_accuracy0.5":0.46851851851851856,"train_auroc":1,"test_recall0.75":0.10000000149011612,"_timestamp":1.7534607803733556e+09,"test_accuracy0.25":0.7124999761581421,"test_accuracy0.5":0.7250000238418579,"val_accuracy0.75":0.6822429895401001,"val_recall0.5":0.03703703731298447,"_runtime":700.427280389,"val_recall0.75":0.03703703731298447,"val_recall0.25":0.07407407462596893,"val_accuracy0.5":0.6822429895401001,"test_balanced_accuracy0.25":0.525,"val_accuracy0.25":0.6261682510375977,"val_balanced_accuracy0.25":0.44328703703703703,"val_precision0.25":0.11764705926179886,"test_auroc":0.5008333325386047,"test_balanced_accuracy0.75":0.5166666666666667,"test_balanced_accuracy0.5":0.5333333333333333,"test_recall0.25":0.15000000596046448}