{"val_accuracy0.75":0.7523809671401978,"test_balanced_accuracy0.75":0.5,"val_precision0.25":0.2631579041481018,"_wandb":{"runtime":987},"val_balanced_accuracy0.25":0.5075462512171374,"val_precision0.5":0,"_runtime":987.533605424,"train_loss":1.6922993659973145,"test_accuracy0.5":0.746835470199585,"test_accuracy0.75":0.746835470199585,"test_precision0.75":0,"train_auroc":0.5009737014770508,"val_accuracy0.25":0.6666666865348816,"val_balanced_accuracy0.75":0.5,"test_auroc":0.5338983535766602,"val_recall0.5":0,"test_recall0.5":0,"val_accuracy0.5":0.7523809671401978,"test_balanced_accuracy0.25":0.4817796610169492,"val_balanced_accuracy0.5":0.5,"val_precision0.75":0,"val_recall0.25":0.19230769574642181,"test_precision0.25":0.2142857164144516,"test_recall0.25":0.15000000596046448,"_step":164,"test_precision0.5":0,"test_accuracy0.25":0.6455696225166321,"_timestamp":1.750156022600612e+09,"test_recall0.75":0,"val_auroc":0.5253164172172546,"test_balanced_accuracy0.5":0.5,"val_recall0.75":0}