{"test_recall0.25":0.6000000238418579,"_wandb":{"runtime":7093},"test_recall0.75":0,"train_loss":1.2107720375061035,"test_auroc":0.5633333325386047,"val_auroc":0.5907407402992249,"test_accuracy0.75":0.737500011920929,"val_balanced_accuracy0.5":0.5118055555555555,"test_accuracy0.5":0.6875,"val_recall0.5":0.1111111119389534,"val_recall0.75":0,"val_precision0.75":0,"test_precision0.25":0.30000001192092896,"test_balanced_accuracy0.25":0.5666666666666667,"val_balanced_accuracy0.75":0.5,"test_accuracy0.25":0.550000011920929,"test_balanced_accuracy0.5":0.5416666666666667,"train_auroc":0.8943474888801575,"test_precision0.75":0,"test_balanced_accuracy0.75":0.49166666666666664,"_step":999,"val_balanced_accuracy0.25":0.5710648148148147,"val_accuracy0.75":0.7476635575294495,"val_recall0.25":0.6296296119689941,"val_precision0.5":0.30000001192092896,"val_accuracy0.25":0.5420560836791992,"_runtime":7093.137605744,"test_recall0.5":0.25,"val_accuracy0.5":0.7102803587913513,"_timestamp":1.7540028633058186e+09,"val_precision0.25":0.3035714328289032,"test_precision0.5":0.3333333432674408}