{"val_accuracy0.25":0.24761904776096344,"val_accuracy0.5":0.5047619342803955,"train_auroc":0.6295958757400513,"val_recall0.25":1,"test_accuracy0.5":0.5443037748336792,"_wandb":{"runtime":614},"test_precision0.5":0.30000001192092896,"test_balanced_accuracy0.5":0.5627118644067797,"_step":205,"val_precision0.25":0.24761904776096344,"test_precision0.25":0.25641027092933655,"val_auroc":0.5223953127861023,"val_precision0.75":0,"val_recall0.75":0,"_timestamp":1.7501449789644587e+09,"_runtime":614.718297013,"test_balanced_accuracy0.25":0.5084745762711864,"test_balanced_accuracy0.75":0.5,"train_loss":2.0074338912963867,"val_balanced_accuracy0.75":0.5,"test_accuracy0.25":0.26582279801368713,"test_recall0.5":0.6000000238418579,"test_precision0.75":0,"val_balanced_accuracy0.25":0.5,"test_auroc":0.5372881293296814,"val_accuracy0.75":0.7523809671401978,"val_precision0.5":0.23999999463558197,"test_recall0.75":0,"val_balanced_accuracy0.5":0.4902629016553067,"val_recall0.5":0.4615384638309479,"test_accuracy0.75":0.746835470199585,"test_recall0.25":1}