{"train_loss":2.0912985801696777,"val_balanced_accuracy0.5":0.5063291139240507,"val_auroc":0.507789671421051,"test_recall0.75":0,"train_auroc":0.5062864422798157,"test_precision0.75":0,"test_accuracy0.75":0.746835470199585,"test_accuracy0.5":0.26582279801368713,"_step":269,"val_accuracy0.5":0.2571428716182709,"val_precision0.25":0.24761904776096344,"test_balanced_accuracy0.75":0.5,"val_balanced_accuracy0.25":0.5,"val_precision0.5":0.25,"test_accuracy0.25":0.2531645596027374,"test_balanced_accuracy0.25":0.5,"val_accuracy0.75":0.7523809671401978,"val_accuracy0.25":0.24761904776096344,"val_precision0.75":0,"_timestamp":1.7501658113595085e+09,"test_auroc":0.511864423751831,"test_recall0.5":1,"val_balanced_accuracy0.75":0.5,"test_precision0.25":0.2531645596027374,"_wandb":{"runtime":934},"test_recall0.25":1,"val_recall0.25":1,"test_balanced_accuracy0.5":0.5084745762711864,"test_precision0.5":0.25641027092933655,"val_recall0.5":1,"val_recall0.75":0,"_runtime":934.820771596}