{"test_balanced_accuracy0.25":0.5241525423728813,"_timestamp":1.750498538258034e+09,"test_auroc":0.5720338821411133,"test_balanced_accuracy0.5":0.5495762711864407,"test_balanced_accuracy0.75":0.4915254237288136,"val_precision0.25":0.4166666567325592,"val_accuracy0.5":0.7142857313156128,"test_precision0.75":0,"test_recall0.75":0,"val_recall0.25":0.19230769574642181,"test_recall0.25":0.15000000596046448,"test_accuracy0.5":0.746835470199585,"val_precision0.75":0.3333333432674408,"_step":390,"val_balanced_accuracy0.75":0.5131450827653359,"test_precision0.5":0.5,"val_balanced_accuracy0.5":0.5133885102239533,"test_accuracy0.75":0.7341772317886353,"test_precision0.25":0.3333333432674408,"_wandb":{"runtime":1127},"val_recall0.5":0.11538461595773697,"val_accuracy0.25":0.7333333492279053,"val_precision0.5":0.30000001192092896,"_runtime":1127.44178078,"val_balanced_accuracy0.25":0.5518500486854917,"val_recall0.75":0.07692307978868484,"train_auroc":0.999634861946106,"val_auroc":0.4255112111568451,"val_accuracy0.75":0.7333333492279053,"test_accuracy0.25":0.7088607549667358,"test_recall0.5":0.15000000596046448,"train_loss":0.042219266295433044}