{"val_recall0.75":0,"test_balanced_accuracy0.75":0.5,"test_balanced_accuracy0.25":0.5,"val_accuracy0.75":0.7523809671401978,"test_precision0.5":0.1818181872367859,"val_balanced_accuracy0.75":0.5,"test_accuracy0.25":0.2531645596027374,"test_balanced_accuracy0.5":0.473728813559322,"_runtime":18.042104455,"val_recall0.5":0.11538461595773697,"val_balanced_accuracy0.5":0.5070593962999026,"test_accuracy0.75":0.746835470199585,"train_loss":2.891068458557129,"val_accuracy0.25":0.24761904776096344,"test_recall0.5":0.10000000149011612,"val_precision0.25":0.24761904776096344,"_timestamp":1.7501050227853096e+09,"test_auroc":0.5432203412055969,"val_recall0.25":1,"val_precision0.5":0.27272728085517883,"test_recall0.25":1,"test_accuracy0.5":0.6582278609275818,"val_precision0.75":0,"test_precision0.75":0,"val_accuracy0.5":0.7047619223594666,"train_auroc":0.5379071235656738,"val_auroc":0.4556961953639984,"val_balanced_accuracy0.25":0.5,"test_precision0.25":0.2531645596027374,"_wandb":{"runtime":18},"test_recall0.75":0,"_step":0}