{"val_recall0.5":0.26923078298568726,"test_balanced_accuracy0.25":0.5224576271186441,"test_recall0.25":0.3499999940395355,"test_recall0.5":0.20000000298023224,"test_accuracy0.5":0.6329113841056824,"val_recall0.75":0.07692307978868484,"test_accuracy0.75":0.7088607549667358,"val_balanced_accuracy0.5":0.5523369036027264,"val_accuracy0.5":0.6952381134033203,"val_auroc":0.49756574630737305,"test_precision0.75":0.2857142984867096,"_timestamp":1.750266578838358e+09,"_step":857,"test_precision0.5":0.23529411852359772,"val_precision0.75":0.25,"val_accuracy0.75":0.7142857313156128,"train_loss":0.12706258893013,"test_accuracy0.25":0.607594907283783,"val_precision0.5":0.3499999940395355,"_wandb":{"runtime":2870},"_runtime":2870.692634382,"test_precision0.25":0.2800000011920929,"val_precision0.25":0.3478260934352875,"val_balanced_accuracy0.25":0.5589094449853944,"train_auroc":0.9995444416999817,"val_accuracy0.25":0.6857143044471741,"val_recall0.25":0.3076923191547394,"test_auroc":0.5796610116958618,"val_balanced_accuracy0.75":0.5004868549172347,"test_recall0.75":0.10000000149011612,"test_balanced_accuracy0.5":0.4898305084745763,"test_balanced_accuracy0.75":0.5076271186440678}