{"val_accuracy0.25":0.24761904776096344,"val_accuracy0.5":0.6666666865348816,"val_recall0.5":0.38461539149284363,"test_auroc":0.4991525411605835,"test_balanced_accuracy0.25":0.5,"test_accuracy0.25":0.2531645596027374,"test_accuracy0.75":0.746835470199585,"val_balanced_accuracy0.25":0.5,"val_auroc":0.5766797065734863,"test_recall0.25":1,"val_recall0.25":1,"val_precision0.5":0.3448275923728943,"test_balanced_accuracy0.75":0.5,"_wandb":{"runtime":1440},"test_recall0.5":0.44999998807907104,"val_precision0.25":0.24761904776096344,"test_balanced_accuracy0.5":0.589406779661017,"test_precision0.75":0,"train_auroc":0.6175692677497864,"_timestamp":1.751533242829061e+09,"test_accuracy0.5":0.6582278609275818,"_step":219,"val_precision0.75":0,"val_accuracy0.75":0.7523809671401978,"test_recall0.75":0,"val_balanced_accuracy0.5":0.5720545277507303,"val_recall0.75":0,"train_loss":2.049750804901123,"_runtime":1440.336195048,"val_balanced_accuracy0.75":0.5,"test_precision0.25":0.2531645596027374,"test_precision0.5":0.36000001430511475}