{"test_accuracy0.25":0.7215189933776855,"_runtime":2594.653315967,"val_auroc":0.5002434253692627,"test_recall0.75":0.05000000074505806,"test_precision0.5":0.3333333432674408,"val_accuracy0.75":0.6952381134033203,"val_balanced_accuracy0.5":0.46884128529698155,"_wandb":{"runtime":2594},"test_auroc":0.5677965879440308,"val_recall0.75":0,"val_precision0.5":0.1538461595773697,"test_accuracy0.75":0.746835470199585,"val_balanced_accuracy0.25":0.49488802336903603,"_step":999,"test_accuracy0.5":0.7341772317886353,"val_precision0.25":0.2380952388048172,"test_balanced_accuracy0.5":0.5080508474576271,"test_balanced_accuracy0.25":0.5326271186440678,"test_balanced_accuracy0.75":0.5165254237288136,"test_recall0.5":0.05000000074505806,"val_recall0.5":0.07692307978868484,"train_auroc":1,"val_balanced_accuracy0.75":0.4620253164556962,"test_precision0.75":0.5,"test_recall0.25":0.15000000596046448,"_timestamp":1.7505120644447935e+09,"train_loss":0.07135427743196487,"test_precision0.25":0.375,"val_precision0.75":0,"val_recall0.25":0.19230769574642181,"val_accuracy0.25":0.6476190686225891,"val_accuracy0.5":0.6666666865348816}