{"test_auroc":0.5813234448432922,"val_loss":1.7965748310089111,"test_precision":0,"_step":82,"val_precision":0,"_wandb":{"runtime":526},"test_recall":0,"val_recall":0,"test_accuracy":0.7480915784835815,"val_balanced_accuracy":0.5,"_runtime":526.511998162,"train_loss":1.7743501663208008,"val_accuracy":0.7407407164573669,"_timestamp":1.7495907360903811e+09,"train_auroc":0.5277024507522583,"test_balanced_accuracy":0.5,"val_auroc":0.514285683631897}