{"test_precision0.5":0.29729729890823364,"test_accuracy0.75":0.5569620132446289,"_wandb":{"runtime":1174},"val_accuracy0.75":0.5428571701049805,"val_recall0.5":0.26923078298568726,"val_accuracy0.5":0.523809552192688,"val_precision0.5":0.18421052396297455,"val_recall0.75":0.26923078298568726,"test_auroc":0.5559322237968445,"test_balanced_accuracy0.75":0.538135593220339,"val_precision0.25":0.20000000298023224,"test_precision0.75":0.2857142984867096,"test_recall0.75":0.5,"test_precision0.25":0.2857142984867096,"test_accuracy0.25":0.5189873576164246,"val_recall0.25":0.3076923191547394,"val_accuracy0.25":0.523809552192688,"test_balanced_accuracy0.25":0.5457627118644068,"val_balanced_accuracy0.25":0.4513145082765336,"val_auroc":0.43524831533432007,"test_balanced_accuracy0.5":0.5546610169491526,"test_recall0.5":0.550000011920929,"val_balanced_accuracy0.5":0.438412852969815,"val_precision0.75":0.1944444477558136,"test_accuracy0.5":0.5569620132446289,"val_balanced_accuracy0.75":0.45107108081791625,"_step":268,"test_recall0.25":0.6000000238418579,"_timestamp":1.75069650000381e+09,"train_auroc":1,"train_loss":0.0019295309903100133,"_runtime":1174.400728044}