{"train_auroc":1,"_step":115,"test_precision":0.0833333358168602,"val_loss":4.436944484710693,"val_auroc":0.5642857551574707,"val_precision":0.5,"_timestamp":1.7494972068047116e+09,"_wandb":{"runtime":425},"test_balanced_accuracy":0.4590290661719233,"val_accuracy":0.7407407164573669,"_runtime":425.554803574,"val_recall":0.1428571492433548,"test_auroc":0.46907854080200195,"train_loss":0.0006497309659607708,"test_accuracy":0.6717557311058044,"test_recall":0.03030303120613098,"val_balanced_accuracy":0.5464285714285714}