{"test_precision0.75":0.3333333432674408,"_step":366,"test_precision0.5":0.5,"val_balanced_accuracy0.75":0.49976851851851856,"val_precision0.75":0.25,"_timestamp":1.7534883008097014e+09,"test_recall0.75":0.05000000074505806,"test_precision0.25":0.3333333432674408,"val_recall0.75":0.03703703731298447,"test_balanced_accuracy0.75":0.5083333333333333,"train_loss":9.500462329015136e-05,"test_recall0.5":0.10000000149011612,"val_recall0.5":0.03703703731298447,"train_auroc":1,"val_accuracy0.5":0.7289719581604004,"val_accuracy0.75":0.7289719581604004,"val_precision0.5":0.25,"test_accuracy0.25":0.7250000238418579,"val_auroc":0.5037037134170532,"val_balanced_accuracy0.5":0.49976851851851856,"test_accuracy0.5":0.75,"val_balanced_accuracy0.25":0.49351851851851847,"test_balanced_accuracy0.25":0.5166666666666667,"test_auroc":0.5024999976158142,"val_accuracy0.25":0.7196261882781982,"test_accuracy0.75":0.737500011920929,"val_precision0.25":0.20000000298023224,"val_recall0.25":0.03703703731298447,"test_balanced_accuracy0.5":0.5333333333333333,"_wandb":{"runtime":2214},"_runtime":2214.679880812,"test_recall0.25":0.10000000149011612}