{"val_precision":0,"val_recall":0,"_runtime":554.508383026,"val_loss":0.3869960606098175,"train_loss":0.38234177231788635,"test_auroc":0.5,"test_recall":0,"test_accuracy":0.746835470199585,"val_auroc":0.5,"train_auroc":0.5,"_timestamp":1.747698969593023e+09,"_step":35,"_wandb":{"runtime":556},"test_precision":0,"val_accuracy":0.75}