{"test_recall0.75":0.05000000074505806,"train_loss":0.0011054457863792777,"_runtime":2140.721983192,"val_accuracy0.5":0.7333333492279053,"val_accuracy0.25":0.7047619223594666,"val_balanced_accuracy0.75":0.5326192794547224,"val_accuracy0.75":0.723809540271759,"val_precision0.75":0.3636363744735718,"val_precision0.25":0.3684210479259491,"test_balanced_accuracy0.25":0.4313559322033898,"test_precision0.75":0.20000000298023224,"val_precision0.5":0.4285714328289032,"_wandb":{"runtime":2140},"train_auroc":1,"test_precision0.25":0.125,"test_recall0.25":0.10000000149011612,"test_accuracy0.5":0.6582278609275818,"test_accuracy0.25":0.594936728477478,"test_auroc":0.4601694345474243,"_timestamp":1.7498966666270595e+09,"val_balanced_accuracy0.25":0.558666017526777,"val_recall0.75":0.1538461595773697,"val_auroc":0.527263879776001,"_step":499,"test_balanced_accuracy0.75":0.49110169491525424,"val_recall0.25":0.26923078298568726,"test_recall0.5":0.05000000074505806,"test_precision0.5":0.1111111119389534,"val_recall0.5":0.23076923191547394,"val_balanced_accuracy0.5":0.5647517039922103,"test_balanced_accuracy0.5":0.4572033898305085,"test_accuracy0.75":0.7088607549667358}