{"test_accuracy0.25":0.550000011920929,"val_precision0.5":0.290909081697464,"test_precision0.5":0.2777777910232544,"test_auroc":0.5616666674613953,"val_recall0.75":0.5384615659713745,"_step":388,"val_precision0.75":0.2916666567325592,"test_recall0.25":0.550000011920929,"test_precision0.75":0.3103448152542114,"test_balanced_accuracy0.5":0.5333333333333333,"val_balanced_accuracy0.75":0.5567307692307693,"val_accuracy0.25":0.43396225571632385,"_timestamp":1.7538466635220137e+09,"test_accuracy0.5":0.550000011920929,"train_loss":0.0078720822930336,"test_recall0.5":0.5,"test_precision0.25":0.28947368264198303,"val_recall0.25":0.6153846383094788,"test_accuracy0.75":0.612500011920929,"val_recall0.5":0.6153846383094788,"test_recall0.75":0.44999998807907104,"val_accuracy0.75":0.5660377144813538,"val_accuracy0.5":0.5377358198165894,"train_auroc":1,"val_precision0.25":0.24242424964904785,"_wandb":{"runtime":1675},"val_auroc":0.5298076868057251,"_runtime":1675.170051275,"val_balanced_accuracy0.25":0.4951923076923077,"test_balanced_accuracy0.25":0.55,"test_balanced_accuracy0.75":0.5583333333333333,"val_balanced_accuracy0.5":0.5639423076923077}