{"test_accuracy0.5":0.6835442781448364,"val_recall0.25":0.19230769574642181,"test_accuracy0.25":0.6835442781448364,"test_precision0.75":0.3571428656578064,"val_accuracy0.25":0.561904788017273,"val_accuracy0.5":0.5714285969734192,"_wandb":{"runtime":862},"test_recall0.5":0.25,"val_precision0.25":0.1666666716337204,"val_balanced_accuracy0.25":0.4379259980525803,"val_precision0.75":0.1599999964237213,"_step":247,"val_recall0.5":0.1538461595773697,"val_precision0.5":0.14814814925193787,"val_auroc":0.39678674936294556,"test_balanced_accuracy0.5":0.5402542372881356,"test_balanced_accuracy0.75":0.548728813559322,"test_auroc":0.5572034120559692,"test_accuracy0.75":0.6962025165557861,"test_balanced_accuracy0.25":0.5733050847457627,"train_auroc":0.9989091157913208,"train_loss":0.07840297371149063,"val_balanced_accuracy0.75":0.44401168451801365,"test_recall0.25":0.3499999940395355,"val_balanced_accuracy0.5":0.43135345666991237,"test_precision0.5":0.3333333432674408,"_timestamp":1.7502469882324343e+09,"_runtime":862.923446811,"val_accuracy0.75":0.5904762148857117,"val_recall0.75":0.1538461595773697,"test_recall0.75":0.25,"test_precision0.25":0.3684210479259491}