{"_timestamp":1.7477030421684792e+09,"test_precision":0,"test_accuracy":0.746835470199585,"_wandb":{"runtime":749},"val_precision":0,"_runtime":747.164749287,"test_recall":0,"train_auroc":0.5,"val_loss":0.7004913091659546,"train_loss":0.37093454599380493,"_step":35,"val_auroc":0.5,"val_recall":0,"test_auroc":0.5,"val_accuracy":0.75}