{"test_balanced_accuracy0.75":0.5411016949152542,"_wandb":{"runtime":915},"test_accuracy0.75":0.7341772317886353,"_runtime":915.108576663,"test_precision0.25":0.38461539149284363,"val_recall0.5":0.23076923191547394,"val_precision0.25":0.5,"test_accuracy0.25":0.7088607549667358,"val_precision0.75":0.5,"val_balanced_accuracy0.5":0.5900681596884129,"val_auroc":0.6183057427406311,"val_recall0.75":0.11538461595773697,"test_precision0.5":0.4444444477558136,"test_accuracy0.5":0.7341772317886353,"val_accuracy0.75":0.7523809671401978,"_step":259,"test_auroc":0.641525387763977,"test_precision0.75":0.4285714328289032,"val_balanced_accuracy0.75":0.5387049659201558,"test_recall0.75":0.15000000596046448,"test_balanced_accuracy0.5":0.5576271186440678,"train_auroc":0.9990765452384949,"val_accuracy0.5":0.7714285850524902,"val_balanced_accuracy0.25":0.5903115871470301,"test_recall0.5":0.20000000298023224,"train_loss":0.06212524324655533,"val_accuracy0.25":0.7523809671401978,"val_recall0.25":0.26923078298568726,"test_recall0.25":0.25,"test_balanced_accuracy0.25":0.5572033898305084,"val_precision0.5":0.6000000238418579,"_timestamp":1.7502521923386197e+09}