{"test_accuracy0.75":0.6708860993385315,"test_balanced_accuracy0.25":0.5305084745762711,"val_accuracy0.5":0.6476190686225891,"test_precision0.5":0.3199999928474426,"val_precision0.75":0.36000001430511475,"test_precision0.25":0.2857142984867096,"_timestamp":1.7502449462651908e+09,"val_precision0.25":0.2702702581882477,"test_recall0.5":0.4000000059604645,"val_precision0.5":0.32258063554763794,"train_loss":0.06755116581916809,"test_recall0.75":0.30000001192092896,"val_accuracy0.25":0.5904762148857117,"test_recall0.25":0.4000000059604645,"_wandb":{"runtime":922},"train_auroc":0.9993991255760193,"val_auroc":0.4525316655635834,"_runtime":922.154681482,"val_recall0.5":0.38461539149284363,"test_auroc":0.5144068002700806,"val_recall0.25":0.38461539149284363,"test_balanced_accuracy0.5":0.5559322033898305,"test_accuracy0.5":0.6329113841056824,"_step":275,"val_accuracy0.75":0.6857143044471741,"val_balanced_accuracy0.5":0.5593962999026291,"val_recall0.75":0.3461538553237915,"test_accuracy0.25":0.594936728477478,"test_balanced_accuracy0.75":0.5483050847457627,"val_balanced_accuracy0.75":0.5718111002921129,"test_precision0.75":0.3333333432674408,"val_balanced_accuracy0.25":0.5214216163583252}