{"test_precision0.25":0.380952388048172,"test_accuracy0.25":0.6202531456947327,"val_balanced_accuracy0.5":0.5922590068159688,"_wandb":{"runtime":1150},"test_accuracy0.75":0.6329113841056824,"test_precision0.5":0.3684210479259491,"train_auroc":0.9997596740722656,"test_recall0.75":0.6499999761581421,"val_precision0.75":0.3333333432674408,"test_precision0.75":0.37142857909202576,"val_balanced_accuracy0.75":0.5920155793573515,"val_balanced_accuracy0.25":0.5798442064264849,"test_auroc":0.6720339059829712,"val_recall0.25":0.6153846383094788,"test_balanced_accuracy0.25":0.6796610169491526,"val_auroc":0.6090555191040039,"test_recall0.5":0.699999988079071,"val_accuracy0.25":0.561904788017273,"val_precision0.5":0.32608696818351746,"_timestamp":1.7502526293718474e+09,"test_recall0.25":0.800000011920929,"train_loss":0.05694775655865669,"_step":372,"val_accuracy0.75":0.6190476417541504,"val_precision0.25":0.3076923191547394,"val_recall0.75":0.5384615659713745,"_runtime":1150.594280192,"test_accuracy0.5":0.6202531456947327,"test_balanced_accuracy0.5":0.6466101694915254,"val_recall0.5":0.5769230723381042,"test_balanced_accuracy0.75":0.6385593220338983,"val_accuracy0.5":0.6000000238418579}