{"val_precision0.75":0,"_step":999,"val_auroc":0.447685182094574,"test_recall0.25":0.44999998807907104,"test_recall0.75":0,"test_balanced_accuracy0.5":0.5,"_runtime":4338.462177349,"val_balanced_accuracy0.25":0.4837962962962963,"test_balanced_accuracy0.75":0.5,"test_precision0.75":0,"val_balanced_accuracy0.5":0.4872685185185185,"test_auroc":0.5066666603088379,"test_precision0.25":0.2142857164144516,"train_auroc":0.865472137928009,"val_recall0.25":0.5925925970077515,"test_accuracy0.25":0.44999998807907104,"val_recall0.5":0.03703703731298447,"val_precision0.25":0.24242424964904785,"train_loss":1.2650132179260254,"val_accuracy0.25":0.42990654706954956,"val_balanced_accuracy0.75":0.5,"val_precision0.5":0.1666666716337204,"val_accuracy0.5":0.7102803587913513,"_wandb":{"runtime":4338},"test_precision0.5":0.25,"test_accuracy0.5":0.7250000238418579,"test_accuracy0.75":0.75,"test_recall0.5":0.05000000074505806,"test_balanced_accuracy0.25":0.45,"val_accuracy0.75":0.7476635575294495,"_timestamp":1.7538980835288138e+09,"val_recall0.75":0}