{"val_loss":1.7292276620864868,"_runtime":303.791566945,"val_auroc":0.44285714626312256,"val_accuracy":0.7407407164573669,"_wandb":{"runtime":303},"test_recall":0,"test_precision":0,"val_precision":0,"test_balanced_accuracy":0.5,"test_accuracy":0.75,"val_balanced_accuracy":0.5,"train_loss":1.6978964805603027,"train_auroc":0.3990843594074249,"_step":101,"_timestamp":1.7494815619472506e+09,"val_recall":0,"test_auroc":0.5214263796806335}