{"test_accuracy":0.75,"val_loss":1.7319693565368652,"_step":61,"val_precision":0,"test_recall":0,"test_precision":0,"_runtime":219.977098095,"val_auroc":0.3571428656578064,"val_accuracy":0.7407407164573669,"val_recall":0,"_timestamp":1.7494913393877447e+09,"train_auroc":0.43697643280029297,"train_loss":1.697757601737976,"val_balanced_accuracy":0.5,"test_auroc":0.5497398376464844,"test_balanced_accuracy":0.5,"_wandb":{"runtime":219}}