{"val_loss":0.693566083908081,"_runtime":2294.060510563,"_timestamp":1.7478558105291536e+09,"_wandb":{"runtime":2294},"_step":73,"test_auroc":0.5599576234817505,"val_accuracy":0.75,"train_loss":0.6929617524147034,"val_auroc":0.4713541567325592,"val_balanced_accuracy":0.5,"test_precision":0.746835470199585,"val_precision":0.75,"test_accuracy":0.746835470199585,"train_auroc":0.4197015166282654,"val_recall":0.75,"test_recall":0.746835470199585,"test_balanced_accuracy":0.5}