{"val_auroc":0.546875,"test_auroc":0.5864406824111938,"test_recall":0.5189873576164246,"val_loss":1.5614252090454102,"val_recall":0.53125,"train_loss":0.6479644179344177,"val_precision":0.53125,"test_balanced_accuracy":0.5622881355932203,"_runtime":3962.255443007,"_step":60,"val_accuracy":0.53125,"train_auroc":0.5912139415740967,"test_precision":0.5189873576164246,"val_balanced_accuracy":0.6041666666666666,"_wandb":{"runtime":3962},"_timestamp":1.747878723589975e+09,"test_accuracy":0.5189873576164246}