{"val_precision0.5":0.24761904776096344,"_timestamp":1.7508670373365557e+09,"test_recall0.25":1,"val_balanced_accuracy0.75":0.5,"test_accuracy0.75":0.746835470199585,"_runtime":1653.312849327,"test_precision0.25":0.2531645596027374,"val_accuracy0.75":0.7523809671401978,"val_balanced_accuracy0.5":0.5,"test_accuracy0.5":0.2531645596027374,"_wandb":{"runtime":1653},"train_auroc":0.45242226123809814,"val_accuracy0.5":0.24761904776096344,"val_precision0.25":0.24761904776096344,"_step":177,"val_precision0.75":0,"val_recall0.5":1,"test_precision0.5":0.2531645596027374,"val_recall0.75":0,"train_loss":2.0908594131469727,"test_balanced_accuracy0.75":0.5,"val_auroc":0.4870983362197876,"test_balanced_accuracy0.25":0.5,"test_recall0.75":0,"test_auroc":0.5,"test_recall0.5":1,"test_precision0.75":0,"test_accuracy0.25":0.2531645596027374,"val_accuracy0.25":0.24761904776096344,"val_recall0.25":1,"test_balanced_accuracy0.5":0.5,"val_balanced_accuracy0.25":0.5}