{"test_balanced_accuracy0.5":0.5,"val_accuracy0.25":0.5809524059295654,"_timestamp":1.749904164760327e+09,"_runtime":1810.306864022,"test_recall0.75":0,"test_accuracy0.75":0.746835470199585,"val_accuracy0.75":0.7523809671401978,"test_balanced_accuracy0.75":0.5,"val_recall0.25":0.5769230723381042,"test_precision0.5":0,"test_recall0.25":0.3499999940395355,"val_precision0.25":0.3125,"test_balanced_accuracy0.25":0.5139830508474577,"test_precision0.25":0.26923078298568726,"val_accuracy0.5":0.7428571581840515,"test_accuracy0.5":0.746835470199585,"val_auroc":0.5691334009170532,"test_accuracy0.25":0.594936728477478,"train_loss":1.2385200262069702,"train_auroc":0.9386563301086426,"val_precision0.5":0.3333333432674408,"test_auroc":0.511864423751831,"val_recall0.5":0.03846153989434242,"_step":499,"val_balanced_accuracy0.75":0.5,"val_balanced_accuracy0.5":0.5065725413826679,"_wandb":{"runtime":1810},"val_precision0.75":0,"val_balanced_accuracy0.25":0.5796007789678675,"val_recall0.75":0,"test_recall0.5":0,"test_precision0.75":0}