{"val_balanced_accuracy0.75":0.5391918208373905,"val_accuracy0.75":0.7142857313156128,"val_recall0.75":0.19230769574642181,"test_accuracy0.5":0.7215189933776855,"val_recall0.5":0.23076923191547394,"val_accuracy0.5":0.723809540271759,"test_precision0.75":0.4166666567325592,"test_recall0.75":0.25,"train_loss":0.0004792321124114096,"val_balanced_accuracy0.25":0.558666017526777,"test_accuracy0.75":0.7215189933776855,"test_recall0.25":0.4000000059604645,"test_balanced_accuracy0.25":0.5898305084745763,"val_auroc":0.5662122964859009,"val_precision0.5":0.4000000059604645,"_runtime":3063.280683975,"test_auroc":0.5415254235267639,"_wandb":{"runtime":3063},"test_balanced_accuracy0.5":0.5822033898305085,"val_precision0.25":0.3684210479259491,"val_balanced_accuracy0.5":0.5584225900681596,"_timestamp":1.7509103208534079e+09,"_step":230,"test_precision0.5":0.4285714328289032,"val_accuracy0.25":0.7047619223594666,"train_auroc":1,"val_recall0.25":0.26923078298568726,"test_recall0.5":0.30000001192092896,"test_balanced_accuracy0.75":0.5656779661016949,"test_accuracy0.25":0.6835442781448364,"test_precision0.25":0.380952388048172,"val_precision0.75":0.3571428656578064}