{"_wandb":{"runtime":2366},"test_accuracy0.5":0.7124999761581421,"train_loss":1.1744675636291504,"test_balanced_accuracy0.25":0.475,"val_precision0.5":0.75,"val_auroc":0.4365384578704834,"test_auroc":0.5008333325386047,"test_balanced_accuracy0.5":0.475,"val_recall0.25":0.38461539149284363,"val_accuracy0.75":0.7547169923782349,"val_balanced_accuracy0.5":0.5514423076923077,"val_precision0.25":0.17241379618644714,"_timestamp":1.7534771766766195e+09,"_step":999,"val_recall0.5":0.11538461595773697,"val_recall0.75":0,"test_recall0.5":0,"test_precision0.25":0.23076923191547394,"test_accuracy0.75":0.737500011920929,"test_recall0.75":0,"val_accuracy0.5":0.7735849022865295,"val_balanced_accuracy0.75":0.5,"train_auroc":0.931632936000824,"_runtime":2366.517705745,"test_recall0.25":0.44999998807907104,"test_balanced_accuracy0.75":0.49166666666666664,"val_accuracy0.25":0.3962264060974121,"test_precision0.5":0,"val_balanced_accuracy0.25":0.39230769230769236,"val_precision0.75":0,"test_precision0.75":0,"test_accuracy0.25":0.48750001192092896}