{"val_auroc":0.4569133520126343,"train_loss":2.131706476211548,"test_balanced_accuracy0.75":0.5,"_runtime":4592.921531823,"test_accuracy0.25":0.2531645596027374,"_wandb":{"runtime":4592},"test_recall0.75":0,"val_balanced_accuracy0.5":0.5,"val_accuracy0.25":0.24761904776096344,"val_accuracy0.5":0.24761904776096344,"test_recall0.5":1,"_step":999,"test_recall0.25":1,"test_precision0.5":0.2531645596027374,"val_recall0.75":0,"val_precision0.75":0,"test_accuracy0.75":0.746835470199585,"val_recall0.25":1,"train_auroc":0.49012041091918945,"val_precision0.25":0.24761904776096344,"val_accuracy0.75":0.7523809671401978,"val_recall0.5":1,"test_auroc":0.4016948938369751,"_timestamp":1.75008184919529e+09,"val_balanced_accuracy0.25":0.5,"test_precision0.75":0,"val_balanced_accuracy0.75":0.5,"val_precision0.5":0.24761904776096344,"test_precision0.25":0.2531645596027374,"test_balanced_accuracy0.25":0.5,"test_accuracy0.5":0.2531645596027374,"test_balanced_accuracy0.5":0.5}