{"_step":162,"val_accuracy0.75":0.7476635575294495,"test_recall0.5":0,"test_balanced_accuracy0.5":0.5,"train_loss":1.6720386743545532,"test_accuracy0.25":0.5375000238418579,"val_accuracy0.25":0.5420560836791992,"val_auroc":0.5597221851348877,"val_precision0.5":0,"test_accuracy0.75":0.75,"val_recall0.75":0,"test_recall0.75":0,"_wandb":{"runtime":432},"val_balanced_accuracy0.75":0.5,"test_precision0.75":0,"val_precision0.25":0.2884615361690521,"test_precision0.5":0,"test_recall0.25":0.4000000059604645,"val_precision0.75":0,"val_recall0.25":0.5555555820465088,"train_auroc":0.5717337131500244,"test_balanced_accuracy0.25":0.4916666666666667,"val_accuracy0.5":0.7476635575294495,"test_balanced_accuracy0.75":0.5,"test_accuracy0.5":0.75,"test_auroc":0.5241666436195374,"val_balanced_accuracy0.5":0.5,"_runtime":432.811076417,"test_precision0.25":0.24242424964904785,"val_recall0.5":0,"val_balanced_accuracy0.25":0.5465277777777777,"_timestamp":1.7534780210902562e+09}