{"test_accuracy":0.746835470199585,"test_auroc":0.5,"_timestamp":1.747451039469183e+09,"test_recall":0,"_runtime":423.447443271,"val_accuracy":0.75,"train_auroc":0.5071428418159485,"val_precision":0,"_step":35,"train_loss":0.33585596084594727,"val_loss":0.3927866816520691,"test_precision":0,"_wandb":{"runtime":424},"val_auroc":0.5,"val_recall":0}