{"val_accuracy0.25":0.24761904776096344,"val_recall0.25":1,"test_precision0.75":0,"test_auroc":0.5169491767883301,"val_recall0.5":0.5769230723381042,"test_precision0.25":0.2531645596027374,"test_accuracy0.25":0.2531645596027374,"val_balanced_accuracy0.75":0.5,"val_recall0.75":0,"test_accuracy0.75":0.746835470199585,"val_accuracy0.5":0.46666666865348816,"_runtime":807.737374247,"test_precision0.5":0.2916666567325592,"train_auroc":0.6702975034713745,"test_balanced_accuracy0.25":0.5,"test_recall0.25":1,"_timestamp":1.7501490035829453e+09,"_step":313,"val_balanced_accuracy0.5":0.50365141187926,"val_precision0.25":0.24761904776096344,"test_recall0.5":0.699999988079071,"val_balanced_accuracy0.25":0.5,"test_balanced_accuracy0.75":0.5,"val_auroc":0.5223953127861023,"val_precision0.75":0,"test_balanced_accuracy0.5":0.561864406779661,"test_recall0.75":0,"val_accuracy0.75":0.7523809671401978,"val_precision0.5":0.25,"train_loss":2.0585103034973145,"_wandb":{"runtime":807},"test_accuracy0.5":0.49367088079452515}