{"test_accuracy":0.6329113841056824,"test_precision":0.6329113841056824,"val_loss":1.7563927173614502,"test_recall":0.6329113841056824,"train_auroc":0.9872568845748901,"_runtime":7122.595629942,"_step":116,"val_auroc":0.4114583432674408,"_wandb":{"runtime":7122},"_timestamp":1.7478971098224645e+09,"test_auroc":0.5237288475036621,"val_recall":0.59375,"val_accuracy":0.59375,"val_precision":0.59375,"test_balanced_accuracy":0.45677966101694917,"val_balanced_accuracy":0.4791666666666667,"train_loss":0.22080974280834198}