{"val_balanced_accuracy0.75":0.5192307692307693,"test_accuracy0.25":0.6962025165557861,"test_balanced_accuracy0.25":0.5156779661016949,"test_recall0.5":0.05000000074505806,"test_recall0.75":0,"test_accuracy0.75":0.746835470199585,"_runtime":2809.458561477,"val_precision0.75":1,"val_auroc":0.4995131194591522,"test_precision0.5":0.3333333432674408,"val_precision0.5":0.5,"val_precision0.25":0.3461538553237915,"train_auroc":0.9937926530838013,"val_balanced_accuracy0.5":0.564508276533593,"test_balanced_accuracy0.5":0.5080508474576271,"test_balanced_accuracy0.75":0.5,"train_loss":0.5398914813995361,"val_recall0.25":0.3461538553237915,"val_balanced_accuracy0.25":0.5654819863680622,"test_recall0.25":0.15000000596046448,"test_precision0.25":0.30000001192092896,"val_accuracy0.5":0.7523809671401978,"_wandb":{"runtime":2809},"_timestamp":1.7505153637527688e+09,"test_accuracy0.5":0.7341772317886353,"val_recall0.5":0.19230769574642181,"test_auroc":0.6237288117408752,"val_accuracy0.25":0.6761904954910278,"_step":999,"val_accuracy0.75":0.761904776096344,"test_precision0.75":0,"val_recall0.75":0.03846153989434242}