{"train_loss":0.0011942428536713123,"test_precision0.75":0.27272728085517883,"test_auroc":0.6050847768783569,"val_precision0.25":0.260869562625885,"val_precision0.5":0.3333333432674408,"val_auroc":0.5331061482429504,"val_recall0.5":0.23076923191547394,"test_recall0.75":0.15000000596046448,"test_accuracy0.5":0.6708860993385315,"train_auroc":1,"_timestamp":1.7501242047806802e+09,"test_recall0.5":0.25,"val_balanced_accuracy0.5":0.5394352482960078,"val_precision0.75":0.38461539149284363,"_runtime":724.983490329,"val_recall0.75":0.19230769574642181,"val_balanced_accuracy0.75":0.5455209347614411,"test_precision0.5":0.3125,"test_recall0.25":0.30000001192092896,"_step":283,"_wandb":{"runtime":724},"val_accuracy0.25":0.6476190686225891,"test_balanced_accuracy0.5":0.5317796610169492,"val_accuracy0.5":0.6952381134033203,"test_precision0.25":0.2857142984867096,"val_balanced_accuracy0.25":0.5077896786757546,"test_accuracy0.75":0.6835442781448364,"val_recall0.25":0.23076923191547394,"val_accuracy0.75":0.723809540271759,"test_accuracy0.25":0.6329113841056824,"test_balanced_accuracy0.75":0.5072033898305085,"test_balanced_accuracy0.25":0.5228813559322034}