{"val_loss":1.9583114385604858,"test_precision":0,"_timestamp":1.7495595812067888e+09,"val_accuracy":0.7407407164573669,"train_loss":1.9555435180664062,"_step":53,"test_auroc":0.4364860951900482,"test_balanced_accuracy":0.5,"val_recall":0,"val_balanced_accuracy":0.5,"_runtime":722.813535213,"val_precision":0,"train_auroc":0.5222092270851135,"test_recall":0,"_wandb":{"runtime":722},"test_accuracy":0.75,"val_auroc":0.5642857551574707}