{"test_precision0.25":0.2531645596027374,"val_balanced_accuracy0.5":0.5506329113924051,"_step":847,"val_precision0.5":0.2680412232875824,"val_accuracy0.5":0.32380953431129456,"test_precision0.5":0.24285714328289032,"val_recall0.5":1,"test_auroc":0.5618643760681152,"val_balanced_accuracy0.75":0.5,"val_accuracy0.75":0.7523809671401978,"val_precision0.75":0,"train_auroc":0.7170560359954834,"val_recall0.25":1,"test_recall0.75":0,"test_accuracy0.5":0.29113924503326416,"val_accuracy0.25":0.24761904776096344,"test_recall0.25":1,"test_balanced_accuracy0.75":0.5,"test_balanced_accuracy0.5":0.47584745762711866,"val_balanced_accuracy0.25":0.5,"test_accuracy0.25":0.2531645596027374,"_runtime":2473.622735041,"test_recall0.5":0.8500000238418579,"train_loss":2.0870559215545654,"val_recall0.75":0,"test_balanced_accuracy0.25":0.5,"test_precision0.75":0,"val_precision0.25":0.24761904776096344,"test_accuracy0.75":0.746835470199585,"_wandb":{"runtime":2473},"_timestamp":1.7501574193408284e+09,"val_auroc":0.5934761762619019}