{"test_balanced_accuracy0.25":0.5,"train_loss":2.093641757965088,"train_auroc":0.48221439123153687,"test_accuracy0.25":0.2531645596027374,"test_precision0.25":0.2531645596027374,"test_precision0.75":0,"test_accuracy0.5":0.746835470199585,"test_balanced_accuracy0.75":0.5,"test_recall0.25":1,"val_precision0.5":0,"test_precision0.5":0,"test_auroc":0.5,"val_balanced_accuracy0.5":0.5,"_step":208,"_wandb":{"runtime":2403},"val_recall0.5":0,"val_accuracy0.5":0.7523809671401978,"val_recall0.25":1,"val_accuracy0.75":0.7523809671401978,"val_precision0.25":0.24761904776096344,"val_auroc":0.5,"val_recall0.75":0,"val_balanced_accuracy0.25":0.5,"test_accuracy0.75":0.746835470199585,"val_balanced_accuracy0.75":0.5,"_timestamp":1.7509689617274954e+09,"test_recall0.5":0,"test_recall0.75":0,"val_precision0.75":0,"test_balanced_accuracy0.5":0.5,"val_accuracy0.25":0.24761904776096344,"_runtime":2403.11662709}