{"val_recall0.75":0,"test_precision0.75":0,"val_accuracy0.75":0.7523809671401978,"_runtime":674.495772436,"val_precision0.5":0,"test_accuracy0.5":0.746835470199585,"val_auroc":0.41017526388168335,"test_recall0.25":0,"test_precision0.25":0,"test_balanced_accuracy0.5":0.5,"val_balanced_accuracy0.25":0.5,"test_accuracy0.25":0.746835470199585,"val_recall0.5":0,"val_accuracy0.5":0.7523809671401978,"test_auroc":0.5059322118759155,"_wandb":{"runtime":674},"test_recall0.5":0,"test_balanced_accuracy0.25":0.5,"test_balanced_accuracy0.75":0.5,"val_balanced_accuracy0.75":0.5,"train_loss":1.6928610801696777,"train_auroc":0.4857594668865204,"test_precision0.5":0,"val_balanced_accuracy0.5":0.5,"val_recall0.25":0,"_timestamp":1.7502255720240312e+09,"val_accuracy0.25":0.7523809671401978,"test_recall0.75":0,"test_accuracy0.75":0.746835470199585,"val_precision0.75":0,"_step":253,"val_precision0.25":0}