{"_step":235,"test_balanced_accuracy0.75":0.5728813559322035,"val_balanced_accuracy0.75":0.5138753651411879,"val_precision0.5":0.2380952388048172,"test_balanced_accuracy0.5":0.5305084745762711,"val_accuracy0.25":0.6095238327980042,"test_auroc":0.5466101765632629,"_timestamp":1.751042529209306e+09,"val_accuracy0.5":0.6476190686225891,"_wandb":{"runtime":4070},"val_recall0.25":0.26923078298568726,"val_balanced_accuracy0.5":0.49488802336903603,"test_precision0.5":0.2857142984867096,"test_precision0.25":0.27272728085517883,"train_auroc":1,"val_recall0.5":0.19230769574642181,"train_loss":0.0013643433339893818,"test_recall0.5":0.4000000059604645,"test_accuracy0.5":0.594936728477478,"val_balanced_accuracy0.25":0.4953748782862707,"val_auroc":0.5267770290374756,"val_precision0.75":0.2777777910232544,"test_balanced_accuracy0.25":0.5216101694915254,"val_accuracy0.75":0.6761904954910278,"_runtime":4070.841539174,"test_precision0.75":0.3478260934352875,"test_accuracy0.75":0.6582278609275818,"test_recall0.25":0.44999998807907104,"test_recall0.75":0.4000000059604645,"val_recall0.75":0.19230769574642181,"val_precision0.25":0.24137930572032928,"test_accuracy0.25":0.5569620132446289}