{"val_accuracy0.25":0.7037037014961243,"val_accuracy0.75":0.7037037014961243,"val_precision0.5":0.4000000059604645,"test_recall0.5":0.1818181872367859,"test_precision0.25":0.17499999701976776,"test_balanced_accuracy0.75":0.4444444444444444,"test_accuracy0.75":0.5757575631141663,"test_recall0.25":0.21212121844291687,"val_accuracy0.5":0.7037037014961243,"_wandb":{"runtime":1812},"val_recall0.5":0.2857142984867096,"val_precision0.75":0.4000000059604645,"val_recall0.75":0.2857142984867096,"val_recall0.25":0.2857142984867096,"test_precision0.5":0.15789473056793213,"test_recall0.75":0.1818181872367859,"val_precision0.25":0.4000000059604645,"test_precision0.75":0.17142857611179352,"test_accuracy0.5":0.5530303120613098,"_step":499,"val_balanced_accuracy0.75":0.5678571428571428,"val_auroc":0.639285683631897,"test_accuracy0.25":0.5530303120613098,"train_auroc":1,"val_balanced_accuracy0.5":0.5678571428571428,"_timestamp":1.7496999976182451e+09,"_runtime":1812.189642979,"val_balanced_accuracy0.25":0.5678571428571428,"test_balanced_accuracy0.5":0.4292929292929293,"test_auroc":0.46571779251098633,"test_balanced_accuracy0.25":0.4393939393939394,"train_loss":3.868717158184154e-06}