{"test_accuracy0.5":0.4000000059604645,"val_recall0.5":0.8888888955116272,"test_precision0.5":0.2666666805744171,"train_auroc":0.5642768144607544,"test_recall0.5":0.800000011920929,"test_balanced_accuracy0.5":0.5333333333333333,"train_loss":2.0624091625213623,"val_precision0.5":0.3037974536418915,"val_accuracy0.25":0.25471699237823486,"val_auroc":0.5578997135162354,"val_recall0.75":0,"test_accuracy0.75":0.75,"_wandb":{"runtime":2624},"val_precision0.75":0,"test_recall0.75":0,"test_auroc":0.5433332920074463,"val_balanced_accuracy0.25":0.5,"_timestamp":1.755076352224118e+09,"test_balanced_accuracy0.75":0.5,"val_accuracy0.5":0.4528301954269409,"test_recall0.25":1,"_step":454,"val_precision0.25":0.25471699237823486,"val_accuracy0.75":0.7452830076217651,"test_precision0.75":0,"_runtime":2624.900808161,"val_recall0.25":1,"val_balanced_accuracy0.75":0.5,"test_accuracy0.25":0.25,"val_balanced_accuracy0.5":0.5963431786216596,"test_balanced_accuracy0.25":0.5,"test_precision0.25":0.25}