{"val_auroc":0.5928571224212646,"test_accuracy":0.7480915784835815,"_runtime":370.910735,"val_precision":0,"val_accuracy":0.7407407164573669,"train_auroc":0.6397713422775269,"test_recall":0,"test_auroc":0.5695732831954956,"val_loss":1.7204581499099731,"test_balanced_accuracy":0.5,"test_precision":0,"val_balanced_accuracy":0.5,"train_loss":1.6505941152572632,"val_recall":0,"_timestamp":1.7495264349949334e+09,"_step":50,"_wandb":{"runtime":370}}