{"val_balanced_accuracy0.5":0.49488802336903603,"test_balanced_accuracy0.25":0.6072033898305085,"val_accuracy0.75":0.6476190686225891,"val_recall0.25":0.19230769574642181,"test_auroc":0.563559353351593,"test_balanced_accuracy0.5":0.6072033898305085,"test_recall0.25":0.3499999940395355,"test_balanced_accuracy0.75":0.6072033898305085,"val_recall0.5":0.19230769574642181,"val_balanced_accuracy0.25":0.48855890944498537,"test_accuracy0.5":0.7341772317886353,"train_auroc":1,"_timestamp":1.7508918031694493e+09,"test_recall0.75":0.3499999940395355,"train_loss":4.2932670112350024e-06,"_runtime":3256.019243378,"val_balanced_accuracy0.75":0.49488802336903603,"test_accuracy0.75":0.7341772317886353,"val_accuracy0.5":0.6476190686225891,"val_accuracy0.25":0.6380952596664429,"test_precision0.25":0.46666666865348816,"val_auroc":0.5136319398880005,"val_precision0.75":0.2380952388048172,"val_recall0.75":0.19230769574642181,"test_accuracy0.25":0.7341772317886353,"val_precision0.5":0.2380952388048172,"_step":274,"val_precision0.25":0.22727273404598236,"_wandb":{"runtime":3256},"test_precision0.75":0.46666666865348816,"test_precision0.5":0.46666666865348816,"test_recall0.5":0.3499999940395355}