{"val_accuracy":0.5,"val_precision":0,"_timestamp":1.747650819371336e+09,"val_loss":2.7341694831848145,"val_auroc":0.5,"_runtime":9.2409814,"_wandb":{"runtime":40},"val_recall":0,"_step":0}