{"_step":17,"val_loss":0.3742734491825104,"test_recall":0,"val_recall":0,"val_precision":0,"_wandb":{"runtime":814},"train_loss":0.37677305936813354,"val_auroc":0.4895833134651184,"train_auroc":0.5199195146560669,"val_accuracy":0.75,"test_accuracy":0.746835470199585,"_timestamp":1.7477937061894138e+09,"test_precision":0,"_runtime":814.539924248,"test_auroc":0.4788135290145874}