{"_runtime":425.145953693,"_step":59,"_wandb":{"runtime":425},"test_recall":0,"test_precision":0,"val_precision":0,"val_recall":0,"test_auroc":0.5850340127944946,"train_auroc":0.4927353858947754,"val_accuracy":0.7407407164573669,"test_accuracy":0.7480915784835815,"test_balanced_accuracy":0.5,"_timestamp":1.7495893179414806e+09,"train_loss":1.690825343132019,"val_balanced_accuracy":0.5,"val_loss":1.7287964820861816,"val_auroc":0.5642857551574707}