{"val_balanced_accuracy0.75":0.5407407407407407,"val_recall0.5":0.5185185074806213,"_wandb":{"runtime":6338},"test_recall0.25":0.6000000238418579,"test_recall0.75":0.44999998807907104,"val_accuracy0.75":0.5700934529304504,"val_recall0.75":0.48148149251937866,"test_precision0.75":0.3103448152542114,"test_balanced_accuracy0.5":0.575,"train_auroc":0.9992969036102295,"_runtime":6338.837154884,"test_recall0.5":0.550000011920929,"val_balanced_accuracy0.25":0.5027777777777778,"test_balanced_accuracy0.75":0.5583333333333333,"val_recall0.25":0.5555555820465088,"test_accuracy0.25":0.5625,"val_accuracy0.5":0.5233644843101501,"test_balanced_accuracy0.25":0.575,"test_auroc":0.5549999475479126,"_timestamp":1.7550253715101323e+09,"_step":262,"val_balanced_accuracy0.5":0.5217592592592593,"val_auroc":0.5157407522201538,"test_accuracy0.75":0.612500011920929,"test_precision0.5":0.3142857253551483,"val_accuracy0.25":0.47663551568984985,"val_precision0.5":0.26923078298568726,"val_precision0.25":0.2542372941970825,"val_precision0.75":0.2888889014720917,"train_loss":0.11826533079147339,"test_accuracy0.5":0.5874999761581421,"test_precision0.25":0.3076923191547394}