{"test_balanced_accuracy0.25":0.5550847457627119,"test_balanced_accuracy0.75":0.49745762711864405,"test_recall0.25":0.5,"test_auroc":0.5453389883041382,"val_balanced_accuracy0.25":0.4703018500486855,"_timestamp":1.751408962910767e+09,"val_precision0.25":0.21621622145175934,"test_accuracy0.75":0.594936728477478,"train_auroc":0.9998397827148438,"val_balanced_accuracy0.75":0.5209347614410906,"_runtime":1709.973480006,"val_recall0.25":0.3076923191547394,"test_recall0.75":0.30000001192092896,"test_accuracy0.25":0.5822784900665283,"val_auroc":0.43670886754989624,"test_precision0.5":0.29629629850387573,"test_precision0.75":0.25,"val_accuracy0.25":0.5523809790611267,"val_accuracy0.75":0.6285714507102966,"val_balanced_accuracy0.5":0.5019474196689386,"val_precision0.5":0.25,"test_accuracy0.5":0.607594907283783,"val_recall0.5":0.3076923191547394,"val_recall0.75":0.3076923191547394,"_step":346,"test_balanced_accuracy0.5":0.5389830508474576,"test_recall0.5":0.4000000059604645,"val_precision0.75":0.27586206793785095,"test_precision0.25":0.3030303120613098,"_wandb":{"runtime":1709},"train_loss":0.08040182292461395,"val_accuracy0.5":0.6000000238418579}