{"test_accuracy0.5":0.637499988079071,"_step":323,"val_balanced_accuracy0.75":0.5905092592592592,"test_precision0.25":0.3529411852359772,"val_accuracy0.25":0.5887850522994995,"test_recall0.75":0.4000000059604645,"test_balanced_accuracy0.75":0.5583333333333333,"val_recall0.75":0.5185185074806213,"train_auroc":0.9998046159744263,"test_accuracy0.75":0.637499988079071,"val_recall0.25":0.5555555820465088,"val_precision0.75":0.3414634168148041,"test_accuracy0.25":0.625,"_timestamp":1.7534981200489194e+09,"test_auroc":0.5883333086967468,"test_balanced_accuracy0.25":0.6166666666666667,"_wandb":{"runtime":13120},"test_balanced_accuracy0.5":0.575,"test_precision0.5":0.3333333432674408,"train_loss":0.08360184729099274,"val_precision0.25":0.3191489279270172,"val_recall0.5":0.5185185074806213,"test_recall0.25":0.6000000238418579,"val_accuracy0.75":0.6261682510375977,"test_precision0.75":0.3199999928474426,"val_precision0.5":0.3255814015865326,"val_balanced_accuracy0.5":0.5780092592592592,"val_accuracy0.5":0.6074766516685486,"val_auroc":0.60787034034729,"_runtime":13120.033463032,"val_balanced_accuracy0.25":0.5777777777777777,"test_recall0.5":0.44999998807907104}