{"test_precision0.5":0.4285714328289032,"val_precision0.75":0.375,"train_loss":0.38776981830596924,"val_balanced_accuracy0.5":0.5333495618305745,"test_precision0.25":0.3333333432674408,"val_recall0.25":0.3461538553237915,"_runtime":2222.81607831,"test_recall0.25":0.30000001192092896,"test_precision0.75":0.4444444477558136,"test_accuracy0.75":0.7341772317886353,"train_auroc":0.9917481541633606,"val_recall0.5":0.26923078298568726,"test_recall0.75":0.20000000298023224,"test_balanced_accuracy0.75":0.5576271186440678,"val_accuracy0.25":0.6380952596664429,"_wandb":{"runtime":2222},"val_recall0.75":0.23076923191547394,"test_accuracy0.5":0.7215189933776855,"_step":393,"_timestamp":1.7513766553243196e+09,"test_recall0.5":0.30000001192092896,"test_auroc":0.6025424003601074,"val_precision0.5":0.30434781312942505,"val_auroc":0.5182570815086365,"val_balanced_accuracy0.25":0.5401655306718598,"val_accuracy0.5":0.6666666865348816,"test_balanced_accuracy0.5":0.5822033898305085,"val_precision0.25":0.30000001192092896,"val_balanced_accuracy0.75":0.5520934761441091,"test_accuracy0.25":0.6708860993385315,"val_accuracy0.75":0.7142857313156128,"test_balanced_accuracy0.25":0.5483050847457627}