{"val_recall0.25":1,"val_stage_recall0.5":0.644859790802002,"_step":0,"val_balanced_accuracy0.25":0.5,"_wandb":{"runtime":15},"_runtime":15.976103517,"val_accuracy0.5":0.7476635575294495,"val_stage_auroc":0.524982750415802,"val_balanced_accuracy0.5":0.549074074074074,"val_accuracy0.75":0.7476635575294495,"val_precision0.25":0.25233644247055054,"val_auroc":0.5407407283782959,"val_stage_balanced_accuracy0.5":0.14285714285714285,"val_precision0.5":0.5,"val_accuracy0.25":0.25233644247055054,"val_recall0.75":0,"val_precision0.75":0,"val_stage_precision0.5":0.644859790802002,"_timestamp":1.7551311159389796e+09,"val_stage_accuracy0.5":0.644859790802002,"val_balanced_accuracy0.75":0.5,"val_recall0.5":0.14814814925193787}