{"_timestamp":1.7509045905235758e+09,"val_balanced_accuracy0.75":0.5328627069133398,"val_recall0.75":0.19230769574642181,"test_auroc":0.5237288475036621,"val_recall0.25":0.26923078298568726,"val_precision0.75":0.3333333432674408,"test_accuracy0.5":0.6708860993385315,"test_precision0.5":0.25,"val_recall0.5":0.23076923191547394,"val_accuracy0.5":0.6952381134033203,"val_accuracy0.25":0.6952381134033203,"test_balanced_accuracy0.75":0.498728813559322,"test_recall0.5":0.15000000596046448,"test_precision0.75":0.25,"test_balanced_accuracy0.25":0.498728813559322,"val_balanced_accuracy0.25":0.5523369036027264,"_wandb":{"runtime":2121},"train_auroc":1,"_step":207,"test_recall0.25":0.15000000596046448,"test_accuracy0.75":0.6708860993385315,"val_precision0.25":0.3499999940395355,"val_accuracy0.75":0.7047619223594666,"val_balanced_accuracy0.5":0.5394352482960078,"train_loss":0.0001616509835002944,"_runtime":2121.608077948,"val_precision0.5":0.3333333432674408,"test_balanced_accuracy0.5":0.498728813559322,"test_recall0.75":0.15000000596046448,"test_precision0.25":0.25,"val_auroc":0.5226387977600098,"test_accuracy0.25":0.6708860993385315}