{"val_precision0.25":0.28260868787765503,"val_recall0.5":0.42307692766189575,"_wandb":{"runtime":1394},"val_balanced_accuracy0.25":0.54375,"test_balanced_accuracy0.5":0.6083333333333334,"train_loss":0.07033273577690125,"val_accuracy0.5":0.5943396091461182,"val_recall0.75":0.26923078298568726,"val_accuracy0.75":0.6037735939025879,"test_precision0.25":0.4166666567325592,"_step":311,"test_balanced_accuracy0.75":0.6333333333333333,"test_recall0.25":0.5,"val_precision0.5":0.28205129504203796,"_timestamp":1.753841651252084e+09,"test_precision0.75":0.5,"test_accuracy0.5":0.7124999761581421,"val_balanced_accuracy0.75":0.49086538461538465,"test_accuracy0.25":0.699999988079071,"val_accuracy0.25":0.5660377144813538,"train_auroc":0.9990507364273071,"test_recall0.75":0.4000000059604645,"val_balanced_accuracy0.5":0.5365384615384615,"val_auroc":0.5021634697914124,"test_balanced_accuracy0.25":0.6333333333333333,"test_precision0.5":0.42105263471603394,"test_recall0.5":0.4000000059604645,"test_auroc":0.6883333325386047,"val_precision0.75":0.23333333432674408,"_runtime":1394.404114494,"test_accuracy0.75":0.75,"val_recall0.25":0.5}