{"val_balanced_accuracy0.25":0.51875,"val_accuracy0.25":0.27358490228652954,"test_balanced_accuracy0.75":0.5,"test_balanced_accuracy0.5":0.5,"test_accuracy0.5":0.75,"test_precision0.75":0,"val_accuracy0.5":0.7547169923782349,"val_recall0.5":0,"val_balanced_accuracy0.5":0.5,"test_accuracy0.25":0.26249998807907104,"_timestamp":1.7535249824468315e+09,"test_recall0.25":0.8999999761581421,"val_precision0.75":0,"test_accuracy0.75":0.75,"val_accuracy0.75":0.7547169923782349,"val_recall0.75":0,"val_precision0.5":0,"train_loss":1.6906800270080566,"val_balanced_accuracy0.75":0.5,"train_auroc":0.5677847266197205,"test_recall0.5":0,"_wandb":{"runtime":1027},"test_recall0.75":0,"_step":169,"_runtime":1027.20793808,"val_recall0.25":1,"val_precision0.25":0.25242719054222107,"test_auroc":0.5575000047683716,"test_precision0.25":0.23999999463558197,"test_balanced_accuracy0.25":0.47500000000000003,"val_auroc":0.5600961446762085,"test_precision0.5":0}