{"test_precision0.25":0.3571428656578064,"val_balanced_accuracy0.5":0.6156280428432327,"val_accuracy0.25":0.7047619223594666,"val_recall0.25":0.3461538553237915,"test_precision0.5":0,"test_auroc":0.6559321880340576,"val_balanced_accuracy0.25":0.5844693281402142,"val_recall0.75":0.07692307978868484,"val_balanced_accuracy0.75":0.5384615384615384,"test_recall0.5":0,"test_accuracy0.25":0.6962025165557861,"test_recall0.25":0.25,"val_accuracy0.75":0.7714285850524902,"val_accuracy0.5":0.7904762029647827,"val_precision0.75":1,"test_recall0.75":0,"_wandb":{"runtime":2642},"_runtime":2642.139622984,"test_accuracy0.75":0.746835470199585,"test_balanced_accuracy0.25":0.548728813559322,"train_loss":0.9204667210578918,"val_recall0.5":0.26923078298568726,"test_balanced_accuracy0.75":0.5,"test_precision0.75":0,"val_auroc":0.5827653408050537,"test_balanced_accuracy0.5":0.5,"_timestamp":1.7502586584043431e+09,"train_auroc":0.9667721390724182,"_step":999,"test_accuracy0.5":0.746835470199585,"val_precision0.25":0.3913043439388275,"val_precision0.5":0.699999988079071}