{"val_balanced_accuracy0.5":0.5,"_wandb":{"runtime":1467},"val_balanced_accuracy0.75":0.5,"val_recall0.25":1,"val_accuracy0.25":0.24761904776096344,"test_recall0.25":1,"test_precision0.5":0,"_step":588,"test_accuracy0.25":0.2531645596027374,"test_precision0.25":0.2531645596027374,"test_balanced_accuracy0.75":0.5,"val_precision0.75":0,"val_accuracy0.75":0.7523809671401978,"test_balanced_accuracy0.25":0.5,"val_accuracy0.5":0.7523809671401978,"test_recall0.5":0,"test_auroc":0.5292372703552246,"val_recall0.75":0,"test_recall0.75":0,"test_accuracy0.5":0.746835470199585,"_timestamp":1.7502235649220536e+09,"train_loss":1.6922019720077515,"train_auroc":0.4642770290374756,"val_auroc":0.5107108354568481,"test_precision0.75":0,"val_balanced_accuracy0.25":0.5,"_runtime":1467.3268697,"val_precision0.5":0,"val_precision0.25":0.24761904776096344,"test_accuracy0.75":0.746835470199585,"test_balanced_accuracy0.5":0.5,"val_recall0.5":0}