{"test_auroc":0.4816666841506958,"test_balanced_accuracy0.75":0.525,"test_accuracy0.5":0.612500011920929,"val_accuracy0.75":0.5607476830482483,"val_accuracy0.5":0.5607476830482483,"test_recall0.75":0.25,"test_precision0.25":0.20000000298023224,"val_precision0.75":0.25,"train_auroc":1,"_step":484,"_timestamp":1.754136891794292e+09,"val_recall0.75":0.37037035822868347,"val_precision0.25":0.30612245202064514,"val_balanced_accuracy0.5":0.5222222222222221,"_runtime":4101.256754057,"test_accuracy0.25":0.5625,"val_balanced_accuracy0.75":0.4976851851851852,"test_recall0.25":0.25,"val_accuracy0.25":0.5700934529304504,"test_balanced_accuracy0.25":0.4583333333333333,"test_accuracy0.75":0.6625000238418579,"val_precision0.5":0.27272728085517883,"val_auroc":0.5368055701255798,"test_recall0.5":0.25,"test_balanced_accuracy0.5":0.49166666666666664,"val_balanced_accuracy0.25":0.5652777777777778,"test_precision0.75":0.29411765933036804,"_wandb":{"runtime":4101},"train_loss":0.021213946864008904,"test_precision0.5":0.2380952388048172,"val_recall0.5":0.4444444477558136,"val_recall0.25":0.5555555820465088}