{"test_auroc":0.35847458243370056,"val_precision0.5":0.25,"val_accuracy0.75":0.6095238327980042,"val_balanced_accuracy0.5":0.5017039922103214,"val_auroc":0.5172833204269409,"_wandb":{"runtime":1100},"test_precision0.5":0.125,"_runtime":1100.863417612,"test_balanced_accuracy0.75":0.4224576271186441,"test_accuracy0.5":0.5189873576164246,"_step":356,"_timestamp":1.7502338537422457e+09,"test_accuracy0.25":0.5063291192054749,"val_recall0.75":0.19230769574642181,"val_balanced_accuracy0.25":0.5533106134371957,"test_recall0.25":0.25,"test_accuracy0.75":0.5569620132446289,"test_recall0.5":0.15000000596046448,"val_precision0.75":0.20000000298023224,"test_balanced_accuracy0.5":0.39703389830508473,"test_balanced_accuracy0.25":0.4216101694915254,"val_accuracy0.25":0.6190476417541504,"train_auroc":1,"val_recall0.25":0.42307692766189575,"test_precision0.75":0.1428571492433548,"val_precision0.25":0.3055555522441864,"test_recall0.75":0.15000000596046448,"test_precision0.25":0.17241379618644714,"val_balanced_accuracy0.75":0.4695715676728335,"train_loss":0.02834206447005272,"val_accuracy0.5":0.6190476417541504,"val_recall0.5":0.26923078298568726}