{"test_accuracy0.5":0.675000011920929,"train_loss":0.08325362950563431,"test_auroc":0.5899999737739563,"test_balanced_accuracy0.5":0.48333333333333334,"val_recall0.5":0.18518517911434174,"test_accuracy0.25":0.699999988079071,"train_auroc":0.9997656345367432,"_wandb":{"runtime":1985},"test_precision0.75":0.20000000298023224,"test_precision0.5":0.20000000298023224,"test_balanced_accuracy0.25":0.55,"val_accuracy0.5":0.6037735939025879,"_runtime":1985.782337473,"val_balanced_accuracy0.5":0.4660103141115799,"_timestamp":1.7537652477305958e+09,"test_recall0.5":0.10000000149011612,"val_balanced_accuracy0.75":0.48546647913736524,"test_accuracy0.75":0.7124999761581421,"val_recall0.25":0.18518517911434174,"val_precision0.5":0.20000000298023224,"val_accuracy0.75":0.650943398475647,"test_precision0.25":0.3571428656578064,"val_balanced_accuracy0.25":0.447022972339428,"test_recall0.75":0.05000000074505806,"_step":497,"val_auroc":0.4027191400527954,"val_precision0.25":0.1785714328289032,"val_precision0.75":0.2222222238779068,"test_recall0.25":0.25,"val_recall0.75":0.14814814925193787,"val_accuracy0.25":0.5754716992378235,"test_balanced_accuracy0.75":0.4916666666666667}