{"val_balanced_accuracy0.25":0.4740740740740741,"val_accuracy0.5":0.663551390171051,"test_balanced_accuracy0.75":0.48333333333333334,"val_precision0.25":0.20000000298023224,"test_auroc":0.5141665935516357,"train_loss":0.0020518936216831207,"test_recall0.75":0.10000000149011612,"val_auroc":0.4706018567085266,"val_precision0.75":0.25,"_timestamp":1.7536692975662537e+09,"train_auroc":1,"test_recall0.25":0.15000000596046448,"_runtime":2686.350705988,"val_recall0.25":0.14814814925193787,"test_precision0.25":0.20000000298023224,"test_balanced_accuracy0.5":0.4666666666666667,"val_recall0.5":0.14814814925193787,"val_precision0.5":0.23529411852359772,"test_precision0.5":0.1666666716337204,"test_accuracy0.75":0.675000011920929,"test_accuracy0.5":0.6499999761581421,"_step":312,"test_balanced_accuracy0.25":0.47500000000000003,"_wandb":{"runtime":2686},"val_balanced_accuracy0.5":0.4928240740740741,"test_accuracy0.25":0.637499988079071,"val_balanced_accuracy0.75":0.49907407407407406,"val_recall0.75":0.14814814925193787,"val_accuracy0.75":0.672897219657898,"test_precision0.75":0.20000000298023224,"val_accuracy0.25":0.6355140209197998,"test_recall0.5":0.10000000149011612}