{"train_auroc":0.5,"val_recall":0,"test_precision":0,"test_accuracy":0.75,"_runtime":4531.068491289,"_timestamp":1.7476654216799803e+09,"val_accuracy":0.75,"train_loss":0.38108202815055847,"val_auroc":0.5,"val_loss":0.3757043182849884,"test_auroc":0.5,"_wandb":{"runtime":4531},"test_recall":0,"val_precision":0,"_step":35}