{"val_loss":1.841239094734192,"val_precision":0,"test_auroc":0.6155494451522827,"val_recall":0,"test_accuracy":0.75,"val_auroc":0.34285715222358704,"test_recall":0,"train_loss":1.822719693183899,"test_balanced_accuracy":0.5,"_runtime":396.720314111,"_step":54,"_timestamp":1.7495897158081577e+09,"test_precision":0,"train_auroc":0.522793710231781,"val_balanced_accuracy":0.5,"val_accuracy":0.7407407164573669,"_wandb":{"runtime":396}}