{"test_accuracy0.5":0.7088607549667358,"test_precision0.5":0.3333333432674408,"test_balanced_accuracy0.25":0.498728813559322,"test_accuracy0.25":0.6708860993385315,"_step":457,"val_accuracy0.5":0.7333333492279053,"test_balanced_accuracy0.5":0.5241525423728813,"val_recall0.5":0.3076923191547394,"_runtime":1252.293460384,"val_precision0.25":0.44999998807907104,"val_recall0.25":0.3461538553237915,"test_precision0.25":0.25,"val_balanced_accuracy0.25":0.6034566699123661,"train_auroc":1,"val_recall0.75":0.3076923191547394,"train_loss":0.016766129061579704,"test_recall0.25":0.15000000596046448,"val_balanced_accuracy0.75":0.5968841285296982,"val_accuracy0.75":0.7428571581840515,"test_accuracy0.75":0.7088607549667358,"test_recall0.75":0.10000000149011612,"val_precision0.5":0.4444444477558136,"val_precision0.75":0.47058823704719543,"val_balanced_accuracy0.5":0.5905550146056475,"test_precision0.75":0.2857142984867096,"val_accuracy0.25":0.7333333492279053,"test_recall0.5":0.15000000596046448,"test_balanced_accuracy0.75":0.5076271186440678,"val_auroc":0.6258519887924194,"test_auroc":0.5686440467834473,"_wandb":{"runtime":1252},"_timestamp":1.7504940774976819e+09}