val_loss,val_accuracy,val_auroc,val_precision,val_recall,epoch,step
0.3769104480743408,0.75,0.4322916269302368,0.0,0.0,0,17
0.36936861276626587,0.75,0.3541666567325592,0.0,0.0,1,35
