{"test_accuracy0.25":0.25,"test_balanced_accuracy0.25":0.5,"val_precision0.5":0,"test_precision0.75":0,"val_balanced_accuracy0.5":0.5,"test_accuracy0.5":0.75,"val_auroc":0.49328702688217163,"val_accuracy0.25":0.25233644247055054,"val_recall0.5":0,"test_balanced_accuracy0.5":0.5,"test_precision0.25":0.25,"test_precision0.5":0,"test_balanced_accuracy0.75":0.5,"val_accuracy0.5":0.7476635575294495,"val_recall0.25":1,"_timestamp":1.7545756531917117e+09,"val_precision0.75":0,"train_auroc":0.4454687833786011,"train_loss":2.0795819759368896,"_runtime":7654.584881833,"test_recall0.75":0,"test_accuracy0.75":0.75,"_wandb":{"runtime":7654},"test_recall0.25":1,"val_balanced_accuracy0.75":0.5,"val_balanced_accuracy0.25":0.5,"test_recall0.5":0,"test_auroc":0.4749999940395355,"_step":172,"val_recall0.75":0,"val_precision0.25":0.25233644247055054,"val_accuracy0.75":0.7476635575294495}