{"test_precision0.75":0,"test_balanced_accuracy0.25":0.5,"val_balanced_accuracy0.5":0.5,"test_accuracy0.25":0.25,"train_auroc":0.4281250238418579,"test_accuracy0.5":0.75,"test_recall0.5":0,"_step":150,"val_accuracy0.5":0.7476635575294495,"_wandb":{"runtime":6323},"test_precision0.25":0.25,"test_balanced_accuracy0.5":0.5,"val_auroc":0.5,"test_precision0.5":0,"test_accuracy0.75":0.75,"test_recall0.75":0,"_timestamp":1.754391214487295e+09,"val_accuracy0.25":0.25233644247055054,"test_balanced_accuracy0.75":0.5,"val_precision0.75":0,"test_recall0.25":1,"val_precision0.5":0,"val_precision0.25":0.25233644247055054,"val_recall0.25":1,"_runtime":6323.878027459,"val_recall0.5":0,"val_balanced_accuracy0.75":0.5,"val_recall0.75":0,"test_auroc":0.5,"train_loss":2.0797927379608154,"val_balanced_accuracy0.25":0.5,"val_accuracy0.75":0.7476635575294495}