{"val_loss":5.893832683563232,"test_auroc":0.5527146458625793,"train_auroc":1,"val_accuracy":0.7037037014961243,"_wandb":{"runtime":813},"test_recall":0.21875,"val_recall":0.2857142984867096,"val_auroc":0.8285714387893677,"test_accuracy":0.6335877776145935,"_runtime":813.440083698,"_step":111,"_timestamp":1.749546879385761e+09,"train_loss":0.0006469367654062808,"test_balanced_accuracy":0.4932133838383838,"test_precision":0.23333333432674408,"val_balanced_accuracy":0.5678571428571428,"val_precision":0.4000000059604645}