{"train_auroc":0.5,"_timestamp":1.7476699521552627e+09,"val_auroc":0.5,"val_accuracy":0.75,"test_auroc":0.5,"_runtime":4529.001287152,"test_recall":0,"test_precision":0,"_wandb":{"runtime":4529},"val_precision":0,"test_accuracy":0.75,"val_loss":0.37531906366348267,"train_loss":0.38044384121894836,"_step":35,"val_recall":0}