{"test_balanced_accuracy0.25":0.5148305084745763,"train_auroc":1,"val_precision0.25":0.27272728085517883,"test_precision0.5":0.23529411852359772,"val_accuracy0.25":0.6571428775787354,"val_recall0.25":0.23076923191547394,"test_recall0.25":0.25,"_runtime":2324.016653429,"test_accuracy0.75":0.6455696225166321,"val_recall0.5":0.23076923191547394,"_wandb":{"runtime":2324},"test_precision0.25":0.2777777910232544,"_timestamp":1.7508736058487434e+09,"train_loss":2.606149678285874e-07,"val_accuracy0.75":0.6857143044471741,"test_recall0.5":0.20000000298023224,"test_accuracy0.25":0.6455696225166321,"val_precision0.5":0.30000001192092896,"val_recall0.75":0.19230769574642181,"val_balanced_accuracy0.5":0.5267770204479065,"test_precision0.75":0.25,"val_precision0.75":0.29411765933036804,"val_accuracy0.5":0.6761904954910278,"test_auroc":0.5813559293746948,"val_balanced_accuracy0.25":0.5141187925998053,"val_auroc":0.5635345578193665,"test_recall0.75":0.20000000298023224,"test_balanced_accuracy0.75":0.49830508474576274,"_step":217,"test_balanced_accuracy0.5":0.4898305084745763,"test_accuracy0.5":0.6329113841056824,"val_balanced_accuracy0.75":0.5202044790652386}