{"test_recall0.75":0,"val_recall0.25":0,"_step":276,"val_precision0.75":0,"val_recall0.75":0,"_timestamp":1.7534589389580698e+09,"val_balanced_accuracy0.75":0.5,"val_accuracy0.25":0.7476635575294495,"test_balanced_accuracy0.75":0.5,"test_recall0.25":0,"train_loss":1.679313063621521,"val_accuracy0.75":0.7476635575294495,"test_accuracy0.75":0.75,"_runtime":731.095873913,"test_balanced_accuracy0.25":0.5,"val_recall0.5":0,"val_precision0.5":0,"val_accuracy0.5":0.7476635575294495,"test_balanced_accuracy0.5":0.5,"val_balanced_accuracy0.5":0.5,"test_accuracy0.25":0.75,"test_precision0.25":0,"_wandb":{"runtime":731},"train_auroc":0.6386613845825195,"test_auroc":0.5533332824707031,"test_precision0.5":0,"val_auroc":0.5217592716217041,"val_balanced_accuracy0.25":0.5,"test_recall0.5":0,"test_precision0.75":0,"val_precision0.25":0,"test_accuracy0.5":0.75}