{"test_auroc":0.5116666555404663,"test_balanced_accuracy0.25":0.5,"_runtime":2320.398227562,"val_recall0.75":0,"test_recall0.75":0,"_timestamp":1.7549601927718902e+09,"val_balanced_accuracy0.25":0.5,"test_recall0.5":1,"val_precision0.25":0.25233644247055054,"test_precision0.75":0,"train_loss":2.0581777095794678,"val_precision0.75":0,"val_accuracy0.5":0.25233644247055054,"val_accuracy0.75":0.7476635575294495,"test_accuracy0.5":0.25,"test_balanced_accuracy0.5":0.5,"val_accuracy0.25":0.25233644247055054,"test_precision0.5":0.25,"test_precision0.25":0.25,"val_auroc":0.522685170173645,"val_precision0.5":0.25233644247055054,"val_balanced_accuracy0.75":0.5,"_step":330,"val_recall0.5":1,"_wandb":{"runtime":2320},"test_accuracy0.25":0.25,"test_recall0.25":1,"test_accuracy0.75":0.75,"train_auroc":0.47555798292160034,"val_balanced_accuracy0.5":0.5,"val_recall0.25":1,"test_balanced_accuracy0.75":0.5}