{"test_accuracy0.75":0.5,"test_recall0.75":0,"test_precision0.5":0.5,"test_balanced_accuracy0.25":0.5,"test_balanced_accuracy0.5":0.5,"_timestamp":1.751281692995348e+09,"test_precision0.25":0.5,"_wandb":{"runtime":4},"val_recall0.75":0,"test_balanced_accuracy0.75":0.5,"val_recall0.5":1,"val_balanced_accuracy0.25":0.5,"val_precision0.5":0.3333333432674408,"test_accuracy0.25":0.5,"val_accuracy0.25":0.3333333432674408,"test_accuracy0.5":0.5,"test_recall0.25":1,"_runtime":4.939812,"val_precision0.75":0,"val_precision0.25":0.3333333432674408,"val_recall0.25":1,"train_auroc":0,"val_balanced_accuracy0.5":0.5,"_step":1,"val_auroc":0,"test_recall0.5":1,"train_loss":0.7008737325668335,"test_precision0.75":0,"val_balanced_accuracy0.75":0.5,"val_accuracy0.5":0.3333333432674408,"val_accuracy0.75":0.6666666865348816,"test_auroc":1}