{"val_accuracy0.5":0.6571428775787354,"val_accuracy0.75":0.6857143044471741,"val_balanced_accuracy0.5":0.5270204479065238,"test_precision0.75":0.27272728085517883,"val_balanced_accuracy0.25":0.5270204479065238,"val_recall0.5":0.26923078298568726,"test_accuracy0.75":0.6835442781448364,"_runtime":4189.863379856,"val_recall0.25":0.26923078298568726,"_timestamp":1.750086049650429e+09,"val_accuracy0.25":0.6571428775787354,"test_balanced_accuracy0.5":0.523728813559322,"val_precision0.5":0.2916666567325592,"val_recall0.75":0.26923078298568726,"test_precision0.25":0.2857142984867096,"test_recall0.5":0.20000000298023224,"train_auroc":0.9999999403953552,"val_precision0.25":0.2916666567325592,"test_balanced_accuracy0.75":0.5072033898305085,"_wandb":{"runtime":4189},"val_auroc":0.5060856938362122,"test_balanced_accuracy0.25":0.5152542372881356,"train_loss":1.200202248696769e-08,"val_balanced_accuracy0.75":0.5460077896786758,"test_recall0.75":0.15000000596046448,"test_auroc":0.5211864709854126,"_step":999,"test_accuracy0.25":0.6708860993385315,"test_precision0.5":0.3076923191547394,"val_precision0.75":0.3333333432674408,"test_accuracy0.5":0.6835442781448364,"test_recall0.25":0.20000000298023224}