{"val_recall0.75":0.03846153989434242,"val_accuracy0.5":0.7547169923782349,"train_auroc":1,"_wandb":{"runtime":3163},"val_accuracy0.75":0.7641509175300598,"test_recall0.25":0.05000000074505806,"test_balanced_accuracy0.75":0.5,"val_balanced_accuracy0.75":0.5192307692307693,"test_accuracy0.5":0.75,"test_accuracy0.25":0.6875,"_timestamp":1.7550413199185736e+09,"test_precision0.25":0.1428571492433548,"test_recall0.75":0,"test_auroc":0.6433333158493042,"test_balanced_accuracy0.5":0.5,"val_recall0.25":0.03846153989434242,"train_loss":0.009621541015803814,"val_accuracy0.25":0.6886792182922363,"val_recall0.5":0.03846153989434242,"val_balanced_accuracy0.5":0.5129807692307693,"test_accuracy0.75":0.75,"test_precision0.75":0,"test_balanced_accuracy0.25":0.47500000000000003,"val_balanced_accuracy0.25":0.46923076923076923,"_runtime":3163.597646766,"val_precision0.25":0.1111111119389534,"_step":524,"val_precision0.5":0.5,"val_precision0.75":1,"val_auroc":0.4663461446762085,"test_precision0.5":0,"test_recall0.5":0}