{"test_precision":0,"test_accuracy":0.746835470199585,"_step":35,"_wandb":{"runtime":644},"_timestamp":1.7477022915123131e+09,"_runtime":642.117417599,"train_loss":0.37638136744499207,"val_loss":0.4016735255718231,"val_recall":0,"test_auroc":0.5,"val_accuracy":0.75,"val_auroc":0.5,"test_recall":0,"train_auroc":0.5,"val_precision":0}