{"val_precision0.75":0.2083333283662796,"val_recall0.25":0.23076923191547394,"_wandb":{"runtime":1683},"_timestamp":1.7535326930914123e+09,"test_recall0.5":0.15000000596046448,"test_balanced_accuracy0.5":0.5,"val_auroc":0.4754807949066162,"test_recall0.25":0.20000000298023224,"val_balanced_accuracy0.25":0.4716346153846154,"_runtime":1683.170316007,"train_auroc":1,"test_accuracy0.75":0.7250000238418579,"test_precision0.75":0.375,"val_recall0.75":0.19230769574642181,"test_accuracy0.5":0.675000011920929,"val_accuracy0.5":0.6037735939025879,"_step":195,"test_balanced_accuracy0.75":0.5333333333333333,"test_balanced_accuracy0.25":0.5166666666666667,"test_recall0.75":0.15000000596046448,"val_recall0.5":0.19230769574642181,"test_accuracy0.25":0.675000011920929,"val_balanced_accuracy0.75":0.4774038461538461,"test_precision0.5":0.25,"test_auroc":0.5662499666213989,"val_accuracy0.75":0.6226415038108826,"val_balanced_accuracy0.5":0.46490384615384617,"val_precision0.25":0.2068965584039688,"val_precision0.5":0.19230769574642181,"train_loss":1.0877145228960217e-07,"val_accuracy0.25":0.5943396091461182,"test_precision0.25":0.2857142984867096}