{"val_recall0.25":0.4444444477558136,"val_accuracy0.75":0.7264150977134705,"_timestamp":1.7537856767730114e+09,"_step":999,"val_precision0.75":0,"test_recall0.75":0,"val_balanced_accuracy0.75":0.4873417721518987,"test_accuracy0.75":0.7250000238418579,"val_accuracy0.25":0.4716981053352356,"test_auroc":0.6058332920074463,"test_balanced_accuracy0.5":0.525,"test_balanced_accuracy0.25":0.6166666666666667,"val_balanced_accuracy0.25":0.46272855133614627,"train_auroc":0.936093807220459,"test_precision0.25":0.34210526943206787,"val_auroc":0.4374120831489563,"test_recall0.25":0.6499999761581421,"val_precision0.25":0.22641509771347046,"_wandb":{"runtime":3497},"test_accuracy0.25":0.6000000238418579,"test_accuracy0.5":0.7124999761581421,"val_balanced_accuracy0.5":0.4601500234411627,"_runtime":3497.588228064,"val_precision0.5":0.1818181872367859,"test_balanced_accuracy0.75":0.48333333333333334,"test_precision0.75":0,"val_recall0.75":0,"val_accuracy0.5":0.6132075190544128,"test_precision0.5":0.3333333432674408,"train_loss":0.9153060913085938,"test_recall0.5":0.15000000596046448,"val_recall0.5":0.14814814925193787}