{"val_recall":0,"test_precision":0,"test_auroc":0.43679219484329224,"_wandb":{"runtime":399},"test_recall":0,"test_balanced_accuracy":0.5,"val_precision":0,"train_loss":1.955541729927063,"_runtime":399.714486566,"_step":53,"train_auroc":0.5220143795013428,"val_loss":1.9583090543746948,"_timestamp":1.7495319483665364e+09,"val_auroc":0.5642857551574707,"val_accuracy":0.7407407164573669,"test_accuracy":0.75,"val_balanced_accuracy":0.5}