{"val_balanced_accuracy0.75":0.5,"val_precision0.5":0.24761904776096344,"test_balanced_accuracy0.75":0.5,"val_balanced_accuracy0.25":0.5,"_wandb":{"runtime":1692},"val_balanced_accuracy0.5":0.5,"_runtime":1692.744747895,"test_precision0.75":0,"test_precision0.25":0.2531645596027374,"_timestamp":1.7508753001847663e+09,"test_accuracy0.25":0.2531645596027374,"test_recall0.75":0,"test_precision0.5":0.2531645596027374,"_step":157,"test_recall0.25":1,"val_recall0.75":0,"val_recall0.5":1,"test_accuracy0.5":0.2531645596027374,"val_precision0.25":0.24761904776096344,"val_accuracy0.5":0.24761904776096344,"train_loss":2.08850359916687,"train_auroc":0.5611013174057007,"val_accuracy0.75":0.7523809671401978,"test_recall0.5":1,"val_precision0.75":0,"test_balanced_accuracy0.5":0.5,"val_accuracy0.25":0.24761904776096344,"test_auroc":0.5169491767883301,"test_balanced_accuracy0.25":0.5,"val_recall0.25":1,"test_accuracy0.75":0.746835470199585,"val_auroc":0.5087634325027466}