{"val_recall0.5":0,"val_balanced_accuracy0.25":0.5038948393378773,"test_balanced_accuracy0.75":0.5,"test_precision0.75":0,"val_accuracy0.75":0.7523809671401978,"train_auroc":0.6295033693313599,"val_recall0.25":0.6153846383094788,"test_precision0.5":0,"test_balanced_accuracy0.5":0.5,"test_recall0.75":0,"test_recall0.5":0,"test_accuracy0.75":0.746835470199585,"val_recall0.75":0,"val_balanced_accuracy0.5":0.5,"_runtime":3455.86760719,"val_auroc":0.5481986403465271,"test_recall0.25":0.6499999761581421,"test_accuracy0.5":0.746835470199585,"val_precision0.5":0,"test_auroc":0.5144068002700806,"train_loss":1.6529431343078613,"_wandb":{"runtime":3455},"val_balanced_accuracy0.75":0.5,"val_accuracy0.5":0.7523809671401978,"val_precision0.75":0,"_step":999,"test_balanced_accuracy0.25":0.5368644067796611,"_timestamp":1.7501335260903547e+09,"val_precision0.25":0.25,"test_precision0.25":0.27659574151039124,"test_accuracy0.25":0.4810126721858978,"val_accuracy0.25":0.4476190507411957}