{"val_precision":0.75,"test_recall":0.75,"test_auroc":0.5983333587646484,"_wandb":{"runtime":2552},"test_accuracy":0.75,"_runtime":2552.40481089,"train_loss":0.5186498761177063,"test_balanced_accuracy":0.5,"val_loss":1.5873661041259766,"test_precision":0.75,"train_auroc":0.8236238956451416,"val_balanced_accuracy":0.5,"val_recall":0.75,"val_accuracy":0.75,"val_auroc":0.5104166269302368,"_step":60,"_timestamp":1.7483480051857877e+09}