{"val_precision":0,"_runtime":204.600609543,"test_balanced_accuracy":0.5,"_wandb":{"runtime":204},"train_auroc":0.5530977845191956,"val_accuracy":0.7407407164573669,"train_loss":1.6910568475723267,"test_auroc":0.5255681872367859,"test_recall":0,"val_loss":1.7134331464767456,"test_accuracy":0.7557252049446106,"_step":50,"val_recall":0,"val_balanced_accuracy":0.5,"test_precision":0,"_timestamp":1.7494955585401385e+09,"val_auroc":0.6785714626312256}