{"_timestamp":1.7514990217741854e+09,"test_precision0.75":0,"test_accuracy0.5":0.6835442781448364,"val_recall0.75":0,"val_recall0.25":0.807692289352417,"test_accuracy0.25":0.4810126721858978,"_step":999,"test_precision0.5":0.3333333432674408,"val_accuracy0.75":0.7428571581840515,"val_precision0.5":0.2777777910232544,"test_recall0.25":0.75,"train_loss":1.115885853767395,"val_balanced_accuracy0.25":0.5937195715676729,"val_precision0.25":0.30000001192092896,"test_recall0.5":0.25,"val_accuracy0.25":0.48571428656578064,"val_balanced_accuracy0.75":0.4936708860759494,"test_balanced_accuracy0.5":0.5402542372881356,"test_accuracy0.75":0.7341772317886353,"test_precision0.25":0.29411765933036804,"val_recall0.5":0.19230769574642181,"val_auroc":0.5530672073364258,"test_auroc":0.6059322357177734,"test_balanced_accuracy0.75":0.4915254237288136,"test_balanced_accuracy0.25":0.5699152542372882,"_wandb":{"runtime":6245},"train_auroc":0.9209260940551758,"val_precision0.75":0,"test_recall0.75":0,"val_balanced_accuracy0.5":0.5138753651411879,"_runtime":6245.357095921,"val_accuracy0.5":0.6761904954910278}