{"val_accuracy0.5":0.5283018946647644,"val_accuracy0.25":0.24528302252292633,"val_accuracy0.75":0.7547169923782349,"val_precision0.5":0.26923078298568726,"test_balanced_accuracy0.25":0.5,"_step":424,"test_precision0.25":0.25,"test_accuracy0.5":0.5874999761581421,"val_auroc":0.5389423370361328,"test_precision0.75":0,"test_precision0.5":0.3243243098258972,"test_auroc":0.5283333659172058,"test_accuracy0.75":0.75,"_timestamp":1.7536110391313505e+09,"train_loss":2.068171739578247,"val_balanced_accuracy0.75":0.5,"val_precision0.75":0,"test_balanced_accuracy0.75":0.5,"val_recall0.25":1,"test_recall0.25":1,"val_recall0.5":0.5384615659713745,"test_accuracy0.25":0.25,"val_precision0.25":0.24528302252292633,"val_balanced_accuracy0.25":0.5,"test_recall0.75":0,"train_auroc":0.5716817378997803,"val_recall0.75":0,"test_recall0.5":0.6000000238418579,"_wandb":{"runtime":2638},"_runtime":2638.196560906,"val_balanced_accuracy0.5":0.5317307692307692,"test_balanced_accuracy0.5":0.5916666666666667}