{"val_precision0.75":0.3571428656578064,"test_recall0.25":0.75,"val_precision0.5":0.3214285671710968,"val_balanced_accuracy0.5":0.5528237585199611,"test_precision0.75":0.3333333432674408,"_runtime":3599.748339843,"test_accuracy0.75":0.7341772317886353,"test_recall0.75":0.05000000074505806,"test_auroc":0.6533898115158081,"test_precision0.25":0.3333333432674408,"test_balanced_accuracy0.5":0.5156779661016949,"val_balanced_accuracy0.25":0.5611002921129503,"val_recall0.5":0.3461538553237915,"val_accuracy0.75":0.7142857313156128,"val_precision0.25":0.2881355881690979,"test_balanced_accuracy0.25":0.6207627118644068,"val_accuracy0.25":0.5142857432365417,"val_balanced_accuracy0.75":0.5391918208373905,"test_recall0.5":0.15000000596046448,"_timestamp":1.7502918118600762e+09,"val_recall0.75":0.19230769574642181,"test_accuracy0.25":0.5569620132446289,"_wandb":{"runtime":3599},"test_precision0.5":0.30000001192092896,"train_auroc":0.9567376375198364,"train_loss":0.8569676876068115,"val_accuracy0.5":0.6571428775787354,"test_balanced_accuracy0.75":0.5080508474576271,"_step":999,"val_recall0.25":0.6538461446762085,"test_accuracy0.5":0.6962025165557861,"val_auroc":0.5647517442703247}