{"_step":417,"val_balanced_accuracy0.25":0.4245374878286271,"train_auroc":1,"test_recall0.75":0,"test_precision0.25":0.20000000298023224,"test_accuracy0.5":0.6835442781448364,"val_accuracy0.5":0.7047619223594666,"val_recall0.5":0.03846153989434242,"val_balanced_accuracy0.5":0.48125608568646544,"val_balanced_accuracy0.75":0.4873417721518987,"val_precision0.5":0.1428571492433548,"_runtime":1441.093719096,"test_precision0.75":0,"test_precision0.5":0.2222222238779068,"test_auroc":0.5415254831314087,"test_balanced_accuracy0.75":0.4745762711864407,"val_precision0.25":0.10000000149011612,"val_accuracy0.25":0.6000000238418579,"train_loss":0.019682006910443306,"test_balanced_accuracy0.25":0.46440677966101696,"val_recall0.75":0,"_wandb":{"runtime":1441},"test_accuracy0.25":0.594936728477478,"val_accuracy0.75":0.7333333492279053,"val_recall0.25":0.07692307978868484,"test_recall0.25":0.20000000298023224,"val_precision0.75":0,"_timestamp":1.750193209026307e+09,"test_balanced_accuracy0.5":0.4906779661016949,"test_accuracy0.75":0.7088607549667358,"test_recall0.5":0.10000000149011612,"val_auroc":0.5185004472732544}