{"val_accuracy0.25":0.6190476417541504,"test_balanced_accuracy0.75":0.4902542372881356,"_runtime":1195.613520114,"val_balanced_accuracy0.5":0.4756572541382668,"test_precision0.25":0.25,"train_loss":0.040315575897693634,"val_recall0.75":0.11538461595773697,"_step":318,"test_accuracy0.75":0.6582278609275818,"val_accuracy0.5":0.6380952596664429,"val_balanced_accuracy0.75":0.4690847127555989,"test_recall0.75":0.15000000596046448,"_timestamp":1.7505587260899694e+09,"val_precision0.75":0.1764705926179886,"test_balanced_accuracy0.25":0.49830508474576274,"test_recall0.5":0.20000000298023224,"val_recall0.5":0.1538461595773697,"val_precision0.5":0.20000000298023224,"test_accuracy0.25":0.6455696225166321,"test_accuracy0.5":0.6455696225166321,"val_recall0.25":0.23076923191547394,"test_recall0.25":0.20000000298023224,"val_auroc":0.49805259704589844,"test_balanced_accuracy0.5":0.49830508474576274,"val_precision0.25":0.23076923191547394,"val_balanced_accuracy0.25":0.48880233690360275,"val_accuracy0.75":0.6476190686225891,"test_auroc":0.5177966356277466,"test_precision0.5":0.25,"train_auroc":0.9993914365768433,"test_precision0.75":0.23076923191547394,"_wandb":{"runtime":1195}}