{"val_accuracy":0.75,"val_loss":0.6818935871124268,"_runtime":1765.007646522,"test_accuracy":0.746835470199585,"_wandb":{"runtime":1765},"_step":76,"val_balanced_accuracy":0.5,"test_balanced_accuracy":0.5,"val_auroc":0.27734375,"train_loss":0.6916372776031494,"test_recall":0.746835470199585,"_timestamp":1.7478535140795622e+09,"val_precision":0.75,"test_precision":0.746835470199585,"val_recall":0.75,"test_auroc":0.37711864709854126,"train_auroc":0.44104626774787903}