{"test_recall0.5":0.30000001192092896,"test_accuracy0.5":0.762499988079071,"val_balanced_accuracy0.75":0.475,"test_accuracy0.75":0.75,"val_accuracy0.25":0.349056601524353,"val_precision0.75":0,"val_recall0.5":0.26923078298568726,"test_recall0.75":0.05000000074505806,"val_precision0.25":0.22077922523021698,"test_balanced_accuracy0.75":0.5166666666666666,"test_precision0.75":0.5,"_timestamp":1.7542601396343074e+09,"val_precision0.5":0.30434781312942505,"test_precision0.5":0.5454545617103577,"val_balanced_accuracy0.5":0.5346153846153846,"val_recall0.25":0.6538461446762085,"test_accuracy0.25":0.5249999761581421,"_step":999,"test_balanced_accuracy0.5":0.6083333333333333,"val_balanced_accuracy0.25":0.4519230769230769,"_wandb":{"runtime":10993},"train_auroc":0.8159091472625732,"test_precision0.25":0.3199999928474426,"val_auroc":0.4956730604171753,"val_accuracy0.5":0.6698113083839417,"val_recall0.75":0,"test_balanced_accuracy0.25":0.6166666666666667,"test_recall0.25":0.800000011920929,"train_loss":1.4522992372512817,"_runtime":10993.718636181,"test_auroc":0.675000011920929,"val_accuracy0.75":0.7169811129570007}