{"_runtime":2189.581440378,"test_recall0.75":0,"val_accuracy0.25":0.24761904776096344,"val_balanced_accuracy0.25":0.5,"val_accuracy0.5":0.5428571701049805,"val_recall0.25":1,"val_recall0.75":0,"test_precision0.25":0.2531645596027374,"val_auroc":0.4688412845134735,"val_balanced_accuracy0.75":0.5,"test_balanced_accuracy0.5":0.513135593220339,"test_recall0.5":0.44999998807907104,"test_precision0.75":0,"val_balanced_accuracy0.5":0.46397273612463485,"val_recall0.5":0.3076923191547394,"test_balanced_accuracy0.25":0.5,"_wandb":{"runtime":2189},"val_precision0.25":0.24761904776096344,"val_precision0.75":0,"val_accuracy0.75":0.7523809671401978,"test_accuracy0.25":0.2531645596027374,"test_accuracy0.75":0.746835470199585,"test_auroc":0.5135593414306641,"train_auroc":0.6701450347900391,"val_precision0.5":0.21052631735801697,"test_precision0.5":0.2647058963775635,"train_loss":1.9290752410888672,"test_accuracy0.5":0.5443037748336792,"test_balanced_accuracy0.75":0.5,"_timestamp":1.7515138144488783e+09,"_step":407,"test_recall0.25":1}