{"test_recall":0.30000001192092896,"val_auroc":0.5833333730697632,"val_loss":0.8834511041641235,"val_precision":0.375,"_step":75,"test_accuracy":0.6202531456947327,"val_recall":0.375,"test_precision":0.27272728085517883,"val_accuracy":0.6875,"_timestamp":1.7474488169433548e+09,"test_auroc":0.5144067406654358,"_runtime":894.640303297,"_wandb":{"runtime":895},"train_loss":0.011342804878950119,"train_auroc":0.9976525902748108}