{"val_balanced_accuracy0.5":0.5342592592592592,"val_balanced_accuracy0.25":0.5,"test_accuracy0.25":0.25,"val_accuracy0.5":0.5420560836791992,"val_recall0.75":0,"train_auroc":0.5529547929763794,"val_auroc":0.542129635810852,"val_precision0.75":0,"test_accuracy0.75":0.75,"_timestamp":1.7550790611812463e+09,"test_balanced_accuracy0.75":0.5,"test_precision0.5":0.2857142984867096,"_step":446,"val_recall0.25":1,"val_accuracy0.75":0.7476635575294495,"val_recall0.5":0.5185185074806213,"test_recall0.25":1,"val_accuracy0.25":0.25233644247055054,"val_precision0.5":0.2800000011920929,"test_recall0.75":0,"val_balanced_accuracy0.75":0.5,"train_loss":2.0685927867889404,"test_balanced_accuracy0.5":0.5416666666666667,"test_recall0.5":0.5,"_runtime":2698.723261368,"test_precision0.75":0,"test_accuracy0.5":0.5625,"val_precision0.25":0.25233644247055054,"_wandb":{"runtime":2698},"test_precision0.25":0.25,"test_auroc":0.5199999809265137,"test_balanced_accuracy0.25":0.5}