{"val_balanced_accuracy0.25":0.5171120487576184,"test_recall0.5":0.20000000298023224,"val_precision0.25":0.3076923191547394,"test_accuracy0.75":0.75,"val_precision0.5":0.3636363744735718,"test_accuracy0.25":0.75,"val_recall0.5":0.14814814925193787,"val_accuracy0.75":0.7169811129570007,"val_recall0.25":0.14814814925193787,"val_auroc":0.49507737159729004,"test_accuracy0.5":0.75,"test_balanced_accuracy0.75":0.5499999999999999,"val_balanced_accuracy0.5":0.5297702766057196,"test_precision0.75":0.5,"test_recall0.75":0.15000000596046448,"val_precision0.75":0.3333333432674408,"test_precision0.5":0.5,"test_precision0.25":0.5,"test_auroc":0.57833331823349,"_timestamp":1.7534787458795445e+09,"train_auroc":1,"_wandb":{"runtime":2459},"val_balanced_accuracy0.75":0.5175808720112518,"train_loss":1.0515036592551041e-05,"_runtime":2459.134907968,"val_accuracy0.5":0.7169811129570007,"val_accuracy0.25":0.698113203048706,"val_recall0.75":0.1111111119389534,"test_balanced_accuracy0.5":0.5666666666666667,"test_balanced_accuracy0.25":0.5833333333333333,"_step":416,"test_recall0.25":0.25}