{"val_balanced_accuracy0.25":0.5,"_step":551,"_timestamp":1.7513845971023269e+09,"test_recall0.5":1,"test_precision0.25":0.2531645596027374,"test_balanced_accuracy0.5":0.5,"test_precision0.5":0.2531645596027374,"train_loss":2.093623399734497,"val_balanced_accuracy0.75":0.5,"test_accuracy0.25":0.2531645596027374,"test_recall0.25":1,"val_recall0.75":0,"val_accuracy0.5":0.24761904776096344,"test_balanced_accuracy0.25":0.5,"test_precision0.75":0,"val_auroc":0.5070594549179077,"val_accuracy0.75":0.7523809671401978,"test_balanced_accuracy0.75":0.5,"val_accuracy0.25":0.24761904776096344,"_wandb":{"runtime":4446},"test_recall0.75":0,"test_auroc":0.5249999761581421,"val_precision0.75":0,"val_recall0.25":1,"train_auroc":0.4355672299861908,"val_precision0.5":0.24761904776096344,"test_accuracy0.5":0.2531645596027374,"test_accuracy0.75":0.746835470199585,"val_balanced_accuracy0.5":0.5,"val_precision0.25":0.24761904776096344,"val_recall0.5":1,"_runtime":4446.534768361}