{"test_recall0.5":0.550000011920929,"train_auroc":1,"val_balanced_accuracy0.75":0.48564814814814816,"test_recall0.25":0.550000011920929,"test_precision0.75":0.3333333432674408,"_step":312,"test_accuracy0.75":0.625,"_runtime":7517.440944709,"test_balanced_accuracy0.25":0.5333333333333334,"val_balanced_accuracy0.5":0.5097222222222222,"val_recall0.75":0.29629629850387573,"val_precision0.5":0.260869562625885,"val_accuracy0.75":0.5794392228126526,"_timestamp":1.7539471998925292e+09,"val_accuracy0.5":0.5420560836791992,"val_accuracy0.25":0.42990654706954956,"test_balanced_accuracy0.75":0.5833333333333333,"test_recall0.75":0.5,"_wandb":{"runtime":7517},"test_accuracy0.5":0.6000000238418579,"test_auroc":0.6050000190734863,"val_recall0.5":0.4444444477558136,"test_precision0.5":0.3235294222831726,"val_precision0.75":0.23529411852359772,"val_auroc":0.5115740895271301,"test_balanced_accuracy0.5":0.5833333333333334,"val_recall0.25":0.6296296119689941,"val_balanced_accuracy0.25":0.4960648148148148,"train_loss":0.007773637305945158,"test_accuracy0.25":0.5249999761581421,"val_precision0.25":0.25,"test_precision0.25":0.2750000059604645}