{"_wandb":{"runtime":1037},"test_accuracy0.5":0.5063291192054749,"train_auroc":0.684325098991394,"_step":305,"test_accuracy0.75":0.746835470199585,"test_balanced_accuracy0.25":0.5,"_runtime":1037.106295179,"val_accuracy0.25":0.24761904776096344,"test_balanced_accuracy0.5":0.5042372881355932,"val_accuracy0.5":0.5904762148857117,"val_precision0.75":0,"test_recall0.25":1,"val_balanced_accuracy0.25":0.5,"val_auroc":0.6024829149246216,"test_recall0.75":0,"test_precision0.75":0,"val_recall0.5":0.6153846383094788,"_timestamp":1.750288795055146e+09,"val_precision0.5":0.3265306055545807,"val_accuracy0.75":0.7523809671401978,"val_balanced_accuracy0.5":0.5988315481986368,"test_balanced_accuracy0.75":0.5,"test_accuracy0.25":0.2531645596027374,"test_recall0.5":0.5,"test_precision0.5":0.25641027092933655,"test_precision0.25":0.2531645596027374,"train_loss":2.0774834156036377,"test_auroc":0.4864406883716583,"val_balanced_accuracy0.75":0.5,"val_recall0.25":1,"val_precision0.25":0.24761904776096344,"val_recall0.75":0}