{"_timestamp":1.7494644992124517e+09,"val_auroc":0.5857142806053162,"test_auroc":0.5062748789787292,"train_loss":1.5910354852676392,"_runtime":414.825742373,"_wandb":{"runtime":414},"val_precision":0,"train_auroc":0.6539060473442078,"_step":77,"test_recall":0,"test_precision":0,"val_loss":1.821263074874878,"val_accuracy":0.7407407164573669,"val_balanced_accuracy":0.5,"val_recall":0,"test_balanced_accuracy":0.494949494949495,"test_accuracy":0.7424242496490479}