{"test_recall0.75":0,"val_recall0.75":0,"test_precision0.25":0.28125,"val_balanced_accuracy0.75":0.5,"test_balanced_accuracy0.75":0.5,"test_precision0.75":0,"train_loss":1.6649121046066284,"test_auroc":0.47627121210098267,"val_recall0.5":0,"test_recall0.25":0.44999998807907104,"test_accuracy0.75":0.746835470199585,"val_accuracy0.5":0.7523809671401978,"val_accuracy0.75":0.7523809671401978,"_step":999,"test_balanced_accuracy0.5":0.5,"_runtime":2654.817252626,"test_accuracy0.25":0.5696202516555786,"_timestamp":1.750527623792129e+09,"val_balanced_accuracy0.5":0.5,"test_recall0.5":0,"val_precision0.75":0,"train_auroc":0.6293816566467285,"_wandb":{"runtime":2654},"val_recall0.25":0.5769230723381042,"val_precision0.25":0.3191489279270172,"val_accuracy0.25":0.5904762148857117,"test_accuracy0.5":0.746835470199585,"test_precision0.5":0,"val_auroc":0.5922590494155884,"test_balanced_accuracy0.25":0.5300847457627119,"val_balanced_accuracy0.25":0.5859298928919181,"val_precision0.5":0}