{"val_precision0.75":0.4285714328289032,"test_auroc":0.6432203054428101,"val_recall0.25":0.3076923191547394,"test_accuracy0.75":0.746835470199585,"test_balanced_accuracy0.5":0.5991525423728814,"test_balanced_accuracy0.75":0.5826271186440678,"val_precision0.25":0.47058823704719543,"val_balanced_accuracy0.5":0.5647517039922103,"val_recall0.75":0.23076923191547394,"val_accuracy0.5":0.7333333492279053,"test_recall0.25":0.30000001192092896,"test_recall0.75":0.25,"test_precision0.25":0.4285714328289032,"val_recall0.5":0.23076923191547394,"test_accuracy0.25":0.7215189933776855,"train_auroc":1,"_step":457,"val_accuracy0.75":0.7333333492279053,"train_loss":1.1859498954436276e-05,"val_balanced_accuracy0.25":0.5968841285296982,"_wandb":{"runtime":2635},"test_balanced_accuracy0.25":0.5822033898305085,"val_precision0.5":0.4285714328289032,"test_precision0.5":0.5,"val_accuracy0.25":0.7428571581840515,"val_auroc":0.5637780427932739,"_timestamp":1.7501538722552574e+09,"test_recall0.5":0.30000001192092896,"val_balanced_accuracy0.75":0.5647517039922103,"test_precision0.75":0.5,"test_accuracy0.5":0.746835470199585,"_runtime":2635.092891303}