{"train_auroc":0.7512109279632568,"test_balanced_accuracy0.25":0.47500000000000003,"test_accuracy0.5":0.7250000238418579,"val_balanced_accuracy0.25":0.5126582278481012,"test_precision0.25":0.23999999463558197,"test_auroc":0.6008332967758179,"_timestamp":1.7538223684820583e+09,"val_precision0.75":0,"test_balanced_accuracy0.5":0.6,"test_recall0.75":0,"val_precision0.5":0.20000000298023224,"test_accuracy0.25":0.26249998807907104,"val_accuracy0.75":0.7358490824699402,"_runtime":4114.593840785,"val_balanced_accuracy0.75":0.4936708860759494,"val_auroc":0.5246132612228394,"test_recall0.5":0.3499999940395355,"val_precision0.25":0.25961539149284363,"_step":999,"val_accuracy0.25":0.27358490228652954,"test_accuracy0.75":0.75,"val_recall0.75":0,"val_balanced_accuracy0.5":0.47280825128926396,"train_loss":1.745202660560608,"val_accuracy0.5":0.6320754885673523,"test_precision0.75":0,"val_recall0.25":1,"_wandb":{"runtime":4114},"test_recall0.25":0.8999999761581421,"test_precision0.5":0.4375,"test_balanced_accuracy0.75":0.5,"val_recall0.5":0.14814814925193787}