{"val_accuracy0.75":0.6226415038108826,"test_recall0.75":0.10000000149011612,"test_balanced_accuracy0.5":0.49166666666666664,"val_precision0.5":0.24137930572032928,"test_precision0.75":0.2222222238779068,"val_precision0.25":0.24137930572032928,"test_accuracy0.5":0.6875,"val_recall0.25":0.26923078298568726,"test_balanced_accuracy0.25":0.475,"val_balanced_accuracy0.5":0.4971153846153846,"test_balanced_accuracy0.75":0.49166666666666664,"train_loss":8.599893590144347e-06,"_wandb":{"runtime":1474},"test_precision0.25":0.1818181872367859,"val_recall0.75":0.26923078298568726,"test_auroc":0.4724999964237213,"_step":211,"val_balanced_accuracy0.25":0.4971153846153846,"test_accuracy0.75":0.6875,"_timestamp":1.7539299763663285e+09,"val_precision0.75":0.25,"test_recall0.25":0.10000000149011612,"train_auroc":1,"_runtime":1474.82398295,"val_recall0.5":0.26923078298568726,"test_precision0.5":0.2222222238779068,"val_accuracy0.25":0.6132075190544128,"test_accuracy0.25":0.6625000238418579,"test_recall0.5":0.10000000149011612,"val_balanced_accuracy0.75":0.5033653846153846,"val_auroc":0.5341346263885498,"val_accuracy0.5":0.6132075190544128}