{"test_precision0.25":0.23255814611911774,"val_accuracy0.5":0.5523809790611267,"val_balanced_accuracy0.75":0.5343232716650438,"val_precision0.5":0.2666666805744171,"test_recall0.75":0.4000000059604645,"_timestamp":1.7514239117283933e+09,"val_recall0.5":0.4615384638309479,"test_balanced_accuracy0.25":0.4703389830508474,"test_recall0.5":0.44999998807907104,"_step":384,"val_precision0.75":0.28205129504203796,"test_precision0.75":0.24242424964904785,"_wandb":{"runtime":1720},"_runtime":1720.181964994,"val_balanced_accuracy0.5":0.52190847127556,"val_auroc":0.5165530443191528,"val_precision0.25":0.2830188572406769,"test_balanced_accuracy0.5":0.4877118644067797,"val_recall0.75":0.42307692766189575,"test_precision0.5":0.2432432472705841,"train_loss":0.03795066475868225,"test_accuracy0.75":0.5316455960273743,"val_accuracy0.25":0.5333333611488342,"val_recall0.25":0.5769230723381042,"test_recall0.25":0.5,"test_accuracy0.5":0.5063291192054749,"train_auroc":1,"test_balanced_accuracy0.75":0.488135593220339,"val_balanced_accuracy0.25":0.5479552093476143,"val_accuracy0.75":0.5904762148857117,"test_auroc":0.5330508351325989,"test_accuracy0.25":0.4556961953639984}