{"test_auroc":0.7025424242019653,"test_recall0.5":0.3499999940395355,"val_recall0.25":0.3076923191547394,"test_precision0.75":0.4285714328289032,"_runtime":2147.618549987,"val_precision0.75":0.3478260934352875,"val_accuracy0.75":0.6857143044471741,"test_balanced_accuracy0.5":0.5987288135593221,"val_auroc":0.6163583397865295,"test_precision0.5":0.4375,"test_balanced_accuracy0.75":0.5822033898305085,"test_recall0.75":0.30000001192092896,"val_accuracy0.5":0.6761904954910278,"val_balanced_accuracy0.25":0.5335929892891919,"val_precision0.25":0.29629629850387573,"val_precision0.5":0.3333333432674408,"val_recall0.75":0.3076923191547394,"test_accuracy0.25":0.6962025165557861,"train_loss":4.6183668018784374e-05,"val_accuracy0.25":0.6476190686225891,"test_recall0.25":0.3499999940395355,"test_accuracy0.5":0.7215189933776855,"train_auroc":1,"test_precision0.25":0.3888888955116272,"val_recall0.5":0.3076923191547394,"test_accuracy0.75":0.7215189933776855,"_wandb":{"runtime":2147},"val_balanced_accuracy0.75":0.5589094449853944,"val_balanced_accuracy0.5":0.5525803310613437,"test_balanced_accuracy0.25":0.5817796610169492,"_timestamp":1.7507237897949955e+09,"_step":208}