{"val_precision0.5":0.2631579041481018,"test_accuracy0.25":0.625,"test_precision0.5":0.23529411852359772,"val_recall0.75":0.1111111119389534,"test_balanced_accuracy0.5":0.4916666666666667,"val_balanced_accuracy0.5":0.5050925925925925,"_runtime":1044.672046729,"val_precision0.75":0.23076923191547394,"val_recall0.5":0.18518517911434174,"_step":241,"train_auroc":1,"val_accuracy0.75":0.6822429895401001,"val_accuracy0.5":0.663551390171051,"test_auroc":0.503333330154419,"val_balanced_accuracy0.25":0.5168981481481482,"test_precision0.75":0.23076923191547394,"test_recall0.75":0.15000000596046448,"test_balanced_accuracy0.75":0.4916666666666667,"test_recall0.25":0.20000000298023224,"val_balanced_accuracy0.75":0.4930555555555556,"_wandb":{"runtime":1044},"val_recall0.25":0.29629629850387573,"test_precision0.25":0.2222222238779068,"test_recall0.5":0.20000000298023224,"test_accuracy0.75":0.6625000238418579,"test_balanced_accuracy0.25":0.4833333333333334,"test_accuracy0.5":0.637499988079071,"val_accuracy0.25":0.6261682510375977,"train_loss":0.0002818733046296984,"val_auroc":0.43611109256744385,"_timestamp":1.7538402558418553e+09,"val_precision0.25":0.27586206793785095}