{"val_recall0.75":0.07692307978868484,"val_accuracy0.5":0.6857143044471741,"train_loss":0.00010158750956179574,"test_accuracy0.5":0.594936728477478,"_timestamp":1.7498785688123658e+09,"test_precision0.5":0.0714285746216774,"test_balanced_accuracy0.75":0.4233050847457627,"train_auroc":0.9999999403953552,"val_precision0.25":0.2142857164144516,"test_recall0.5":0.05000000074505806,"val_balanced_accuracy0.75":0.5068159688412853,"_step":499,"test_balanced_accuracy0.25":0.4228813559322034,"val_balanced_accuracy0.25":0.48807205452775076,"val_auroc":0.41772153973579407,"val_precision0.75":0.2857142984867096,"val_balanced_accuracy0.5":0.48149951314508277,"val_accuracy0.25":0.6761904954910278,"test_precision0.25":0.11764705926179886,"test_recall0.75":0.05000000074505806,"val_recall0.25":0.11538461595773697,"test_auroc":0.49406781792640686,"test_accuracy0.75":0.607594907283783,"_runtime":1926.367762143,"val_precision0.5":0.1818181872367859,"_wandb":{"runtime":1926},"val_accuracy0.75":0.723809540271759,"val_recall0.5":0.07692307978868484,"test_balanced_accuracy0.5":0.4148305084745763,"test_precision0.75":0.07692307978868484,"test_accuracy0.25":0.5822784900665283,"test_recall0.25":0.10000000149011612}