{"test_balanced_accuracy0.25":0.5538135593220339,"test_accuracy0.5":0.746835470199585,"test_accuracy0.75":0.746835470199585,"val_auroc":0.5116845369338989,"test_recall0.75":0,"_timestamp":1.7501375384632173e+09,"test_precision0.5":0,"val_recall0.75":0,"val_precision0.5":0,"_step":999,"val_balanced_accuracy0.25":0.4588607594936709,"test_precision0.75":0,"test_accuracy0.25":0.5063291192054749,"test_precision0.25":0.2888889014720917,"_runtime":4002.114469859,"test_balanced_accuracy0.75":0.5,"test_auroc":0.5644068121910095,"val_recall0.25":0.5,"test_balanced_accuracy0.5":0.5,"val_balanced_accuracy0.75":0.5,"val_recall0.5":0,"val_accuracy0.5":0.7523809671401978,"_wandb":{"runtime":4002},"test_recall0.5":0,"val_precision0.75":0,"test_recall0.25":0.6499999761581421,"val_balanced_accuracy0.5":0.5,"train_loss":1.6720088720321655,"val_accuracy0.75":0.7523809671401978,"train_auroc":0.6324245929718018,"val_accuracy0.25":0.43809524178504944,"val_precision0.25":0.22033898532390594}