{"test_accuracy0.25":0.25,"test_balanced_accuracy0.75":0.5,"test_accuracy0.5":0.75,"val_precision0.5":0,"_timestamp":1.754955202680917e+09,"val_balanced_accuracy0.25":0.5,"val_auroc":0.5253164768218994,"train_surv_loss":1.0043622255325317,"val_recall0.5":0,"test_recall0.25":1,"train_auroc":0.49671873450279236,"test_precision0.25":0.25,"val_accuracy0.75":0.7452830076217651,"train_loss":1.3831422328948975,"_wandb":{"runtime":3289},"train_logvar":1.4860161456908827e-07,"train_kld_loss":0.0007588196895085275,"val_accuracy0.5":0.7452830076217651,"test_auroc":0.5258333683013916,"train_recon_loss_no_kld":0.7568013072013855,"val_recall0.25":1,"test_balanced_accuracy0.5":0.5,"val_balanced_accuracy0.75":0.5,"test_precision0.75":0,"_step":98,"test_accuracy0.75":0.75,"val_precision0.25":0.25471699237823486,"val_balanced_accuracy0.5":0.5,"test_balanced_accuracy0.25":0.5,"test_precision0.5":0,"val_precision0.75":0,"val_recall0.75":0,"test_recall0.75":0,"_runtime":3289.529122837,"test_recall0.5":0,"train_mu":-7.04669048445794e-07,"val_accuracy0.25":0.25471699237823486}