{"_wandb":{"runtime":2492},"val_recall0.25":0.26923078298568726,"test_recall0.75":0.20000000298023224,"_runtime":2492.178463367,"val_auroc":0.5735150575637817,"val_balanced_accuracy0.25":0.5396786757546251,"test_recall0.25":0.25,"test_precision0.5":0.29411765933036804,"train_auroc":1,"test_balanced_accuracy0.5":0.5233050847457628,"test_accuracy0.75":0.6455696225166321,"test_accuracy0.25":0.6582278609275818,"val_precision0.25":0.3181818127632141,"val_accuracy0.25":0.6761904954910278,"test_balanced_accuracy0.75":0.49830508474576274,"val_precision0.75":0.3684210479259491,"_step":225,"test_balanced_accuracy0.25":0.5233050847457628,"test_auroc":0.5402542352676392,"val_balanced_accuracy0.5":0.5523369036027264,"val_accuracy0.75":0.7047619223594666,"val_recall0.75":0.26923078298568726,"test_recall0.5":0.25,"val_accuracy0.5":0.6952381134033203,"train_loss":4.6378922888834495e-06,"val_precision0.5":0.3499999940395355,"val_recall0.5":0.26923078298568726,"test_accuracy0.5":0.6582278609275818,"val_balanced_accuracy0.75":0.558666017526777,"test_precision0.75":0.25,"_timestamp":1.7508815305248647e+09,"test_precision0.25":0.29411765933036804}