{"_step":254,"test_balanced_accuracy0.5":0.625,"test_recall0.5":0.550000011920929,"test_auroc":0.684166669845581,"train_loss":0.4996194839477539,"val_balanced_accuracy0.25":0.4974214721050164,"val_recall0.25":0.7037037014961243,"val_recall0.75":0.3333333432674408,"test_accuracy0.75":0.675000011920929,"_runtime":1187.167528176,"val_accuracy0.5":0.5094339847564697,"train_auroc":0.9860155582427979,"test_balanced_accuracy0.75":0.6166666666666667,"test_precision0.75":0.38461539149284363,"val_precision0.25":0.25333333015441895,"val_precision0.75":0.23076923191547394,"val_auroc":0.49812471866607666,"test_accuracy0.5":0.6625000238418579,"val_accuracy0.25":0.3962264060974121,"val_balanced_accuracy0.5":0.47585560243788094,"val_precision0.5":0.23404255509376526,"val_recall0.5":0.40740740299224854,"test_balanced_accuracy0.25":0.6333333333333333,"test_precision0.5":0.37931033968925476,"test_recall0.75":0.5,"_timestamp":1.7531111994335053e+09,"test_precision0.25":0.3333333432674408,"val_accuracy0.75":0.5471698045730591,"_wandb":{"runtime":1187},"test_accuracy0.25":0.550000011920929,"val_balanced_accuracy0.75":0.47679324894514763,"test_recall0.25":0.800000011920929}