{"test_accuracy0.5":0.625,"val_precision0.5":0.2926829159259796,"val_precision0.25":0.24528302252292633,"val_accuracy0.75":0.7547169923782349,"test_precision0.75":0,"test_balanced_accuracy0.75":0.5,"test_recall0.25":1,"_wandb":{"runtime":1840},"test_precision0.25":0.25,"test_balanced_accuracy0.5":0.5333333333333333,"val_recall0.75":0,"test_recall0.75":0,"test_auroc":0.5349999666213989,"_step":286,"val_auroc":0.5274038314819336,"val_accuracy0.25":0.24528302252292633,"test_recall0.5":0.3499999940395355,"_timestamp":1.753596234253478e+09,"val_balanced_accuracy0.75":0.5,"val_balanced_accuracy0.5":0.5495192307692307,"test_balanced_accuracy0.25":0.5,"val_recall0.5":0.4615384638309479,"train_loss":2.070568323135376,"val_balanced_accuracy0.25":0.5,"train_auroc":0.5303522944450378,"val_precision0.75":0,"test_accuracy0.75":0.75,"val_recall0.25":1,"test_precision0.5":0.2916666567325592,"_runtime":1840.691222481,"val_accuracy0.5":0.5943396091461182,"test_accuracy0.25":0.25}