{"_wandb":{"runtime":3672},"val_precision0.5":0.25,"test_balanced_accuracy0.25":0.475,"_timestamp":1.7535722781530836e+09,"test_balanced_accuracy0.5":0.45833333333333337,"_step":380,"val_balanced_accuracy0.5":0.49907407407407406,"test_accuracy0.25":0.6625000238418579,"train_auroc":1,"val_balanced_accuracy0.25":0.4928240740740741,"test_balanced_accuracy0.75":0.4666666666666667,"val_auroc":0.4627314507961273,"test_auroc":0.48624998331069946,"val_recall0.75":0.14814814925193787,"_runtime":3672.712742934,"val_balanced_accuracy0.75":0.5115740740740741,"test_precision0.25":0.1818181872367859,"val_accuracy0.5":0.672897219657898,"val_recall0.5":0.14814814925193787,"train_loss":0.0009011660004034638,"test_precision0.75":0.125,"val_accuracy0.25":0.663551390171051,"val_precision0.25":0.23529411852359772,"test_recall0.5":0.05000000074505806,"test_accuracy0.5":0.6625000238418579,"test_accuracy0.75":0.675000011920929,"val_accuracy0.75":0.6915887594223022,"test_recall0.25":0.10000000149011612,"test_precision0.5":0.1111111119389534,"val_precision0.75":0.2857142984867096,"test_recall0.75":0.05000000074505806,"val_recall0.25":0.14814814925193787}