{"_runtime":968.50293248,"_timestamp":1.7476915180006063e+09,"test_auroc":0.48177963495254517,"test_recall":0.15000000596046448,"val_precision":0.4285714328289032,"_wandb":{"runtime":969},"val_auroc":0.6041666269302368,"val_recall":0.375,"train_auroc":0.9217303991317749,"_step":101,"val_loss":0.5217047929763794,"train_loss":0.09200213104486465,"test_precision":0.2142857164144516,"val_accuracy":0.71875,"test_accuracy":0.6455696225166321}