{"val_accuracy":0.875,"val_recall":0,"_step":0,"val_loss":3.504058361053467,"_runtime":5.753634236,"_wandb":{"runtime":12},"_timestamp":1.7474353740480917e+09,"val_precision":0,"val_auroc":0.5}