{"_wandb":{"runtime":576},"val_accuracy0.25":0.24761904776096344,"val_recall0.5":0,"val_precision0.5":0,"test_accuracy0.25":0.2531645596027374,"val_balanced_accuracy0.75":0.5,"test_auroc":0.4406779706478119,"val_precision0.75":0,"val_accuracy0.5":0.7523809671401978,"test_accuracy0.75":0.746835470199585,"_timestamp":1.7502715071372159e+09,"test_precision0.25":0.2531645596027374,"train_loss":1.7765352725982666,"train_auroc":0.5669425129890442,"test_precision0.75":0,"test_balanced_accuracy0.5":0.5,"val_auroc":0.5976144075393677,"val_balanced_accuracy0.25":0.5,"val_accuracy0.75":0.7523809671401978,"test_recall0.75":0,"test_recall0.5":0,"_runtime":576.734943889,"_step":200,"test_accuracy0.5":0.746835470199585,"test_balanced_accuracy0.75":0.5,"val_recall0.25":1,"test_precision0.5":0,"val_precision0.25":0.24761904776096344,"test_recall0.25":1,"val_recall0.75":0,"test_balanced_accuracy0.25":0.5,"val_balanced_accuracy0.5":0.5}