{"_timestamp":1.7531302510050642e+09,"val_balanced_accuracy0.5":0.46554149085794655,"_runtime":2276.751481244,"val_accuracy0.25":0.5660377144813538,"test_precision0.5":0.3333333432674408,"test_auroc":0.6050000190734863,"test_precision0.25":0.3478260934352875,"test_balanced_accuracy0.25":0.575,"_step":405,"val_accuracy0.75":0.6415094137191772,"test_balanced_accuracy0.75":0.5333333333333333,"val_accuracy0.5":0.5849056839942932,"val_balanced_accuracy0.25":0.48945147679324896,"val_recall0.25":0.3333333432674408,"test_balanced_accuracy0.5":0.5416666666666667,"val_balanced_accuracy0.75":0.47913736521331457,"val_auroc":0.48007500171661377,"_wandb":{"runtime":2276},"train_loss":0.017388364300131798,"test_recall0.75":0.20000000298023224,"val_precision0.75":0.21052631735801697,"test_accuracy0.75":0.699999988079071,"test_accuracy0.25":0.6625000238418579,"val_recall0.75":0.14814814925193787,"val_precision0.5":0.2068965584039688,"test_recall0.5":0.25,"train_auroc":1,"val_recall0.5":0.2222222238779068,"test_precision0.75":0.3333333432674408,"test_accuracy0.5":0.6875,"val_precision0.25":0.2432432472705841,"test_recall0.25":0.4000000059604645}