{"test_auroc":0.619915246963501,"val_recall0.75":0.4615384638309479,"test_recall0.75":0.4000000059604645,"test_balanced_accuracy0.75":0.5644067796610169,"_runtime":2337.702633875,"test_precision0.25":0.29629629850387573,"val_recall0.5":0.4615384638309479,"test_precision0.75":0.3333333432674408,"_wandb":{"runtime":2337},"test_accuracy0.75":0.6455696225166321,"val_accuracy0.75":0.6000000238418579,"_step":576,"test_precision0.5":0.3199999928474426,"val_precision0.5":0.27272728085517883,"train_auroc":0.9997196197509766,"val_balanced_accuracy0.25":0.547711781888997,"train_loss":0.051582880318164825,"val_recall0.25":0.5384615659713745,"val_balanced_accuracy0.5":0.5282375851996105,"val_accuracy0.25":0.5523809790611267,"val_balanced_accuracy0.75":0.5535540408958131,"test_accuracy0.25":0.607594907283783,"test_recall0.25":0.4000000059604645,"val_accuracy0.5":0.561904788017273,"test_balanced_accuracy0.25":0.5389830508474576,"val_precision0.25":0.2857142984867096,"val_auroc":0.5223953127861023,"test_recall0.5":0.4000000059604645,"val_precision0.75":0.30000001192092896,"test_accuracy0.5":0.6329113841056824,"_timestamp":1.7502488166217477e+09,"test_balanced_accuracy0.5":0.5559322033898305}