{"val_balanced_accuracy0.75":0.5,"val_recall0.25":0.38461539149284363,"_step":999,"val_precision0.25":0.22727273404598236,"test_recall0.25":0.550000011920929,"val_recall0.75":0,"val_precision0.5":0,"test_balanced_accuracy0.5":0.5,"val_balanced_accuracy0.5":0.5,"test_precision0.25":0.261904776096344,"val_recall0.5":0,"val_precision0.75":0,"val_balanced_accuracy0.25":0.47711781888997085,"_timestamp":1.750823672823708e+09,"test_precision0.5":0,"train_auroc":0.660418689250946,"test_recall0.5":0,"test_accuracy0.5":0.746835470199585,"val_auroc":0.5462512373924255,"train_loss":1.6404489278793335,"_runtime":8904.702855609,"val_accuracy0.75":0.7523809671401978,"test_auroc":0.5788135528564453,"test_accuracy0.25":0.49367088079452515,"test_balanced_accuracy0.75":0.5,"test_recall0.75":0,"val_accuracy0.5":0.7523809671401978,"val_accuracy0.25":0.523809552192688,"test_accuracy0.75":0.746835470199585,"test_balanced_accuracy0.25":0.5122881355932204,"_wandb":{"runtime":8904},"test_precision0.75":0}