{"train_loss":1.6880743503570557,"test_precision":0,"_timestamp":1.7494892970929074e+09,"test_auroc":0.4330808222293854,"_wandb":{"runtime":184},"test_recall":0,"_runtime":184.166219681,"val_precision":0,"_step":50,"val_accuracy":0.7407407164573669,"test_accuracy":0.7557252049446106,"val_balanced_accuracy":0.5,"val_loss":1.7271583080291748,"train_auroc":0.5927416086196899,"val_recall":0,"test_balanced_accuracy":0.5,"val_auroc":0.5428571701049805}