{"test_recall":0,"val_loss":0.3751598000526428,"_runtime":946.208437654,"val_auroc":0.5416666269302368,"val_recall":0,"test_auroc":0.4583333134651184,"val_accuracy":0.75,"test_accuracy":0.75,"_step":27,"_timestamp":1.7477773496321218e+09,"test_precision":0,"_wandb":{"runtime":946},"train_auroc":0.5618569850921631,"train_loss":0.3784187436103821,"val_precision":0}