{"test_precision0.25":0.2531645596027374,"val_accuracy0.25":0.25233644247055054,"val_balanced_accuracy0.5":0.5217592592592593,"test_recall0.75":0,"test_recall0.25":1,"_wandb":{"runtime":999},"val_accuracy0.75":0.7476635575294495,"val_precision0.5":0.26923078298568726,"val_recall0.75":0,"test_balanced_accuracy0.25":0.5083333333333333,"test_balanced_accuracy0.75":0.5,"test_precision0.5":0.2571428716182709,"test_accuracy0.5":0.5375000238418579,"_runtime":999.333136544,"val_balanced_accuracy0.25":0.5,"test_recall0.5":0.44999998807907104,"train_auroc":0.655384361743927,"test_auroc":0.5199999809265137,"test_accuracy0.25":0.26249998807907104,"val_precision0.25":0.25233644247055054,"val_recall0.5":0.5185185074806213,"val_balanced_accuracy0.75":0.5,"_step":320,"test_balanced_accuracy0.5":0.5083333333333333,"val_precision0.75":0,"test_precision0.75":0,"_timestamp":1.7535045300368683e+09,"val_recall0.25":1,"val_auroc":0.5583333969116211,"val_accuracy0.5":0.5233644843101501,"test_accuracy0.75":0.75,"train_loss":1.985230803489685}