{"train_auroc":0.9622641205787659,"_wandb":{"runtime":8705},"test_precision0.75":0.3636363744735718,"val_precision0.25":0.3166666626930237,"test_recall0.75":0.20000000298023224,"val_recall0.75":0.2222222238779068,"_runtime":8705.610877501,"train_loss":0.7442535758018494,"test_balanced_accuracy0.25":0.5083333333333333,"test_accuracy0.25":0.48750001192092896,"test_recall0.25":0.550000011920929,"_timestamp":1.754195059198933e+09,"val_precision0.75":0.3333333432674408,"val_recall0.5":0.40740740299224854,"_step":999,"test_auroc":0.5091666579246521,"val_balanced_accuracy0.75":0.5361111111111111,"test_precision0.5":0.2916666567325592,"val_recall0.25":0.7037037014961243,"val_accuracy0.5":0.5887850522994995,"val_accuracy0.25":0.5420560836791992,"test_balanced_accuracy0.5":0.5333333333333333,"val_balanced_accuracy0.5":0.5287037037037037,"test_precision0.25":0.25581395626068115,"test_recall0.5":0.3499999940395355,"test_balanced_accuracy0.75":0.5416666666666666,"val_auroc":0.5810185074806213,"test_accuracy0.5":0.625,"val_precision0.5":0.28205129504203796,"val_accuracy0.75":0.6915887594223022,"val_balanced_accuracy0.25":0.5956018518518519,"test_accuracy0.75":0.7124999761581421}