{"test_precision0.75":0,"val_accuracy0.25":0.5925925970077515,"val_recall0.5":0,"val_accuracy0.5":0.7037037014961243,"_wandb":{"runtime":1754},"train_loss":1.3410592079162598,"val_precision0.5":0,"_step":499,"val_balanced_accuracy0.5":0.475,"val_recall0.25":0.4285714328289032,"val_recall0.75":0,"test_precision0.25":0.29411765933036804,"train_auroc":0.8822326064109802,"test_balanced_accuracy0.25":0.5606060606060606,"test_recall0.5":0,"test_balanced_accuracy0.5":0.494949494949495,"val_balanced_accuracy0.25":0.5392857142857143,"_runtime":1754.277280098,"val_precision0.75":0,"val_auroc":0.5285714864730835,"test_recall0.25":0.6060606241226196,"_timestamp":1.7497323558860512e+09,"test_recall0.75":0,"test_auroc":0.5475971698760986,"test_precision0.5":0,"test_accuracy0.75":0.75,"test_balanced_accuracy0.75":0.5,"val_balanced_accuracy0.75":0.5,"val_accuracy0.75":0.7407407164573669,"test_accuracy0.5":0.7424242496490479,"val_precision0.25":0.30000001192092896,"test_accuracy0.25":0.5378788113594055}