{"test_precision":0.09090909361839294,"test_recall":0.05000000074505806,"val_accuracy":0.625,"val_auroc":0.4583333432674408,"test_auroc":0.44025421142578125,"train_auroc":1,"test_accuracy":0.6329113841056824,"val_precision":0.1666666716337204,"val_recall":0.125,"_timestamp":1.7474473383392773e+09,"_runtime":631.156373716,"train_loss":0.001823869301006198,"_step":75,"_wandb":{"runtime":631},"val_loss":0.6898662447929382}