{"test_precision0.25":0.095238097012043,"val_balanced_accuracy0.75":0.5591528724440117,"val_recall0.25":0.38461539149284363,"val_balanced_accuracy0.25":0.5720545277507303,"test_accuracy0.25":0.5316455960273743,"train_auroc":1,"test_balanced_accuracy0.75":0.3974576271186441,"test_auroc":0.2961864471435547,"test_recall0.75":0.10000000149011612,"train_loss":7.046891141726519e-07,"val_precision0.5":0.3333333432674408,"val_accuracy0.25":0.6666666865348816,"val_balanced_accuracy0.5":0.5591528724440117,"test_precision0.75":0.10000000149011612,"test_recall0.5":0.10000000149011612,"test_accuracy0.75":0.5443037748336792,"test_balanced_accuracy0.25":0.3889830508474576,"test_accuracy0.5":0.5443037748336792,"_timestamp":1.749802144742596e+09,"val_accuracy0.75":0.6666666865348816,"_step":499,"_runtime":1679.752123189,"val_auroc":0.550632894039154,"_wandb":{"runtime":1679},"val_precision0.25":0.3448275923728943,"val_recall0.5":0.3461538553237915,"test_recall0.25":0.10000000149011612,"val_accuracy0.5":0.6666666865348816,"test_balanced_accuracy0.5":0.3974576271186441,"val_recall0.75":0.3461538553237915,"test_precision0.5":0.10000000149011612,"val_precision0.75":0.3333333432674408}