{"_wandb":{"runtime":1799},"test_precision0.25":0.4615384638309479,"val_precision0.75":0.2857142984867096,"test_auroc":0.6291666626930237,"_step":311,"val_precision0.5":0.25,"_runtime":1799.850710588,"val_precision0.25":0.31578946113586426,"test_precision0.75":0.4444444477558136,"test_recall0.5":0.20000000298023224,"test_accuracy0.5":0.737500011920929,"val_accuracy0.75":0.6915887594223022,"val_balanced_accuracy0.75":0.5115740740740741,"test_balanced_accuracy0.75":0.5583333333333333,"val_recall0.25":0.2222222238779068,"test_recall0.75":0.20000000298023224,"val_balanced_accuracy0.5":0.49907407407407406,"val_recall0.75":0.14814814925193787,"test_accuracy0.75":0.737500011920929,"val_auroc":0.47870370745658875,"val_accuracy0.25":0.6822429895401001,"train_loss":0.019805582240223885,"train_auroc":1,"test_accuracy0.25":0.737500011920929,"test_balanced_accuracy0.25":0.5916666666666667,"val_accuracy0.5":0.672897219657898,"val_balanced_accuracy0.25":0.5298611111111111,"test_precision0.5":0.4444444477558136,"test_recall0.25":0.30000001192092896,"val_recall0.5":0.14814814925193787,"_timestamp":1.75311301481999e+09,"test_balanced_accuracy0.5":0.5583333333333333}