{"val_recall":0.65625,"val_balanced_accuracy":0.5208333333333333,"val_loss":2.7666096687316895,"test_auroc":0.6169491410255432,"train_auroc":0.8419852256774902,"_wandb":{"runtime":2558},"_step":109,"val_auroc":0.5,"val_precision":0.65625,"val_accuracy":0.65625,"test_accuracy":0.7341772317886353,"test_balanced_accuracy":0.623728813559322,"test_precision":0.7341772317886353,"train_loss":0.4241235554218292,"_runtime":2558.812492994,"test_recall":0.7341772317886353,"_timestamp":1.7478669328883955e+09}