{"val_accuracy0.5":0.7452830076217651,"val_balanced_accuracy0.75":0.5,"test_balanced_accuracy0.5":0.5,"_wandb":{"runtime":769},"val_precision0.5":0,"test_recall0.25":1,"test_balanced_accuracy0.25":0.5,"test_precision0.5":0,"val_recall0.75":0,"test_recall0.75":0,"val_accuracy0.75":0.7452830076217651,"_step":332,"test_accuracy0.5":0.75,"test_recall0.5":0,"val_balanced_accuracy0.25":0.5,"test_accuracy0.75":0.75,"test_auroc":0.5733333230018616,"val_balanced_accuracy0.5":0.5,"_timestamp":1.7534560946528842e+09,"val_recall0.5":0,"val_accuracy0.25":0.25471699237823486,"test_precision0.75":0,"_runtime":769.965498623,"train_loss":1.6802046298980713,"test_precision0.25":0.25,"test_accuracy0.25":0.25,"train_auroc":0.430306613445282,"val_precision0.25":0.25471699237823486,"val_precision0.75":0,"test_balanced_accuracy0.75":0.5,"val_recall0.25":1,"val_auroc":0.5630567073822021}