{"val_balanced_accuracy0.75":0.5,"train_loss":2.0310678482055664,"val_recall0.75":0,"test_recall0.75":0,"val_recall0.5":0.8148148059844971,"train_auroc":0.6439024209976196,"val_accuracy0.25":0.25471699237823486,"test_accuracy0.5":0.4375,"_timestamp":1.7550622927246695e+09,"val_precision0.5":0.2857142984867096,"test_precision0.25":0.25,"_step":445,"test_recall0.25":1,"val_precision0.25":0.25471699237823486,"val_accuracy0.5":0.43396225571632385,"test_recall0.5":0.75,"val_balanced_accuracy0.5":0.5593061415846226,"test_accuracy0.25":0.25,"val_accuracy0.75":0.7452830076217651,"test_precision0.75":0,"val_precision0.75":0,"test_accuracy0.75":0.75,"test_auroc":0.6024999618530273,"test_precision0.5":0.27272728085517883,"val_auroc":0.5761837959289551,"_wandb":{"runtime":2746},"val_balanced_accuracy0.25":0.5,"test_balanced_accuracy0.25":0.5,"test_balanced_accuracy0.5":0.5416666666666666,"_runtime":2746.438140385,"test_balanced_accuracy0.75":0.5,"val_recall0.25":1}