{"test_auroc":0.5417439937591553,"val_loss":1.7084429264068604,"val_accuracy":0.7407407164573669,"val_precision":0,"_timestamp":1.7495277597562952e+09,"_wandb":{"runtime":477},"train_auroc":0.6015110611915588,"test_precision":0,"test_recall":0,"train_loss":1.6660959720611572,"_runtime":477.231177658,"val_balanced_accuracy":0.5,"test_accuracy":0.7480915784835815,"test_balanced_accuracy":0.5,"_step":50,"val_recall":0,"val_auroc":0.5928571224212646}