{"val_precision0.75":0,"test_accuracy0.5":0.75,"test_recall0.5":0,"train_loss":2.0795652866363525,"val_accuracy0.75":0.7476635575294495,"val_accuracy0.25":0.25233644247055054,"_step":176,"train_auroc":0.44105470180511475,"val_recall0.75":0,"_runtime":7669.378938078,"val_precision0.5":0,"val_balanced_accuracy0.25":0.5,"test_balanced_accuracy0.25":0.5,"val_recall0.25":1,"test_balanced_accuracy0.75":0.5,"val_accuracy0.5":0.7476635575294495,"test_recall0.25":1,"val_recall0.5":0,"_wandb":{"runtime":7669},"test_recall0.75":0,"test_accuracy0.25":0.25,"test_accuracy0.75":0.75,"test_balanced_accuracy0.5":0.5,"val_precision0.25":0.25233644247055054,"_timestamp":1.754543153886135e+09,"test_auroc":0.5,"val_balanced_accuracy0.75":0.5,"test_precision0.25":0.25,"test_precision0.5":0,"test_precision0.75":0,"val_auroc":0.5,"val_balanced_accuracy0.5":0.5}