{"train_loss":0.0002518406545277685,"test_auroc":0.6127118468284607,"_wandb":{"runtime":938},"test_precision0.75":0.5,"test_balanced_accuracy0.5":0.5241525423728813,"test_precision0.25":0.23076923191547394,"test_accuracy0.5":0.7088607549667358,"_runtime":938.601061841,"val_precision0.75":0.1666666716337204,"val_precision0.5":0.25,"val_recall0.75":0.03846153989434242,"test_recall0.25":0.15000000596046448,"train_auroc":1,"test_balanced_accuracy0.75":0.5495762711864407,"test_recall0.75":0.15000000596046448,"_timestamp":1.7505012101010165e+09,"val_recall0.5":0.07692307978868484,"test_balanced_accuracy0.25":0.4902542372881356,"_step":325,"val_precision0.25":0.30000001192092896,"val_balanced_accuracy0.5":0.5004868549172347,"val_accuracy0.5":0.7142857313156128,"val_balanced_accuracy0.75":0.48758519961051605,"val_balanced_accuracy0.25":0.5133885102239533,"test_accuracy0.75":0.746835470199585,"test_accuracy0.25":0.6582278609275818,"test_precision0.5":0.3333333432674408,"val_auroc":0.5026777386665344,"test_recall0.5":0.15000000596046448,"val_recall0.25":0.11538461595773697,"val_accuracy0.75":0.7142857313156128,"val_accuracy0.25":0.7142857313156128}