{"test_accuracy0.25":0.6835442781448364,"val_precision0.5":0.1818181872367859,"_runtime":2301.810107184,"test_accuracy0.75":0.6835442781448364,"test_precision0.5":0.3333333432674408,"val_precision0.25":0.25,"val_accuracy0.25":0.6952381134033203,"val_recall0.75":0.03846153989434242,"test_recall0.25":0.25,"test_recall0.5":0.25,"_timestamp":1.7501688992609718e+09,"train_loss":3.958937213610625e-06,"test_balanced_accuracy0.75":0.523728813559322,"test_accuracy0.5":0.6835442781448364,"test_recall0.75":0.20000000298023224,"test_balanced_accuracy0.25":0.5402542372881356,"val_balanced_accuracy0.25":0.5007302823758519,"val_accuracy0.75":0.6761904954910278,"_step":363,"val_recall0.5":0.07692307978868484,"val_auroc":0.47565728425979614,"_wandb":{"runtime":2301},"val_accuracy0.5":0.6857143044471741,"val_balanced_accuracy0.5":0.48149951314508277,"train_auroc":1,"test_precision0.75":0.3076923191547394,"val_balanced_accuracy0.75":0.4622687439143135,"test_precision0.25":0.3333333432674408,"val_recall0.25":0.11538461595773697,"val_precision0.75":0.10000000149011612,"test_auroc":0.5300847291946411,"test_balanced_accuracy0.5":0.5402542372881356}