{"_timestamp":1.747773684053554e+09,"train_loss":0.37927767634391785,"val_loss":0.3766734004020691,"_runtime":424.387643104,"_wandb":{"runtime":424},"train_auroc":0.5617284178733826,"_step":16,"test_accuracy":0.75,"val_accuracy":0.75,"test_precision":0,"test_auroc":0.5,"val_precision":0,"test_recall":0,"val_recall":0,"val_auroc":0.5}