{"val_recall0.25":0.26923078298568726,"test_precision0.25":0.2083333283662796,"test_precision0.5":0.25,"test_accuracy0.25":0.5696202516555786,"val_precision0.25":0.3333333432674408,"test_recall0.25":0.25,"val_balanced_accuracy0.75":0.5202044790652386,"_runtime":1200.630967978,"test_recall0.5":0.25,"test_balanced_accuracy0.25":0.4639830508474576,"test_accuracy0.5":0.6202531456947327,"_wandb":{"runtime":1200},"test_accuracy0.75":0.6329113841056824,"val_balanced_accuracy0.25":0.5460077896786758,"_step":186,"_timestamp":1.751399705696902e+09,"test_precision0.75":0.2631579041481018,"val_auroc":0.5464946627616882,"val_balanced_accuracy0.5":0.5460077896786758,"test_balanced_accuracy0.5":0.4978813559322034,"val_recall0.5":0.26923078298568726,"val_accuracy0.75":0.6857143044471741,"val_accuracy0.25":0.6857143044471741,"train_auroc":1,"test_auroc":0.45084747672080994,"val_recall0.75":0.19230769574642181,"val_accuracy0.5":0.6857143044471741,"val_precision0.5":0.3333333432674408,"val_precision0.75":0.29411765933036804,"test_recall0.75":0.25,"train_loss":4.0892820834415033e-05,"test_balanced_accuracy0.75":0.5063559322033898}