{"test_precision0.5":0.24137930572032928,"_timestamp":1.7542935916388583e+09,"test_balanced_accuracy0.5":0.49166666666666664,"test_balanced_accuracy0.75":0.5,"test_accuracy0.75":0.75,"val_balanced_accuracy0.5":0.5274261603375527,"test_recall0.25":1,"train_auroc":0.4629882872104645,"val_accuracy0.5":0.6226415038108826,"val_auroc":0.5700891017913818,"val_balanced_accuracy0.75":0.5,"test_balanced_accuracy0.25":0.5,"test_recall0.75":0,"test_precision0.25":0.25,"test_auroc":0.5149999856948853,"test_precision0.75":0,"val_balanced_accuracy0.25":0.5,"val_precision0.25":0.25471699237823486,"train_loss":2.095195770263672,"_runtime":2097.377728557,"test_accuracy0.5":0.5625,"val_recall0.5":0.3333333432674408,"_wandb":{"runtime":2097},"val_accuracy0.75":0.7452830076217651,"val_precision0.75":0,"val_recall0.75":0,"_step":184,"val_recall0.25":1,"val_precision0.5":0.29032257199287415,"test_recall0.5":0.3499999940395355,"val_accuracy0.25":0.25471699237823486,"test_accuracy0.25":0.25}