{"test_precision0.5":0.21621622145175934,"test_recall0.5":0.4000000059604645,"_runtime":11891.280390843,"test_balanced_accuracy0.25":0.475,"_step":289,"val_precision0.75":0.3333333432674408,"train_auroc":1,"test_accuracy0.5":0.48750001192092896,"_timestamp":1.753565326899662e+09,"test_recall0.25":0.5,"train_loss":0.001264846883714199,"test_balanced_accuracy0.5":0.45833333333333337,"test_accuracy0.25":0.4625000059604645,"val_precision0.25":0.3076923191547394,"val_recall0.25":0.7407407164573669,"val_balanced_accuracy0.5":0.6018518518518519,"test_accuracy0.75":0.5,"val_balanced_accuracy0.75":0.6083333333333334,"val_recall0.75":0.6666666865348816,"test_recall0.75":0.4000000059604645,"test_precision0.25":0.23255814611911774,"test_auroc":0.4754166603088379,"val_accuracy0.25":0.514018714427948,"val_accuracy0.5":0.5514018535614014,"val_balanced_accuracy0.25":0.5891203703703703,"val_precision0.5":0.32203391194343567,"val_recall0.5":0.7037037014961243,"test_precision0.75":0.2222222238779068,"val_accuracy0.75":0.5794392228126526,"val_auroc":0.6118055582046509,"_wandb":{"runtime":11891},"test_balanced_accuracy0.75":0.4666666666666667}