{"test_recall0.5":0.5,"train_auroc":1,"val_recall0.25":0.6153846383094788,"test_precision0.5":0.2777777910232544,"test_recall0.75":0.4000000059604645,"val_precision0.5":0.31111112236976624,"val_auroc":0.6002920866012573,"val_accuracy0.5":0.5904762148857117,"val_balanced_accuracy0.5":0.5730282375851996,"test_accuracy0.5":0.5443037748336792,"val_accuracy0.25":0.5904762148857117,"_wandb":{"runtime":1154},"test_balanced_accuracy0.25":0.5377118644067798,"_step":244,"test_recall0.25":0.550000011920929,"train_loss":0.0002479473187122494,"val_balanced_accuracy0.75":0.5791139240506329,"val_recall0.75":0.5,"val_recall0.5":0.5384615659713745,"test_balanced_accuracy0.75":0.488135593220339,"test_accuracy0.75":0.5316455960273743,"val_accuracy0.75":0.6190476417541504,"val_precision0.25":0.3265306055545807,"test_balanced_accuracy0.5":0.5296610169491525,"test_auroc":0.5296609997749329,"val_precision0.75":0.32499998807907104,"val_balanced_accuracy0.25":0.5988315481986368,"test_accuracy0.25":0.5316455960273743,"test_precision0.25":0.28205129504203796,"_timestamp":1.7506953138353837e+09,"test_precision0.75":0.24242424964904785,"_runtime":1154.912258465}