{"val_balanced_accuracy0.25":0.5892857142857143,"test_recall0.75":0.24242424964904785,"val_balanced_accuracy0.75":0.6142857142857143,"val_recall0.25":0.4285714328289032,"val_auroc":0.48571425676345825,"_timestamp":1.7496947414265213e+09,"test_balanced_accuracy0.25":0.4696969696969697,"train_auroc":1,"train_loss":6.052079584151215e-07,"test_balanced_accuracy0.75":0.4898989898989899,"_runtime":1740.411390576,"val_precision0.5":0.375,"test_precision0.5":0.2222222238779068,"test_accuracy0.75":0.6136363744735718,"test_precision0.75":0.23529411852359772,"_wandb":{"runtime":1740},"val_recall0.75":0.4285714328289032,"val_recall0.5":0.4285714328289032,"val_precision0.25":0.375,"test_accuracy0.5":0.5984848737716675,"val_balanced_accuracy0.5":0.5892857142857143,"test_balanced_accuracy0.5":0.4797979797979798,"val_accuracy0.75":0.7037037014961243,"test_auroc":0.4641873240470886,"test_recall0.25":0.24242424964904785,"test_precision0.25":0.21052631735801697,"val_accuracy0.5":0.6666666865348816,"val_precision0.75":0.4285714328289032,"_step":499,"test_accuracy0.25":0.5833333134651184,"val_accuracy0.25":0.6666666865348816,"test_recall0.5":0.24242424964904785}