{"test_precision0.25":0.24561403691768646,"val_auroc":0.48539429903030396,"val_accuracy0.75":0.7428571581840515,"_step":999,"test_accuracy0.75":0.746835470199585,"test_balanced_accuracy0.75":0.5495762711864407,"_timestamp":1.751118860531438e+09,"val_accuracy0.5":0.6476190686225891,"test_recall0.5":0.30000001192092896,"val_balanced_accuracy0.5":0.49488802336903603,"val_precision0.75":0.4000000059604645,"_wandb":{"runtime":11336},"test_accuracy0.5":0.6708860993385315,"test_recall0.25":0.699999988079071,"test_balanced_accuracy0.25":0.485593220338983,"test_precision0.75":0.5,"test_auroc":0.5830508470535278,"test_balanced_accuracy0.5":0.5483050847457627,"_runtime":11336.35969183,"test_recall0.75":0.15000000596046448,"val_precision0.25":0.23728813230991364,"val_recall0.75":0.07692307978868484,"val_precision0.5":0.2380952388048172,"val_balanced_accuracy0.25":0.4844206426484907,"train_loss":1.1021324396133423,"test_precision0.5":0.3333333432674408,"val_balanced_accuracy0.75":0.5194741966893865,"val_recall0.5":0.19230769574642181,"train_auroc":0.9198846817016602,"test_accuracy0.25":0.37974682450294495,"val_recall0.25":0.5384615659713745,"val_accuracy0.25":0.4571428596973419}