{"_runtime":1076.276600214,"val_recall0.75":0.6538461446762085,"test_balanced_accuracy0.25":0.5203389830508475,"val_accuracy0.5":0.6095238327980042,"_wandb":{"runtime":1076},"test_auroc":0.5830508470535278,"test_balanced_accuracy0.75":0.563135593220339,"val_accuracy0.75":0.6190476417541504,"val_recall0.5":0.6538461446762085,"train_auroc":1,"test_precision0.5":0.3076923191547394,"test_precision0.75":0.3055555522441864,"val_precision0.25":0.3207547068595886,"val_balanced_accuracy0.5":0.6243914313534566,"test_accuracy0.75":0.5696202516555786,"val_balanced_accuracy0.25":0.5990749756572542,"_timestamp":1.750146554363131e+09,"val_auroc":0.6407010555267334,"test_balanced_accuracy0.5":0.5711864406779661,"test_recall0.5":0.6000000238418579,"val_precision0.5":0.3469387888908386,"_step":238,"val_recall0.25":0.6538461446762085,"test_recall0.75":0.550000011920929,"test_precision0.25":0.2666666805744171,"train_loss":2.3411275833495893e-05,"test_accuracy0.25":0.4810126721858978,"val_precision0.75":0.3541666567325592,"val_accuracy0.25":0.5714285969734192,"val_balanced_accuracy0.75":0.6307205452775073,"test_recall0.25":0.6000000238418579,"test_accuracy0.5":0.5569620132446289}