{"test_balanced_accuracy0.75":0.5,"test_precision0.5":0,"val_accuracy0.25":0.2539682686328888,"train_loss":1.6963107585906982,"test_auroc":0.5288135409355164,"val_recall0.5":0,"val_precision0.25":0.2539682686328888,"_runtime":37.1441894,"val_balanced_accuracy0.25":0.5,"test_balanced_accuracy0.5":0.5,"val_recall0.75":0,"test_balanced_accuracy0.25":0.5,"val_recall0.25":1,"val_auroc":0.5545213222503662,"val_precision0.5":0,"_step":4,"val_balanced_accuracy0.75":0.5,"test_precision0.75":0,"test_recall0.25":1,"val_balanced_accuracy0.5":0.5,"test_recall0.5":0,"_wandb":{"runtime":37},"test_accuracy0.5":0.746835470199585,"val_accuracy0.75":0.7460317611694336,"test_precision0.25":0.2531645596027374,"_timestamp":1.7497375626872914e+09,"test_accuracy0.75":0.746835470199585,"test_accuracy0.25":0.2531645596027374,"train_auroc":0.44634974002838135,"val_precision0.75":0,"test_recall0.75":0,"val_accuracy0.5":0.7460317611694336}