{"test_accuracy0.5":0.5189873576164246,"val_precision0.25":0.2954545319080353,"val_accuracy0.25":0.5809524059295654,"val_balanced_accuracy0.75":0.5788704965920156,"val_accuracy0.75":0.6380952596664429,"val_recall0.75":0.4615384638309479,"test_recall0.75":0.25,"test_accuracy0.75":0.49367088079452515,"val_accuracy0.5":0.6285714507102966,"val_precision0.5":0.3333333432674408,"test_balanced_accuracy0.25":0.47966101694915253,"val_auroc":0.6027263402938843,"test_recall0.5":0.3499999940395355,"test_recall0.25":0.4000000059604645,"_step":356,"test_auroc":0.5330508351325989,"val_recall0.5":0.5,"_wandb":{"runtime":1568},"test_precision0.75":0.1666666716337204,"_runtime":1568.465816135,"_timestamp":1.7501338967280421e+09,"val_precision0.75":0.3333333432674408,"test_precision0.25":0.23529411852359772,"val_balanced_accuracy0.25":0.5537974683544304,"val_recall0.25":0.5,"test_accuracy0.25":0.5189873576164246,"test_precision0.5":0.21875,"train_loss":0.08179529756307602,"val_balanced_accuracy0.5":0.5854430379746836,"train_auroc":0.9994792938232422,"test_balanced_accuracy0.75":0.413135593220339,"test_balanced_accuracy0.5":0.463135593220339}