{"test_precision0.5":0.2531645596027374,"test_balanced_accuracy0.5":0.5,"train_loss":2.0932910442352295,"test_recall0.25":1,"_runtime":2039.831105804,"test_balanced_accuracy0.25":0.5,"test_recall0.75":0,"_timestamp":1.750167860807456e+09,"test_recall0.5":1,"_step":561,"test_auroc":0.5440677404403687,"test_accuracy0.75":0.746835470199585,"val_accuracy0.75":0.7523809671401978,"val_recall0.75":0,"val_accuracy0.25":0.24761904776096344,"val_precision0.5":0.24761904776096344,"test_precision0.75":0,"val_balanced_accuracy0.75":0.5,"val_precision0.25":0.24761904776096344,"test_accuracy0.25":0.2531645596027374,"val_auroc":0.5830087661743164,"val_balanced_accuracy0.5":0.5,"train_auroc":0.46009644865989685,"test_balanced_accuracy0.75":0.5,"val_accuracy0.5":0.24761904776096344,"_wandb":{"runtime":2039},"val_precision0.75":0,"val_recall0.25":1,"test_accuracy0.5":0.2531645596027374,"val_balanced_accuracy0.25":0.5,"val_recall0.5":1,"test_precision0.25":0.2531645596027374}