{"val_accuracy0.5":0.523809552192688,"val_recall0.75":0.23076923191547394,"test_accuracy0.25":0.5822784900665283,"val_balanced_accuracy0.75":0.45715676728334953,"val_recall0.25":0.3076923191547394,"train_auroc":0.9995594024658203,"test_recall0.75":0.4000000059604645,"_timestamp":1.7514176957951324e+09,"test_precision0.5":0.3571428656578064,"val_auroc":0.4216163754463196,"_wandb":{"runtime":1747},"test_balanced_accuracy0.5":0.597457627118644,"val_balanced_accuracy0.25":0.4196689386562804,"test_precision0.75":0.3478260934352875,"test_accuracy0.5":0.6455696225166321,"_runtime":1747.778748775,"val_precision0.25":0.17777778208255768,"test_recall0.5":0.5,"val_precision0.75":0.19354838132858276,"test_recall0.25":0.6000000238418579,"test_auroc":0.6152542233467102,"val_accuracy0.75":0.5714285969734192,"val_precision0.5":0.1666666716337204,"test_accuracy0.75":0.6582278609275818,"test_balanced_accuracy0.25":0.5881355932203389,"val_accuracy0.25":0.4761904776096344,"val_recall0.5":0.23076923191547394,"_step":287,"train_loss":0.056022923439741135,"val_balanced_accuracy0.5":0.4255111976630964,"test_precision0.25":0.3243243098258972,"test_balanced_accuracy0.75":0.5728813559322035}