{"val_recall0.25":0.38461539149284363,"_timestamp":1.751399062004623e+09,"val_recall0.5":0.3461538553237915,"test_balanced_accuracy0.25":0.5046610169491526,"train_loss":0.047054778784513474,"val_accuracy0.5":0.6190476417541504,"_step":297,"test_recall0.25":0.44999998807907104,"test_accuracy0.5":0.5569620132446289,"val_precision0.75":0.27586206793785095,"test_recall0.5":0.4000000059604645,"test_accuracy0.25":0.5316455960273743,"train_auroc":0.9994392395019531,"test_balanced_accuracy0.75":0.5055084745762712,"test_auroc":0.5478813648223877,"val_precision0.25":0.2857142984867096,"val_precision0.5":0.28125,"test_precision0.5":0.25806450843811035,"val_balanced_accuracy0.75":0.5209347614410906,"test_accuracy0.75":0.5822784900665283,"test_precision0.75":0.25925925374031067,"val_auroc":0.5421129465103149,"_wandb":{"runtime":1348},"_runtime":1348.325672186,"val_accuracy0.25":0.6095238327980042,"test_recall0.75":0.3499999940395355,"test_balanced_accuracy0.5":0.5050847457627119,"val_balanced_accuracy0.5":0.5275073028237585,"val_recall0.75":0.3076923191547394,"val_accuracy0.75":0.6285714507102966,"test_precision0.25":0.2571428716182709,"val_balanced_accuracy0.25":0.5340798442064265}