{"test_recall":0.949999988079071,"test_accuracy":0.3670886158943176,"_timestamp":1.7474271796308324e+09,"_runtime":1162.744580394,"val_precision":0.26923078298568726,"train_loss":1.9102191925048828,"val_loss":1.9102191925048828,"val_recall":0.875,"_step":51,"test_auroc":0.5597457885742188,"test_precision":0.27941176295280457,"val_auroc":0.5416666865348816,"val_accuracy":0.375,"_wandb":{"runtime":1163},"train_auroc":0.5416666865348816}