{"val_loss":3.504058361053467,"_timestamp":1.7474349590317936e+09,"_wandb":{"runtime":26},"val_recall":0,"_runtime":7.187572651,"_step":0,"val_auroc":0.5,"val_precision":0,"val_accuracy":0.875}