{"val_balanced_accuracy0.25":0.6102726387536515,"test_balanced_accuracy0.25":0.4805084745762712,"test_precision0.5":0.2857142984867096,"train_loss":0.0020027600694447756,"test_auroc":0.5313559174537659,"test_recall0.75":0.30000001192092896,"val_recall0.75":0.3076923191547394,"train_auroc":1,"test_precision0.25":0.23076923191547394,"test_accuracy0.5":0.6329113841056824,"val_recall0.25":0.42307692766189575,"test_accuracy0.75":0.6708860993385315,"val_precision0.25":0.40740740299224854,"_timestamp":1.7509930995895445e+09,"test_recall0.25":0.30000001192092896,"test_recall0.5":0.30000001192092896,"val_balanced_accuracy0.5":0.5910418695228822,"test_balanced_accuracy0.75":0.5483050847457627,"_step":220,"val_precision0.5":0.38461539149284363,"test_accuracy0.25":0.5696202516555786,"val_auroc":0.6080818176269531,"val_recall0.5":0.38461539149284363,"val_precision0.75":0.3636363744735718,"val_accuracy0.75":0.6952381134033203,"val_accuracy0.25":0.7047619223594666,"test_balanced_accuracy0.5":0.5228813559322034,"val_balanced_accuracy0.75":0.5652385589094451,"_wandb":{"runtime":3333},"val_accuracy0.5":0.6952381134033203,"_runtime":3333.333939656,"test_precision0.75":0.3333333432674408}