{"test_auroc":0.4512711763381958,"test_precision0.5":0.2083333283662796,"val_recall0.25":0.3076923191547394,"_step":439,"val_precision0.75":0.25,"val_recall0.5":0.26923078298568726,"test_accuracy0.75":0.594936728477478,"test_precision0.75":0.20000000298023224,"val_balanced_accuracy0.25":0.4703018500486855,"val_auroc":0.412852942943573,"_wandb":{"runtime":1610},"test_balanced_accuracy0.25":0.4800847457627119,"val_accuracy0.75":0.6380952596664429,"val_recall0.75":0.23076923191547394,"test_recall0.25":0.3499999940395355,"val_precision0.5":0.23333333432674408,"test_precision0.25":0.23333333432674408,"test_accuracy0.5":0.5696202516555786,"_runtime":1610.161726202,"train_loss":0.06768648326396942,"test_recall0.75":0.20000000298023224,"val_accuracy0.25":0.5523809790611267,"train_auroc":0.9991387128829956,"test_accuracy0.25":0.5443037748336792,"_timestamp":1.7514557316774752e+09,"test_balanced_accuracy0.75":0.46440677966101696,"test_recall0.5":0.25,"val_balanced_accuracy0.75":0.501460564751704,"test_balanced_accuracy0.5":0.4639830508474576,"val_balanced_accuracy0.5":0.48904576436222,"val_precision0.25":0.21621622145175934,"val_accuracy0.5":0.6000000238418579}