{"val_accuracy0.75":0.723809540271759,"val_balanced_accuracy0.5":0.5138753651411879,"test_balanced_accuracy0.25":0.5860169491525423,"test_recall0.5":0.25,"test_accuracy0.25":0.4556961953639984,"test_balanced_accuracy0.75":0.4915254237288136,"val_precision0.25":0.24285714328289032,"val_balanced_accuracy0.75":0.49391431353456666,"train_loss":1.1738299131393433,"_timestamp":1.7515053289269688e+09,"_wandb":{"runtime":6305},"val_precision0.75":0.20000000298023224,"test_balanced_accuracy0.5":0.548728813559322,"val_accuracy0.25":0.4095238149166107,"val_auroc":0.5379747152328491,"test_accuracy0.5":0.6962025165557861,"test_precision0.5":0.3571428656578064,"val_balanced_accuracy0.25":0.49148003894839337,"test_auroc":0.6254237294197083,"val_accuracy0.5":0.6761904954910278,"val_recall0.5":0.19230769574642181,"test_recall0.75":0,"_runtime":6305.998728741,"_step":999,"test_accuracy0.75":0.7341772317886353,"test_precision0.75":0,"val_recall0.25":0.6538461446762085,"test_precision0.25":0.2982456088066101,"test_recall0.25":0.8500000238418579,"val_precision0.5":0.2777777910232544,"train_auroc":0.9165399074554443,"val_recall0.75":0.03846153989434242}