{"val_balanced_accuracy0.25":0.48846153846153845,"val_balanced_accuracy0.5":0.5129807692307693,"test_recall0.25":0.5,"test_recall0.5":0.05000000074505806,"val_accuracy0.75":0.7547169923782349,"train_auroc":0.7613556385040283,"val_recall0.5":0.03846153989434242,"test_accuracy0.75":0.75,"test_recall0.75":0,"val_accuracy0.5":0.7547169923782349,"_runtime":9304.735583432,"test_balanced_accuracy0.75":0.5,"test_balanced_accuracy0.25":0.5,"val_recall0.25":0.5769230723381042,"test_accuracy0.25":0.5,"_timestamp":1.7536304900165105e+09,"test_auroc":0.5649999976158142,"val_accuracy0.25":0.4433962404727936,"test_precision0.75":0,"val_recall0.75":0,"test_precision0.5":0.5,"val_balanced_accuracy0.75":0.5,"test_accuracy0.5":0.75,"test_precision0.25":0.25,"val_precision0.75":0,"_wandb":{"runtime":9304},"test_balanced_accuracy0.5":0.5166666666666666,"val_precision0.5":0.5,"val_auroc":0.5764423608779907,"val_precision0.25":0.2380952388048172,"_step":999,"train_loss":1.4766714572906494}