{"val_accuracy0.75":0.6857143044471741,"_timestamp":1.7498690644797676e+09,"val_accuracy0.25":0.6571428775787354,"test_balanced_accuracy0.5":0.5156779661016949,"test_precision0.25":0.38461539149284363,"test_precision0.75":0.3333333432674408,"val_precision0.5":0.3499999940395355,"val_recall0.25":0.26923078298568726,"val_recall0.75":0.19230769574642181,"val_accuracy0.5":0.6952381134033203,"_wandb":{"runtime":1859},"test_recall0.5":0.15000000596046448,"test_accuracy0.5":0.6962025165557861,"train_loss":1.2542051990749314e-05,"test_auroc":0.5254237055778503,"test_accuracy0.25":0.7088607549667358,"val_balanced_accuracy0.75":0.5202044790652386,"test_precision0.5":0.30000001192092896,"test_recall0.75":0.15000000596046448,"val_balanced_accuracy0.5":0.5523369036027264,"val_balanced_accuracy0.25":0.5270204479065238,"_step":499,"_runtime":1859.573037657,"val_recall0.5":0.26923078298568726,"val_auroc":0.5034079551696777,"test_balanced_accuracy0.25":0.5572033898305084,"test_balanced_accuracy0.75":0.5241525423728813,"val_precision0.25":0.2916666567325592,"val_precision0.75":0.29411765933036804,"test_recall0.25":0.25,"test_accuracy0.75":0.7088607549667358,"train_auroc":1}