{"test_accuracy0.25":0.6455696225166321,"val_accuracy0.5":0.7333333492279053,"test_balanced_accuracy0.75":0.5156779661016949,"_timestamp":1.749874714055428e+09,"val_auroc":0.4790652394294739,"train_auroc":1,"train_loss":1.7217609638464637e-05,"val_recall0.75":0.07692307978868484,"val_balanced_accuracy0.5":0.5518500486854917,"_runtime":1883.850468551,"test_recall0.75":0.15000000596046448,"_step":499,"val_precision0.75":0.2857142984867096,"_wandb":{"runtime":1883},"val_accuracy0.25":0.6761904954910278,"val_precision0.5":0.4166666567325592,"test_accuracy0.5":0.6708860993385315,"test_balanced_accuracy0.5":0.498728813559322,"test_accuracy0.75":0.6962025165557861,"val_precision0.25":0.2777777910232544,"test_auroc":0.42796605825424194,"test_recall0.5":0.15000000596046448,"test_balanced_accuracy0.25":0.4817796610169492,"val_balanced_accuracy0.25":0.5138753651411879,"test_precision0.75":0.30000001192092896,"test_precision0.5":0.25,"val_recall0.25":0.19230769574642181,"test_recall0.25":0.15000000596046448,"val_balanced_accuracy0.75":0.5068159688412853,"test_precision0.25":0.2142857164144516,"val_accuracy0.75":0.723809540271759,"val_recall0.5":0.19230769574642181}