{"val_accuracy0.75":0.7047619223594666,"test_accuracy0.75":0.7215189933776855,"test_balanced_accuracy0.5":0.4898305084745763,"test_auroc":0.3813559412956238,"test_recall0.5":0.20000000298023224,"test_precision0.25":0.17777778208255768,"test_precision0.5":0.23529411852359772,"test_balanced_accuracy0.25":0.3864406779661017,"test_recall0.75":0,"val_auroc":0.5199610590934753,"_timestamp":1.751158649905406e+09,"val_accuracy0.25":0.46666666865348816,"test_balanced_accuracy0.75":0.4830508474576271,"test_recall0.25":0.4000000059604645,"val_balanced_accuracy0.25":0.5165530671859786,"val_precision0.25":0.25806450843811035,"val_balanced_accuracy0.5":0.48904576436222,"test_accuracy0.5":0.6329113841056824,"_wandb":{"runtime":13083},"val_recall0.25":0.6153846383094788,"train_auroc":0.9416359663009644,"val_precision0.75":0.27272728085517883,"val_balanced_accuracy0.75":0.5070593962999026,"test_accuracy0.25":0.37974682450294495,"val_accuracy0.5":0.6000000238418579,"test_precision0.75":0,"train_loss":1.0068938732147217,"val_recall0.5":0.26923078298568726,"_runtime":13083.198831179,"_step":999,"val_precision0.5":0.23333333432674408,"val_recall0.75":0.11538461595773697}