{"test_recall0.5":0.10000000149011612,"val_recall0.5":0.07692307978868484,"val_precision0.25":0.190476194024086,"val_accuracy0.75":0.7075471878051758,"test_precision0.5":0.20000000298023224,"val_precision0.5":0.1538461595773697,"test_accuracy0.25":0.625,"val_auroc":0.512499988079071,"test_recall0.25":0.10000000149011612,"test_auroc":0.5316666960716248,"_timestamp":1.7550317129468877e+09,"val_balanced_accuracy0.75":0.4947115384615385,"_wandb":{"runtime":2989},"val_recall0.75":0.07692307978868484,"test_balanced_accuracy0.75":0.49166666666666664,"train_loss":4.953505776938982e-05,"_step":480,"val_recall0.25":0.1538461595773697,"train_auroc":1,"test_recall0.75":0.10000000149011612,"test_accuracy0.75":0.6875,"val_balanced_accuracy0.5":0.46971153846153846,"val_accuracy0.5":0.6698113083839417,"val_accuracy0.25":0.6320754885673523,"test_precision0.25":0.1428571492433548,"test_precision0.75":0.2222222238779068,"test_accuracy0.5":0.675000011920929,"val_precision0.75":0.2222222238779068,"_runtime":2989.700646322,"val_balanced_accuracy0.25":0.4706730769230769,"test_balanced_accuracy0.5":0.48333333333333334,"test_balanced_accuracy0.25":0.45}