{"_step":344,"test_accuracy0.25":0.4303797483444214,"test_accuracy0.5":0.4683544337749481,"val_precision0.75":0.2586206793785095,"val_recall0.5":0.7307692170143127,"val_balanced_accuracy0.5":0.5425998052580331,"test_precision0.25":0.28070175647735596,"val_auroc":0.5136319398880005,"test_accuracy0.75":0.4810126721858978,"test_recall0.5":0.800000011920929,"test_balanced_accuracy0.25":0.552542372881356,"test_recall0.25":0.800000011920929,"_runtime":1749.636883691,"test_auroc":0.6008474826812744,"test_precision0.5":0.29629629850387573,"val_precision0.25":0.27142858505249023,"_wandb":{"runtime":1749},"test_balanced_accuracy0.5":0.5779661016949152,"train_auroc":0.9995993971824646,"_timestamp":1.7506914750519702e+09,"val_recall0.25":0.7307692170143127,"val_accuracy0.25":0.4476190507411957,"test_precision0.75":0.2857142984867096,"test_recall0.75":0.699999988079071,"test_balanced_accuracy0.75":0.5533898305084746,"val_accuracy0.75":0.48571428656578064,"val_balanced_accuracy0.75":0.5163096397273612,"val_accuracy0.5":0.4476190507411957,"val_balanced_accuracy0.25":0.5425998052580331,"val_recall0.75":0.5769230723381042,"val_precision0.5":0.27142858505249023,"train_loss":0.1127483993768692}