{"test_balanced_accuracy0.75":0.44166666666666665,"val_recall0.5":0.26923078298568726,"test_accuracy0.75":0.5874999761581421,"val_precision0.75":0.25,"val_balanced_accuracy0.25":0.4783653846153846,"test_precision0.5":0.20000000298023224,"val_recall0.25":0.26923078298568726,"_wandb":{"runtime":11957},"val_recall0.75":0.26923078298568726,"val_balanced_accuracy0.75":0.5033653846153846,"val_balanced_accuracy0.5":0.49086538461538465,"test_recall0.5":0.20000000298023224,"_timestamp":1.7541108394157133e+09,"val_precision0.25":0.21875,"test_precision0.75":0.15789473056793213,"test_balanced_accuracy0.25":0.4916666666666667,"test_precision0.25":0.23999999463558197,"test_accuracy0.25":0.5874999761581421,"test_recall0.25":0.30000001192092896,"train_auroc":1,"test_balanced_accuracy0.5":0.4666666666666667,"test_recall0.75":0.15000000596046448,"val_accuracy0.75":0.6226415038108826,"train_loss":0.014384476467967033,"val_auroc":0.5307692289352417,"val_accuracy0.25":0.5849056839942932,"_runtime":11957.736664392,"test_auroc":0.5041666626930237,"_step":604,"test_accuracy0.5":0.6000000238418579,"val_accuracy0.5":0.6037735939025879,"val_precision0.5":0.23333333432674408}