{"test_auroc":0.5,"test_accuracy":0.746835470199585,"train_auroc":0.5,"val_auroc":0.5,"_runtime":329.095142455,"_step":35,"val_loss":0.39780867099761963,"val_accuracy":0.75,"_wandb":{"runtime":329},"_timestamp":1.7474444618298976e+09,"train_loss":0.37976574897766113,"test_precision":0,"val_precision":0,"val_recall":0,"test_recall":0}