{"val_accuracy0.75":0.7428571581840515,"train_auroc":0.9920886158943176,"val_accuracy0.25":0.6571428775787354,"test_recall0.25":0.15000000596046448,"test_accuracy0.75":0.746835470199585,"val_recall0.75":0,"_step":999,"val_recall0.5":0.07692307978868484,"val_balanced_accuracy0.25":0.4754138266796495,"test_auroc":0.5338982939720154,"test_balanced_accuracy0.5":0.4826271186440678,"_wandb":{"runtime":3529},"val_recall0.25":0.11538461595773697,"val_balanced_accuracy0.5":0.5131450827653359,"train_loss":0.6480087637901306,"test_accuracy0.5":0.6962025165557861,"_timestamp":1.7500974281836593e+09,"val_balanced_accuracy0.75":0.4936708860759494,"test_precision0.75":0,"test_recall0.75":0,"_runtime":3529.382268352,"val_precision0.75":0,"test_precision0.5":0.1666666716337204,"val_precision0.5":0.3333333432674408,"test_recall0.5":0.05000000074505806,"test_accuracy0.25":0.6202531456947327,"test_precision0.25":0.1875,"val_auroc":0.5233690142631531,"val_precision0.25":0.1875,"test_balanced_accuracy0.25":0.4648305084745763,"val_accuracy0.5":0.7333333492279053,"test_balanced_accuracy0.75":0.5}