{"test_precision0.5":0.34210526943206787,"val_precision0.5":0.2641509473323822,"val_auroc":0.5503895282745361,"val_balanced_accuracy0.25":0.5163096397273612,"test_accuracy0.5":0.594936728477478,"val_balanced_accuracy0.5":0.5223953261927945,"_wandb":{"runtime":1845},"test_accuracy0.75":0.6329113841056824,"val_precision0.75":0.25531914830207825,"val_accuracy0.25":0.48571428656578064,"test_accuracy0.25":0.594936728477478,"val_precision0.25":0.2586206793785095,"test_precision0.25":0.34210526943206787,"test_balanced_accuracy0.75":0.6385593220338983,"_runtime":1845.461488493,"_step":326,"test_balanced_accuracy0.5":0.6131355932203391,"val_recall0.25":0.5769230723381042,"train_loss":0.0009893396636471152,"test_precision0.75":0.37142857909202576,"test_recall0.75":0.6499999761581421,"val_balanced_accuracy0.75":0.5092502434274586,"test_balanced_accuracy0.25":0.6131355932203391,"test_auroc":0.633474588394165,"test_recall0.5":0.6499999761581421,"_timestamp":1.7501408073379943e+09,"train_auroc":1,"val_accuracy0.75":0.5333333611488342,"val_recall0.75":0.4615384638309479,"val_accuracy0.5":0.5142857432365417,"val_recall0.5":0.5384615659713745,"test_recall0.25":0.6499999761581421}