{"train_auroc":0.4895389676094055,"_wandb":{"runtime":269},"val_accuracy":0.7407407164573669,"test_precision":0,"_runtime":269.336263508,"test_auroc":0.5386518239974976,"test_accuracy":0.7480915784835815,"val_precision":0,"val_recall":0,"train_loss":1.6889798641204834,"val_auroc":0.6500000357627869,"_step":58,"val_loss":1.7021628618240356,"_timestamp":1.7494951260211773e+09,"test_recall":0,"val_balanced_accuracy":0.5,"test_balanced_accuracy":0.5}