{"val_loss":1.7734696865081787,"val_accuracy":0.7407407164573669,"train_loss":1.6777645349502563,"test_recall":0,"_step":61,"test_accuracy":0.7557252049446106,"val_auroc":0.47857144474983215,"val_recall":0,"_runtime":222.117253809,"_timestamp":1.7494915622360363e+09,"val_precision":0,"test_balanced_accuracy":0.5,"test_auroc":0.5495580434799194,"val_balanced_accuracy":0.5,"test_precision":0,"_wandb":{"runtime":222},"train_auroc":0.5804845094680786}