{"val_balanced_accuracy":0.5,"val_precision":0,"val_recall":0,"val_loss":1.7469124794006348,"train_loss":1.6737158298492432,"_step":73,"test_precision":0,"test_balanced_accuracy":0.5,"test_accuracy":0.75,"_runtime":496.19709573,"test_recall":0,"_wandb":{"runtime":496},"_timestamp":1.7495689300985005e+09,"train_auroc":0.5462692379951477,"val_auroc":0.4571428596973419,"test_auroc":0.5855525135993958,"val_accuracy":0.7407407164573669}