{"_runtime":802.167568756,"val_recall0.75":0.19230769574642181,"val_accuracy0.25":0.7047619223594666,"_timestamp":1.7502274726690693e+09,"train_loss":0.043854646384716034,"test_accuracy0.25":0.6455696225166321,"_step":335,"val_precision0.75":0.3333333432674408,"test_balanced_accuracy0.25":0.5148305084745763,"test_accuracy0.5":0.6455696225166321,"test_balanced_accuracy0.5":0.5148305084745763,"test_precision0.75":0.29411765933036804,"test_balanced_accuracy0.75":0.5233050847457628,"val_accuracy0.5":0.7142857313156128,"test_precision0.5":0.2777777910232544,"test_recall0.5":0.25,"train_auroc":0.9992088079452515,"test_accuracy0.75":0.6582278609275818,"val_recall0.25":0.23076923191547394,"val_balanced_accuracy0.75":0.5328627069133398,"val_balanced_accuracy0.5":0.5520934761441091,"test_recall0.25":0.25,"val_accuracy0.75":0.7047619223594666,"val_recall0.5":0.23076923191547394,"test_recall0.75":0.25,"test_auroc":0.47372883558273315,"val_auroc":0.5087634325027466,"_wandb":{"runtime":802},"val_precision0.25":0.3529411852359772,"val_balanced_accuracy0.25":0.5457643622200584,"test_precision0.25":0.2777777910232544,"val_precision0.5":0.375}