{"_timestamp":1.7495196854979498e+09,"test_precision":0.375,"val_auroc":0.550000011920929,"train_auroc":0.9881828427314758,"val_precision":0,"test_balanced_accuracy":0.5199443413729128,"_step":50,"val_loss":4.132251262664795,"_runtime":417.18224098,"_wandb":{"runtime":417},"test_accuracy":0.732824444770813,"val_recall":0,"test_recall":0.09090909361839294,"train_loss":0.4305626153945923,"val_balanced_accuracy":0.5,"test_auroc":0.5677180290222168,"val_accuracy":0.7407407164573669}