{"test_accuracy":0.7480915784835815,"test_balanced_accuracy":0.5,"_runtime":217.088386939,"test_auroc":0.5853432416915894,"val_accuracy":0.7407407164573669,"train_loss":1.6592086553573608,"train_auroc":0.5845602750778198,"test_precision":0,"val_balanced_accuracy":0.5,"_timestamp":1.7495593881873121e+09,"_wandb":{"runtime":217},"val_auroc":0.4571428596973419,"val_recall":0,"_step":52,"val_precision":0,"val_loss":1.7617003917694092,"test_recall":0}