{"_timestamp":1.7495288718834977e+09,"test_accuracy":0.7557252049446106,"test_recall":0,"val_balanced_accuracy":0.5,"val_accuracy":0.7407407164573669,"_runtime":569.28686217,"val_loss":1.7207417488098145,"train_loss":1.7128313779830933,"_wandb":{"runtime":569},"val_auroc":0.5714285373687744,"val_recall":0,"train_auroc":0.47907689213752747,"test_auroc":0.5571337938308716,"test_balanced_accuracy":0.5,"val_precision":0,"test_precision":0,"_step":50}