{"val_auroc":0.573271632194519,"val_recall0.75":0.38461539149284363,"test_balanced_accuracy0.75":0.6309322033898306,"val_balanced_accuracy0.75":0.45813047711781885,"test_balanced_accuracy0.25":0.5792372881355932,"test_accuracy0.5":0.607594907283783,"_step":589,"val_balanced_accuracy0.5":0.4776046738072055,"_runtime":1922.156828061,"test_recall0.75":0.550000011920929,"val_accuracy0.25":0.4761904776096344,"_wandb":{"runtime":1922},"val_accuracy0.5":0.48571428656578064,"val_recall0.5":0.4615384638309479,"test_balanced_accuracy0.5":0.6216101694915255,"test_recall0.25":0.6499999761581421,"train_loss":0.05043264105916023,"test_auroc":0.628389835357666,"val_precision0.5":0.23076923191547394,"test_recall0.5":0.6499999761581421,"test_accuracy0.75":0.6708860993385315,"train_auroc":1,"val_precision0.25":0.2542372941970825,"val_recall0.25":0.5769230723381042,"test_accuracy0.25":0.5443037748336792,"val_precision0.75":0.21276596188545227,"test_precision0.5":0.3513513505458832,"test_precision0.75":0.3928571343421936,"val_accuracy0.75":0.4952380955219269,"_timestamp":1.7502585481527019e+09,"test_precision0.25":0.3095238208770752,"val_balanced_accuracy0.25":0.5099805258033105}