{"test_balanced_accuracy0.25":0.5944915254237289,"_wandb":{"runtime":4912},"val_accuracy0.5":0.4285714328289032,"val_recall0.25":0.692307710647583,"test_balanced_accuracy0.5":0.5364406779661017,"_timestamp":1.7514072467011216e+09,"val_precision0.75":0.2647058963775635,"test_recall0.25":0.8500000238418579,"test_recall0.5":0.699999988079071,"val_balanced_accuracy0.75":0.5296981499513145,"test_accuracy0.25":0.4683544337749481,"_runtime":4912.512000613,"test_precision0.75":0.27450981736183167,"_step":661,"test_accuracy0.75":0.4556961953639984,"val_balanced_accuracy0.25":0.4790652385589094,"val_precision0.5":0.2571428716182709,"test_balanced_accuracy0.75":0.5364406779661017,"val_precision0.25":0.2368421107530594,"val_accuracy0.25":0.37142857909202576,"train_loss":0.05259466916322708,"val_auroc":0.4961051642894745,"val_recall0.75":0.692307710647583,"test_accuracy0.5":0.4556961953639984,"val_balanced_accuracy0.5":0.5170399221032133,"test_precision0.25":0.3035714328289032,"test_recall0.75":0.699999988079071,"test_auroc":0.5889830589294434,"test_precision0.5":0.27450981736183167,"train_auroc":0.999539315700531,"val_recall0.5":0.692307710647583,"val_accuracy0.75":0.4476190507411957}