{"test_precision0.5":0.2222222238779068,"val_recall0.25":0.19230769574642181,"train_auroc":1,"_step":442,"val_balanced_accuracy0.25":0.5336538461538461,"test_precision0.75":0.2222222238779068,"test_accuracy0.5":0.6875,"val_recall0.5":0.19230769574642181,"val_accuracy0.5":0.7358490824699402,"_timestamp":1.7535679813731189e+09,"test_balanced_accuracy0.75":0.49166666666666664,"val_auroc":0.6086539030075073,"test_recall0.75":0.10000000149011612,"val_recall0.75":0.19230769574642181,"test_auroc":0.5900000333786011,"test_recall0.25":0.15000000596046448,"_runtime":2749.677623307,"train_loss":4.373509727884084e-05,"test_balanced_accuracy0.5":0.49166666666666664,"_wandb":{"runtime":2749},"val_precision0.75":0.5,"test_balanced_accuracy0.25":0.4916666666666667,"val_accuracy0.25":0.7075471878051758,"val_precision0.5":0.4166666567325592,"test_recall0.5":0.10000000149011612,"test_precision0.25":0.23076923191547394,"val_precision0.25":0.3333333432674408,"test_accuracy0.25":0.6625000238418579,"val_balanced_accuracy0.75":0.5649038461538461,"test_accuracy0.75":0.6875,"val_balanced_accuracy0.5":0.5524038461538462,"val_accuracy0.75":0.7547169923782349}