{"val_accuracy0.25":0.25233644247055054,"test_accuracy0.25":0.25,"test_recall0.5":1,"val_balanced_accuracy0.75":0.5,"test_precision0.5":0.25,"val_recall0.25":1,"test_recall0.25":1,"_timestamp":1.7543783852161155e+09,"_wandb":{"runtime":6426},"val_balanced_accuracy0.5":0.5,"val_precision0.25":0.25233644247055054,"val_precision0.75":0,"val_precision0.5":0.25233644247055054,"val_accuracy0.75":0.7476635575294495,"val_accuracy0.5":0.25233644247055054,"test_precision0.25":0.25,"val_auroc":0.5,"test_recall0.75":0,"test_accuracy0.75":0.75,"test_balanced_accuracy0.5":0.5,"test_balanced_accuracy0.75":0.5,"val_recall0.5":1,"train_auroc":0.44843748211860657,"_step":152,"_runtime":6426.025833815,"test_precision0.75":0,"test_accuracy0.5":0.25,"test_balanced_accuracy0.25":0.5,"train_loss":2.079622983932495,"test_auroc":0.5,"val_balanced_accuracy0.25":0.5,"val_recall0.75":0}