{"test_balanced_accuracy0.25":0.5,"val_accuracy0.5":0.523809552192688,"test_recall0.5":0.6499999761581421,"test_precision0.5":0.2708333432674408,"val_accuracy0.25":0.24761904776096344,"train_loss":2.060032367706299,"val_recall0.75":0,"val_precision0.5":0.2777777910232544,"_step":212,"test_balanced_accuracy0.75":0.5,"val_recall0.5":0.5769230723381042,"val_auroc":0.5457643270492554,"test_accuracy0.25":0.2531645596027374,"test_accuracy0.75":0.746835470199585,"test_recall0.25":1,"train_auroc":0.7509071230888367,"_timestamp":1.7502022482650049e+09,"test_precision0.75":0,"val_balanced_accuracy0.5":0.5416260954235638,"test_precision0.25":0.2531645596027374,"val_balanced_accuracy0.75":0.5,"val_accuracy0.75":0.7523809671401978,"_wandb":{"runtime":817},"val_precision0.25":0.24761904776096344,"val_precision0.75":0,"test_recall0.75":0,"val_balanced_accuracy0.25":0.5,"_runtime":817.418125493,"test_accuracy0.5":0.4683544337749481,"test_auroc":0.5474575757980347,"test_balanced_accuracy0.5":0.5283898305084747,"val_recall0.25":1}