{"val_loss":1.8011019229888916,"test_precision":0,"test_recall":0,"val_auroc":0.514285683631897,"val_recall":0,"_wandb":{"runtime":374},"train_auroc":0.5261526107788086,"test_accuracy":0.7480915784835815,"test_balanced_accuracy":0.5,"test_auroc":0.5837971568107605,"_step":80,"_runtime":374.617787312,"train_loss":1.7796247005462646,"val_accuracy":0.7407407164573669,"val_balanced_accuracy":0.5,"val_precision":0,"_timestamp":1.7495047334006083e+09}