{"test_accuracy0.25":0.2531645596027374,"val_precision0.75":0,"val_accuracy0.75":0.7523809671401978,"train_loss":2.0488011837005615,"val_balanced_accuracy0.75":0.5,"_wandb":{"runtime":2017},"val_balanced_accuracy0.25":0.5,"val_precision0.25":0.24761904776096344,"test_balanced_accuracy0.5":0.5127118644067796,"val_balanced_accuracy0.5":0.5026777020447907,"test_precision0.25":0.2531645596027374,"train_auroc":0.7350584268569946,"_step":412,"test_auroc":0.5347458124160767,"val_recall0.75":0,"_timestamp":1.7507662551176999e+09,"val_recall0.5":0.42307692766189575,"test_balanced_accuracy0.75":0.5,"val_accuracy0.5":0.5428571701049805,"val_recall0.25":1,"_runtime":2017.268855888,"test_accuracy0.75":0.746835470199585,"val_accuracy0.25":0.24761904776096344,"test_recall0.75":0,"test_recall0.5":0.5,"test_recall0.25":1,"test_accuracy0.5":0.5189873576164246,"test_precision0.75":0,"test_balanced_accuracy0.25":0.5,"test_precision0.5":0.2631579041481018,"val_precision0.5":0.25,"val_auroc":0.5710808038711548}