{"_runtime":17.120413806,"val_precision0.25":0.21875,"val_accuracy0.75":0.78125,"val_balanced_accuracy0.75":0.5,"val_recall0.75":0,"_wandb":{"runtime":17},"val_recall0.25":1,"val_accuracy0.5":0.21875,"val_precision0.75":0,"val_balanced_accuracy0.25":0.5,"_timestamp":1.755089417820464e+09,"val_precision0.5":0.21875,"val_recall0.5":1,"val_accuracy0.25":0.21875,"val_auroc":0.40642857551574707,"val_balanced_accuracy0.5":0.5,"_step":0}