{"val_balanced_accuracy0.25":0.5666991236611489,"val_precision0.75":0.3243243098258972,"val_accuracy0.5":0.6000000238418579,"test_balanced_accuracy0.25":0.6805084745762712,"test_recall0.5":0.6499999761581421,"test_auroc":0.7211864590644836,"val_balanced_accuracy0.75":0.572541382667965,"val_recall0.5":0.5384615659713745,"test_precision0.75":0.42307692766189575,"test_recall0.75":0.550000011920929,"test_balanced_accuracy0.75":0.6478813559322034,"test_recall0.25":0.699999988079071,"test_accuracy0.25":0.6708860993385315,"val_recall0.75":0.4615384638309479,"_wandb":{"runtime":2804},"val_accuracy0.25":0.5809524059295654,"test_precision0.5":0.4193548262119293,"train_loss":0.006799773313105106,"test_precision0.25":0.4117647111415863,"test_balanced_accuracy0.5":0.6724576271186441,"val_precision0.25":0.30434781312942505,"val_precision0.5":0.3181818127632141,"_step":197,"test_accuracy0.75":0.6962025165557861,"_timestamp":1.7510203749769723e+09,"val_auroc":0.6012658476829529,"val_accuracy0.75":0.6285714507102966,"_runtime":2804.706698294,"train_auroc":1,"val_recall0.25":0.5384615659713745,"test_accuracy0.5":0.6835442781448364,"val_balanced_accuracy0.5":0.5793573515092503}