{"test_auroc":0.42796608805656433,"val_recall":0.25,"val_balanced_accuracy":0.4583333333333333,"test_balanced_accuracy":0.5254237288135594,"val_loss":5.99190616607666,"_wandb":{"runtime":5379},"test_recall":0.29113924503326416,"test_accuracy":0.29113924503326416,"val_auroc":0.3854166865348816,"val_accuracy":0.25,"train_loss":0.6799696087837219,"_timestamp":1.7479705459565954e+09,"train_auroc":0.5569919347763062,"test_precision":0.29113924503326416,"_step":54,"_runtime":5379.762848712,"val_precision":0.25}