{"test_balanced_accuracy0.5":0.5,"train_loss":2.0993611812591553,"val_recall0.5":1,"_step":378,"_timestamp":1.7501799744804451e+09,"test_precision0.5":0.2531645596027374,"val_balanced_accuracy0.5":0.5,"val_balanced_accuracy0.75":0.5,"test_auroc":0.5,"test_balanced_accuracy0.75":0.5,"test_recall0.5":1,"test_accuracy0.25":0.2531645596027374,"test_accuracy0.5":0.2531645596027374,"val_precision0.75":0,"val_accuracy0.75":0.7523809671401978,"val_precision0.5":0.24761904776096344,"val_precision0.25":0.24761904776096344,"_wandb":{"runtime":1366},"train_auroc":0.5635885000228882,"val_auroc":0.5873904824256897,"test_precision0.75":0,"test_precision0.25":0.2531645596027374,"test_recall0.75":0,"test_balanced_accuracy0.25":0.5,"val_balanced_accuracy0.25":0.5,"val_accuracy0.25":0.24761904776096344,"val_accuracy0.5":0.24761904776096344,"val_recall0.75":0,"test_recall0.25":1,"val_recall0.25":1,"_runtime":1366.852708754,"test_accuracy0.75":0.746835470199585}