{"val_balanced_accuracy0.75":0.5115740740740741,"train_auroc":1,"_timestamp":1.7534567796341958e+09,"test_recall0.75":0.15000000596046448,"val_auroc":0.4523147940635681,"val_recall0.5":0.14814814925193787,"val_precision0.5":0.25,"test_accuracy0.5":0.75,"val_precision0.75":0.2857142984867096,"train_loss":9.664005119702779e-06,"test_balanced_accuracy0.75":0.5583333333333333,"test_recall0.5":0.15000000596046448,"test_balanced_accuracy0.25":0.5499999999999999,"val_precision0.25":0.23529411852359772,"test_balanced_accuracy0.5":0.5499999999999999,"test_auroc":0.6166666746139526,"val_recall0.25":0.14814814925193787,"_step":287,"test_precision0.25":0.5,"_runtime":677.776254132,"val_accuracy0.25":0.663551390171051,"_wandb":{"runtime":677},"test_recall0.25":0.15000000596046448,"val_balanced_accuracy0.5":0.49907407407407406,"test_accuracy0.25":0.75,"val_recall0.75":0.14814814925193787,"val_balanced_accuracy0.25":0.4928240740740741,"test_accuracy0.75":0.762499988079071,"test_precision0.5":0.5,"test_precision0.75":0.6000000238418579,"val_accuracy0.5":0.672897219657898,"val_accuracy0.75":0.6915887594223022}