{"_runtime":2857.696589799,"val_recall":0.75,"val_auroc":0.4713541567325592,"_timestamp":1.7479580655945163e+09,"val_precision":0.75,"val_balanced_accuracy":0.5,"train_auroc":0.4197015166282654,"val_accuracy":0.75,"_step":73,"_wandb":{"runtime":2857},"test_recall":0.746835470199585,"train_loss":0.6929617524147034,"test_balanced_accuracy":0.5,"test_auroc":0.5599576234817505,"test_accuracy":0.746835470199585,"val_loss":0.693566083908081,"test_precision":0.746835470199585}