{"val_balanced_accuracy":0.5,"test_precision":0,"test_accuracy":0.7480915784835815,"val_precision":0,"train_loss":1.6594849824905396,"_step":52,"val_accuracy":0.7407407164573669,"_timestamp":1.749488425881071e+09,"test_balanced_accuracy":0.5,"_wandb":{"runtime":157},"val_loss":1.720858097076416,"test_recall":0,"_runtime":157.648660103,"test_auroc":0.539270281791687,"train_auroc":0.6643742322921753,"val_auroc":0.5642857551574707,"val_recall":0}