{"val_accuracy0.75":0.6603773832321167,"val_balanced_accuracy0.75":0.5405532114392874,"_wandb":{"runtime":1144},"test_accuracy0.5":0.6875,"test_recall0.75":0.20000000298023224,"val_recall0.25":0.3333333432674408,"test_accuracy0.25":0.6875,"test_precision0.25":0.3076923191547394,"val_precision0.75":0.3199999928474426,"val_precision0.25":0.28125,"test_recall0.25":0.20000000298023224,"val_precision0.5":0.27586206793785095,"test_balanced_accuracy0.75":0.5583333333333333,"test_balanced_accuracy0.25":0.525,"test_precision0.75":0.4444444477558136,"_timestamp":1.753747508789136e+09,"val_recall0.75":0.29629629850387573,"train_loss":0.0008042147383093834,"_step":304,"test_auroc":0.6158333420753479,"test_recall0.5":0.20000000298023224,"val_balanced_accuracy0.5":0.5152367557430848,"val_auroc":0.6043131947517395,"val_accuracy0.5":0.6226415038108826,"test_balanced_accuracy0.5":0.525,"test_precision0.5":0.3076923191547394,"val_accuracy0.25":0.6132075190544128,"test_accuracy0.75":0.737500011920929,"val_recall0.5":0.29629629850387573,"train_auroc":1,"_runtime":1144.460763927,"val_balanced_accuracy0.25":0.5210970464135021}