{"val_precision":0,"test_precision":0,"test_accuracy":0.75,"_step":60,"val_balanced_accuracy":0.5,"_timestamp":1.7495068373455496e+09,"_runtime":415.647146267,"train_auroc":0.41759204864501953,"_wandb":{"runtime":415},"val_loss":1.7421797513961792,"train_loss":1.7180107831954956,"val_auroc":0.5714285969734192,"test_auroc":0.4903581142425537,"val_accuracy":0.7407407164573669,"val_recall":0,"test_recall":0,"test_balanced_accuracy":0.5}