{"train_loss":0.03549429401755333,"test_precision0.75":0.27272728085517883,"test_balanced_accuracy0.5":0.5402542372881356,"test_precision0.5":0.3333333432674408,"val_balanced_accuracy0.5":0.45715676728334953,"test_recall0.25":0.25,"test_balanced_accuracy0.25":0.4724576271186441,"val_accuracy0.25":0.561904788017273,"val_precision0.25":0.261904776096344,"val_recall0.5":0.23076923191547394,"_step":319,"val_precision0.5":0.19354838132858276,"val_accuracy0.75":0.6285714507102966,"val_balanced_accuracy0.25":0.5153359298928919,"test_precision0.25":0.21739129722118378,"test_accuracy0.25":0.5822784900665283,"val_auroc":0.4917234480381012,"_runtime":1303.738853187,"val_accuracy0.5":0.5714285969734192,"_wandb":{"runtime":1303},"test_accuracy0.5":0.6835442781448364,"val_recall0.25":0.42307692766189575,"val_recall0.75":0.19230769574642181,"val_balanced_accuracy0.75":0.48222979552093476,"test_balanced_accuracy0.75":0.5072033898305085,"test_recall0.75":0.15000000596046448,"_timestamp":1.75016202992895e+09,"val_precision0.75":0.21739129722118378,"test_accuracy0.75":0.6835442781448364,"train_auroc":1,"test_recall0.5":0.25,"test_auroc":0.4576271176338196}