{"_wandb":{"runtime":378},"_timestamp":1.7495880321384544e+09,"test_auroc":0.5395795106887817,"val_loss":1.7330107688903809,"test_accuracy":0.7480915784835815,"val_recall":0,"val_balanced_accuracy":0.5,"train_auroc":0.5796203017234802,"test_recall":0,"_runtime":378.13453232,"_step":57,"test_balanced_accuracy":0.5,"val_accuracy":0.7407407164573669,"val_auroc":0.4142857491970062,"test_precision":0,"val_precision":0,"train_loss":1.679807424545288}