{"val_accuracy0.5":0.6792452931404114,"val_precision0.5":0.2142857164144516,"val_balanced_accuracy0.5":0.48894230769230773,"val_accuracy0.75":0.7358490824699402,"val_recall0.25":0.3461538553237915,"val_accuracy0.25":0.5754716992378235,"test_recall0.5":0.10000000149011612,"_step":999,"test_precision0.5":0.25,"test_accuracy0.25":0.6499999761581421,"val_balanced_accuracy0.25":0.4980769230769231,"test_balanced_accuracy0.25":0.55,"train_loss":1.0183113813400269,"test_auroc":0.5483333468437195,"test_recall0.25":0.3499999940395355,"test_balanced_accuracy0.75":0.5083333333333333,"val_recall0.75":0.03846153989434242,"train_auroc":0.9183971881866455,"val_precision0.25":0.2432432472705841,"test_precision0.25":0.3181818127632141,"_runtime":8222.763238451,"val_precision0.75":0.25,"_timestamp":1.7542032833456802e+09,"test_accuracy0.5":0.699999988079071,"test_balanced_accuracy0.5":0.5,"test_recall0.75":0.05000000074505806,"test_accuracy0.75":0.737500011920929,"_wandb":{"runtime":8222},"val_balanced_accuracy0.75":0.5004807692307692,"val_auroc":0.5384615659713745,"val_recall0.5":0.11538461595773697,"test_precision0.75":0.3333333432674408}