{"val_balanced_accuracy0.5":0.5342240975152368,"val_accuracy0.25":0.3962264060974121,"train_loss":1.4772121906280518,"test_balanced_accuracy0.5":0.6083333333333333,"val_accuracy0.75":0.7358490824699402,"test_accuracy0.75":0.737500011920929,"test_balanced_accuracy0.75":0.49166666666666664,"_wandb":{"runtime":3938},"val_auroc":0.5597749948501587,"test_precision0.5":0.5454545617103577,"test_accuracy0.5":0.762499988079071,"test_accuracy0.25":0.4000000059604645,"test_recall0.5":0.30000001192092896,"test_precision0.25":0.28787878155708313,"val_balanced_accuracy0.75":0.4936708860759494,"val_precision0.5":0.3076923191547394,"val_balanced_accuracy0.25":0.5461790904828879,"val_precision0.25":0.27710843086242676,"val_precision0.75":0,"_timestamp":1.7531803856483312e+09,"val_recall0.5":0.29629629850387573,"val_accuracy0.5":0.650943398475647,"test_recall0.75":0,"val_recall0.75":0,"test_recall0.25":0.949999988079071,"train_auroc":0.8577343821525574,"val_recall0.25":0.8518518805503845,"test_balanced_accuracy0.25":0.5833333333333333,"_runtime":3938.968708402,"test_precision0.75":0,"test_auroc":0.6291666626930237,"_step":999}