{"test_balanced_accuracy0.75":0.5072033898305085,"test_auroc":0.5347458124160767,"val_balanced_accuracy0.75":0.6037000973709835,"test_precision0.25":0.2857142984867096,"test_balanced_accuracy0.25":0.5152542372881356,"test_balanced_accuracy0.5":0.5322033898305085,"_step":274,"val_balanced_accuracy0.5":0.5910418695228822,"val_balanced_accuracy0.25":0.62317429406037,"val_auroc":0.6044303774833679,"_wandb":{"runtime":956},"test_accuracy0.5":0.6962025165557861,"test_recall0.75":0.15000000596046448,"test_recall0.5":0.20000000298023224,"test_precision0.5":0.3333333432674408,"test_accuracy0.25":0.6708860993385315,"val_precision0.5":0.38461539149284363,"_timestamp":1.7502570132755344e+09,"train_loss":0.0005505380104295909,"test_accuracy0.75":0.6835442781448364,"test_recall0.25":0.20000000298023224,"train_auroc":0.9999999403953552,"val_recall0.5":0.38461539149284363,"_runtime":956.817960621,"val_recall0.75":0.38461539149284363,"val_accuracy0.25":0.7047619223594666,"val_recall0.25":0.4615384638309479,"test_precision0.75":0.27272728085517883,"val_precision0.25":0.4137931168079376,"val_accuracy0.5":0.6952381134033203,"val_precision0.75":0.4166666567325592,"val_accuracy0.75":0.7142857313156128}