{"val_recall0.75":0.3461538553237915,"val_balanced_accuracy0.5":0.5530671859785784,"test_recall0.25":0.30000001192092896,"val_precision0.5":0.3125,"_runtime":1068.950782,"val_precision0.25":0.2702702581882477,"_step":240,"test_recall0.75":0.20000000298023224,"test_auroc":0.5296610593795776,"val_balanced_accuracy0.75":0.5338364167478091,"test_precision0.75":0.23529411852359772,"val_recall0.25":0.38461539149284363,"test_recall0.5":0.20000000298023224,"train_loss":0.0017806011019274592,"val_accuracy0.5":0.6380952596664429,"test_accuracy0.5":0.594936728477478,"_timestamp":1.750150519701304e+09,"test_precision0.25":0.25,"val_precision0.75":0.29032257199287415,"test_balanced_accuracy0.5":0.46440677966101696,"_wandb":{"runtime":1068},"test_accuracy0.25":0.594936728477478,"test_balanced_accuracy0.75":0.4898305084745763,"test_precision0.5":0.20000000298023224,"train_auroc":1,"val_auroc":0.4961051940917969,"test_balanced_accuracy0.25":0.49745762711864405,"test_accuracy0.75":0.6329113841056824,"val_accuracy0.25":0.5904762148857117,"val_balanced_accuracy0.25":0.5214216163583252,"val_recall0.5":0.38461539149284363,"val_accuracy0.75":0.6285714507102966}