{"test_precision0.25":0.5,"test_precision0.75":0,"test_accuracy0.5":0.5,"val_recall0.25":1,"test_recall0.75":0,"_wandb":{"runtime":12},"val_accuracy0.75":0.6666666865348816,"test_accuracy0.25":0.5,"test_accuracy0.75":0.5,"test_recall0.5":1,"test_precision0.5":0.5,"val_recall0.75":0,"val_balanced_accuracy0.5":0.5,"val_precision0.25":0.3333333432674408,"val_accuracy0.5":0.3333333432674408,"val_precision0.75":0,"val_balanced_accuracy0.25":0.5,"train_auroc":0,"_timestamp":1.751364389978575e+09,"test_balanced_accuracy0.5":0.5,"test_recall0.25":1,"test_balanced_accuracy0.75":0.5,"val_precision0.5":0.3333333432674408,"val_accuracy0.25":0.3333333432674408,"train_loss":0.7011356353759766,"val_auroc":0,"_runtime":12.0924337,"val_balanced_accuracy0.75":0.5,"test_auroc":1,"val_recall0.5":1,"_step":1,"test_balanced_accuracy0.25":0.5}