{"train_auroc":0.46376389265060425,"val_balanced_accuracy":0.5,"val_loss":1.7291070222854614,"val_recall":0,"test_recall":0,"test_balanced_accuracy":0.5,"train_loss":1.6993175745010376,"test_auroc":0.4683195650577545,"_wandb":{"runtime":452},"_runtime":452.238742197,"val_precision":0,"test_precision":0,"val_auroc":0.44285717606544495,"test_accuracy":0.75,"_step":51,"val_accuracy":0.7407407164573669,"_timestamp":1.7495087111817963e+09}