{"val_recall0.25":0.48148149251937866,"val_balanced_accuracy0.25":0.5255508673230193,"test_auroc":0.6016666889190674,"val_accuracy0.25":0.5471698045730591,"_runtime":402.359912508,"_wandb":{"runtime":402},"val_recall0.5":0,"val_accuracy0.5":0.7358490824699402,"test_accuracy0.75":0.75,"val_balanced_accuracy0.5":0.4936708860759494,"test_accuracy0.5":0.75,"val_recall0.75":0,"_step":165,"val_precision0.75":0,"val_accuracy0.75":0.7452830076217651,"test_accuracy0.25":0.5625,"test_balanced_accuracy0.25":0.5583333333333333,"test_balanced_accuracy0.5":0.5,"test_recall0.5":0,"val_auroc":0.5897796154022217,"val_precision0.5":0,"train_loss":1.662255883216858,"train_auroc":0.5983490943908691,"val_balanced_accuracy0.75":0.5,"test_recall0.75":0,"_timestamp":1.7534775799765382e+09,"test_precision0.25":0.29729729890823364,"test_precision0.75":0,"test_recall0.25":0.550000011920929,"test_precision0.5":0,"test_balanced_accuracy0.75":0.5,"val_precision0.25":0.27659574151039124}