{"test_balanced_accuracy0.25":0.45381355932203393,"val_precision0.5":0.3125,"train_auroc":1,"_wandb":{"runtime":2595},"test_accuracy0.75":0.4683544337749481,"train_loss":0.0025427129585295916,"test_accuracy0.5":0.4556961953639984,"val_precision0.25":0.30612245202064514,"val_auroc":0.5737585425376892,"_timestamp":1.7510256802976434e+09,"val_recall0.5":0.5769230723381042,"_step":191,"val_balanced_accuracy0.5":0.5796007789678675,"test_balanced_accuracy0.75":0.4457627118644068,"val_recall0.25":0.5769230723381042,"test_precision0.75":0.21052631735801697,"val_balanced_accuracy0.75":0.5793573515092503,"test_auroc":0.5372881889343262,"test_recall0.25":0.44999998807907104,"test_recall0.5":0.4000000059604645,"test_precision0.25":0.2195121943950653,"val_accuracy0.25":0.5714285969734192,"val_balanced_accuracy0.25":0.573271665043817,"test_recall0.75":0.4000000059604645,"val_accuracy0.75":0.6000000238418579,"val_accuracy0.5":0.5809524059295654,"val_recall0.75":0.5384615659713745,"_runtime":2595.644210253,"test_accuracy0.25":0.4556961953639984,"val_precision0.75":0.3181818127632141,"test_precision0.5":0.20512820780277252,"test_balanced_accuracy0.5":0.43728813559322033}