{"test_recall0.75":0.20000000298023224,"test_accuracy0.5":0.6708860993385315,"test_accuracy0.25":0.6455696225166321,"test_recall0.5":0.25,"val_balanced_accuracy0.5":0.5649951314508277,"test_recall0.25":0.3499999940395355,"val_balanced_accuracy0.75":0.5713242453748782,"test_precision0.5":0.3125,"val_precision0.5":0.3888888955116272,"_wandb":{"runtime":1725},"val_accuracy0.75":0.723809540271759,"test_balanced_accuracy0.5":0.5317796610169492,"val_recall0.25":0.26923078298568726,"train_auroc":0.9993622303009033,"val_recall0.75":0.26923078298568726,"val_precision0.75":0.4117647111415863,"test_auroc":0.5173729062080383,"_runtime":1725.661243158,"_step":232,"val_precision0.25":0.2916666567325592,"test_precision0.25":0.3181818127632141,"test_balanced_accuracy0.25":0.5478813559322033,"_timestamp":1.7513872851532488e+09,"train_loss":0.061282601207494736,"val_recall0.5":0.26923078298568726,"test_accuracy0.75":0.6582278609275818,"val_accuracy0.5":0.7142857313156128,"test_balanced_accuracy0.75":0.5067796610169492,"val_balanced_accuracy0.25":0.5270204479065238,"test_precision0.75":0.2666666805744171,"val_auroc":0.60418701171875,"val_accuracy0.25":0.6571428775787354}