{"val_precision0.25":0.3333333432674408,"test_accuracy0.25":0.6202531456947327,"test_recall0.25":0.15000000596046448,"val_auroc":0.542843222618103,"_runtime":1527.958309447,"val_accuracy0.75":0.6857143044471741,"test_precision0.25":0.1875,"test_recall0.75":0.05000000074505806,"_wandb":{"runtime":1527},"test_precision0.5":0.07692307978868484,"test_accuracy0.75":0.607594907283783,"val_accuracy0.5":0.6952381134033203,"test_precision0.75":0.07692307978868484,"test_recall0.5":0.05000000074505806,"val_balanced_accuracy0.75":0.5202044790652386,"val_recall0.75":0.19230769574642181,"test_auroc":0.4822034239768982,"val_balanced_accuracy0.5":0.5394352482960078,"train_loss":2.2563026504940353e-05,"_step":442,"test_accuracy0.5":0.607594907283783,"val_precision0.75":0.29411765933036804,"test_balanced_accuracy0.75":0.4233050847457627,"test_balanced_accuracy0.25":0.4648305084745763,"train_auroc":1,"val_recall0.5":0.23076923191547394,"test_balanced_accuracy0.5":0.4233050847457627,"val_precision0.5":0.3333333432674408,"val_recall0.25":0.23076923191547394,"val_balanced_accuracy0.25":0.5394352482960078,"val_accuracy0.25":0.6952381134033203,"_timestamp":1.7501727417319198e+09}