{"test_balanced_accuracy0.5":0.4398305084745763,"val_precision0.5":0.2857142984867096,"val_recall0.5":0.1538461595773697,"test_precision0.5":0.13333334028720856,"_timestamp":1.7498126400214791e+09,"train_auroc":1,"val_accuracy0.25":0.7047619223594666,"test_recall0.75":0.10000000149011612,"test_auroc":0.33389830589294434,"val_balanced_accuracy0.25":0.5328627069133398,"test_recall0.25":0.10000000149011612,"test_precision0.25":0.125,"test_recall0.5":0.10000000149011612,"_step":499,"_runtime":1744.537953362,"test_balanced_accuracy0.25":0.4313559322033898,"val_accuracy0.5":0.6952381134033203,"test_balanced_accuracy0.75":0.4483050847457627,"val_precision0.25":0.3333333432674408,"test_accuracy0.25":0.594936728477478,"val_balanced_accuracy0.75":0.5262901655306719,"train_loss":2.3232398689287947e-06,"test_precision0.75":0.1428571492433548,"test_accuracy0.75":0.6202531456947327,"val_accuracy0.75":0.7142857313156128,"_wandb":{"runtime":1744},"val_recall0.25":0.19230769574642181,"val_balanced_accuracy0.5":0.5136319376825706,"val_auroc":0.48076921701431274,"val_recall0.75":0.1538461595773697,"val_precision0.75":0.3333333432674408,"test_accuracy0.5":0.607594907283783}