{"_runtime":564.048812492,"test_recall":0.1515151560306549,"test_auroc":0.5974025726318359,"val_loss":8.045021057128906,"_timestamp":1.7495158952207212e+09,"_wandb":{"runtime":564},"test_precision":0.3125,"val_accuracy":0.7777777910232544,"val_recall":0.1428571492433548,"test_balanced_accuracy":0.519635126777984,"val_auroc":0.41428571939468384,"val_precision":1,"train_loss":0.5967981219291687,"_step":52,"train_auroc":0.9725881814956665,"val_balanced_accuracy":0.5714285714285714,"test_accuracy":0.7022900581359863}