{"val_accuracy":0.75,"val_loss":0.37029147148132324,"test_recall":0,"val_auroc":0.5,"train_loss":0.37029147148132324,"test_precision":0,"_wandb":{"runtime":1184},"_step":35,"_timestamp":1.7474203756807106e+09,"train_auroc":0.5,"test_auroc":0.5,"test_accuracy":0.746835470199585,"val_recall":0,"_runtime":1182.566112814,"val_precision":0}