{"train_auroc":0.48480886220932007,"val_precision":0,"val_auroc":0.3177083134651184,"_wandb":{"runtime":1801},"test_recall":0,"test_accuracy":0.746835470199585,"_timestamp":1.7477972348011818e+09,"val_recall":0,"test_precision":0,"val_loss":0.37191981077194214,"_runtime":1801.313438346,"test_auroc":0.4779660701751709,"_step":16,"val_accuracy":0.75,"train_loss":0.37319305539131165}