{"val_accuracy0.5":0.7476635575294495,"test_accuracy0.5":0.75,"val_precision0.5":0,"val_recall0.25":1,"_timestamp":1.7544643692878892e+09,"val_balanced_accuracy0.5":0.5,"test_recall0.5":0,"val_auroc":0.5,"train_loss":2.0794589519500732,"test_balanced_accuracy0.25":0.5,"train_auroc":0.4392187297344208,"_step":364,"test_precision0.75":0,"val_balanced_accuracy0.75":0.5,"test_precision0.25":0.25,"_wandb":{"runtime":15631},"test_recall0.75":0,"test_accuracy0.75":0.75,"val_accuracy0.75":0.7476635575294495,"test_accuracy0.25":0.25,"val_precision0.25":0.25233644247055054,"test_precision0.5":0,"val_balanced_accuracy0.25":0.5,"test_auroc":0.5,"val_precision0.75":0,"test_recall0.25":1,"val_recall0.5":0,"test_balanced_accuracy0.75":0.5,"val_recall0.75":0,"_runtime":15631.455414835,"val_accuracy0.25":0.25233644247055054,"test_balanced_accuracy0.5":0.5}