{"val_balanced_accuracy":0.5,"val_precision":0,"test_balanced_accuracy":0.5,"test_accuracy":0.75,"test_auroc":0.6091215014457703,"_runtime":226.880606388,"test_precision":0,"val_recall":0,"test_recall":0,"_wandb":{"runtime":226},"train_auroc":0.5888369083404541,"_timestamp":1.7495020220770361e+09,"train_loss":1.6848233938217163,"val_accuracy":0.7407407164573669,"val_loss":1.7349807024002075,"val_auroc":0.392857164144516,"_step":50}