{"test_recall0.25":0.30000001192092896,"val_balanced_accuracy0.75":0.4946445959104187,"val_accuracy0.5":0.6095238327980042,"test_balanced_accuracy0.5":0.5322033898305085,"val_recall0.75":0.1538461595773697,"val_recall0.5":0.1538461595773697,"test_recall0.75":0.15000000596046448,"val_recall0.25":0.1538461595773697,"_wandb":{"runtime":1889},"val_precision0.75":0.23529411852359772,"test_recall0.5":0.20000000298023224,"test_accuracy0.25":0.6708860993385315,"_step":194,"val_precision0.5":0.17391304671764374,"val_balanced_accuracy0.25":0.4186952288218111,"_timestamp":1.7513971993791163e+09,"test_precision0.25":0.3333333432674408,"test_precision0.5":0.3333333432674408,"val_accuracy0.75":0.6666666865348816,"val_auroc":0.48880231380462646,"test_accuracy0.75":0.6962025165557861,"train_loss":0.04064086452126503,"test_auroc":0.5703389644622803,"test_balanced_accuracy0.75":0.5156779661016949,"test_precision0.75":0.30000001192092896,"test_accuracy0.5":0.6962025165557861,"val_balanced_accuracy0.5":0.4566699123661149,"test_balanced_accuracy0.25":0.5483050847457627,"train_auroc":0.9996369481086731,"_runtime":1889.399159919,"val_accuracy0.25":0.5523809790611267,"val_precision0.25":0.13793103396892548}