{"val_auroc":0.5063291192054749,"val_balanced_accuracy0.25":0.5,"test_recall0.5":1,"val_accuracy0.25":0.24761904776096344,"val_precision0.5":0.24761904776096344,"val_recall0.25":1,"test_recall0.25":1,"test_auroc":0.5169491767883301,"test_accuracy0.5":0.2531645596027374,"train_loss":2.0948166847229004,"_step":378,"test_precision0.5":0.2531645596027374,"_wandb":{"runtime":1007},"val_balanced_accuracy0.5":0.5,"val_recall0.5":1,"test_recall0.75":0,"train_auroc":0.44485291838645935,"val_accuracy0.75":0.7523809671401978,"val_balanced_accuracy0.75":0.5,"test_accuracy0.75":0.746835470199585,"test_balanced_accuracy0.25":0.5,"test_precision0.75":0,"val_accuracy0.5":0.24761904776096344,"val_precision0.25":0.24761904776096344,"_timestamp":1.7502371658706605e+09,"_runtime":1007.558191302,"val_recall0.75":0,"test_balanced_accuracy0.75":0.5,"test_accuracy0.25":0.2531645596027374,"test_balanced_accuracy0.5":0.5,"val_precision0.75":0,"test_precision0.25":0.2531645596027374}