{"val_auroc":0.8214285373687744,"_timestamp":1.7495454017429574e+09,"val_precision":0.4000000059604645,"_runtime":1154.429272302,"test_accuracy":0.6106870174407959,"val_balanced_accuracy":0.5678571428571428,"train_loss":0.00041145741124637425,"test_recall":0.21875,"train_auroc":1,"val_accuracy":0.7037037014961243,"_step":96,"val_recall":0.2857142984867096,"val_loss":5.52862548828125,"test_precision":0.21212121844291687,"test_balanced_accuracy":0.4780618686868687,"_wandb":{"runtime":1154},"test_auroc":0.5587121248245239}