{"test_balanced_accuracy":0.5,"test_recall":0,"_wandb":{"runtime":575},"_step":51,"train_auroc":0.6602376699447632,"val_recall":0,"val_loss":1.7971711158752441,"val_precision":0,"test_precision":0,"val_accuracy":0.7407407164573669,"_runtime":575.071713252,"val_balanced_accuracy":0.5,"_timestamp":1.749522571330356e+09,"train_loss":1.6171880960464478,"test_auroc":0.5224977135658264,"test_accuracy":0.75,"val_auroc":0.40000003576278687}