{"test_precision0.75":0,"_runtime":6505.869283565,"test_accuracy0.25":0.25,"val_balanced_accuracy0.75":0.5,"test_balanced_accuracy0.75":0.5,"test_recall0.75":0,"test_precision0.5":0,"test_balanced_accuracy0.25":0.5,"_timestamp":1.7545145905336177e+09,"test_accuracy0.5":0.75,"train_loss":2.079615354537964,"test_balanced_accuracy0.5":0.5,"test_auroc":0.5,"val_accuracy0.5":0.7476635575294495,"val_precision0.25":0.25233644247055054,"train_auroc":0.4321874976158142,"test_accuracy0.75":0.75,"test_recall0.25":1,"val_accuracy0.75":0.7476635575294495,"val_recall0.75":0,"test_precision0.25":0.25,"test_recall0.5":0,"val_balanced_accuracy0.25":0.5,"val_auroc":0.5,"val_precision0.75":0,"val_precision0.5":0,"val_recall0.5":0,"_step":151,"val_balanced_accuracy0.5":0.5,"val_accuracy0.25":0.25233644247055054,"_wandb":{"runtime":6505},"val_recall0.25":1}