{"val_loss":1.793757438659668,"test_balanced_accuracy":0.5,"val_balanced_accuracy":0.5,"test_recall":0,"val_recall":0,"test_precision":0,"_step":87,"val_auroc":0.44285714626312256,"_wandb":{"runtime":377},"train_loss":1.6430946588516235,"_runtime":377.048054837,"_timestamp":1.7495558309398866e+09,"test_accuracy":0.75,"val_precision":0,"test_auroc":0.5635139346122742,"val_accuracy":0.7407407164573669,"train_auroc":0.6363725066184998}