{"test_precision0.25":0.25,"val_balanced_accuracy0.75":0.5,"test_balanced_accuracy0.25":0.5,"val_accuracy0.75":0.7476635575294495,"val_recall0.25":1,"test_recall0.25":1,"val_auroc":0.543055534362793,"_wandb":{"runtime":2819},"test_balanced_accuracy0.5":0.5416666666666667,"val_precision0.75":0,"val_precision0.25":0.25233644247055054,"val_accuracy0.5":0.5514018535614014,"_step":446,"test_accuracy0.75":0.75,"_timestamp":1.753616633345386e+09,"val_recall0.5":0.5185185074806213,"train_loss":2.0685946941375732,"val_balanced_accuracy0.25":0.5,"test_precision0.5":0.2857142984867096,"test_auroc":0.5191666483879089,"val_recall0.75":0,"test_balanced_accuracy0.75":0.5,"val_balanced_accuracy0.5":0.5405092592592593,"test_recall0.5":0.5,"train_auroc":0.553310751914978,"test_precision0.75":0,"_runtime":2819.922102739,"val_precision0.5":0.2857142984867096,"test_accuracy0.25":0.25,"test_accuracy0.5":0.5625,"val_accuracy0.25":0.25233644247055054,"test_recall0.75":0}