{"_timestamp":1.7494899142207296e+09,"val_accuracy":0.7407407164573669,"val_precision":0,"val_balanced_accuracy":0.5,"test_precision":0,"_runtime":156.238428345,"test_recall":0,"train_auroc":0.5545331239700317,"_wandb":{"runtime":156},"val_loss":1.7119200229644775,"test_balanced_accuracy":0.5,"val_recall":0,"train_loss":1.6804263591766357,"val_auroc":0.6071429252624512,"test_accuracy":0.7480915784835815,"_step":52,"test_auroc":0.5136054754257202}