{"val_accuracy":0.875,"val_recall":0,"_runtime":5.545609782,"val_loss":3.504058361053467,"val_precision":0,"_step":0,"val_auroc":0.5,"_wandb":{"runtime":11},"_timestamp":1.7474347858917787e+09}