{"_wandb":{"runtime":423},"test_precision0.25":0.2531645596027374,"_step":156,"test_balanced_accuracy0.5":0.5,"val_accuracy0.25":0.24761904776096344,"test_recall0.5":0,"val_recall0.5":0,"val_precision0.25":0.24761904776096344,"test_accuracy0.25":0.2531645596027374,"val_recall0.25":1,"val_precision0.75":0,"test_recall0.25":1,"test_accuracy0.75":0.746835470199585,"val_accuracy0.5":0.7523809671401978,"train_auroc":0.4213120937347412,"val_precision0.5":0,"test_recall0.75":0,"test_precision0.5":0,"test_auroc":0.5949152708053589,"_runtime":423.232796008,"val_balanced_accuracy0.75":0.5,"val_auroc":0.5742453336715698,"test_precision0.75":0,"test_accuracy0.5":0.746835470199585,"val_balanced_accuracy0.5":0.5,"_timestamp":1.7504756212470615e+09,"val_balanced_accuracy0.25":0.5,"val_accuracy0.75":0.7523809671401978,"train_loss":1.6999914646148682,"test_balanced_accuracy0.75":0.5,"val_recall0.75":0,"test_balanced_accuracy0.25":0.5}