{"train_auroc":0.967072606086731,"test_accuracy0.25":0.4430379867553711,"test_precision0.5":0.25925925374031067,"_step":999,"test_recall0.5":0.3499999940395355,"val_accuracy0.25":0.4000000059604645,"train_loss":0.7487607598304749,"test_accuracy0.75":0.6835442781448364,"test_precision0.75":0.2222222238779068,"test_auroc":0.5957627296447754,"test_accuracy0.5":0.5822784900665283,"val_precision0.5":0.2702702581882477,"test_balanced_accuracy0.5":0.5055084745762712,"_timestamp":1.7502783268302636e+09,"val_recall0.5":0.38461539149284363,"val_accuracy0.75":0.723809540271759,"val_recall0.25":0.807692289352417,"test_recall0.25":0.8500000238418579,"test_balanced_accuracy0.75":0.4906779661016949,"val_balanced_accuracy0.75":0.5713242453748782,"val_precision0.25":0.26582279801368713,"_runtime":3109.688930282,"val_balanced_accuracy0.5":0.5214216163583252,"_wandb":{"runtime":3109},"test_precision0.25":0.2931034564971924,"val_balanced_accuracy0.25":0.5367575462512171,"test_balanced_accuracy0.25":0.5775423728813559,"test_recall0.75":0.10000000149011612,"val_auroc":0.570107102394104,"val_precision0.75":0.4117647111415863,"val_recall0.75":0.26923078298568726,"val_accuracy0.5":0.5904762148857117}