{"train_auroc":1,"val_accuracy":0.7037037014961243,"_timestamp":1.749539414005529e+09,"val_precision":0.3333333432674408,"_runtime":331.575462239,"val_recall":0.1428571492433548,"val_balanced_accuracy":0.5214285714285715,"train_loss":0.01339440606534481,"test_balanced_accuracy":0.5289115646258503,"_wandb":{"runtime":331},"test_auroc":0.6045145392417908,"val_loss":18.246089935302734,"_step":50,"val_auroc":0.4357143044471741,"test_precision":0.28947368264198303,"test_accuracy":0.6259542107582092,"test_recall":0.3333333432674408}