{"test_balanced_accuracy0.25":0.5,"test_accuracy0.75":0.746835470199585,"test_balanced_accuracy0.5":0.5279661016949152,"test_accuracy0.5":0.4430379867553711,"_runtime":1446.45003373,"train_loss":2.050752878189087,"_wandb":{"runtime":1446},"val_balanced_accuracy0.5":0.5803310613437196,"_timestamp":1.7501481948369803e+09,"val_precision0.25":0.24761904776096344,"test_precision0.75":0,"val_recall0.75":0,"test_precision0.5":0.26923078298568726,"test_recall0.5":0.699999988079071,"val_accuracy0.75":0.7523809671401978,"val_recall0.25":1,"test_accuracy0.25":0.2531645596027374,"val_balanced_accuracy0.25":0.5,"test_precision0.25":0.2531645596027374,"val_accuracy0.25":0.24761904776096344,"val_auroc":0.6022394895553589,"test_recall0.75":0,"val_precision0.5":0.30000001192092896,"val_accuracy0.5":0.523809552192688,"_step":562,"train_auroc":0.7487891316413879,"test_auroc":0.5347457528114319,"val_recall0.5":0.692307710647583,"test_balanced_accuracy0.75":0.5,"val_precision0.75":0,"test_recall0.25":1,"val_balanced_accuracy0.75":0.5}