{"val_balanced_accuracy0.5":0.5182692307692307,"val_accuracy0.75":0.698113203048706,"_runtime":8877.62809018,"test_auroc":0.57833331823349,"val_recall0.75":0.11538461595773697,"_timestamp":1.7542297160745804e+09,"test_precision0.25":0.2461538463830948,"test_balanced_accuracy0.75":0.5499999999999999,"test_accuracy0.5":0.625,"val_balanced_accuracy0.75":0.5014423076923077,"test_balanced_accuracy0.25":0.4916666666666667,"val_accuracy0.5":0.5471698045730591,"val_auroc":0.49519234895706177,"val_recall0.5":0.4615384638309479,"val_accuracy0.25":0.3207547068595886,"test_accuracy0.25":0.3375000059604645,"test_recall0.25":0.800000011920929,"_step":999,"val_balanced_accuracy0.25":0.5240384615384616,"test_recall0.5":0.4000000059604645,"train_auroc":0.8634151816368103,"train_loss":1.2609007358551025,"test_accuracy0.75":0.75,"test_precision0.75":0.5,"val_precision0.75":0.25,"test_recall0.75":0.15000000596046448,"val_precision0.25":0.25531914830207825,"_wandb":{"runtime":8877},"val_precision0.5":0.260869562625885,"val_recall0.25":0.9230769276618958,"test_precision0.5":0.3076923191547394,"test_balanced_accuracy0.5":0.55}