{"val_balanced_accuracy":0.6142857142857143,"test_auroc":0.47719618678092957,"test_precision":0.2222222238779068,"val_accuracy":0.7037037014961243,"train_loss":0.00012064651673426852,"_runtime":418.857009327,"val_auroc":0.5714285969734192,"val_recall":0.4285714328289032,"_step":117,"_wandb":{"runtime":418},"_timestamp":1.7495566953016298e+09,"train_auroc":1,"test_balanced_accuracy":0.4797979797979798,"val_loss":14.55173397064209,"test_recall":0.24242424964904785,"val_precision":0.4285714328289032,"test_accuracy":0.5984848737716675}