{"_wandb":{"runtime":362},"_runtime":362.232502824,"val_precision":0,"train_auroc":0.5193843841552734,"val_balanced_accuracy":0.5,"test_balanced_accuracy":0.5,"_timestamp":1.749588395662619e+09,"train_loss":1.7061032056808472,"test_precision":0,"test_auroc":0.6372818946838379,"val_loss":1.7408947944641113,"val_accuracy":0.7407407164573669,"_step":54,"test_recall":0,"val_auroc":0.4214285910129547,"test_accuracy":0.75,"val_recall":0}