{"train_auroc":0.9432480335235596,"val_accuracy0.75":0.698113203048706,"val_precision0.25":0.3125,"val_precision0.5":0.2857142984867096,"test_balanced_accuracy0.75":0.5499999999999999,"train_loss":0.9438526034355164,"test_recall0.75":0.15000000596046448,"test_auroc":0.6274999976158142,"_step":999,"val_recall0.75":0.1111111119389534,"val_precision0.75":0.27272728085517883,"test_recall0.5":0.3499999940395355,"test_precision0.5":0.5384615659713745,"test_accuracy0.25":0.612500011920929,"_timestamp":1.7537013960609336e+09,"val_recall0.25":0.5555555820465088,"val_accuracy0.5":0.6603773832321167,"test_accuracy0.75":0.75,"val_balanced_accuracy0.25":0.5689170182841069,"_runtime":7965.04543595,"_wandb":{"runtime":7965},"test_balanced_accuracy0.25":0.6083333333333334,"test_precision0.25":0.34285715222358704,"val_balanced_accuracy0.5":0.5161744022503516,"val_recall0.5":0.2222222238779068,"test_recall0.25":0.6000000238418579,"test_accuracy0.5":0.762499988079071,"test_balanced_accuracy0.5":0.625,"test_precision0.75":0.5,"val_balanced_accuracy0.75":0.5049226441631505,"val_auroc":0.5611814260482788,"val_accuracy0.25":0.5754716992378235}