{"test_recall0.25":1,"val_accuracy0.75":0.7523809671401978,"test_accuracy0.5":0.5063291192054749,"_timestamp":1.7502861342081683e+09,"_step":357,"train_loss":2.0689451694488525,"val_precision0.75":0,"val_precision0.25":0.24761904776096344,"val_accuracy0.25":0.24761904776096344,"test_balanced_accuracy0.25":0.5,"test_precision0.75":0,"val_auroc":0.464946448802948,"val_balanced_accuracy0.75":0.5,"train_auroc":0.6782052516937256,"val_recall0.75":0,"val_recall0.5":0.3461538553237915,"val_recall0.25":1,"test_accuracy0.25":0.2531645596027374,"_wandb":{"runtime":1216},"test_recall0.75":0,"test_precision0.5":0.22857142984867096,"val_balanced_accuracy0.25":0.5,"test_auroc":0.4838983118534088,"test_balanced_accuracy0.75":0.5,"val_precision0.5":0.19565217196941376,"test_precision0.25":0.2531645596027374,"test_recall0.5":0.4000000059604645,"_runtime":1216.633312518,"test_balanced_accuracy0.5":0.4711864406779661,"test_accuracy0.75":0.746835470199585,"val_balanced_accuracy0.5":0.43889970788704963,"val_accuracy0.5":0.48571428656578064}