{"test_recall0.75":0.10000000149011612,"test_recall0.5":0.10000000149011612,"val_balanced_accuracy0.5":0.5202044790652386,"test_balanced_accuracy0.5":0.4313559322033898,"val_accuracy0.75":0.6952381134033203,"test_recall0.25":0.15000000596046448,"test_balanced_accuracy0.75":0.4398305084745763,"val_accuracy0.25":0.6380952596664429,"val_auroc":0.481986403465271,"val_precision0.75":0.2857142984867096,"val_precision0.5":0.29411765933036804,"_wandb":{"runtime":1269},"val_recall0.5":0.19230769574642181,"val_precision0.25":0.22727273404598236,"val_balanced_accuracy0.25":0.48855890944498537,"_runtime":1269.783471155,"val_accuracy0.5":0.6857143044471741,"_timestamp":1.750185780554944e+09,"test_accuracy0.75":0.607594907283783,"test_precision0.25":0.1764705926179886,"train_auroc":1,"test_precision0.5":0.125,"test_accuracy0.5":0.594936728477478,"_step":366,"test_accuracy0.25":0.607594907283783,"test_auroc":0.4940677881240845,"val_recall0.25":0.19230769574642181,"train_loss":0.00016888089885469526,"val_recall0.75":0.1538461595773697,"test_balanced_accuracy0.25":0.4563559322033898,"test_precision0.75":0.13333334028720856,"val_balanced_accuracy0.75":0.5136319376825706}