{"val_precision0.5":0.1428571492433548,"_runtime":1011.191941067,"test_accuracy0.25":0.6875,"val_precision0.25":0.21052631735801697,"val_accuracy0.75":0.6792452931404114,"test_recall0.5":0.25,"_step":303,"val_accuracy0.25":0.650943398475647,"val_recall0.25":0.1538461595773697,"val_balanced_accuracy0.25":0.4831730769230769,"train_auroc":1,"val_precision0.75":0.1666666716337204,"test_recall0.75":0.25,"val_accuracy0.5":0.6603773832321167,"test_balanced_accuracy0.25":0.5583333333333333,"test_precision0.5":0.3571428656578064,"train_loss":2.4323589968844317e-05,"test_precision0.75":0.4166666567325592,"_wandb":{"runtime":1011},"val_balanced_accuracy0.5":0.4634615384615385,"test_balanced_accuracy0.75":0.5666666666666667,"test_precision0.25":0.3529411852359772,"test_auroc":0.6483333110809326,"val_recall0.75":0.07692307978868484,"val_auroc":0.42500001192092896,"val_balanced_accuracy0.75":0.47596153846153844,"test_accuracy0.75":0.7250000238418579,"_timestamp":1.7534934432463315e+09,"test_balanced_accuracy0.5":0.55,"test_accuracy0.5":0.699999988079071,"test_recall0.25":0.30000001192092896,"val_recall0.5":0.07692307978868484}