{"test_balanced_accuracy0.75":0.4228813559322034,"val_accuracy0.5":0.6571428775787354,"test_recall0.25":0.10000000149011612,"val_balanced_accuracy0.5":0.5528237585199611,"test_precision0.75":0.11764705926179886,"val_accuracy0.75":0.6571428775787354,"test_recall0.5":0.10000000149011612,"_runtime":1138.251137375,"val_accuracy0.25":0.6571428775787354,"val_recall0.25":0.3461538553237915,"val_precision0.25":0.3214285671710968,"test_accuracy0.25":0.5569620132446289,"test_balanced_accuracy0.5":0.4059322033898305,"train_auroc":1,"val_auroc":0.567672848701477,"_wandb":{"runtime":1138},"test_precision0.5":0.10526315867900848,"val_balanced_accuracy0.25":0.5528237585199611,"val_recall0.5":0.3461538553237915,"_timestamp":1.7513899852419038e+09,"train_loss":9.190102332468086e-07,"test_recall0.75":0.10000000149011612,"test_auroc":0.5618643760681152,"val_balanced_accuracy0.75":0.5528237585199611,"test_accuracy0.75":0.5822784900665283,"test_accuracy0.5":0.5569620132446289,"test_precision0.25":0.10526315867900848,"val_precision0.5":0.3214285671710968,"val_precision0.75":0.3214285671710968,"val_recall0.75":0.3461538553237915,"test_balanced_accuracy0.25":0.4059322033898305,"_step":190}