{"val_recall0.5":0.26923078298568726,"val_precision0.5":0.23333333432674408,"val_balanced_accuracy0.5":0.49086538461538465,"_step":999,"test_balanced_accuracy0.25":0.5,"val_balanced_accuracy0.25":0.4480769230769231,"test_accuracy0.75":0.699999988079071,"val_accuracy0.5":0.6037735939025879,"val_accuracy0.25":0.5,"test_recall0.5":0.30000001192092896,"train_auroc":0.9917187690734863,"_wandb":{"runtime":44552},"val_accuracy0.75":0.6415094137191772,"test_precision0.5":0.2857142984867096,"val_auroc":0.4620192348957062,"test_balanced_accuracy0.75":0.5666666666666667,"test_balanced_accuracy0.5":0.525,"test_precision0.25":0.25,"test_auroc":0.5049999952316284,"val_precision0.75":0.22727273404598236,"test_recall0.75":0.30000001192092896,"val_recall0.75":0.19230769574642181,"_timestamp":1.7549071841119802e+09,"train_loss":0.361928790807724,"test_precision0.75":0.375,"val_precision0.25":0.20000000298023224,"test_recall0.25":0.4000000059604645,"test_accuracy0.25":0.550000011920929,"val_balanced_accuracy0.75":0.48990384615384613,"_runtime":44552.965931008,"test_accuracy0.5":0.637499988079071,"val_recall0.25":0.3461538553237915}