{"test_accuracy0.25":0.550000011920929,"val_auroc":0.49537038803100586,"test_accuracy0.75":0.6000000238418579,"test_recall0.25":0.15000000596046448,"val_accuracy0.25":0.6261682510375977,"_timestamp":1.7539408969896965e+09,"_wandb":{"runtime":1275},"test_auroc":0.48375004529953003,"test_accuracy0.5":0.5874999761581421,"_step":213,"val_recall0.25":0.25925925374031067,"val_accuracy0.75":0.6822429895401001,"train_loss":0.00045659326133318245,"val_accuracy0.5":0.6542056202888489,"train_auroc":1,"test_balanced_accuracy0.5":0.425,"test_precision0.25":0.13636364042758942,"test_recall0.75":0.10000000149011612,"val_balanced_accuracy0.25":0.5046296296296297,"test_recall0.5":0.10000000149011612,"val_recall0.5":0.2222222238779068,"val_balanced_accuracy0.75":0.5175925925925926,"test_precision0.5":0.11764705926179886,"val_precision0.75":0.29411765933036804,"test_balanced_accuracy0.75":0.43333333333333335,"val_precision0.25":0.25925925374031067,"val_precision0.5":0.27272728085517883,"test_precision0.75":0.125,"test_balanced_accuracy0.25":0.4166666666666667,"val_balanced_accuracy0.5":0.5111111111111111,"_runtime":1275.188794608,"val_recall0.75":0.18518517911434174}