{"test_accuracy0.25":0.7124999761581421,"val_precision0.25":0.3478260934352875,"val_auroc":0.5503985285758972,"test_balanced_accuracy0.75":0.55,"test_accuracy0.75":0.7250000238418579,"_runtime":826.734201136,"test_precision0.75":0.4000000059604645,"test_recall0.5":0.20000000298023224,"val_recall0.75":0.29629629850387573,"val_balanced_accuracy0.25":0.5532114392873886,"test_accuracy0.5":0.7124999761581421,"val_recall0.25":0.29629629850387573,"test_auroc":0.48250001668930054,"test_recall0.75":0.20000000298023224,"test_balanced_accuracy0.25":0.5583333333333333,"train_auroc":1,"val_accuracy0.5":0.6886792182922363,"val_precision0.5":0.3636363744735718,"train_loss":7.642293894605245e-06,"test_balanced_accuracy0.5":0.5416666666666666,"_timestamp":1.7534581992327247e+09,"val_recall0.5":0.29629629850387573,"test_recall0.25":0.25,"val_balanced_accuracy0.75":0.5658696671354899,"test_precision0.5":0.3636363744735718,"_wandb":{"runtime":826},"test_precision0.25":0.38461539149284363,"val_accuracy0.25":0.6792452931404114,"val_accuracy0.75":0.698113203048706,"val_precision0.75":0.380952388048172,"val_balanced_accuracy0.5":0.5595405532114393,"_step":344}