{"val_recall":0,"train_auroc":0.6497175097465515,"val_loss":1.8136053085327148,"test_recall":0,"val_balanced_accuracy":0.5,"test_auroc":0.5081114172935486,"test_precision":0,"val_precision":0,"_wandb":{"runtime":231},"train_loss":1.5960350036621094,"val_accuracy":0.7407407164573669,"test_accuracy":0.7424242496490479,"_runtime":231.502501618,"val_auroc":0.5857142806053162,"test_balanced_accuracy":0.494949494949495,"_step":77,"_timestamp":1.749486303444252e+09}