{"val_accuracy0.75":0.6761904954910278,"_wandb":{"runtime":1699},"test_recall0.75":0.05000000074505806,"train_auroc":0.9995740056037903,"train_loss":0.043882887810468674,"test_balanced_accuracy0.75":0.3809322033898305,"val_accuracy0.25":0.6190476417541504,"test_accuracy0.75":0.5443037748336792,"test_auroc":0.4762711822986603,"val_balanced_accuracy0.75":0.5267770204479065,"val_precision0.25":0.25,"test_accuracy0.5":0.5569620132446289,"test_precision0.75":0.0555555559694767,"val_precision0.75":0.30000001192092896,"test_recall0.25":0.10000000149011612,"test_precision0.25":0.10526315867900848,"_timestamp":1.750563908969212e+09,"test_balanced_accuracy0.25":0.4059322033898305,"val_precision0.5":0.30434781312942505,"test_balanced_accuracy0.5":0.4059322033898305,"val_balanced_accuracy0.5":0.5333495618305745,"test_precision0.5":0.10526315867900848,"_step":415,"val_auroc":0.4683544337749481,"val_recall0.75":0.23076923191547394,"val_balanced_accuracy0.25":0.5017039922103214,"_runtime":1699.922266969,"val_recall0.25":0.26923078298568726,"test_recall0.5":0.10000000149011612,"val_recall0.5":0.26923078298568726,"val_accuracy0.5":0.6666666865348816,"test_accuracy0.25":0.5569620132446289}