{"_timestamp":1.7513073640568068e+09,"val_precision0.25":0.3333333432674408,"test_recall0.25":1,"val_precision0.5":0.3333333432674408,"train_auroc":0,"val_balanced_accuracy0.25":0.5,"val_accuracy0.75":0.6666666865348816,"val_precision0.75":0,"test_recall0.5":1,"test_precision0.5":0.5,"_runtime":13.6841102,"val_balanced_accuracy0.75":0.5,"test_recall0.75":0,"train_loss":0.700229823589325,"test_balanced_accuracy0.25":0.5,"test_precision0.25":0.5,"val_recall0.75":0,"_step":1,"val_auroc":0,"val_accuracy0.5":0.3333333432674408,"_wandb":{"runtime":13},"val_recall0.5":1,"test_accuracy0.75":0.5,"val_balanced_accuracy0.5":0.5,"test_balanced_accuracy0.75":0.5,"test_auroc":1,"val_accuracy0.25":0.3333333432674408,"test_accuracy0.5":0.5,"test_balanced_accuracy0.5":0.5,"test_accuracy0.25":0.5,"test_precision0.75":0,"val_recall0.25":1}