{"test_balanced_accuracy0.5":0.5,"test_precision0.25":0.5,"val_precision0.75":0,"train_auroc":1,"test_precision0.75":0,"test_accuracy0.5":0.5,"test_accuracy0.25":0.5,"val_balanced_accuracy0.5":0.25,"_step":12,"val_accuracy0.25":0.3333333432674408,"val_balanced_accuracy0.25":0.5,"test_balanced_accuracy0.25":0.5,"_runtime":14.4016487,"_wandb":{"runtime":14},"test_recall0.25":1,"val_recall0.75":0,"test_recall0.5":1,"train_loss":0.6640757322311401,"_timestamp":1.7501793125512078e+09,"val_accuracy0.75":0.6666666865348816,"val_recall0.5":0,"val_balanced_accuracy0.75":0.5,"test_auroc":1,"val_accuracy0.5":0.3333333432674408,"val_precision0.5":0,"test_recall0.75":0,"val_auroc":0,"val_recall0.25":1,"val_precision0.25":0.3333333432674408,"test_accuracy0.75":0.5,"test_precision0.5":0.5,"test_balanced_accuracy0.75":0.5}