{"test_balanced_accuracy0.25":0.4728813559322034,"_wandb":{"runtime":1932},"val_accuracy0.75":0.6571428775787354,"_timestamp":1.7501770359111984e+09,"test_recall0.5":0.20000000298023224,"val_precision0.75":0.25,"test_recall0.75":0.20000000298023224,"test_auroc":0.5322033762931824,"test_balanced_accuracy0.75":0.5322033898305085,"_step":298,"test_accuracy0.5":0.6455696225166321,"train_auroc":1,"test_precision0.25":0.21052631735801697,"val_recall0.5":0.19230769574642181,"val_auroc":0.6139240860939026,"test_recall0.25":0.20000000298023224,"test_precision0.75":0.3333333432674408,"val_balanced_accuracy0.5":0.5012171372930867,"val_precision0.5":0.25,"test_balanced_accuracy0.5":0.49830508474576274,"test_accuracy0.25":0.607594907283783,"val_accuracy0.5":0.6571428775787354,"val_accuracy0.25":0.6857143044471741,"val_balanced_accuracy0.75":0.5012171372930867,"val_balanced_accuracy0.25":0.5718111002921129,"val_recall0.25":0.3461538553237915,"train_loss":1.0107309208251536e-05,"val_precision0.25":0.36000001430511475,"val_recall0.75":0.19230769574642181,"test_precision0.5":0.25,"_runtime":1932.379924559,"test_accuracy0.75":0.6962025165557861}