{"val_auroc":0.4634858965873718,"train_loss":0.43254774808883667,"_timestamp":1.750140653518542e+09,"test_accuracy0.5":0.6708860993385315,"test_precision0.5":0.3125,"val_precision0.25":0.2321428507566452,"_wandb":{"runtime":2533},"test_recall0.25":0.4000000059604645,"val_accuracy0.25":0.46666666865348816,"test_balanced_accuracy0.75":0.5165254237288136,"test_precision0.25":0.2222222238779068,"val_accuracy0.5":0.5809524059295654,"test_accuracy0.25":0.49367088079452515,"val_accuracy0.75":0.6857143044471741,"test_precision0.75":0.5,"val_recall0.75":0.03846153989434242,"test_balanced_accuracy0.5":0.5317796610169492,"test_accuracy0.75":0.746835470199585,"val_recall0.5":0.23076923191547394,"train_auroc":1,"val_balanced_accuracy0.5":0.4634858812074002,"test_balanced_accuracy0.25":0.4627118644067797,"val_precision0.75":0.1111111119389534,"_step":999,"val_precision0.5":0.20000000298023224,"test_recall0.75":0.05000000074505806,"val_balanced_accuracy0.25":0.4778481012658228,"val_recall0.25":0.5,"val_balanced_accuracy0.75":0.46859785783836416,"test_recall0.5":0.25,"test_auroc":0.5330508351325989,"_runtime":2533.345262644}