{"val_accuracy":0.7407407164573669,"test_balanced_accuracy":0.5,"val_precision":0,"_wandb":{"runtime":215},"_runtime":215.559997523,"val_loss":1.7344428300857544,"train_loss":1.677575945854187,"val_recall":0,"_timestamp":1.7495636657474594e+09,"test_accuracy":0.75,"val_balanced_accuracy":0.5,"test_precision":0,"test_recall":0,"test_auroc":0.5653504729270935,"train_auroc":0.627508282661438,"val_auroc":0.47857144474983215,"_step":50}