{"test_accuracy":0.6412213444709778,"train_auroc":1,"val_auroc":0.8071428537368774,"val_loss":5.728476524353027,"_runtime":664.157485975,"_step":100,"test_precision":0.24137930572032928,"_wandb":{"runtime":664},"test_balanced_accuracy":0.4982638888888889,"_timestamp":1.7495178005596032e+09,"val_balanced_accuracy":0.5678571428571428,"val_accuracy":0.7037037014961243,"val_precision":0.4000000059604645,"val_recall":0.2857142984867096,"test_recall":0.21875,"test_auroc":0.5738636255264282,"train_loss":0.000357038778020069}