{"test_precision0.25":0.25,"test_precision0.5":0.25,"val_accuracy0.5":0.25233644247055054,"val_balanced_accuracy0.25":0.5,"_runtime":3092.649279526,"_wandb":{"runtime":3092},"train_recon_loss_no_kld":0.7062411904335022,"train_kld_loss":0.0017136225942522287,"val_balanced_accuracy0.75":0.5,"_step":111,"test_precision0.75":0,"test_recall0.25":1,"val_precision0.5":0.25233644247055054,"test_recall0.5":1,"test_balanced_accuracy0.25":0.5,"val_balanced_accuracy0.5":0.5,"test_balanced_accuracy0.75":0.5,"val_precision0.25":0.25233644247055054,"val_accuracy0.75":0.7476635575294495,"train_mu":6.087711881264113e-07,"test_accuracy0.5":0.25,"train_surv_loss":0.9946879744529724,"val_precision0.75":0,"val_recall0.75":0,"_timestamp":1.7549487187646348e+09,"val_recall0.5":1,"val_auroc":0.3891203999519348,"test_balanced_accuracy0.5":0.5,"test_accuracy0.75":0.75,"test_recall0.75":0,"train_auroc":0.48483049869537354,"test_auroc":0.4741666913032532,"val_recall0.25":1,"train_logvar":1.9558498820515524e-07,"test_accuracy0.25":0.25,"train_loss":1.3486653566360474,"val_accuracy0.25":0.25233644247055054}