{"test_accuracy0.25":0.5696202516555786,"test_balanced_accuracy0.75":0.5165254237288136,"test_recall0.25":0.3499999940395355,"val_accuracy0.25":0.6476190686225891,"_wandb":{"runtime":7630},"val_precision0.25":0.3589743673801422,"val_precision0.5":0.380952388048172,"val_auroc":0.5764361619949341,"_step":999,"test_auroc":0.5313559174537659,"test_accuracy0.75":0.746835470199585,"val_accuracy0.5":0.7047619223594666,"test_accuracy0.5":0.6835442781448364,"test_precision0.5":0.1428571492433548,"test_balanced_accuracy0.25":0.4970338983050847,"_runtime":7630.588028965,"test_precision0.25":0.25,"train_loss":0.6702857613563538,"val_precision0.75":0.30000001192092896,"test_recall0.5":0.05000000074505806,"val_balanced_accuracy0.75":0.5133885102239533,"val_balanced_accuracy0.5":0.5715676728334956,"train_auroc":0.9735419154167175,"val_balanced_accuracy0.25":0.6110029211295034,"test_precision0.75":0.5,"test_recall0.75":0.05000000074505806,"test_balanced_accuracy0.5":0.4741525423728814,"val_recall0.25":0.5384615659713745,"val_recall0.75":0.11538461595773697,"val_recall0.5":0.3076923191547394,"val_accuracy0.75":0.7142857313156128,"_timestamp":1.7514851981044955e+09}