{"test_balanced_accuracy":0.5,"_runtime":208.129610937,"train_auroc":0.6273101568222046,"test_recall":0,"val_precision":0,"val_auroc":0.6499999761581421,"test_auroc":0.44539138674736023,"test_precision":0,"val_recall":0,"_timestamp":1.7495621852860544e+09,"val_accuracy":0.7407407164573669,"test_accuracy":0.7557252049446106,"_wandb":{"runtime":208},"train_loss":1.6429039239883423,"val_balanced_accuracy":0.5,"val_loss":1.6918708086013794,"_step":50}