{"_timestamp":1.7495668447991188e+09,"test_precision":0,"val_precision":0,"val_recall":0,"test_accuracy":0.7557252049446106,"train_loss":1.8420604467391968,"train_auroc":0.5591305494308472,"_runtime":253.120411774,"val_balanced_accuracy":0.5,"test_auroc":0.4535984992980957,"val_accuracy":0.7407407164573669,"val_loss":1.853596568107605,"test_balanced_accuracy":0.5,"test_recall":0,"_wandb":{"runtime":253},"_step":50,"val_auroc":0.5714285373687744}