{"_timestamp":1.754963270099319e+09,"test_recall0.75":0,"_wandb":{"runtime":2026},"val_accuracy0.5":0.25233644247055054,"train_auroc":0.5133301615715027,"val_precision0.75":0,"val_precision0.25":0.25233644247055054,"test_precision0.5":0.25,"train_loss":1.5657353401184082,"test_accuracy0.75":0.75,"val_balanced_accuracy0.25":0.5,"test_accuracy0.5":0.25,"test_precision0.75":0,"train_mu":8.322869575749792e-07,"val_precision0.5":0.25233644247055054,"_runtime":2026.292046586,"val_balanced_accuracy0.75":0.5,"val_accuracy0.75":0.7476635575294495,"train_surv_loss":0.994488000869751,"test_recall0.25":1,"test_precision0.25":0.25,"test_recall0.5":1,"train_recon_loss_no_kld":0.9480813145637512,"test_balanced_accuracy0.75":0.5,"test_balanced_accuracy0.5":0.5,"val_recall0.25":1,"val_balanced_accuracy0.5":0.5,"val_auroc":0.48379629850387573,"train_kld_loss":0.1944132149219513,"test_accuracy0.25":0.25,"val_recall0.5":1,"val_accuracy0.25":0.25233644247055054,"_step":90,"test_balanced_accuracy0.25":0.5,"train_logvar":5.0815799568226794e-08,"val_recall0.75":0,"test_auroc":0.45625001192092896}