{"test_balanced_accuracy0.25":0.45,"val_accuracy0.75":0.47663551568984985,"_wandb":{"runtime":1788},"val_accuracy0.5":0.44859811663627625,"val_recall0.25":0.6296296119689941,"val_balanced_accuracy0.5":0.5085648148148149,"test_recall0.75":0.5,"test_accuracy0.25":0.4000000059604645,"_step":226,"test_recall0.25":0.550000011920929,"val_precision0.75":0.2698412835597992,"val_recall0.75":0.6296296119689941,"test_precision0.25":0.2199999988079071,"test_precision0.5":0.2291666716337204,"_timestamp":1.755136696314584e+09,"val_auroc":0.4870370328426361,"_runtime":1788.455632481,"val_balanced_accuracy0.75":0.5273148148148148,"val_accuracy0.25":0.44859811663627625,"test_recall0.5":0.550000011920929,"val_balanced_accuracy0.25":0.5085648148148149,"train_auroc":0.9998813271522522,"test_auroc":0.49000000953674316,"val_recall0.5":0.6296296119689941,"train_loss":0.056270767003297806,"test_balanced_accuracy0.5":0.4666666666666667,"test_accuracy0.5":0.42500001192092896,"test_precision0.75":0.21739129722118378,"test_accuracy0.75":0.42500001192092896,"val_precision0.25":0.25757575035095215,"val_precision0.5":0.25757575035095215,"test_balanced_accuracy0.75":0.45}