{"test_accuracy0.25":0.4625000059604645,"train_auroc":0.9605633020401001,"val_balanced_accuracy0.25":0.5043269230769231,"_wandb":{"runtime":3521},"val_recall0.75":0.07692307978868484,"test_precision0.5":0.2222222238779068,"val_precision0.5":0.25641027092933655,"test_accuracy0.5":0.625,"_step":999,"val_precision0.25":0.24719101190567017,"test_auroc":0.5733333230018616,"train_loss":0.8268906474113464,"val_accuracy0.75":0.7547169923782349,"val_recall0.5":0.38461539149284363,"val_accuracy0.25":0.33018869161605835,"val_auroc":0.5072115659713745,"val_balanced_accuracy0.75":0.5259615384615385,"val_precision0.75":0.5,"test_recall0.75":0.05000000074505806,"test_balanced_accuracy0.25":0.5916666666666667,"test_balanced_accuracy0.5":0.4833333333333334,"_timestamp":1.7537821781154056e+09,"test_recall0.5":0.20000000298023224,"test_precision0.25":0.2982456088066101,"val_accuracy0.5":0.5754716992378235,"test_accuracy0.75":0.7124999761581421,"test_recall0.25":0.8500000238418579,"val_balanced_accuracy0.5":0.5110576923076923,"_runtime":3521.396312271,"val_recall0.25":0.8461538553237915,"test_balanced_accuracy0.75":0.4916666666666667,"test_precision0.75":0.20000000298023224}