{"test_accuracy0.5":0.29113924503326416,"test_balanced_accuracy0.75":0.401271186440678,"test_recall0.5":0.699999988079071,"val_auroc":0.4812560975551605,"test_balanced_accuracy0.25":0.45084745762711864,"val_balanced_accuracy0.25":0.5248296007789679,"val_balanced_accuracy0.75":0.505111976630964,"val_recall0.5":0.8461538553237915,"test_auroc":0.3966101408004761,"test_precision0.75":0.2063492089509964,"val_accuracy0.75":0.3523809611797333,"test_recall0.25":0.800000011920929,"val_precision0.5":0.25287356972694397,"_timestamp":1.751373427287943e+09,"train_auroc":0.9996393918991089,"test_accuracy0.75":0.27848100662231445,"_wandb":{"runtime":2137},"val_precision0.75":0.25,"train_loss":0.04173365980386734,"val_precision0.25":0.25806450843811035,"val_recall0.75":0.807692289352417,"_step":348,"val_recall0.25":0.9230769276618958,"test_balanced_accuracy0.5":0.42627118644067796,"val_accuracy0.25":0.32380953431129456,"val_balanced_accuracy0.5":0.5116845180136319,"test_precision0.5":0.21875,"val_accuracy0.5":0.34285715222358704,"test_recall0.75":0.6499999761581421,"_runtime":2137.696435492,"test_accuracy0.25":0.27848100662231445,"test_precision0.25":0.23188406229019165}