{"val_balanced_accuracy0.25":0.42264416315049225,"test_recall0.75":0.10000000149011612,"test_balanced_accuracy0.5":0.5083333333333333,"_runtime":5993.870632605,"train_auroc":1,"_step":999,"test_balanced_accuracy0.25":0.5333333333333333,"test_auroc":0.5808333158493042,"_timestamp":1.7535915578406625e+09,"_wandb":{"runtime":5993},"val_recall0.25":0.1111111119389534,"val_recall0.75":0.03703703731298447,"val_recall0.5":0.03703703731298447,"train_loss":0.28223609924316406,"test_precision0.75":0.4000000059604645,"test_recall0.5":0.10000000149011612,"val_precision0.75":0.1428571492433548,"val_auroc":0.45335209369659424,"test_accuracy0.25":0.675000011920929,"test_accuracy0.75":0.737500011920929,"val_precision0.25":0.125,"val_precision0.5":0.10000000149011612,"test_balanced_accuracy0.75":0.525,"test_precision0.5":0.2857142984867096,"test_precision0.25":0.3125,"val_accuracy0.75":0.698113203048706,"val_balanced_accuracy0.75":0.4805438349742147,"test_recall0.25":0.25,"val_accuracy0.5":0.6698113083839417,"val_accuracy0.25":0.5754716992378235,"test_accuracy0.5":0.7124999761581421,"val_balanced_accuracy0.5":0.4615564932020628}