{"_step":364,"test_recall0.5":0.800000011920929,"test_auroc":0.6364406943321228,"_timestamp":1.750687872761694e+09,"val_accuracy0.25":0.37142857909202576,"val_precision0.5":0.2361111044883728,"val_precision0.25":0.22972972691059113,"test_accuracy0.75":0.5316455960273743,"val_recall0.25":0.6538461446762085,"val_accuracy0.75":0.43809524178504944,"test_recall0.25":0.800000011920929,"_runtime":1722.778412357,"test_balanced_accuracy0.25":0.5864406779661018,"test_balanced_accuracy0.5":0.611864406779661,"val_auroc":0.5730282068252563,"test_precision0.25":0.30188679695129395,"test_accuracy0.5":0.5189873576164246,"val_accuracy0.5":0.39047619700431824,"val_balanced_accuracy0.75":0.5104673807205453,"test_precision0.5":0.3199999928474426,"val_recall0.5":0.6538461446762085,"train_auroc":1,"val_balanced_accuracy0.25":0.46616358325219087,"_wandb":{"runtime":1722},"test_precision0.75":0.3191489279270172,"val_precision0.75":0.2537313401699066,"test_recall0.75":0.75,"train_loss":0.018449991941452026,"test_balanced_accuracy0.75":0.603813559322034,"val_balanced_accuracy0.5":0.4788218111002921,"test_accuracy0.25":0.4810126721858978,"val_recall0.75":0.6538461446762085}