{"val_auroc":0.5122685432434082,"train_auroc":1,"val_accuracy0.5":0.6074766516685486,"val_balanced_accuracy0.5":0.4798611111111111,"val_balanced_accuracy0.75":0.5048611111111111,"test_recall0.75":0.10000000149011612,"test_recall0.5":0.15000000596046448,"test_balanced_accuracy0.5":0.44166666666666665,"val_recall0.5":0.2222222238779068,"test_balanced_accuracy0.25":0.425,"train_loss":0.0033143318723887205,"val_precision0.25":0.21875,"test_accuracy0.5":0.5874999761581421,"test_precision0.5":0.15789473056793213,"test_recall0.25":0.15000000596046448,"val_precision0.75":0.260869562625885,"_timestamp":1.7539507094181592e+09,"test_balanced_accuracy0.75":0.43333333333333335,"test_auroc":0.48750001192092896,"val_balanced_accuracy0.25":0.47337962962962965,"test_precision0.25":0.1428571492433548,"val_accuracy0.25":0.5794392228126526,"test_accuracy0.75":0.6000000238418579,"val_accuracy0.75":0.644859790802002,"val_precision0.5":0.2222222238779068,"val_recall0.25":0.25925925374031067,"test_precision0.75":0.125,"_step":301,"val_recall0.75":0.2222222238779068,"_wandb":{"runtime":2125},"test_accuracy0.25":0.5625,"_runtime":2125.810759335}