{"test_accuracy0.25":0.746835470199585,"val_precision0.25":0,"test_balanced_accuracy0.25":0.5,"_step":228,"val_precision0.75":0,"val_auroc":0.4639727473258972,"_timestamp":1.7502205662811904e+09,"val_accuracy0.5":0.7523809671401978,"val_recall0.5":0,"val_precision0.5":0,"val_recall0.25":0,"_runtime":551.441228245,"test_precision0.25":0,"test_auroc":0.6186440587043762,"test_precision0.75":0,"_wandb":{"runtime":551},"val_balanced_accuracy0.75":0.5,"val_accuracy0.25":0.7523809671401978,"train_auroc":0.3939265012741089,"test_accuracy0.75":0.746835470199585,"val_recall0.75":0,"test_balanced_accuracy0.75":0.5,"test_recall0.5":0,"train_loss":1.6951388120651245,"test_balanced_accuracy0.5":0.5,"test_recall0.75":0,"val_balanced_accuracy0.25":0.5,"test_recall0.25":0,"val_accuracy0.75":0.7523809671401978,"test_accuracy0.5":0.746835470199585,"val_balanced_accuracy0.5":0.5,"test_precision0.5":0}