{"train_loss":7.123943760234397e-06,"val_precision0.25":0.44999998807907104,"_timestamp":1.749861214719259e+09,"test_auroc":0.43050846457481384,"test_accuracy0.75":0.6455696225166321,"val_balanced_accuracy0.25":0.6034566699123661,"val_balanced_accuracy0.5":0.5776533592989289,"_runtime":2184.205371747,"test_precision0.5":0.2777777910232544,"val_precision0.5":0.4375,"val_recall0.5":0.26923078298568726,"val_recall0.75":0.23076923191547394,"val_accuracy0.5":0.7333333492279053,"test_recall0.25":0.30000001192092896,"test_precision0.75":0.2777777910232544,"test_balanced_accuracy0.5":0.5148305084745763,"val_auroc":0.5501460433006287,"val_recall0.25":0.3461538553237915,"_step":499,"test_precision0.25":0.31578946113586426,"val_balanced_accuracy0.75":0.5584225900681596,"test_accuracy0.5":0.6455696225166321,"test_balanced_accuracy0.75":0.5148305084745763,"test_balanced_accuracy0.25":0.5398305084745763,"val_accuracy0.75":0.723809540271759,"train_auroc":1,"test_recall0.75":0.25,"test_recall0.5":0.25,"val_precision0.75":0.4000000059604645,"test_accuracy0.25":0.6582278609275818,"_wandb":{"runtime":2184},"val_accuracy0.25":0.7333333492279053}