{"test_accuracy0.75":0.737500011920929,"val_precision0.5":0.15000000596046448,"test_recall0.75":0.20000000298023224,"test_accuracy0.5":0.762499988079071,"_wandb":{"runtime":2971},"val_recall0.25":0.5555555820465088,"val_recall0.75":0,"_step":536,"val_balanced_accuracy0.5":0.4479606188466948,"val_accuracy0.5":0.6132075190544128,"val_balanced_accuracy0.25":0.4676511954992968,"test_balanced_accuracy0.75":0.5583333333333333,"test_accuracy0.25":0.4375,"val_balanced_accuracy0.75":0.45569620253164556,"test_balanced_accuracy0.25":0.4916666666666667,"val_accuracy0.75":0.6792452931404114,"train_auroc":0.8612499833106995,"val_auroc":0.4430379867553711,"val_precision0.25":0.234375,"_timestamp":1.7538584062420702e+09,"val_precision0.75":0,"test_precision0.75":0.4444444477558136,"test_auroc":0.6066666841506958,"train_loss":1.2907905578613281,"_runtime":2971.232442904,"test_recall0.25":0.6000000238418579,"val_recall0.5":0.1111111119389534,"test_precision0.5":0.5384615659713745,"val_accuracy0.25":0.4245283007621765,"test_balanced_accuracy0.5":0.625,"test_precision0.25":0.2448979616165161,"test_recall0.5":0.3499999940395355}