{"test_accuracy0.5":0.6455696225166321,"val_balanced_accuracy0.5":0.5462512171372931,"test_recall0.75":0.20000000298023224,"test_precision0.25":0.27272728085517883,"test_balanced_accuracy0.25":0.5144067796610169,"val_recall0.25":0.3076923191547394,"test_precision0.5":0.30000001192092896,"val_recall0.5":0.3076923191547394,"test_precision0.75":0.23529411852359772,"val_auroc":0.5404089689254761,"_step":999,"test_accuracy0.75":0.6329113841056824,"train_loss":4.252144378824596e-07,"test_balanced_accuracy0.75":0.4898305084745763,"val_accuracy0.25":0.6666666865348816,"val_precision0.25":0.3199999928474426,"test_recall0.25":0.30000001192092896,"val_accuracy0.5":0.6666666865348816,"test_recall0.5":0.30000001192092896,"val_precision0.5":0.3199999928474426,"_wandb":{"runtime":4289},"val_recall0.75":0.3076923191547394,"test_accuracy0.25":0.6202531456947327,"_runtime":4289.953368527,"val_balanced_accuracy0.25":0.5462512171372931,"test_auroc":0.5245762467384338,"train_auroc":1,"val_accuracy0.75":0.6666666865348816,"val_precision0.75":0.3199999928474426,"test_balanced_accuracy0.5":0.5313559322033898,"val_balanced_accuracy0.75":0.5462512171372931,"_timestamp":1.7500987198070173e+09}