{"test_recall0.25":0.699999988079071,"val_precision0.25":0.1621621549129486,"_timestamp":1.7513801491731188e+09,"val_accuracy0.25":0.27619048953056335,"train_auroc":0.9998397827148438,"_wandb":{"runtime":3475},"val_recall0.25":0.4615384638309479,"val_recall0.75":0.3076923191547394,"val_precision0.5":0.1538461595773697,"test_balanced_accuracy0.5":0.4533898305084746,"test_accuracy0.75":0.4556961953639984,"val_recall0.5":0.38461539149284363,"val_accuracy0.75":0.34285715222358704,"val_balanced_accuracy0.25":0.33836416747809156,"_step":464,"val_balanced_accuracy0.75":0.3310613437195716,"_runtime":3475.227327501,"test_accuracy0.5":0.4303797483444214,"val_precision0.75":0.1355932205915451,"test_recall0.75":0.44999998807907104,"test_auroc":0.48644065856933594,"test_balanced_accuracy0.75":0.45381355932203393,"val_accuracy0.5":0.32380953431129456,"test_precision0.75":0.2195121943950653,"test_precision0.25":0.2545454502105713,"test_precision0.5":0.2222222238779068,"test_accuracy0.25":0.40506330132484436,"val_balanced_accuracy0.5":0.3442064264849075,"test_recall0.5":0.5,"test_balanced_accuracy0.25":0.502542372881356,"val_auroc":0.3332521915435791,"train_loss":0.05413169041275978}