{"_wandb":{"runtime":182},"test_balanced_accuracy":0.5,"train_loss":1.9964433908462524,"train_auroc":0.590590238571167,"test_precision":0,"val_loss":2.002427101135254,"val_auroc":0.3857142925262451,"val_precision":0,"test_auroc":0.6675848960876465,"val_recall":0,"val_balanced_accuracy":0.5,"_runtime":182.65863318,"test_accuracy":0.75,"test_recall":0,"_timestamp":1.7494907296384954e+09,"val_accuracy":0.7407407164573669,"_step":53}