{"val_auroc":0.5034079551696777,"val_accuracy0.75":0.7809523940086365,"val_precision0.5":0.20588235557079315,"test_accuracy0.75":0.7594936490058899,"val_balanced_accuracy0.75":0.5576923076923077,"val_balanced_accuracy0.25":0.49951314508276534,"test_recall0.75":0.05000000074505806,"train_auroc":0.7427184581756592,"test_precision0.5":0.3684210479259491,"val_precision0.75":1,"val_recall0.5":0.26923078298568726,"test_precision0.75":1,"_wandb":{"runtime":1283},"_runtime":1283.693524736,"test_balanced_accuracy0.5":0.5733050847457627,"test_balanced_accuracy0.75":0.525,"test_balanced_accuracy0.25":0.4504237288135593,"_timestamp":1.7502781606486268e+09,"train_loss":1.838710069656372,"val_precision0.25":0.24742268025875092,"test_recall0.5":0.3499999940395355,"val_balanced_accuracy0.5":0.46372930866601747,"val_recall0.25":0.9230769276618958,"test_accuracy0.5":0.6835442781448364,"_step":357,"val_accuracy0.25":0.2857142984867096,"test_accuracy0.25":0.2531645596027374,"val_accuracy0.5":0.561904788017273,"test_recall0.25":0.8500000238418579,"test_auroc":0.5262712240219116,"test_precision0.25":0.232876718044281,"val_recall0.75":0.11538461595773697}