{"test_balanced_accuracy0.75":0.5416666666666666,"test_recall0.5":0.15000000596046448,"test_recall0.25":0.25,"val_precision0.5":0.25,"val_balanced_accuracy0.75":0.5122685185185185,"_step":334,"val_recall0.25":0.1111111119389534,"train_loss":5.127031545271166e-05,"val_precision0.25":0.375,"test_recall0.75":0.10000000149011612,"_runtime":1889.75688813,"val_accuracy0.5":0.7289719581604004,"test_balanced_accuracy0.5":0.5583333333333333,"_wandb":{"runtime":1889},"val_recall0.75":0.03703703731298447,"val_balanced_accuracy0.5":0.49976851851851856,"test_balanced_accuracy0.25":0.6,"test_auroc":0.5425000190734863,"val_auroc":0.5953704118728638,"test_precision0.25":0.625,"val_balanced_accuracy0.25":0.5243055555555556,"_timestamp":1.753480644601647e+09,"val_accuracy0.25":0.7289719581604004,"val_precision0.75":0.5,"test_accuracy0.75":0.762499988079071,"test_precision0.75":0.6666666865348816,"test_accuracy0.5":0.762499988079071,"test_precision0.5":0.6000000238418579,"val_accuracy0.75":0.7476635575294495,"train_auroc":1,"val_recall0.5":0.03703703731298447,"test_accuracy0.25":0.7749999761581421}