{"_wandb":{"runtime":158},"_step":50,"val_precision":0,"_timestamp":1.7494902292007282e+09,"test_recall":0,"_runtime":158.632339487,"train_auroc":0.5640619993209839,"test_precision":0,"test_accuracy":0.7557252049446106,"val_auroc":0.5285714268684387,"val_loss":1.7293596267700195,"val_recall":0,"test_auroc":0.44065654277801514,"train_loss":1.6987903118133545,"test_balanced_accuracy":0.5,"val_accuracy":0.7407407164573669,"val_balanced_accuracy":0.5}