{"val_precision0.75":0.21052631735801697,"val_recall0.5":0.19230769574642181,"val_auroc":0.46153849363327026,"val_balanced_accuracy0.5":0.49488802336903603,"_wandb":{"runtime":1762},"test_balanced_accuracy0.25":0.5635593220338984,"train_loss":0.05930785462260246,"val_recall0.25":0.26923078298568726,"test_auroc":0.5677966475486755,"_timestamp":1.751413871917474e+09,"test_recall0.75":0.30000001192092896,"val_balanced_accuracy0.75":0.4819863680623174,"test_accuracy0.5":0.594936728477478,"test_balanced_accuracy0.75":0.5313559322033898,"test_balanced_accuracy0.5":0.49745762711864405,"val_accuracy0.5":0.6476190686225891,"test_recall0.5":0.30000001192092896,"_runtime":1762.676330683,"val_recall0.75":0.1538461595773697,"test_recall0.25":0.5,"train_auroc":0.9996795058250427,"val_accuracy0.75":0.6476190686225891,"test_precision0.25":0.3125,"test_accuracy0.75":0.6455696225166321,"_step":392,"val_precision0.5":0.2380952388048172,"val_precision0.25":0.22580644488334656,"test_accuracy0.25":0.594936728477478,"val_accuracy0.25":0.5904762148857117,"val_balanced_accuracy0.25":0.48271665043816947,"test_precision0.5":0.25,"test_precision0.75":0.30000001192092896}