{"val_recall0.25":1,"test_balanced_accuracy0.5":0.5083333333333333,"val_precision0.25":0.24528302252292633,"test_recall0.5":0.3499999940395355,"test_accuracy0.5":0.5874999761581421,"test_balanced_accuracy0.25":0.5,"test_precision0.5":0.25925925374031067,"val_balanced_accuracy0.5":0.5615384615384615,"val_precision0.75":0,"val_recall0.75":0,"val_balanced_accuracy0.75":0.5,"test_accuracy0.75":0.75,"val_precision0.5":0.3142857253551483,"train_loss":1.9695448875427246,"train_auroc":0.6563822627067566,"val_balanced_accuracy0.25":0.5,"_step":426,"val_accuracy0.75":0.7547169923782349,"test_recall0.25":1,"_timestamp":1.7538182529317822e+09,"test_precision0.25":0.25,"test_recall0.75":0,"val_recall0.5":0.42307692766189575,"val_accuracy0.5":0.6320754885673523,"val_accuracy0.25":0.24528302252292633,"test_auroc":0.5266667008399963,"test_balanced_accuracy0.75":0.5,"test_precision0.75":0,"_wandb":{"runtime":1884},"test_accuracy0.25":0.25,"_runtime":1884.889644646,"val_auroc":0.5461537837982178}