{"test_accuracy0.5":0.6412213444709778,"test_precision0.75":0.20000000298023224,"val_accuracy0.25":0.5925925970077515,"val_accuracy0.5":0.5555555820465088,"test_balanced_accuracy0.25":0.46876932591218307,"val_recall0.25":0.2857142984867096,"test_recall0.75":0.12121212482452393,"val_recall0.5":0.1428571492433548,"val_balanced_accuracy0.5":0.4214285714285714,"val_recall0.75":0.1428571492433548,"val_precision0.5":0.1428571492433548,"_timestamp":1.7497035837705467e+09,"test_precision0.25":0.1818181872367859,"_wandb":{"runtime":1826},"test_balanced_accuracy0.75":0.47897340754483614,"test_recall0.25":0.12121212482452393,"test_accuracy0.75":0.6564885377883911,"test_auroc":0.4596474766731262,"test_recall0.5":0.12121212482452393,"train_loss":6.528340691147605e-06,"val_auroc":0.4571428894996643,"test_accuracy0.25":0.6412213444709778,"val_balanced_accuracy0.75":0.4464285714285714,"test_precision0.5":0.1818181872367859,"val_precision0.25":0.25,"val_accuracy0.75":0.5925925970077515,"_step":499,"test_balanced_accuracy0.5":0.46876932591218307,"train_auroc":1,"val_precision0.75":0.1666666716337204,"val_balanced_accuracy0.25":0.4928571428571428,"_runtime":1826.237985046}