{"_step":110,"val_accuracy":0.6296296119689941,"test_auroc":0.6027462482452393,"test_balanced_accuracy":0.570864898989899,"_runtime":400.663007177,"train_auroc":1,"test_accuracy":0.6870229244232178,"train_loss":0.0001857957395259291,"val_balanced_accuracy":0.4714285714285714,"_wandb":{"runtime":400},"val_auroc":0.6285713911056519,"test_precision":0.35483869910240173,"val_loss":7.408023357391357,"val_recall":0.1428571492433548,"_timestamp":1.7495570970758648e+09,"test_recall":0.34375,"val_precision":0.20000000298023224}