{"val_precision0.75":0.47058823704719543,"train_loss":3.6468661619437626e-06,"val_accuracy0.25":0.6952381134033203,"test_precision0.25":0.1764705926179886,"test_accuracy0.5":0.6202531456947327,"val_recall0.75":0.3076923191547394,"test_accuracy0.25":0.607594907283783,"val_accuracy0.5":0.7142857313156128,"test_precision0.75":0.1875,"val_accuracy0.75":0.7428571581840515,"val_recall0.5":0.3076923191547394,"_step":499,"val_precision0.5":0.4000000059604645,"val_balanced_accuracy0.25":0.5652385589094451,"val_balanced_accuracy0.75":0.5968841285296982,"val_recall0.25":0.3076923191547394,"_wandb":{"runtime":1989},"test_recall0.25":0.15000000596046448,"test_recall0.75":0.15000000596046448,"test_balanced_accuracy0.25":0.4563559322033898,"test_recall0.5":0.15000000596046448,"val_balanced_accuracy0.5":0.5778967867575462,"test_balanced_accuracy0.75":0.4648305084745763,"test_precision0.5":0.1875,"val_auroc":0.5696202516555786,"_timestamp":1.7498261523239174e+09,"test_balanced_accuracy0.5":0.4648305084745763,"test_accuracy0.75":0.6202531456947327,"test_auroc":0.375,"val_precision0.25":0.3636363744735718,"_runtime":1989.792392484,"train_auroc":1}