{"_timestamp":1.7535837987414007e+09,"val_auroc":0.5472221970558167,"val_recall0.5":0.8518518805503845,"val_recall0.75":0,"val_balanced_accuracy0.75":0.5,"test_recall0.25":1,"test_accuracy0.75":0.75,"val_balanced_accuracy0.5":0.5259259259259259,"val_precision0.25":0.25233644247055054,"val_recall0.25":1,"train_loss":2.0787148475646973,"test_recall0.5":0.800000011920929,"test_precision0.5":0.25806450843811035,"test_precision0.25":0.25,"_step":446,"test_precision0.75":0,"_runtime":2651.764015762,"test_balanced_accuracy0.5":0.5166666666666667,"val_precision0.75":0,"val_precision0.5":0.26436781883239746,"val_accuracy0.5":0.3644859790802002,"test_auroc":0.5091666579246521,"test_balanced_accuracy0.25":0.5,"test_balanced_accuracy0.75":0.5,"val_accuracy0.75":0.7476635575294495,"test_recall0.75":0,"train_auroc":0.5687077045440674,"test_accuracy0.5":0.375,"_wandb":{"runtime":2651},"val_accuracy0.25":0.25233644247055054,"test_accuracy0.25":0.25,"val_balanced_accuracy0.25":0.5}