{"val_auroc":0.4571428894996643,"test_recall":0,"_runtime":252.866556852,"val_loss":1.7928879261016846,"_wandb":{"runtime":252},"val_precision":0,"test_accuracy":0.75,"_timestamp":1.7495546196819367e+09,"val_recall":0,"_step":64,"val_accuracy":0.7407407164573669,"test_auroc":0.5794306993484497,"val_balanced_accuracy":0.5,"train_loss":1.6612366437911987,"train_auroc":0.562926173210144,"test_precision":0,"test_balanced_accuracy":0.5}