{"test_recall0.25":0.25,"test_recall0.75":0.20000000298023224,"val_balanced_accuracy0.75":0.4690847127555989,"val_accuracy0.75":0.6476190686225891,"test_precision0.75":0.2857142984867096,"val_precision0.5":0.1666666716337204,"_step":287,"val_recall0.25":0.11538461595773697,"test_precision0.25":0.21739129722118378,"test_accuracy0.5":0.6202531456947327,"val_recall0.5":0.11538461595773697,"test_precision0.5":0.25,"val_accuracy0.25":0.6285714507102966,"val_balanced_accuracy0.25":0.4564264849074976,"_timestamp":1.7501812526477406e+09,"test_balanced_accuracy0.25":0.4724576271186441,"val_balanced_accuracy0.5":0.4627555988315482,"test_balanced_accuracy0.75":0.5152542372881356,"test_balanced_accuracy0.5":0.4978813559322034,"val_auroc":0.4109055697917938,"train_auroc":1,"val_precision0.75":0.1764705926179886,"test_accuracy0.75":0.6708860993385315,"train_loss":1.0491373359400313e-05,"_wandb":{"runtime":1851},"test_accuracy0.25":0.5822784900665283,"val_accuracy0.5":0.6380952596664429,"val_recall0.75":0.11538461595773697,"val_precision0.25":0.15789473056793213,"_runtime":1851.854336299,"test_recall0.5":0.25,"test_auroc":0.4822033643722534}