{"_step":239,"val_accuracy0.5":0.5428571701049805,"test_precision0.25":0.261904776096344,"train_auroc":1,"test_recall0.5":0.550000011920929,"test_balanced_accuracy0.75":0.5716101694915254,"test_recall0.25":0.550000011920929,"val_precision0.75":0.2926829159259796,"val_auroc":0.5574488639831543,"_timestamp":1.7501494497424395e+09,"train_loss":5.617396527668461e-05,"val_balanced_accuracy0.5":0.5155793573515093,"test_accuracy0.25":0.49367088079452515,"test_auroc":0.5881356000900269,"test_balanced_accuracy0.25":0.5122881355932204,"val_recall0.75":0.4615384638309479,"test_accuracy0.5":0.5189873576164246,"val_accuracy0.25":0.5333333611488342,"val_precision0.5":0.260869562625885,"val_balanced_accuracy0.75":0.5472249269717624,"test_precision0.5":0.2750000059604645,"val_precision0.25":0.2830188572406769,"val_accuracy0.75":0.5904762148857117,"test_precision0.75":0.3142857253551483,"val_recall0.25":0.5769230723381042,"_wandb":{"runtime":1057},"test_recall0.75":0.550000011920929,"val_balanced_accuracy0.25":0.5479552093476143,"val_recall0.5":0.4615384638309479,"_runtime":1057.740054839,"test_accuracy0.75":0.5822784900665283,"test_balanced_accuracy0.5":0.5292372881355932}