{"_runtime":174.923198333,"val_precision":0,"val_auroc":0.40000003576278687,"val_recall":0,"test_accuracy":0.7480915784835815,"train_loss":1.6826808452606201,"val_accuracy":0.7407407164573669,"test_recall":0,"_step":58,"train_auroc":0.5644130110740662,"_timestamp":1.7494825369827874e+09,"test_precision":0,"val_balanced_accuracy":0.5,"test_balanced_accuracy":0.5,"_wandb":{"runtime":174},"test_auroc":0.5735930800437927,"val_loss":1.735992193222046}