{"train_auroc":0.5721213221549988,"test_balanced_accuracy0.75":0.5,"_wandb":{"runtime":1013},"test_balanced_accuracy0.5":0.5,"test_accuracy0.25":0.25,"val_recall0.75":0,"test_precision0.5":0,"val_precision0.5":0,"_runtime":1013.871078917,"test_recall0.75":0,"test_accuracy0.5":0.75,"val_recall0.5":0,"val_accuracy0.25":0.24528302252292633,"val_recall0.25":1,"test_balanced_accuracy0.25":0.5,"test_precision0.75":0,"test_recall0.5":0,"val_auroc":0.548557698726654,"_step":155,"test_precision0.25":0.25,"test_recall0.25":1,"val_balanced_accuracy0.5":0.5,"test_accuracy0.75":0.75,"train_loss":2.0707662105560303,"val_precision0.25":0.24528302252292633,"test_auroc":0.5541666746139526,"val_balanced_accuracy0.25":0.5,"val_precision0.75":0,"val_accuracy0.5":0.7547169923782349,"val_balanced_accuracy0.75":0.5,"val_accuracy0.75":0.7547169923782349,"_timestamp":1.7536176528264773e+09}