{"test_recall0.25":0.15000000596046448,"test_precision0.5":0.1666666716337204,"val_balanced_accuracy0.5":0.4749269717624148,"val_accuracy0.25":0.6571428775787354,"_timestamp":1.7501890819432445e+09,"val_auroc":0.5160662531852722,"test_accuracy0.75":0.6582278609275818,"val_accuracy0.75":0.723809540271759,"val_recall0.25":0.03846153989434242,"val_balanced_accuracy0.75":0.4810126582278481,"val_accuracy0.5":0.6952381134033203,"test_precision0.75":0.1111111119389534,"test_balanced_accuracy0.25":0.4648305084745763,"train_loss":0.00014698477752972394,"train_auroc":1,"test_auroc":0.4754237234592438,"val_precision0.25":0.0833333358168602,"test_balanced_accuracy0.75":0.4572033898305085,"_wandb":{"runtime":1157},"val_precision0.5":0.125,"val_recall0.75":0,"val_recall0.5":0.03846153989434242,"_runtime":1157.028194904,"val_balanced_accuracy0.25":0.4496105160662123,"test_balanced_accuracy0.5":0.4652542372881356,"test_precision0.25":0.1875,"_step":314,"test_recall0.5":0.10000000149011612,"test_accuracy0.25":0.6202531456947327,"test_accuracy0.5":0.6455696225166321,"val_precision0.75":0,"test_recall0.75":0.05000000074505806}