{"test_balanced_accuracy0.25":0.525,"val_precision0.5":0.23529411852359772,"test_precision0.75":0.5,"test_accuracy0.75":0.75,"_runtime":2309.247137068,"val_precision0.25":0.2222222238779068,"val_precision0.75":0.25,"val_recall0.25":0.3076923191547394,"test_recall0.5":0.15000000596046448,"train_auroc":1,"val_balanced_accuracy0.25":0.47884615384615387,"val_accuracy0.25":0.5660377144813538,"_wandb":{"runtime":2309},"test_recall0.25":0.15000000596046448,"val_balanced_accuracy0.5":0.4913461538461539,"val_accuracy0.5":0.5849056839942932,"val_recall0.75":0.3076923191547394,"val_accuracy0.75":0.6037735939025879,"test_balanced_accuracy0.75":0.5499999999999999,"test_recall0.75":0.15000000596046448,"test_balanced_accuracy0.5":0.5416666666666666,"val_balanced_accuracy0.75":0.5038461538461538,"_step":230,"test_accuracy0.25":0.7124999761581421,"test_precision0.25":0.3333333432674408,"_timestamp":1.7536560067157083e+09,"test_precision0.5":0.4285714328289032,"test_accuracy0.5":0.737500011920929,"val_recall0.5":0.3076923191547394,"train_loss":0.0005437727086246014,"test_auroc":0.559166669845581,"val_auroc":0.4882211685180664}