{"val_precision0.25":0.24528302252292633,"test_precision0.5":0.25,"test_recall0.25":1,"test_recall0.5":1,"val_precision0.75":0,"val_recall0.75":0,"train_auroc":0.4228515625,"val_accuracy0.25":0.24528302252292633,"test_balanced_accuracy0.75":0.5,"_wandb":{"runtime":6699},"val_precision0.5":0.24528302252292633,"val_balanced_accuracy0.5":0.5,"_step":150,"val_auroc":0.48750001192092896,"val_recall0.5":1,"_timestamp":1.7546615162703855e+09,"test_balanced_accuracy0.5":0.5,"test_auroc":0.4333333373069763,"test_accuracy0.5":0.25,"test_precision0.75":0,"val_accuracy0.5":0.24528302252292633,"train_loss":2.0799429416656494,"_runtime":6699.559349677,"val_accuracy0.75":0.7547169923782349,"test_balanced_accuracy0.25":0.5,"val_recall0.25":1,"val_balanced_accuracy0.25":0.5,"test_accuracy0.75":0.75,"test_precision0.25":0.25,"test_accuracy0.25":0.25,"test_recall0.75":0,"val_balanced_accuracy0.75":0.5}