{"val_accuracy0.25":0.6666666865348816,"train_auroc":1,"val_accuracy0.75":0.7047619223594666,"val_precision0.75":0.3913043439388275,"train_loss":6.080581806600094e-05,"test_precision0.5":0.47058823704719543,"_timestamp":1.7508940770604646e+09,"val_balanced_accuracy0.75":0.5844693281402142,"val_auroc":0.6251217126846313,"test_accuracy0.25":0.7341772317886353,"test_balanced_accuracy0.5":0.623728813559322,"_runtime":2251.385911922,"val_accuracy0.5":0.6761904954910278,"val_recall0.25":0.3461538553237915,"val_precision0.5":0.3461538553237915,"val_balanced_accuracy0.25":0.5591528724440117,"test_recall0.5":0.4000000059604645,"_wandb":{"runtime":2251},"val_recall0.5":0.3461538553237915,"test_recall0.75":0.4000000059604645,"test_auroc":0.694915235042572,"val_precision0.25":0.3333333432674408,"val_balanced_accuracy0.5":0.5654819863680622,"val_recall0.75":0.3461538553237915,"_step":197,"test_accuracy0.5":0.7341772317886353,"test_precision0.25":0.47058823704719543,"test_recall0.25":0.4000000059604645,"test_balanced_accuracy0.25":0.623728813559322,"test_balanced_accuracy0.75":0.6406779661016949,"test_precision0.75":0.5333333611488342,"test_accuracy0.75":0.7594936490058899}