{"val_accuracy0.25":0.7075471878051758,"test_balanced_accuracy0.5":0.5583333333333333,"val_accuracy0.75":0.7358490824699402,"val_precision0.25":0.3684210479259491,"test_precision0.75":0.30000001192092896,"val_balanced_accuracy0.25":0.5596153846153846,"val_balanced_accuracy0.5":0.5591346153846154,"train_loss":1.6650223187753e-05,"_wandb":{"runtime":1925},"test_auroc":0.6150000095367432,"val_precision0.75":0.4166666567325592,"val_recall0.75":0.19230769574642181,"val_balanced_accuracy0.75":0.5524038461538462,"test_balanced_accuracy0.25":0.5416666666666667,"val_recall0.25":0.26923078298568726,"val_accuracy0.5":0.7264150977134705,"test_precision0.25":0.3333333432674408,"test_recall0.75":0.15000000596046448,"test_precision0.5":0.38461539149284363,"test_accuracy0.5":0.7124999761581421,"train_auroc":1,"val_precision0.5":0.4000000059604645,"test_accuracy0.25":0.6875,"test_balanced_accuracy0.75":0.5166666666666666,"val_recall0.5":0.23076923191547394,"test_recall0.25":0.25,"test_recall0.5":0.25,"_step":306,"val_auroc":0.45144230127334595,"_timestamp":1.7550170987589993e+09,"_runtime":1925.544686388,"test_accuracy0.75":0.699999988079071}