{"_wandb":{"runtime":4499},"val_auroc":0.6258519887924194,"test_balanced_accuracy0.25":0.6029661016949153,"val_recall0.75":0.692307710647583,"test_recall0.25":0.8500000238418579,"val_balanced_accuracy0.5":0.624634858812074,"test_accuracy0.5":0.49367088079452515,"val_accuracy0.25":0.5809524059295654,"val_balanced_accuracy0.25":0.6570107108081792,"val_recall0.5":0.692307710647583,"test_auroc":0.613135576248169,"test_balanced_accuracy0.75":0.5538135593220339,"_runtime":4499.935593708,"test_recall0.75":0.6499999761581421,"val_accuracy0.5":0.5904762148857117,"train_auroc":0.9996995329856873,"val_precision0.75":0.3396226465702057,"test_accuracy0.25":0.4810126721858978,"test_balanced_accuracy0.5":0.561864406779661,"_step":600,"val_accuracy0.75":0.5904762148857117,"test_precision0.5":0.2916666567325592,"val_precision0.25":0.3499999940395355,"train_loss":0.05940219387412071,"val_recall0.25":0.807692289352417,"test_precision0.75":0.2888889014720917,"test_accuracy0.75":0.5063291192054749,"test_recall0.5":0.699999988079071,"val_precision0.5":0.3396226465702057,"test_precision0.25":0.30909091234207153,"val_balanced_accuracy0.75":0.624634858812074,"_timestamp":1.751440224007261e+09}