{"val_accuracy0.25":0.4952380955219269,"test_balanced_accuracy0.75":0.5,"val_precision0.25":0.23529411852359772,"val_balanced_accuracy0.5":0.5,"val_balanced_accuracy0.25":0.4839337877312561,"train_loss":1.6083869934082031,"_timestamp":1.7502614911057446e+09,"val_accuracy0.75":0.7523809671401978,"test_precision0.5":0,"val_recall0.25":0.4615384638309479,"test_recall0.75":0,"_runtime":2406.870246814,"val_precision0.75":0,"_step":999,"val_accuracy0.5":0.7523809671401978,"test_precision0.75":0,"test_auroc":0.48898303508758545,"test_accuracy0.25":0.5189873576164246,"train_auroc":0.6683909296989441,"test_recall0.5":0,"val_balanced_accuracy0.75":0.5,"val_recall0.5":0,"_wandb":{"runtime":2406},"val_auroc":0.49318403005599976,"test_precision0.25":0.2631579041481018,"test_balanced_accuracy0.5":0.5,"test_recall0.25":0.5,"test_balanced_accuracy0.25":0.5127118644067796,"val_recall0.75":0,"val_precision0.5":0,"test_accuracy0.75":0.746835470199585,"test_accuracy0.5":0.746835470199585}