{"val_precision0.25":0.2666666805744171,"test_balanced_accuracy0.5":0.488135593220339,"val_recall0.25":0.4615384638309479,"test_recall0.75":0.3499999940395355,"val_balanced_accuracy0.5":0.5090068159688412,"train_auroc":1,"_runtime":1260.054718698,"test_precision0.75":0.25925925374031067,"_step":281,"val_balanced_accuracy0.25":0.52190847127556,"val_recall0.75":0.26923078298568726,"val_auroc":0.4793086647987366,"train_loss":0.012858978472650051,"test_auroc":0.5398305058479309,"test_balanced_accuracy0.25":0.49618644067796613,"test_accuracy0.75":0.5822784900665283,"test_accuracy0.25":0.5189873576164246,"test_recall0.25":0.44999998807907104,"test_accuracy0.5":0.5316455960273743,"val_recall0.5":0.42307692766189575,"test_balanced_accuracy0.75":0.5055084745762712,"_wandb":{"runtime":1260},"_timestamp":1.7514120956614022e+09,"test_recall0.5":0.4000000059604645,"val_accuracy0.5":0.5523809790611267,"val_precision0.75":0.18918919563293457,"val_balanced_accuracy0.75":0.4447419668938656,"val_accuracy0.25":0.5523809790611267,"test_precision0.25":0.25,"test_precision0.5":0.24242424964904785,"val_precision0.5":0.25581395626068115,"val_accuracy0.75":0.5333333611488342}