{"_runtime":836.537575645,"val_precision":0,"test_auroc":0.4610389769077301,"test_recall":0,"_wandb":{"runtime":836},"val_accuracy":0.7407407164573669,"val_loss":1.8792961835861206,"train_auroc":0.5040681958198547,"val_balanced_accuracy":0.5,"test_balanced_accuracy":0.5,"_step":55,"val_recall":0,"test_accuracy":0.7480915784835815,"train_loss":1.879558801651001,"test_precision":0,"_timestamp":1.749561132167896e+09,"val_auroc":0.6071428060531616}