{"test_balanced_accuracy0.25":0.5,"val_precision0.25":0.24761904776096344,"val_precision0.5":0.34210526943206787,"_step":305,"val_balanced_accuracy0.5":0.5917721518987342,"_wandb":{"runtime":1041},"test_accuracy0.25":0.2531645596027374,"test_precision0.75":0,"train_auroc":0.6949383020401001,"val_balanced_accuracy0.25":0.5,"test_auroc":0.4796610176563263,"test_recall0.75":0,"val_precision0.75":0,"test_precision0.5":0.2916666567325592,"val_recall0.25":1,"val_accuracy0.5":0.6380952596664429,"test_accuracy0.5":0.6202531456947327,"_timestamp":1.750284907596036e+09,"val_balanced_accuracy0.75":0.5,"test_precision0.25":0.2531645596027374,"val_auroc":0.6049172282218933,"test_accuracy0.75":0.746835470199585,"val_accuracy0.75":0.7523809671401978,"test_balanced_accuracy0.5":0.5309322033898305,"val_recall0.5":0.5,"_runtime":1041.956629974,"train_loss":2.064049243927002,"val_accuracy0.25":0.24761904776096344,"test_balanced_accuracy0.75":0.5,"test_recall0.5":0.3499999940395355,"test_recall0.25":1,"val_recall0.75":0}