{"test_recall0.75":0.699999988079071,"test_accuracy0.25":0.3291139304637909,"_wandb":{"runtime":2067},"val_auroc":0.5925024747848511,"train_auroc":1,"val_precision0.25":0.2933333218097687,"_timestamp":1.751402309552006e+09,"val_balanced_accuracy0.75":0.5934761441090555,"test_recall0.25":0.75,"_step":396,"test_auroc":0.4449152648448944,"test_precision0.75":0.2295081913471222,"val_balanced_accuracy0.25":0.5876338851022396,"val_balanced_accuracy0.5":0.5873904576436222,"val_precision0.75":0.3030303120613098,"_runtime":2067.289593275,"test_accuracy0.5":0.3164556920528412,"test_balanced_accuracy0.5":0.4432203389830508,"val_recall0.25":0.8461538553237915,"val_accuracy0.25":0.4571428596973419,"train_loss":0.02589835785329342,"val_accuracy0.5":0.4761904776096344,"test_accuracy0.75":0.3291139304637909,"val_precision0.5":0.2957746386528015,"test_recall0.5":0.699999988079071,"val_recall0.75":0.7692307829856873,"test_balanced_accuracy0.25":0.4682203389830508,"test_balanced_accuracy0.75":0.4516949152542373,"val_accuracy0.75":0.5047619342803955,"val_recall0.5":0.807692289352417,"test_precision0.25":0.2380952388048172,"test_precision0.5":0.22580644488334656}