{"test_accuracy0.5":0.6962025165557861,"val_balanced_accuracy0.25":0.6039435248296008,"val_precision0.75":0.3636363744735718,"val_accuracy0.5":0.6857143044471741,"val_auroc":0.6241480112075806,"test_accuracy0.75":0.6582278609275818,"test_recall0.25":0.6499999761581421,"test_accuracy0.25":0.7215189933776855,"test_precision0.75":0.29411765933036804,"val_precision0.5":0.37037035822868347,"val_recall0.25":0.42307692766189575,"test_balanced_accuracy0.5":0.6148305084745763,"val_balanced_accuracy0.5":0.5847127555988315,"train_loss":0.001998038962483406,"val_recall0.5":0.38461539149284363,"val_precision0.25":0.3928571343421936,"val_accuracy0.25":0.6952381134033203,"_timestamp":1.750152115432916e+09,"_wandb":{"runtime":1578},"_step":299,"val_balanced_accuracy0.75":0.5652385589094451,"_runtime":1578.747519716,"test_auroc":0.6483050584793091,"test_recall0.75":0.25,"test_precision0.5":0.40909090638160706,"val_accuracy0.75":0.6952381134033203,"test_balanced_accuracy0.75":0.5233050847457628,"train_auroc":1,"val_recall0.75":0.3076923191547394,"test_balanced_accuracy0.25":0.6978813559322035,"test_recall0.5":0.44999998807907104,"test_precision0.25":0.4642857015132904}