{"test_auroc":0.5,"test_precision0.75":0,"_timestamp":1.7505362282903662e+09,"val_auroc":0.5,"test_recall0.25":1,"test_balanced_accuracy0.75":0.5,"val_balanced_accuracy0.5":0.5,"test_accuracy0.25":0.2531645596027374,"val_precision0.75":0,"val_accuracy0.5":0.7523809671401978,"val_recall0.25":1,"val_precision0.25":0.24761904776096344,"val_recall0.5":0,"val_balanced_accuracy0.75":0.5,"val_precision0.5":0,"test_balanced_accuracy0.5":0.5,"test_accuracy0.75":0.746835470199585,"train_auroc":0.4550876319408417,"test_balanced_accuracy0.25":0.5,"test_recall0.75":0,"_runtime":760.187480474,"_wandb":{"runtime":760},"_step":190,"test_accuracy0.5":0.746835470199585,"val_balanced_accuracy0.25":0.5,"val_accuracy0.25":0.24761904776096344,"test_precision0.25":0.2531645596027374,"test_recall0.5":0,"val_recall0.75":0,"val_accuracy0.75":0.7523809671401978,"test_precision0.5":0,"train_loss":1.6948928833007812}