{"val_auroc":0.5296981334686279,"_runtime":3070.069292582,"test_balanced_accuracy0.25":0.561864406779661,"test_accuracy0.5":0.6455696225166321,"test_accuracy0.75":0.6582278609275818,"val_balanced_accuracy0.75":0.46299902629016554,"val_recall0.25":0.5769230723381042,"val_accuracy0.5":0.6190476417541504,"test_precision0.25":0.2916666567325592,"test_balanced_accuracy0.75":0.5233050847457628,"val_accuracy0.25":0.5047619342803955,"test_recall0.25":0.699999988079071,"val_precision0.75":0.1818181872367859,"val_precision0.25":0.2678571343421936,"test_recall0.5":0.6000000238418579,"test_precision0.5":0.375,"val_balanced_accuracy0.25":0.5289678675754625,"test_recall0.75":0.25,"train_auroc":0.9947924613952637,"_timestamp":1.750172500555122e+09,"val_balanced_accuracy0.5":0.5275073028237585,"test_precision0.75":0.29411765933036804,"test_auroc":0.5991525053977966,"val_recall0.75":0.1538461595773697,"val_accuracy0.75":0.6190476417541504,"val_precision0.5":0.28125,"train_loss":0.2529633641242981,"test_accuracy0.25":0.49367088079452515,"_wandb":{"runtime":3070},"_step":767,"val_recall0.5":0.3461538553237915,"test_balanced_accuracy0.5":0.6305084745762712}