{"val_recall0.5":0.38461539149284363,"val_recall0.25":0.42307692766189575,"test_precision0.5":0.38461539149284363,"test_precision0.25":0.3333333432674408,"_runtime":2403.877091018,"test_auroc":0.6440677642822266,"val_accuracy0.5":0.7714285850524902,"test_balanced_accuracy0.5":0.5572033898305084,"val_accuracy0.75":0.7809523940086365,"val_auroc":0.5759493708610535,"_wandb":{"runtime":2403},"test_balanced_accuracy0.75":0.5495762711864407,"val_balanced_accuracy0.5":0.6416747809152873,"test_accuracy0.75":0.746835470199585,"val_precision0.25":0.3235294222831726,"test_recall0.75":0.15000000596046448,"val_recall0.75":0.3076923191547394,"test_precision0.75":0.5,"val_balanced_accuracy0.25":0.565968841285297,"_timestamp":1.7502460232136667e+09,"val_precision0.5":0.5555555820465088,"_step":999,"test_accuracy0.25":0.6455696225166321,"train_auroc":0.9985394477844238,"val_balanced_accuracy0.75":0.6222005842259006,"test_accuracy0.5":0.7088607549667358,"test_recall0.5":0.25,"val_accuracy0.25":0.6380952596664429,"val_precision0.75":0.6153846383094788,"test_balanced_accuracy0.25":0.5644067796610169,"test_recall0.25":0.4000000059604645,"train_loss":0.12221303582191467}