{"test_recall0.75":0,"test_accuracy0.5":0.75,"train_auroc":0.4528124928474426,"val_precision0.5":0,"test_precision0.5":0,"train_loss":2.079524040222168,"_wandb":{"runtime":17188},"test_recall0.25":1,"_step":400,"test_precision0.25":0.25,"val_accuracy0.75":0.7476635575294495,"val_balanced_accuracy0.25":0.5,"test_balanced_accuracy0.75":0.5,"val_recall0.5":0,"val_precision0.75":0,"val_accuracy0.25":0.25233644247055054,"test_auroc":0.5,"val_accuracy0.5":0.7476635575294495,"val_balanced_accuracy0.5":0.5,"test_accuracy0.25":0.25,"val_balanced_accuracy0.75":0.5,"test_precision0.75":0,"val_auroc":0.5,"_runtime":17188.57585025,"_timestamp":1.7544815588687704e+09,"test_balanced_accuracy0.25":0.5,"val_recall0.25":1,"test_balanced_accuracy0.5":0.5,"val_recall0.75":0,"test_accuracy0.75":0.75,"test_recall0.5":0,"val_precision0.25":0.25233644247055054}