{"val_balanced_accuracy0.5":0.5980769230769231,"train_loss":0.10717461258172989,"_timestamp":1.754156062824953e+09,"test_accuracy0.5":0.675000011920929,"val_recall0.5":0.3461538553237915,"_wandb":{"runtime":3803},"test_recall0.5":0.15000000596046448,"test_recall0.75":0.10000000149011612,"test_precision0.5":0.25,"val_balanced_accuracy0.75":0.5850961538461539,"test_accuracy0.75":0.6625000238418579,"val_precision0.75":0.42105263471603394,"val_precision0.5":0.4285714328289032,"val_balanced_accuracy0.25":0.6048076923076923,"val_accuracy0.25":0.7169811129570007,"test_recall0.25":0.15000000596046448,"val_recall0.25":0.38461539149284363,"val_accuracy0.5":0.7264150977134705,"test_balanced_accuracy0.5":0.5,"_runtime":3803.183173088,"val_accuracy0.75":0.7264150977134705,"_step":455,"test_balanced_accuracy0.25":0.45833333333333337,"test_precision0.75":0.1818181872367859,"test_auroc":0.45749998092651367,"train_auroc":0.9994066953659058,"test_balanced_accuracy0.75":0.475,"val_precision0.25":0.4166666567325592,"val_recall0.75":0.3076923191547394,"val_auroc":0.5975961685180664,"test_accuracy0.25":0.612500011920929,"test_precision0.25":0.1764705926179886}