{"_runtime":8948.863313858,"train_auroc":0.8626171350479126,"test_accuracy0.5":0.7875000238418579,"val_precision0.25":0.28787878155708313,"test_recall0.75":0.10000000149011612,"val_precision0.75":0.3333333432674408,"test_recall0.5":0.30000001192092896,"_timestamp":1.7542386659333022e+09,"test_precision0.75":0.6666666865348816,"test_balanced_accuracy0.5":0.625,"val_accuracy0.5":0.6320754885673523,"test_precision0.5":0.6666666865348816,"val_accuracy0.25":0.4811320900917053,"val_balanced_accuracy0.75":0.5058602906704173,"test_auroc":0.5641666650772095,"_wandb":{"runtime":8948},"val_accuracy0.75":0.7358490824699402,"test_accuracy0.25":0.44999998807907104,"val_precision0.5":0.22727273404598236,"_step":999,"test_recall0.25":0.550000011920929,"test_precision0.25":0.239130437374115,"test_accuracy0.75":0.762499988079071,"val_recall0.25":0.7037037014961243,"val_recall0.5":0.18518517911434174,"val_recall0.75":0.03703703731298447,"test_balanced_accuracy0.25":0.4833333333333334,"val_balanced_accuracy0.5":0.4849976558837318,"val_balanced_accuracy0.25":0.5543834974214721,"train_loss":1.2977887392044067,"val_auroc":0.519456148147583,"test_balanced_accuracy0.75":0.5416666666666666}