{"val_recall0.5":0.692307710647583,"val_auroc":0.5394352674484253,"val_balanced_accuracy0.5":0.5740019474196689,"val_precision0.25":0.24761904776096344,"test_auroc":0.5491525530815125,"train_auroc":0.7015243768692017,"test_balanced_accuracy0.75":0.5,"test_recall0.5":0.6499999761581421,"train_loss":2.0671803951263428,"test_recall0.75":0,"test_recall0.25":1,"val_precision0.75":0,"test_precision0.5":0.2708333432674408,"val_accuracy0.25":0.24761904776096344,"_wandb":{"runtime":1825},"test_balanced_accuracy0.5":0.5283898305084747,"val_accuracy0.5":0.5142857432365417,"test_accuracy0.5":0.4683544337749481,"_step":201,"test_balanced_accuracy0.25":0.5,"test_accuracy0.75":0.746835470199585,"_runtime":1825.2318005,"val_balanced_accuracy0.75":0.5,"val_recall0.25":1,"_timestamp":1.7509512748875659e+09,"val_balanced_accuracy0.25":0.5,"val_recall0.75":0,"val_accuracy0.75":0.7523809671401978,"test_precision0.25":0.2531645596027374,"test_precision0.75":0,"val_precision0.5":0.2950819730758667,"test_accuracy0.25":0.2531645596027374}