{"test_balanced_accuracy0.75":0.525,"train_auroc":0.997231125831604,"val_recall0.75":0.1111111119389534,"_timestamp":1.754098880484561e+09,"test_balanced_accuracy0.25":0.525,"train_loss":0.20280936360359192,"test_precision0.5":0.29411765933036804,"test_accuracy0.75":0.6875,"val_recall0.25":0.3333333432674408,"_runtime":7108.473537284,"test_accuracy0.5":0.6625000238418579,"test_accuracy0.25":0.6625000238418579,"val_accuracy0.25":0.6261682510375977,"test_auroc":0.4983333647251129,"_wandb":{"runtime":7108},"test_precision0.75":0.3076923191547394,"val_balanced_accuracy0.75":0.46805555555555556,"test_recall0.5":0.25,"test_recall0.75":0.20000000298023224,"val_precision0.5":0.2380952388048172,"val_accuracy0.5":0.644859790802002,"val_accuracy0.75":0.644859790802002,"val_recall0.5":0.18518517911434174,"val_auroc":0.5458333492279053,"test_balanced_accuracy0.5":0.525,"val_balanced_accuracy0.25":0.5291666666666667,"val_balanced_accuracy0.5":0.4925925925925926,"val_precision0.25":0.29032257199287415,"_step":366,"val_precision0.75":0.1764705926179886,"test_recall0.25":0.25,"test_precision0.25":0.29411765933036804}