{"test_accuracy0.25":0.6455696225166321,"_runtime":3378.578495001,"val_balanced_accuracy0.5":0.6034566699123661,"train_auroc":0.9941916465759277,"test_precision0.75":0.5,"val_accuracy0.75":0.7333333492279053,"test_precision0.5":0.1428571492433548,"test_auroc":0.611864447593689,"test_accuracy0.75":0.746835470199585,"val_recall0.75":0.1538461595773697,"_wandb":{"runtime":3378},"val_precision0.25":0.34210526943206787,"val_balanced_accuracy0.75":0.5389483933787731,"test_balanced_accuracy0.25":0.597457627118644,"val_precision0.5":0.44999998807907104,"_step":999,"test_precision0.25":0.3571428656578064,"train_loss":0.3956705629825592,"val_auroc":0.5593962669372559,"val_accuracy0.25":0.6380952596664429,"val_recall0.5":0.3461538553237915,"test_balanced_accuracy0.5":0.4741525423728814,"test_recall0.25":0.5,"test_balanced_accuracy0.75":0.5165254237288136,"test_recall0.5":0.05000000074505806,"test_accuracy0.5":0.6835442781448364,"val_recall0.25":0.5,"val_balanced_accuracy0.25":0.5917721518987342,"val_precision0.75":0.4000000059604645,"val_accuracy0.5":0.7333333492279053,"test_recall0.75":0.05000000074505806,"_timestamp":1.7502817064242616e+09}