{"val_balanced_accuracy":0.5,"_step":55,"_runtime":156.684751045,"test_precision":0,"val_precision":0,"val_recall":0,"test_recall":0,"test_balanced_accuracy":0.5,"test_auroc":0.550658106803894,"val_auroc":0.3928571343421936,"val_loss":1.7310147285461426,"train_loss":1.7088862657546997,"_timestamp":1.7494821203374069e+09,"test_accuracy":0.75,"train_auroc":0.395382821559906,"_wandb":{"runtime":156},"val_accuracy":0.7407407164573669}