{"test_accuracy0.5":0.4000000059604645,"val_accuracy0.75":0.7452830076217651,"test_balanced_accuracy0.75":0.5,"_runtime":2830.068201457,"val_accuracy0.5":0.4245283007621765,"val_precision0.5":0.2926829159259796,"test_recall0.25":1,"val_balanced_accuracy0.75":0.5,"train_auroc":0.6751580834388733,"test_precision0.25":0.25,"val_recall0.25":1,"val_balanced_accuracy0.25":0.5,"val_accuracy0.25":0.25471699237823486,"val_auroc":0.5583685040473938,"val_recall0.5":0.8888888955116272,"test_precision0.5":0.2666666805744171,"val_precision0.75":0,"test_recall0.75":0,"train_loss":2.0429837703704834,"test_precision0.75":0,"val_precision0.25":0.25471699237823486,"_wandb":{"runtime":2830},"test_accuracy0.25":0.25,"test_recall0.5":0.800000011920929,"test_balanced_accuracy0.5":0.5333333333333333,"val_balanced_accuracy0.5":0.5773558368495078,"test_auroc":0.5816667079925537,"test_accuracy0.75":0.75,"val_recall0.75":0,"_step":445,"_timestamp":1.753606599655379e+09,"test_balanced_accuracy0.25":0.5}