{"val_precision0.25":0.25333333015441895,"val_precision0.75":0,"test_accuracy0.5":0.746835470199585,"_wandb":{"runtime":443},"test_recall0.5":0,"train_loss":1.6655144691467285,"val_balanced_accuracy0.25":0.5109542356377799,"test_balanced_accuracy0.5":0.5,"test_accuracy0.25":0.3670886158943176,"val_recall0.25":0.7307692170143127,"val_recall0.75":0,"val_precision0.5":0,"test_precision0.25":0.2222222238779068,"test_balanced_accuracy0.25":0.4440677966101695,"val_accuracy0.75":0.7523809671401978,"test_recall0.75":0,"_runtime":443.813716689,"test_precision0.75":0,"_timestamp":1.7505186563472931e+09,"val_recall0.5":0,"train_auroc":0.652263879776001,"val_balanced_accuracy0.75":0.5,"val_accuracy0.5":0.7523809671401978,"val_accuracy0.25":0.4000000059604645,"test_recall0.25":0.6000000238418579,"test_auroc":0.4830508828163147,"_step":166,"test_precision0.5":0,"val_auroc":0.492210328578949,"test_accuracy0.75":0.746835470199585,"val_balanced_accuracy0.5":0.5,"test_balanced_accuracy0.75":0.5}