{"val_recall":0,"train_loss":0.9995157122612,"val_accuracy":0.7407407164573669,"_runtime":329.851208163,"val_balanced_accuracy":0.5,"test_precision":0.1666666716337204,"_step":50,"test_recall":0.06060606241226196,"val_auroc":0.47142860293388367,"test_balanced_accuracy":0.4797979797979798,"val_precision":0,"test_accuracy":0.689393937587738,"_timestamp":1.7495184767745123e+09,"val_loss":3.351327657699585,"_wandb":{"runtime":329},"train_auroc":0.9028832912445068,"test_auroc":0.547903299331665}