{"test_recall0.75":0.15000000596046448,"val_accuracy0.5":0.7142857313156128,"val_precision0.75":0.3571428656578064,"val_precision0.5":0.375,"val_balanced_accuracy0.5":0.5520934761441091,"val_accuracy0.75":0.7142857313156128,"test_recall0.25":0.20000000298023224,"_wandb":{"runtime":757},"test_precision0.25":0.5,"test_accuracy0.5":0.7341772317886353,"test_recall0.5":0.15000000596046448,"test_balanced_accuracy0.75":0.5495762711864407,"test_precision0.5":0.4285714328289032,"test_precision0.75":0.5,"test_balanced_accuracy0.25":0.5661016949152542,"val_auroc":0.5447906851768494,"_timestamp":1.7502353212221358e+09,"train_loss":0.00015747040743008256,"train_auroc":1,"val_recall0.5":0.23076923191547394,"val_recall0.75":0.19230769574642181,"test_auroc":0.5720338821411133,"_runtime":757.583167002,"val_accuracy0.25":0.6857143044471741,"test_balanced_accuracy0.5":0.5411016949152542,"val_balanced_accuracy0.75":0.5391918208373905,"test_accuracy0.75":0.746835470199585,"_step":319,"val_balanced_accuracy0.25":0.5460077896786758,"val_precision0.25":0.3333333432674408,"val_recall0.25":0.26923078298568726,"test_accuracy0.25":0.746835470199585}