{"test_balanced_accuracy0.75":0.525,"test_precision0.5":0.3333333432674408,"_step":317,"val_balanced_accuracy0.75":0.5269573370839193,"_timestamp":1.7531237197720742e+09,"val_accuracy0.25":0.4716981053352356,"val_precision0.75":0.2857142984867096,"_wandb":{"runtime":1297},"test_accuracy0.25":0.625,"train_loss":0.005617161281406879,"val_accuracy0.75":0.6037735939025879,"val_balanced_accuracy0.5":0.4821847163619315,"test_balanced_accuracy0.25":0.6000000000000001,"val_precision0.25":0.23636363446712494,"test_precision0.75":0.29411765933036804,"_runtime":1297.652982953,"val_recall0.5":0.40740740299224854,"test_auroc":0.6150000095367432,"val_recall0.25":0.48148149251937866,"test_recall0.25":0.550000011920929,"test_precision0.25":0.34375,"test_accuracy0.75":0.6625000238418579,"test_balanced_accuracy0.5":0.5583333333333333,"test_recall0.75":0.25,"val_precision0.5":0.239130437374115,"val_auroc":0.4988279342651367,"val_balanced_accuracy0.25":0.47491795593061414,"test_accuracy0.5":0.6625000238418579,"val_accuracy0.5":0.5188679099082947,"train_auroc":1,"val_recall0.75":0.37037035822868347,"test_recall0.5":0.3499999940395355}