{"val_accuracy":0.75,"test_auroc":0.46610164642333984,"_timestamp":1.7477839214158652e+09,"val_precision":0,"val_recall":0,"val_auroc":0.3072916865348816,"test_recall":0,"train_loss":0.3720076084136963,"test_precision":0,"_wandb":{"runtime":1897},"test_accuracy":0.746835470199585,"train_auroc":0.4556002616882324,"_step":16,"_runtime":1897.578078954,"val_loss":0.373084157705307}