{"test_precision0.75":0,"test_precision0.5":0,"test_accuracy0.5":0.75,"test_auroc":0.5041666626930237,"val_balanced_accuracy0.25":0.5,"val_recall0.75":0,"val_precision0.25":0.25233644247055054,"test_precision0.25":0.25,"val_accuracy0.5":0.7476635575294495,"train_loss":2.070465326309204,"test_recall0.25":1,"test_accuracy0.75":0.75,"test_balanced_accuracy0.5":0.5,"val_recall0.5":0,"_runtime":2782.112254292,"_timestamp":1.754284369711811e+09,"val_auroc":0.5337963104248047,"val_precision0.75":0,"_step":315,"test_balanced_accuracy0.25":0.5,"val_balanced_accuracy0.5":0.5,"test_recall0.5":0,"test_accuracy0.25":0.25,"val_recall0.25":1,"test_balanced_accuracy0.75":0.5,"val_accuracy0.75":0.7476635575294495,"test_recall0.75":0,"val_precision0.5":0,"train_auroc":0.6475218534469604,"_wandb":{"runtime":2782},"val_balanced_accuracy0.75":0.5,"val_accuracy0.25":0.25233644247055054}