{"val_precision0.75":0,"train_auroc":0.6176971793174744,"val_recall0.25":0.6153846383094788,"test_balanced_accuracy0.5":0.5,"train_loss":1.6768687963485718,"test_recall0.75":0,"_runtime":2853.510588308,"val_recall0.75":0,"test_recall0.5":0,"test_recall0.25":0.44999998807907104,"val_precision0.25":0.290909081697464,"val_accuracy0.5":0.7523809671401978,"test_precision0.75":0,"val_precision0.5":0,"val_accuracy0.25":0.5333333611488342,"val_balanced_accuracy0.25":0.560856864654333,"test_auroc":0.47457626461982727,"test_precision0.25":0.23076923191547394,"_step":999,"test_precision0.5":0,"test_accuracy0.25":0.4810126721858978,"_wandb":{"runtime":2853},"test_accuracy0.5":0.746835470199585,"val_accuracy0.75":0.7523809671401978,"test_balanced_accuracy0.25":0.47076271186440677,"val_balanced_accuracy0.5":0.5,"val_auroc":0.5888509750366211,"val_balanced_accuracy0.75":0.5,"test_accuracy0.75":0.746835470199585,"_timestamp":1.7505332993715405e+09,"val_recall0.5":0,"test_balanced_accuracy0.75":0.5}