{"test_precision":0,"_step":63,"test_accuracy":0.746835470199585,"_timestamp":1.7476577126023204e+09,"train_loss":0.3610244393348694,"_wandb":{"runtime":621},"test_auroc":0.5,"train_auroc":0.49775317311286926,"val_recall":0,"_runtime":620.475914989,"val_loss":0.6085285544395447,"val_precision":0,"val_auroc":0.5,"val_accuracy":0.75,"test_recall":0}