{"val_recall":0.375,"_timestamp":1.7474238896406431e+09,"train_loss":1.4047904014587402,"test_recall":0.10000000149011612,"val_accuracy":0.8125,"val_auroc":0.6666666269302368,"test_accuracy":0.6708860993385315,"val_loss":1.4047904014587402,"test_auroc":0.4822033941745758,"_runtime":2829.246226087,"_step":123,"train_auroc":0.6666666269302368,"test_precision":0.20000000298023224,"val_precision":0.75,"_wandb":{"runtime":2829}}