{"val_precision":0,"train_loss":0.3702292740345001,"_wandb":{"runtime":835},"val_auroc":0.5,"test_auroc":0.5,"test_precision":0,"val_recall":0,"train_auroc":0.5,"_runtime":833.505673676,"val_accuracy":0.75,"test_accuracy":0.746835470199585,"val_loss":0.3648548126220703,"test_recall":0,"_step":35,"_timestamp":1.7476540676382298e+09}