{"test_recall0.75":0.15000000596046448,"val_accuracy0.25":0.5660377144813538,"_runtime":1938.860081365,"test_balanced_accuracy0.5":0.4916666666666667,"val_balanced_accuracy0.75":0.4855769230769231,"test_balanced_accuracy0.75":0.5,"train_loss":0.012377450242638588,"val_auroc":0.5716345906257629,"test_precision0.75":0.25,"val_recall0.25":0.6538461446762085,"test_accuracy0.25":0.6000000238418579,"val_recall0.75":0.3461538553237915,"test_precision0.5":0.23529411852359772,"_step":309,"test_balanced_accuracy0.25":0.48333333333333334,"val_precision0.75":0.23076923191547394,"test_recall0.5":0.20000000298023224,"test_auroc":0.54708331823349,"val_precision0.5":0.2978723347187042,"val_precision0.25":0.31481480598449707,"test_accuracy0.75":0.675000011920929,"test_recall0.25":0.25,"val_balanced_accuracy0.5":0.5629807692307692,"val_balanced_accuracy0.25":0.5956730769230769,"test_precision0.25":0.22727273404598236,"_wandb":{"runtime":1938},"train_auroc":1,"_timestamp":1.7539526493293817e+09,"val_accuracy0.5":0.5754716992378235,"test_accuracy0.5":0.637499988079071,"val_recall0.5":0.5384615659713745,"val_accuracy0.75":0.5566037893295288}