{"train_auroc":1,"test_precision0.75":0.22580644488334656,"test_precision0.25":0.2380952388048172,"_runtime":1179.479175951,"test_recall0.75":0.3499999940395355,"test_recall0.5":0.44999998807907104,"val_precision0.25":0.25,"test_recall0.25":0.5,"test_balanced_accuracy0.25":0.4788135593220339,"test_balanced_accuracy0.5":0.49618644067796613,"val_accuracy0.5":0.5523809790611267,"val_auroc":0.48807206749916077,"test_accuracy0.75":0.5316455960273743,"test_accuracy0.25":0.4683544337749481,"train_loss":0.019574878737330437,"test_accuracy0.5":0.5189873576164246,"val_balanced_accuracy0.75":0.46397273612463485,"val_accuracy0.25":0.523809552192688,"val_precision0.75":0.21052631735801697,"val_recall0.25":0.4615384638309479,"val_precision0.5":0.25581395626068115,"val_recall0.5":0.42307692766189575,"_timestamp":1.7514172438800652e+09,"val_accuracy0.75":0.5428571701049805,"_wandb":{"runtime":1179},"_step":306,"test_auroc":0.5203390121459961,"test_balanced_accuracy0.75":0.4716101694915254,"val_balanced_accuracy0.25":0.502921129503408,"val_recall0.75":0.3076923191547394,"val_balanced_accuracy0.5":0.5090068159688412,"test_precision0.5":0.25}