{"test_accuracy0.75":0.746835470199585,"val_precision0.5":0,"test_precision0.5":0,"val_recall0.5":0,"_step":499,"val_recall0.25":0.5384615659713745,"train_auroc":0.823271632194519,"val_accuracy0.75":0.7523809671401978,"val_precision0.75":0,"val_balanced_accuracy0.75":0.5,"test_balanced_accuracy0.5":0.4915254237288136,"val_precision0.25":0.25,"test_recall0.5":0,"train_loss":1.439810872077942,"test_recall0.25":0.6499999761581421,"test_precision0.25":0.31707316637039185,"test_recall0.75":0,"_timestamp":1.7499114282194371e+09,"val_recall0.75":0,"test_precision0.75":0,"test_accuracy0.25":0.5569620132446289,"val_auroc":0.5481986403465271,"_wandb":{"runtime":1850},"val_accuracy0.5":0.7428571581840515,"_runtime":1850.318896061,"val_accuracy0.25":0.48571428656578064,"test_auroc":0.5932203531265259,"test_balanced_accuracy0.75":0.5,"val_balanced_accuracy0.25":0.5034079844206426,"val_balanced_accuracy0.5":0.4936708860759494,"test_accuracy0.5":0.7341772317886353,"test_balanced_accuracy0.25":0.5877118644067797}