{"test_auroc":0.4466666877269745,"test_balanced_accuracy0.75":0.49166666666666664,"test_recall0.5":0.15000000596046448,"_step":234,"val_accuracy0.75":0.6822429895401001,"val_recall0.75":0.14814814925193787,"test_accuracy0.5":0.6875,"test_accuracy0.75":0.6875,"val_recall0.5":0.14814814925193787,"val_accuracy0.5":0.672897219657898,"train_loss":2.0797613160539186e-06,"val_precision0.5":0.25,"test_recall0.75":0.10000000149011612,"_timestamp":1.7535425645261307e+09,"val_auroc":0.543055534362793,"val_accuracy0.25":0.663551390171051,"val_balanced_accuracy0.25":0.4928240740740741,"test_balanced_accuracy0.5":0.5083333333333333,"test_recall0.25":0.15000000596046448,"val_recall0.25":0.14814814925193787,"test_precision0.25":0.23076923191547394,"val_balanced_accuracy0.5":0.49907407407407406,"val_precision0.25":0.23529411852359772,"test_precision0.5":0.27272728085517883,"_runtime":2186.982031937,"test_precision0.75":0.2222222238779068,"_wandb":{"runtime":2186},"test_balanced_accuracy0.25":0.4916666666666667,"test_accuracy0.25":0.6625000238418579,"train_auroc":1,"val_precision0.75":0.2666666805744171,"val_balanced_accuracy0.75":0.5053240740740741}