{"test_precision0.75":0.1818181872367859,"val_recall0.25":0.2222222238779068,"test_balanced_accuracy0.5":0.55,"test_auroc":0.5299999713897705,"_timestamp":1.7534995829087465e+09,"_runtime":1041.503366309,"test_balanced_accuracy0.25":0.5583333333333333,"val_accuracy0.25":0.650943398475647,"test_recall0.25":0.30000001192092896,"val_precision0.75":0.23529411852359772,"_step":322,"test_recall0.5":0.25,"val_balanced_accuracy0.25":0.5098452883263009,"val_accuracy0.75":0.6603773832321167,"train_auroc":1,"test_accuracy0.75":0.6625000238418579,"test_recall0.75":0.10000000149011612,"val_recall0.75":0.14814814925193787,"test_precision0.5":0.3571428656578064,"test_balanced_accuracy0.75":0.475,"test_precision0.25":0.3529411852359772,"val_precision0.25":0.27272728085517883,"test_accuracy0.5":0.699999988079071,"val_accuracy0.5":0.650943398475647,"train_loss":0.00021860927517991513,"test_accuracy0.25":0.6875,"val_balanced_accuracy0.5":0.4976558837318331,"_wandb":{"runtime":1041},"val_recall0.5":0.18518517911434174,"val_precision0.5":0.25,"val_auroc":0.4280356168746948,"val_balanced_accuracy0.75":0.49179559306141585}