{"val_auroc":0.47777777910232544,"val_balanced_accuracy0.5":0.4618055555555556,"_step":302,"test_accuracy0.5":0.699999988079071,"val_precision0.5":0.1666666716337204,"test_balanced_accuracy0.75":0.47500000000000003,"val_balanced_accuracy0.25":0.4740740740740741,"test_precision0.5":0.25,"test_accuracy0.25":0.6875,"test_recall0.75":0.05000000074505806,"_wandb":{"runtime":926},"val_recall0.75":0.07407407462596893,"test_accuracy0.75":0.6875,"test_precision0.25":0.2222222238779068,"val_accuracy0.5":0.6355140209197998,"val_recall0.25":0.14814814925193787,"train_auroc":1,"val_recall0.5":0.1111111119389534,"test_auroc":0.53083336353302,"val_precision0.75":0.1818181872367859,"_runtime":926.292540818,"test_recall0.5":0.10000000149011612,"val_balanced_accuracy0.75":0.480787037037037,"_timestamp":1.7534975973537858e+09,"test_balanced_accuracy0.5":0.5,"test_balanced_accuracy0.25":0.49166666666666664,"val_precision0.25":0.20000000298023224,"train_loss":0.00030648367828689516,"val_accuracy0.75":0.6822429895401001,"test_precision0.75":0.1428571492433548,"test_recall0.25":0.10000000149011612,"val_accuracy0.25":0.6355140209197998}