{"val_accuracy":0.75,"test_auroc":0.5,"val_precision":0,"train_auroc":0.5,"test_accuracy":0.746835470199585,"val_loss":0.3864525258541107,"_timestamp":1.7474506143615165e+09,"test_recall":0,"val_recall":0,"val_auroc":0.5,"_step":35,"_runtime":340.637015348,"test_precision":0,"_wandb":{"runtime":341},"train_loss":0.3446248173713684}