{"_wandb":{"runtime":418},"train_loss":1.6929221153259277,"val_recall0.25":1,"test_balanced_accuracy0.75":0.5,"test_recall0.25":1,"val_accuracy0.25":0.24761904776096344,"_runtime":418.501394335,"val_precision0.5":0,"test_recall0.5":0,"test_precision0.5":0,"test_precision0.25":0.2531645596027374,"_step":184,"val_precision0.25":0.24761904776096344,"val_balanced_accuracy0.75":0.5,"test_balanced_accuracy0.25":0.5,"test_accuracy0.5":0.746835470199585,"val_accuracy0.75":0.7523809671401978,"train_auroc":0.48070836067199707,"val_balanced_accuracy0.25":0.5,"val_precision0.75":0,"test_recall0.75":0,"val_recall0.75":0,"val_balanced_accuracy0.5":0.5,"test_accuracy0.25":0.2531645596027374,"val_auroc":0.5613436698913574,"_timestamp":1.7502196503504739e+09,"val_accuracy0.5":0.7523809671401978,"test_accuracy0.75":0.746835470199585,"val_recall0.5":0,"test_auroc":0.558474600315094,"test_precision0.75":0,"test_balanced_accuracy0.5":0.5}