{"train_loss":1.189923882484436,"_timestamp":1.7515116101226993e+09,"test_recall0.25":0.699999988079071,"val_balanced_accuracy0.25":0.6185491723466408,"val_precision0.25":0.32758620381355286,"test_balanced_accuracy0.5":0.49915254237288137,"test_balanced_accuracy0.25":0.5279661016949152,"val_balanced_accuracy0.75":0.5192307692307693,"val_balanced_accuracy0.5":0.4944011684518014,"test_precision0.5":0.25,"test_accuracy0.75":0.746835470199585,"val_accuracy0.5":0.6857143044471741,"test_auroc":0.6000000238418579,"test_recall0.75":0,"val_recall0.5":0.11538461595773697,"val_precision0.75":1,"_runtime":6280.15267837,"val_accuracy0.25":0.561904788017273,"test_accuracy0.5":0.6962025165557861,"test_accuracy0.25":0.4430379867553711,"val_precision0.5":0.23076923191547394,"test_recall0.5":0.10000000149011612,"val_recall0.25":0.7307692170143127,"test_precision0.25":0.26923078298568726,"train_auroc":0.910070538520813,"val_auroc":0.6380233764648438,"test_precision0.75":0,"val_accuracy0.75":0.761904776096344,"_step":999,"test_balanced_accuracy0.75":0.5,"val_recall0.75":0.03846153989434242,"_wandb":{"runtime":6280}}