{"_step":35,"val_precision":0,"val_auroc":0.5,"val_loss":0.374372273683548,"_wandb":{"runtime":450},"_timestamp":1.7474520504757342e+09,"test_precision":0,"_runtime":448.125096847,"val_recall":0,"test_recall":0,"train_auroc":0.5,"train_loss":0.3731522560119629,"val_accuracy":0.75,"test_accuracy":0.746835470199585,"test_auroc":0.5}