{"_step":1,"val_auroc":0,"val_loss":0.689645528793335,"val_precision":0,"_runtime":26.8211042,"val_accuracy":0.5,"_timestamp":1.7477394117244682e+09,"_wandb":{"runtime":28},"val_recall":0}