{"val_auroc":0.4701923131942749,"test_precision0.25":0.25,"_runtime":1534.626552012,"test_recall0.25":1,"test_balanced_accuracy0.5":0.5,"val_balanced_accuracy0.25":0.5,"val_recall0.75":0,"train_loss":1.3943639993667603,"test_precision0.75":0,"test_balanced_accuracy0.75":0.5,"test_recall0.5":0,"test_recall0.75":0,"test_accuracy0.75":0.75,"train_recon_loss_no_kld":0.7359474897384644,"_step":80,"test_auroc":0.45791664719581604,"val_accuracy0.25":0.24528302252292633,"test_precision0.5":0,"test_accuracy0.25":0.25,"val_recall0.25":1,"val_precision0.75":0,"val_accuracy0.75":0.7547169923782349,"val_accuracy0.5":0.7547169923782349,"train_logvar":2.1989306375758133e-08,"train_kld_loss":0.03543708845973015,"val_precision0.5":0,"train_surv_loss":1.008671760559082,"train_mu":3.3878808647358483e-09,"test_accuracy0.5":0.75,"val_balanced_accuracy0.5":0.5,"val_recall0.5":0,"_wandb":{"runtime":1534},"val_balanced_accuracy0.75":0.5,"train_auroc":0.506249725818634,"val_precision0.25":0.24528302252292633,"_timestamp":1.7549444259537723e+09,"test_balanced_accuracy0.25":0.5}