{"_step":520,"val_balanced_accuracy0.75":0.5990749756572542,"val_recall0.25":0.7307692170143127,"test_precision0.75":0.190476194024086,"val_recall0.75":0.6538461446762085,"train_auroc":0.9999599456787109,"test_auroc":0.4601694941520691,"test_accuracy0.75":0.4177215099334717,"test_balanced_accuracy0.5":0.44449152542372883,"test_balanced_accuracy0.25":0.5021186440677966,"test_accuracy0.25":0.37974682450294495,"test_balanced_accuracy0.75":0.411864406779661,"test_recall0.25":0.75,"_timestamp":1.7514520644413853e+09,"val_balanced_accuracy0.25":0.561587147030185,"test_accuracy0.5":0.39240506291389465,"_wandb":{"runtime":2943},"val_precision0.75":0.3207547068595886,"test_precision0.25":0.2542372941970825,"train_loss":0.038866255432367325,"val_precision0.5":0.31578946113586426,"val_accuracy0.5":0.5523809790611267,"_runtime":2943.379709145,"val_balanced_accuracy0.5":0.5993184031158715,"test_recall0.5":0.550000011920929,"test_recall0.75":0.4000000059604645,"val_recall0.5":0.692307710647583,"val_auroc":0.6730769872665405,"val_accuracy0.25":0.4761904776096344,"test_precision0.5":0.2199999988079071,"val_precision0.25":0.28358209133148193,"val_accuracy0.75":0.5714285969734192}