{"test_precision0.25":0.3076923191547394,"test_auroc":0.4983333349227905,"test_accuracy0.25":0.625,"val_auroc":0.4981481432914734,"test_accuracy0.5":0.6625000238418579,"test_balanced_accuracy0.25":0.55,"val_accuracy0.5":0.6542056202888489,"_wandb":{"runtime":11096},"val_accuracy0.75":0.672897219657898,"test_recall0.75":0.25,"val_precision0.5":0.3214285671710968,"test_recall0.25":0.4000000059604645,"val_balanced_accuracy0.75":0.523611111111111,"_step":269,"val_precision0.75":0.30000001192092896,"val_balanced_accuracy0.25":0.5289351851851851,"val_balanced_accuracy0.5":0.5479166666666666,"_timestamp":1.7536399512660048e+09,"test_precision0.75":0.3125,"test_recall0.5":0.4000000059604645,"val_recall0.5":0.3333333432674408,"test_balanced_accuracy0.75":0.5333333333333333,"test_accuracy0.75":0.675000011920929,"val_precision0.25":0.2857142984867096,"val_recall0.25":0.37037035822868347,"val_accuracy0.25":0.6074766516685486,"train_loss":0.171842560172081,"test_balanced_accuracy0.5":0.575,"_runtime":11096.460989061,"val_recall0.75":0.2222222238779068,"train_auroc":0.998046875,"test_precision0.5":0.3478260934352875}