{"test_recall0.25":1,"_wandb":{"runtime":38},"test_balanced_accuracy0.25":0.5,"val_accuracy0.5":0.761904776096344,"test_recall0.75":0,"test_precision0.75":0,"_runtime":38.040260325,"test_recall0.5":0,"test_balanced_accuracy0.75":0.5,"val_balanced_accuracy0.25":0.5,"val_balanced_accuracy0.5":0.5,"test_auroc":0.510169506072998,"test_accuracy0.25":0.2531645596027374,"val_precision0.25":0.2380952388048172,"test_balanced_accuracy0.5":0.5,"val_auroc":0.42916667461395264,"val_accuracy0.75":0.761904776096344,"val_precision0.5":0,"val_accuracy0.25":0.2380952388048172,"train_loss":1.708023190498352,"val_recall0.25":1,"val_recall0.5":0,"val_balanced_accuracy0.75":0.5,"test_precision0.25":0.2531645596027374,"test_accuracy0.75":0.746835470199585,"val_recall0.75":0,"test_precision0.5":0,"_step":4,"val_precision0.75":0,"test_accuracy0.5":0.746835470199585,"train_auroc":0.4225245714187622,"_timestamp":1.7497376751689522e+09}