{"test_auroc":0.6016949415206909,"val_accuracy0.75":0.7523809671401978,"val_precision0.5":0,"val_balanced_accuracy0.5":0.5,"test_precision0.75":0,"_step":418,"_wandb":{"runtime":2478},"test_balanced_accuracy0.25":0.5,"train_loss":1.6941039562225342,"_runtime":2478.508643748,"val_accuracy0.25":0.24761904776096344,"_timestamp":1.7501512271649284e+09,"test_precision0.5":0,"test_balanced_accuracy0.75":0.5,"val_recall0.5":0,"val_balanced_accuracy0.25":0.5,"train_auroc":0.4741966724395752,"val_recall0.75":0,"val_precision0.25":0.24761904776096344,"val_accuracy0.5":0.7523809671401978,"test_balanced_accuracy0.5":0.5,"test_recall0.75":0,"test_accuracy0.25":0.2531645596027374,"test_recall0.25":1,"val_auroc":0.47517040371894836,"val_precision0.75":0,"test_accuracy0.5":0.746835470199585,"val_recall0.25":1,"test_accuracy0.75":0.746835470199585,"test_precision0.25":0.2531645596027374,"test_recall0.5":0,"val_balanced_accuracy0.75":0.5}