{"val_accuracy0.25":0.24761904776096344,"_wandb":{"runtime":1226},"test_accuracy0.25":0.2531645596027374,"val_recall0.75":0,"val_recall0.25":1,"val_precision0.5":0.24761904776096344,"test_balanced_accuracy0.75":0.5,"test_recall0.5":1,"test_accuracy0.5":0.2531645596027374,"_timestamp":1.7502442481283147e+09,"test_precision0.75":0,"val_auroc":0.3775559961795807,"_step":365,"val_balanced_accuracy0.5":0.5,"test_auroc":0.5144068002700806,"val_balanced_accuracy0.75":0.5,"train_auroc":0.473564475774765,"val_balanced_accuracy0.25":0.5,"val_precision0.75":0,"val_precision0.25":0.24761904776096344,"test_precision0.25":0.2531645596027374,"test_balanced_accuracy0.25":0.5,"test_accuracy0.75":0.746835470199585,"val_recall0.5":1,"test_balanced_accuracy0.5":0.5,"test_recall0.75":0,"train_loss":2.1038553714752197,"val_accuracy0.5":0.24761904776096344,"val_accuracy0.75":0.7523809671401978,"test_recall0.25":1,"test_precision0.5":0.2531645596027374,"_runtime":1226.62931865}