{"test_accuracy0.25":0.25,"val_recall0.25":1,"val_accuracy0.25":0.24528302252292633,"test_balanced_accuracy0.25":0.5,"val_accuracy0.75":0.7547169923782349,"val_recall0.5":0.5384615659713745,"test_accuracy0.5":0.5874999761581421,"val_precision0.25":0.24528302252292633,"test_balanced_accuracy0.75":0.5,"train_auroc":0.5716817378997803,"test_recall0.75":0,"test_precision0.25":0.25,"test_precision0.5":0.3243243098258972,"val_precision0.5":0.26923078298568726,"test_auroc":0.5283333659172058,"_wandb":{"runtime":2466},"val_recall0.75":0,"test_accuracy0.75":0.75,"test_precision0.75":0,"test_balanced_accuracy0.5":0.5916666666666667,"val_precision0.75":0,"val_balanced_accuracy0.75":0.5,"val_balanced_accuracy0.25":0.5,"val_accuracy0.5":0.5283018946647644,"val_auroc":0.5389423370361328,"test_recall0.5":0.6000000238418579,"_timestamp":1.755073726304725e+09,"_runtime":2466.746820465,"val_balanced_accuracy0.5":0.5317307692307692,"train_loss":2.068171977996826,"test_recall0.25":1,"_step":424}