{"test_auroc":0.5741666555404663,"test_accuracy0.75":0.75,"val_auroc":0.5911861658096313,"_timestamp":1.753466827321702e+09,"val_balanced_accuracy0.25":0.5,"val_recall0.75":0,"test_balanced_accuracy0.25":0.5,"val_accuracy0.25":0.7452830076217651,"val_accuracy0.75":0.7452830076217651,"val_precision0.5":0,"val_balanced_accuracy0.75":0.5,"test_precision0.75":0,"val_recall0.25":0,"train_auroc":0.44009435176849365,"test_accuracy0.5":0.75,"val_accuracy0.5":0.7452830076217651,"test_precision0.5":0,"_runtime":1532.892873416,"test_recall0.75":0,"val_precision0.25":0,"test_accuracy0.25":0.75,"test_balanced_accuracy0.5":0.5,"val_balanced_accuracy0.5":0.5,"_step":273,"test_recall0.25":0,"test_recall0.5":0,"val_recall0.5":0,"test_precision0.25":0,"train_loss":1.679054856300354,"_wandb":{"runtime":1532},"test_balanced_accuracy0.75":0.5,"val_precision0.75":0}