{"val_loss":1.7175219058990479,"val_balanced_accuracy":0.5,"test_accuracy":0.7480915784835815,"train_loss":1.6413147449493408,"_wandb":{"runtime":231},"test_balanced_accuracy":0.5,"_step":55,"val_auroc":0.5357142686843872,"_timestamp":1.749562418125463e+09,"test_auroc":0.5197896957397461,"test_precision":0,"val_accuracy":0.7407407164573669,"val_recall":0,"test_recall":0,"val_precision":0,"train_auroc":0.6643742322921753,"_runtime":231.826494886}