{"val_loss":0.37517833709716797,"_runtime":1291.643863096,"_step":45,"val_precision":0,"_wandb":{"runtime":1291},"val_auroc":0.4635416567325592,"test_recall":0,"test_precision":0,"val_recall":0,"val_accuracy":0.75,"test_auroc":0.5711864233016968,"_timestamp":1.7477729631742709e+09,"train_auroc":0.5484909415245056,"test_accuracy":0.746835470199585,"train_loss":0.37886589765548706}