{"test_recall0.5":0.30000001192092896,"_timestamp":1.7501561118775036e+09,"test_recall0.75":0.20000000298023224,"test_precision0.75":0.2857142984867096,"val_accuracy0.25":0.6666666865348816,"val_precision0.25":0.2857142984867096,"val_recall0.5":0.23076923191547394,"val_accuracy0.5":0.6952381134033203,"test_accuracy0.25":0.6202531456947327,"test_balanced_accuracy0.25":0.5639830508474576,"val_accuracy0.75":0.6666666865348816,"val_precision0.75":0.20000000298023224,"val_balanced_accuracy0.5":0.5394352482960078,"_runtime":951.84138334,"val_recall0.75":0.11538461595773697,"train_auroc":1,"val_balanced_accuracy0.75":0.4817429406037001,"test_auroc":0.5974576473236084,"test_accuracy0.75":0.6708860993385315,"_wandb":{"runtime":951},"test_balanced_accuracy0.75":0.5152542372881356,"val_balanced_accuracy0.25":0.5204479065238559,"test_recall0.25":0.44999998807907104,"val_auroc":0.5740019679069519,"test_accuracy0.5":0.6582278609275818,"test_balanced_accuracy0.5":0.5398305084745763,"val_precision0.5":0.3333333432674408,"_step":242,"train_loss":0.005835579242557287,"test_precision0.25":0.3214285671710968,"test_precision0.5":0.31578946113586426,"val_recall0.25":0.23076923191547394}