{"test_accuracy0.25":0.25,"val_recall0.25":1,"_timestamp":1.7535161309716642e+09,"test_balanced_accuracy0.5":0.5416666666666666,"val_auroc":0.5375000238418579,"test_precision0.75":0,"_wandb":{"runtime":1079},"val_balanced_accuracy0.75":0.5,"val_balanced_accuracy0.25":0.5,"test_accuracy0.5":0.637499988079071,"test_recall0.75":0,"val_accuracy0.5":0.6320754885673523,"val_recall0.75":0,"test_balanced_accuracy0.75":0.5,"val_balanced_accuracy0.5":0.5485576923076924,"val_accuracy0.25":0.24528302252292633,"test_recall0.25":1,"val_accuracy0.75":0.7547169923782349,"test_precision0.5":0.30434781312942505,"val_recall0.5":0.38461539149284363,"_step":292,"test_balanced_accuracy0.25":0.5,"test_recall0.5":0.3499999940395355,"val_precision0.5":0.3030303120613098,"val_precision0.75":0,"val_precision0.25":0.24528302252292633,"test_precision0.25":0.25,"train_auroc":0.6420160531997681,"train_loss":2.048405408859253,"_runtime":1079.408836435,"test_accuracy0.75":0.75,"test_auroc":0.5583333373069763}