{"val_precision0.5":0,"val_balanced_accuracy0.75":0.5,"val_precision0.75":0,"val_accuracy0.75":0.7523809671401978,"val_recall0.25":0.5769230723381042,"test_balanced_accuracy0.5":0.5,"val_precision0.25":0.2631579041481018,"test_accuracy0.25":0.4810126721858978,"test_accuracy0.5":0.746835470199585,"test_accuracy0.75":0.746835470199585,"_wandb":{"runtime":447},"val_balanced_accuracy0.25":0.5226387536514119,"val_accuracy0.5":0.7523809671401978,"test_recall0.25":0.550000011920929,"test_balanced_accuracy0.25":0.5038135593220339,"val_accuracy0.25":0.4952380955219269,"test_precision0.75":0,"test_balanced_accuracy0.75":0.5,"test_recall0.75":0,"_step":163,"train_auroc":0.6514118909835815,"val_recall0.5":0,"test_precision0.25":0.25581395626068115,"val_balanced_accuracy0.5":0.5,"_timestamp":1.7505068546262782e+09,"_runtime":447.779832632,"val_recall0.75":0,"val_auroc":0.490262895822525,"test_auroc":0.4864406883716583,"test_recall0.5":0,"train_loss":1.6381503343582153,"test_precision0.5":0}