{"test_balanced_accuracy0.75":0.6166666666666667,"val_recall0.5":0.26923078298568726,"val_accuracy0.25":0.6415094137191772,"val_balanced_accuracy0.75":0.4774038461538461,"test_accuracy0.75":0.75,"val_auroc":0.5288461446762085,"test_auroc":0.5824999809265137,"val_accuracy0.5":0.6320754885673523,"val_balanced_accuracy0.5":0.5096153846153846,"val_accuracy0.75":0.6226415038108826,"test_balanced_accuracy0.5":0.6083333333333334,"val_recall0.75":0.19230769574642181,"val_recall0.25":0.3076923191547394,"test_accuracy0.25":0.699999988079071,"_timestamp":1.7536252496970208e+09,"_step":206,"train_loss":1.0693045169318793e-06,"test_recall0.5":0.3499999940395355,"val_precision0.5":0.25925925374031067,"test_precision0.75":0.5,"test_recall0.25":0.3499999940395355,"test_recall0.75":0.3499999940395355,"train_auroc":1,"_runtime":1856.151008442,"val_precision0.25":0.2857142984867096,"_wandb":{"runtime":1856},"test_accuracy0.5":0.737500011920929,"test_balanced_accuracy0.25":0.5833333333333333,"test_precision0.25":0.3888888955116272,"val_balanced_accuracy0.25":0.5288461538461539,"test_precision0.5":0.46666666865348816,"val_precision0.75":0.2083333283662796}