{"val_recall":0,"test_balanced_accuracy":0.5,"val_precision":0,"test_precision":0,"val_accuracy":0.7407407164573669,"val_loss":1.7324010133743286,"_runtime":286.493626234,"test_recall":0,"test_accuracy":0.75,"test_auroc":0.5035200119018555,"val_auroc":0.550000011920929,"train_auroc":0.6024741530418396,"_wandb":{"runtime":286},"train_loss":1.651082992553711,"_timestamp":1.7494936459442313e+09,"_step":71,"val_balanced_accuracy":0.5}