{"_runtime":964.639214379,"val_accuracy0.25":0.420560747385025,"val_balanced_accuracy0.25":0.5756944444444444,"val_accuracy0.5":0.7476635575294495,"test_accuracy0.5":0.75,"val_precision0.75":0,"val_recall0.25":0.8888888955116272,"val_recall0.5":0,"test_precision0.75":0,"val_recall0.75":0,"test_balanced_accuracy0.5":0.5,"test_recall0.75":0,"val_balanced_accuracy0.5":0.5,"val_auroc":0.5597221851348877,"test_precision0.25":0.25,"train_auroc":0.5701910257339478,"test_accuracy0.75":0.75,"test_auroc":0.5708333253860474,"test_balanced_accuracy0.25":0.5,"_wandb":{"runtime":964},"test_recall0.25":0.75,"_timestamp":1.753523954331261e+09,"train_loss":1.6782801151275635,"val_balanced_accuracy0.75":0.5,"test_recall0.5":0,"test_balanced_accuracy0.75":0.5,"_step":162,"val_precision0.5":0,"val_precision0.25":0.28915661573410034,"test_accuracy0.25":0.375,"val_accuracy0.75":0.7476635575294495,"test_precision0.5":0}