{"test_balanced_accuracy0.25":0.5,"test_precision0.5":0,"test_recall0.5":0,"_timestamp":1.7506952488565352e+09,"_step":326,"test_precision0.25":0.2531645596027374,"test_recall0.25":1,"train_loss":1.6908717155456543,"val_recall0.25":1,"train_auroc":0.5180136561393738,"test_accuracy0.25":0.2531645596027374,"val_recall0.75":0,"test_recall0.75":0,"val_balanced_accuracy0.75":0.5,"test_accuracy0.5":0.746835470199585,"test_precision0.75":0,"val_precision0.5":0,"val_auroc":0.5082765221595764,"_runtime":3037.341161941,"val_balanced_accuracy0.5":0.5,"test_balanced_accuracy0.75":0.5,"val_recall0.5":0,"test_balanced_accuracy0.5":0.5,"val_precision0.75":0,"val_precision0.25":0.24761904776096344,"test_accuracy0.75":0.746835470199585,"val_accuracy0.75":0.7523809671401978,"val_balanced_accuracy0.25":0.5,"_wandb":{"runtime":3037},"val_accuracy0.5":0.7523809671401978,"test_auroc":0.5148305296897888,"val_accuracy0.25":0.24761904776096344}