{"test_accuracy0.25":0.7250000238418579,"test_precision0.5":0.25,"test_precision0.75":0.25,"_step":387,"test_balanced_accuracy0.75":0.5,"test_accuracy0.75":0.7250000238418579,"train_auroc":0.9999999403953552,"val_precision0.75":0.125,"val_recall0.5":0.03703703731298447,"val_accuracy0.5":0.6886792182922363,"_runtime":2363.415328983,"val_balanced_accuracy0.75":0.47421472105016405,"_timestamp":1.7534930589186814e+09,"val_recall0.25":0.03703703731298447,"val_accuracy0.75":0.6886792182922363,"val_precision0.25":0.1111111119389534,"val_accuracy0.25":0.6792452931404114,"test_auroc":0.534166693687439,"test_accuracy0.5":0.7250000238418579,"test_recall0.25":0.05000000074505806,"test_balanced_accuracy0.25":0.5,"val_recall0.75":0.03703703731298447,"test_balanced_accuracy0.5":0.5,"val_balanced_accuracy0.5":0.47421472105016405,"val_auroc":0.5171120166778564,"test_recall0.75":0.05000000074505806,"train_loss":0.00010404145723441616,"val_precision0.5":0.125,"_wandb":{"runtime":2363},"test_recall0.5":0.05000000074505806,"test_precision0.25":0.25,"val_balanced_accuracy0.25":0.4678856071261135}