{"train_loss":3.8485908589791507e-05,"val_balanced_accuracy0.75":0.5120370370370371,"val_auroc":0.5402778387069702,"test_accuracy0.25":0.75,"val_recall0.25":0.14814814925193787,"val_accuracy0.75":0.7289719581604004,"test_accuracy0.75":0.737500011920929,"test_balanced_accuracy0.25":0.5499999999999999,"_timestamp":1.75502133468508e+09,"test_precision0.75":0.4000000059604645,"val_balanced_accuracy0.5":0.493287037037037,"test_precision0.25":0.5,"test_precision0.5":0.5,"val_recall0.5":0.07407407462596893,"test_recall0.25":0.15000000596046448,"test_auroc":0.5208333134651184,"test_recall0.75":0.10000000149011612,"_wandb":{"runtime":2061},"test_balanced_accuracy0.75":0.525,"val_accuracy0.5":0.7009345889091492,"val_recall0.75":0.07407407462596893,"val_accuracy0.25":0.7009345889091492,"test_accuracy0.5":0.75,"test_recall0.5":0.15000000596046448,"val_precision0.75":0.3333333432674408,"test_balanced_accuracy0.5":0.5499999999999999,"_step":348,"train_auroc":1,"val_precision0.25":0.3076923191547394,"val_precision0.5":0.2222222238779068,"_runtime":2061.802146826,"val_balanced_accuracy0.25":0.517824074074074}