{"val_precision":0,"test_auroc":0.5,"train_loss":0.3799040615558624,"val_auroc":0.5,"test_accuracy":0.746835470199585,"_runtime":567.56218517,"_step":35,"test_precision":0,"_wandb":{"runtime":569},"_timestamp":1.7474530607001781e+09,"val_recall":0,"val_loss":0.3742762506008148,"train_auroc":0.5,"val_accuracy":0.75,"test_recall":0}