{"_step":50,"val_recall":0.2857142984867096,"test_recall":0.3030303120613098,"_runtime":367.437654884,"val_auroc":0.40714287757873535,"val_loss":3.80131459236145,"train_loss":0.8873842358589172,"test_precision":0.38461539149284363,"_wandb":{"runtime":367},"val_accuracy":0.7407407164573669,"val_balanced_accuracy":0.5928571428571429,"test_auroc":0.6054484248161316,"_timestamp":1.7495397822759595e+09,"test_balanced_accuracy":0.5707070707070707,"test_accuracy":0.7045454382896423,"val_precision":0.5,"train_auroc":0.9288914799690247}