{"test_accuracy0.5":0.607594907283783,"test_recall0.25":0.75,"val_recall0.25":0.6538461446762085,"_wandb":{"runtime":12360},"val_precision0.75":0.2222222238779068,"test_balanced_accuracy0.25":0.5444915254237288,"test_auroc":0.5788135528564453,"test_accuracy0.25":0.4430379867553711,"val_recall0.5":0.26923078298568726,"val_precision0.25":0.28333333134651184,"_runtime":12360.741111963,"test_precision0.25":0.2777777910232544,"val_auroc":0.5438169836997986,"test_precision0.5":0.2800000011920929,"val_balanced_accuracy0.75":0.494157740993184,"test_recall0.5":0.3499999940395355,"val_recall0.75":0.07692307978868484,"_step":999,"test_accuracy0.75":0.7215189933776855,"val_precision0.5":0.26923078298568726,"val_balanced_accuracy0.25":0.5547711781888998,"train_loss":1.0913995504379272,"val_accuracy0.75":0.7047619223594666,"test_balanced_accuracy0.75":0.5161016949152543,"test_balanced_accuracy0.5":0.5224576271186441,"train_auroc":0.9208059906959534,"test_precision0.75":0.3333333432674408,"val_balanced_accuracy0.5":0.5143622200584226,"test_recall0.75":0.10000000149011612,"val_accuracy0.25":0.5047619342803955,"val_accuracy0.5":0.6380952596664429,"_timestamp":1.751143146753189e+09}