{"test_recall":0.12121212482452393,"val_accuracy":0.7407407164573669,"test_balanced_accuracy":0.494949494949495,"_timestamp":1.7495442454830997e+09,"train_auroc":1,"val_balanced_accuracy":0.5464285714285714,"test_accuracy":0.6818181872367859,"val_auroc":0.5642856955528259,"test_precision":0.23529411852359772,"_step":97,"val_loss":9.428257942199707,"_wandb":{"runtime":1149},"_runtime":1149.305472725,"test_auroc":0.505050539970398,"val_recall":0.1428571492433548,"val_precision":0.5,"train_loss":0.0005953794461674988}