{"test_accuracy0.75":0.7088607549667358,"train_loss":0.025335753336548805,"_wandb":{"runtime":999},"val_balanced_accuracy0.5":0.5584225900681596,"val_recall0.25":0.3076923191547394,"_timestamp":1.750255072340234e+09,"test_auroc":0.5822033882141113,"_step":284,"val_precision0.25":0.42105263471603394,"test_precision0.25":0.3125,"test_balanced_accuracy0.5":0.523728813559322,"test_balanced_accuracy0.75":0.49110169491525424,"val_recall0.5":0.23076923191547394,"val_accuracy0.25":0.723809540271759,"test_recall0.75":0.05000000074505806,"val_recall0.75":0.1538461595773697,"test_accuracy0.5":0.6835442781448364,"test_balanced_accuracy0.25":0.5317796610169492,"val_accuracy0.5":0.723809540271759,"val_balanced_accuracy0.75":0.5705939629990263,"val_precision0.75":0.800000011920929,"_runtime":999.173400344,"test_precision0.5":0.3076923191547394,"test_precision0.75":0.20000000298023224,"val_accuracy0.75":0.7809523940086365,"val_balanced_accuracy0.25":0.5842259006815969,"val_auroc":0.6314507722854614,"test_recall0.5":0.20000000298023224,"val_precision0.5":0.4000000059604645,"test_accuracy0.25":0.6708860993385315,"test_recall0.25":0.25,"train_auroc":0.9999092817306519}