{"test_recall0.5":0.550000011920929,"train_loss":0.04906633123755455,"test_precision0.75":0.21875,"test_recall0.25":0.699999988079071,"train_auroc":0.9994792342185974,"val_recall0.25":0.5,"_step":335,"val_balanced_accuracy0.5":0.49050632911392406,"test_auroc":0.5152542591094971,"test_accuracy0.5":0.5443037748336792,"val_precision0.25":0.2063492089509964,"test_balanced_accuracy0.25":0.5957627118644068,"val_precision0.5":0.24074074625968933,"test_accuracy0.75":0.5189873576164246,"val_auroc":0.499513179063797,"_timestamp":1.7502410820564578e+09,"test_balanced_accuracy0.75":0.463135593220339,"test_precision0.25":0.3181818127632141,"test_recall0.75":0.3499999940395355,"_wandb":{"runtime":1114},"val_accuracy0.75":0.48571428656578064,"val_accuracy0.5":0.48571428656578064,"val_recall0.5":0.5,"val_accuracy0.25":0.4000000059604645,"val_precision0.75":0.24074074625968933,"test_accuracy0.25":0.5443037748336792,"_runtime":1114.0337181,"test_balanced_accuracy0.5":0.5461864406779662,"val_balanced_accuracy0.75":0.49050632911392406,"val_balanced_accuracy0.25":0.43354430379746833,"val_recall0.75":0.5,"test_precision0.5":0.28947368264198303}