{"val_recall":0.125,"test_recall":0.10000000149011612,"val_loss":0.6331644058227539,"_runtime":712.730362704,"_wandb":{"runtime":713},"train_auroc":0.900100588798523,"val_auroc":0.5625,"val_accuracy":0.78125,"_step":59,"test_accuracy":0.7341772317886353,"_timestamp":1.747692232405749e+09,"test_precision":0.4000000059604645,"train_loss":0.11225851625204086,"val_precision":1,"test_auroc":0.5245763063430786}