{"_step":499,"val_precision0.25":0.38461539149284363,"test_balanced_accuracy0.25":0.5126262626262627,"val_balanced_accuracy0.75":0.5,"_wandb":{"runtime":1724},"val_accuracy0.5":0.7037037014961243,"val_accuracy0.25":0.6296296119689941,"test_precision0.5":0,"val_accuracy0.75":0.7407407164573669,"_runtime":1724.72179684,"val_recall0.5":0,"test_auroc":0.4678030014038086,"val_balanced_accuracy0.25":0.6571428571428571,"train_auroc":0.7408790588378906,"test_precision0.75":0,"val_precision0.5":0,"test_accuracy0.5":0.7404580116271973,"val_precision0.75":0,"train_loss":1.508317470550537,"test_accuracy0.75":0.7557252049446106,"test_recall0.5":0,"val_auroc":0.6571428179740906,"test_precision0.25":0.2539682686328888,"val_recall0.25":0.7142857313156128,"test_accuracy0.25":0.5190839767456055,"_timestamp":1.7497340817340448e+09,"val_recall0.75":0,"test_recall0.75":0,"test_balanced_accuracy0.5":0.4898989898989899,"val_balanced_accuracy0.5":0.475,"test_balanced_accuracy0.75":0.5,"test_recall0.25":0.5}