{"train_auroc":0.7505117654800415,"test_precision0.5":0.24137930572032928,"test_balanced_accuracy0.5":0.49166666666666664,"test_recall0.5":0.3499999940395355,"val_recall0.75":0,"_runtime":3146.130784888,"val_accuracy0.25":0.2710280418395996,"val_recall0.25":1,"_step":342,"val_balanced_accuracy0.5":0.5094907407407407,"_timestamp":1.753690580441377e+09,"test_auroc":0.5483333468437195,"val_precision0.5":0.25999999046325684,"val_accuracy0.5":0.5233644843101501,"val_precision0.25":0.2571428716182709,"val_balanced_accuracy0.75":0.5,"test_recall0.25":0.949999988079071,"test_balanced_accuracy0.25":0.5,"_wandb":{"runtime":3146},"test_accuracy0.75":0.75,"val_auroc":0.5731481313705444,"val_precision0.75":0,"train_loss":1.8098517656326294,"test_accuracy0.25":0.2750000059604645,"test_accuracy0.5":0.5625,"val_recall0.5":0.48148149251937866,"val_accuracy0.75":0.7476635575294495,"test_balanced_accuracy0.75":0.5,"test_precision0.75":0,"val_balanced_accuracy0.25":0.5125,"test_precision0.25":0.25,"test_recall0.75":0}