{"val_balanced_accuracy0.75":0.5096153846153846,"val_recall0.5":0.3076923191547394,"_wandb":{"runtime":2552},"test_precision0.25":0.4444444477558136,"test_accuracy0.25":0.737500011920929,"train_loss":0.0010873718420043588,"val_precision0.75":0.25925925374031067,"test_precision0.75":0.5,"val_precision0.25":0.2647058963775635,"val_recall0.75":0.26923078298568726,"test_balanced_accuracy0.75":0.5499999999999999,"train_auroc":1,"val_accuracy0.5":0.6226415038108826,"val_balanced_accuracy0.25":0.5168269230769231,"test_balanced_accuracy0.5":0.5499999999999999,"test_recall0.5":0.15000000596046448,"val_recall0.25":0.3461538553237915,"test_auroc":0.5541666746139526,"val_precision0.5":0.2666666805744171,"test_balanced_accuracy0.25":0.5583333333333333,"test_accuracy0.5":0.75,"val_auroc":0.5019230842590332,"val_accuracy0.75":0.6320754885673523,"test_recall0.25":0.20000000298023224,"test_recall0.75":0.15000000596046448,"test_precision0.5":0.5,"test_accuracy0.75":0.75,"val_balanced_accuracy0.5":0.5163461538461538,"_runtime":2552.623627134,"val_accuracy0.25":0.6037735939025879,"_timestamp":1.7536639031233914e+09,"_step":281}