{"test_precision0.5":0.1428571492433548,"test_accuracy0.25":0.6625000238418579,"val_accuracy0.25":0.6915887594223022,"val_accuracy0.5":0.7476635575294495,"val_balanced_accuracy0.75":0.5,"test_balanced_accuracy0.25":0.45833333333333337,"_runtime":3565.966191335,"val_recall0.5":0.07407407462596893,"test_auroc":0.4933333396911621,"test_balanced_accuracy0.75":0.48333333333333334,"val_auroc":0.4361111521720886,"val_balanced_accuracy0.25":0.48703703703703705,"val_precision0.75":0,"val_balanced_accuracy0.5":0.524537037037037,"val_recall0.25":0.07407407462596893,"val_accuracy0.75":0.7476635575294495,"test_recall0.25":0.05000000074505806,"test_recall0.75":0,"val_recall0.75":0,"test_recall0.5":0.05000000074505806,"_timestamp":1.7534966342643666e+09,"test_precision0.75":0,"_step":608,"test_accuracy0.5":0.6875,"test_balanced_accuracy0.5":0.47500000000000003,"val_precision0.5":0.5,"_wandb":{"runtime":3565},"train_loss":0.007546263746917248,"test_precision0.25":0.1111111119389534,"val_precision0.25":0.20000000298023224,"train_auroc":1,"test_accuracy0.75":0.7250000238418579}