{"val_balanced_accuracy0.25":0.5175808720112518,"val_balanced_accuracy0.75":0.5175808720112518,"_wandb":{"runtime":863},"val_precision0.25":0.3333333432674408,"_runtime":863.954300587,"_timestamp":1.7534943081267798e+09,"val_recall0.25":0.1111111119389534,"test_accuracy0.75":0.7250000238418579,"test_precision0.75":0.375,"test_recall0.75":0.15000000596046448,"_step":254,"val_accuracy0.25":0.7169811129570007,"test_precision0.25":0.5,"test_balanced_accuracy0.5":0.5583333333333333,"test_recall0.25":0.25,"val_recall0.75":0.1111111119389534,"val_precision0.5":0.3333333432674408,"test_accuracy0.25":0.75,"val_auroc":0.4819503128528595,"test_precision0.5":0.4444444477558136,"test_recall0.5":0.20000000298023224,"test_balanced_accuracy0.25":0.5833333333333333,"val_precision0.75":0.3333333432674408,"test_auroc":0.5049999952316284,"train_auroc":0.9999999403953552,"val_recall0.5":0.1111111119389534,"val_balanced_accuracy0.5":0.5175808720112518,"val_accuracy0.5":0.7169811129570007,"val_accuracy0.75":0.7169811129570007,"test_balanced_accuracy0.75":0.5333333333333333,"test_accuracy0.5":0.737500011920929,"train_loss":1.754716140567325e-05}