{"test_accuracy0.25":0.6499999761581421,"val_accuracy0.25":0.6320754885673523,"test_balanced_accuracy0.5":0.4666666666666667,"test_recall0.25":0.10000000149011612,"val_balanced_accuracy0.5":0.4674167838724801,"_wandb":{"runtime":1068},"val_accuracy0.5":0.6603773832321167,"test_recall0.75":0,"train_loss":0.0013952681329101324,"test_precision0.5":0.125,"test_auroc":0.5583333969116211,"val_recall0.75":0.07407407462596893,"test_balanced_accuracy0.75":0.45,"test_recall0.5":0.05000000074505806,"val_recall0.5":0.07407407462596893,"train_auroc":0.9999999403953552,"val_precision0.25":0.125,"val_balanced_accuracy0.75":0.4927332395686826,"val_accuracy0.75":0.698113203048706,"test_precision0.25":0.1666666716337204,"val_auroc":0.34786686301231384,"val_recall0.25":0.07407407462596893,"_step":413,"val_balanced_accuracy0.25":0.4484294421003282,"test_balanced_accuracy0.25":0.4666666666666667,"test_accuracy0.75":0.675000011920929,"test_accuracy0.5":0.675000011920929,"val_precision0.5":0.1538461595773697,"_timestamp":1.7534674111665516e+09,"_runtime":1068.590320058,"val_precision0.75":0.2222222238779068,"test_precision0.75":0}