{"train_loss":0.43539679050445557,"train_auroc":0.5,"_wandb":{"runtime":744},"test_recall":0,"val_auroc":0.5,"val_precision":0,"val_accuracy":0.75,"test_accuracy":0.746835470199585,"_runtime":742.302639796,"test_precision":0,"_step":35,"val_recall":0,"_timestamp":1.747435543230932e+09,"test_auroc":0.5,"val_loss":0.43539679050445557}