{"test_precision0.5":0.09090909361839294,"test_balanced_accuracy0.25":0.4317796610169492,"train_loss":0.00024816481163725257,"test_accuracy0.25":0.6202531456947327,"val_precision0.75":0.125,"val_accuracy0.5":0.6857143044471741,"test_recall0.25":0.05000000074505806,"test_precision0.75":0.125,"test_accuracy0.5":0.6329113841056824,"val_balanced_accuracy0.75":0.4749269717624148,"val_balanced_accuracy0.5":0.4944011684518014,"_runtime":1109.269685731,"val_accuracy0.75":0.6952381134033203,"train_auroc":1,"test_recall0.5":0.05000000074505806,"test_balanced_accuracy0.5":0.4402542372881356,"val_balanced_accuracy0.25":0.4946445959104187,"test_accuracy0.75":0.6708860993385315,"test_balanced_accuracy0.75":0.46567796610169493,"test_recall0.75":0.05000000074505806,"val_auroc":0.5666991472244263,"val_recall0.5":0.11538461595773697,"_wandb":{"runtime":1109},"val_accuracy0.25":0.6666666865348816,"val_precision0.5":0.23076923191547394,"val_recall0.75":0.03846153989434242,"val_precision0.25":0.23529411852359772,"_timestamp":1.750190192515023e+09,"_step":306,"val_recall0.25":0.1538461595773697,"test_precision0.25":0.0833333358168602,"test_auroc":0.4372881352901459}