{"test_auroc":0.49152541160583496,"val_accuracy0.25":0.7142857313156128,"test_balanced_accuracy0.5":0.523728813559322,"val_accuracy0.5":0.723809540271759,"test_accuracy0.75":0.6708860993385315,"test_balanced_accuracy0.25":0.5152542372881356,"test_balanced_accuracy0.75":0.498728813559322,"test_precision0.5":0.3076923191547394,"_wandb":{"runtime":1707},"val_recall0.5":0.26923078298568726,"val_accuracy0.75":0.723809540271759,"val_precision0.5":0.4117647111415863,"val_auroc":0.5662122964859009,"test_recall0.25":0.20000000298023224,"_timestamp":1.7498298060685334e+09,"val_recall0.75":0.23076923191547394,"test_accuracy0.25":0.6708860993385315,"test_precision0.25":0.2857142984867096,"test_accuracy0.5":0.6835442781448364,"val_balanced_accuracy0.75":0.5584225900681596,"val_balanced_accuracy0.25":0.5649951314508277,"train_loss":8.898635996956727e-07,"val_balanced_accuracy0.5":0.5713242453748782,"test_recall0.75":0.15000000596046448,"val_recall0.25":0.26923078298568726,"val_precision0.25":0.3888888955116272,"_step":499,"train_auroc":1,"_runtime":1707.99471735,"val_precision0.75":0.4000000059604645,"test_recall0.5":0.20000000298023224,"test_precision0.75":0.25}