{"val_accuracy0.75":0.6761904954910278,"test_precision0.25":0.4285714328289032,"test_recall0.25":0.15000000596046448,"test_balanced_accuracy0.75":0.5330508474576271,"val_precision0.25":0.07692307978868484,"test_accuracy0.5":0.746835470199585,"train_auroc":0.9993305206298828,"train_loss":0.04469406604766846,"val_recall0.25":0.03846153989434242,"val_precision0.5":0.09090909361839294,"test_balanced_accuracy0.25":0.5411016949152542,"val_balanced_accuracy0.25":0.4432814021421616,"val_precision0.75":0.10000000149011612,"test_recall0.75":0.10000000149011612,"_timestamp":1.7505002704553564e+09,"val_recall0.75":0.03846153989434242,"_runtime":1731.256994448,"val_accuracy0.5":0.6666666865348816,"val_balanced_accuracy0.5":0.4559396299902629,"val_auroc":0.3899707794189453,"val_recall0.5":0.03846153989434242,"val_balanced_accuracy0.75":0.4622687439143135,"val_accuracy0.25":0.6476190686225891,"test_accuracy0.75":0.746835470199585,"test_accuracy0.25":0.7341772317886353,"test_balanced_accuracy0.5":0.5495762711864407,"_step":598,"test_precision0.75":0.5,"test_precision0.5":0.5,"_wandb":{"runtime":1731},"test_auroc":0.6118643879890442,"test_recall0.5":0.15000000596046448}