{"test_auroc":0.4783549904823303,"test_recall":0.09090909361839294,"val_accuracy":0.5925925970077515,"_step":100,"test_balanced_accuracy":0.4893320964749536,"val_auroc":0.3857142925262451,"val_precision":0,"val_balanced_accuracy":0.4,"test_precision":0.2142857164144516,"_timestamp":1.7494838652376451e+09,"val_recall":0,"_runtime":284.098700683,"test_accuracy":0.6870229244232178,"val_loss":6.1224188804626465,"train_auroc":0.9917666912078857,"_wandb":{"runtime":284},"train_loss":0.296677827835083}