{"test_precision0.75":0.3636363744735718,"val_recall0.5":0.25925925374031067,"val_balanced_accuracy0.75":0.5300925925925926,"_step":233,"test_accuracy0.5":0.6875,"_timestamp":1.753574916346945e+09,"val_precision0.75":0.3333333432674408,"val_auroc":0.47777777910232544,"train_auroc":0.9991406202316284,"val_precision0.25":0.3076923191547394,"test_accuracy0.25":0.699999988079071,"test_recall0.5":0.20000000298023224,"_wandb":{"runtime":9588},"val_accuracy0.75":0.7009345889091492,"test_auroc":0.4633333086967468,"_runtime":9588.221612199,"val_accuracy0.5":0.7009345889091492,"train_loss":0.10350121557712555,"test_balanced_accuracy0.75":0.5416666666666666,"val_balanced_accuracy0.25":0.5356481481481481,"test_accuracy0.75":0.7124999761581421,"val_accuracy0.25":0.6542056202888489,"test_precision0.5":0.3076923191547394,"test_recall0.75":0.20000000298023224,"val_precision0.5":0.3684210479259491,"test_balanced_accuracy0.25":0.5666666666666667,"test_balanced_accuracy0.5":0.525,"val_recall0.25":0.29629629850387573,"test_recall0.25":0.30000001192092896,"test_precision0.25":0.375,"val_recall0.75":0.18518517911434174,"val_balanced_accuracy0.5":0.5546296296296296}