{"val_accuracy0.75":0.650943398475647,"val_accuracy0.25":0.5943396091461182,"val_precision0.5":0.3030303120613098,"test_precision0.5":0.380952388048172,"test_balanced_accuracy0.25":0.6166666666666667,"test_recall0.75":0.4000000059604645,"test_accuracy0.5":0.6875,"test_auroc":0.6425000429153442,"test_recall0.25":0.5,"val_recall0.25":0.48148149251937866,"train_auroc":0.9980859160423279,"val_recall0.75":0.37037035822868347,"val_balanced_accuracy0.75":0.5586029067041725,"val_precision0.75":0.3333333432674408,"val_balanced_accuracy0.5":0.5396155649320207,"_step":999,"_wandb":{"runtime":5822},"test_recall0.5":0.4000000059604645,"train_loss":0.19366374611854553,"val_recall0.5":0.37037035822868347,"test_accuracy0.25":0.675000011920929,"val_precision0.25":0.3095238208770752,"test_precision0.75":0.4444444477558136,"val_balanced_accuracy0.25":0.5571964369432724,"val_accuracy0.5":0.6226415038108826,"_timestamp":1.7539874557395062e+09,"test_accuracy0.75":0.7250000238418579,"_runtime":5822.977301398,"test_balanced_accuracy0.5":0.5916666666666667,"val_auroc":0.5199249982833862,"test_balanced_accuracy0.75":0.6166666666666667,"test_precision0.25":0.38461539149284363}