{"val_recall0.75":0,"_wandb":{"runtime":47},"val_recall0.25":1,"val_accuracy0.5":0.25233644247055054,"val_auroc":0.49791666865348816,"val_recall0.5":1,"val_balanced_accuracy0.5":0.5,"val_accuracy0.25":0.25233644247055054,"val_balanced_accuracy0.25":0.5,"val_precision0.5":0.25233644247055054,"_step":0,"val_precision0.25":0.25233644247055054,"val_precision0.75":0,"_timestamp":1.7549019344100378e+09,"_runtime":47.120617562,"val_accuracy0.75":0.7476635575294495,"val_balanced_accuracy0.75":0.5}