{"test_precision":0,"_wandb":{"runtime":183},"val_precision":0,"test_auroc":0.5612373948097229,"val_accuracy":0.7407407164573669,"test_accuracy":0.7557252049446106,"test_balanced_accuracy":0.5,"test_recall":0,"_runtime":183.374588252,"train_auroc":0.4604998528957367,"val_balanced_accuracy":0.5,"train_loss":1.7103286981582642,"_timestamp":1.7495540594206793e+09,"val_loss":1.729082465171814,"val_recall":0,"_step":50,"val_auroc":0.40714284777641296}