{"test_recall0.5":0.3499999940395355,"val_balanced_accuracy0.5":0.5462512171372931,"test_auroc":0.5652542114257812,"val_precision0.75":0.3333333432674408,"test_balanced_accuracy0.25":0.5711864406779661,"train_loss":0.6716204285621643,"val_accuracy0.25":0.5428571701049805,"val_balanced_accuracy0.25":0.5413826679649465,"_wandb":{"runtime":12712},"val_recall0.25":0.5384615659713745,"test_precision0.25":0.3076923191547394,"test_precision0.5":0.26923078298568726,"val_precision0.5":0.3199999928474426,"test_accuracy0.25":0.5569620132446289,"test_balanced_accuracy0.5":0.5139830508474577,"_timestamp":1.751107523082386e+09,"val_accuracy0.75":0.7142857313156128,"test_recall0.25":0.6000000238418579,"val_recall0.5":0.3076923191547394,"test_accuracy0.75":0.7215189933776855,"test_recall0.75":0.20000000298023224,"test_precision0.75":0.4000000059604645,"val_balanced_accuracy0.75":0.5262901655306719,"val_auroc":0.5715676546096802,"_step":999,"val_precision0.25":0.2800000011920929,"val_recall0.75":0.1538461595773697,"train_auroc":0.9783288240432739,"test_accuracy0.5":0.594936728477478,"test_balanced_accuracy0.75":0.5491525423728814,"_runtime":12712.139530154,"val_accuracy0.5":0.6666666865348816}