{"val_accuracy0.75":0.6415094137191772,"test_recall0.25":0.25,"test_auroc":0.6175000071525574,"_timestamp":1.7534902796558187e+09,"test_accuracy0.75":0.737500011920929,"_wandb":{"runtime":984},"test_balanced_accuracy0.75":0.575,"val_recall0.5":0.03846153989434242,"val_balanced_accuracy0.5":0.41923076923076924,"val_precision0.75":0.0714285746216774,"val_accuracy0.25":0.6037735939025879,"test_balanced_accuracy0.5":0.5666666666666667,"train_loss":8.882117981556803e-06,"test_precision0.75":0.4545454680919647,"val_balanced_accuracy0.75":0.43798076923076923,"val_precision0.5":0.05882352963089943,"train_auroc":1,"val_recall0.25":0.07692307978868484,"test_precision0.25":0.3333333432674408,"test_recall0.75":0.25,"test_precision0.5":0.4166666567325592,"val_accuracy0.5":0.6132075190544128,"_runtime":984.079732522,"test_recall0.5":0.25,"test_balanced_accuracy0.25":0.5416666666666667,"test_accuracy0.5":0.7250000238418579,"test_accuracy0.25":0.6875,"val_precision0.25":0.10000000149011612,"val_balanced_accuracy0.25":0.4259615384615385,"_step":329,"val_auroc":0.4124999940395355,"val_recall0.75":0.03846153989434242}