{"val_balanced_accuracy0.25":0.5,"test_balanced_accuracy0.25":0.5,"test_recall0.25":1,"test_accuracy0.25":0.25,"test_recall0.75":0,"val_precision0.25":0.25233644247055054,"test_auroc":0.5416666269302368,"test_accuracy0.75":0.75,"val_accuracy0.75":0.7476635575294495,"val_recall0.5":0,"test_precision0.5":0,"test_recall0.5":0,"val_accuracy0.5":0.7476635575294495,"val_accuracy0.25":0.25233644247055054,"test_balanced_accuracy0.5":0.5,"train_auroc":0.4459179639816284,"test_accuracy0.5":0.75,"_timestamp":1.7545679976019437e+09,"train_loss":2.0797011852264404,"test_precision0.25":0.25,"_runtime":8065.357740309,"val_balanced_accuracy0.75":0.5,"val_recall0.25":1,"_step":183,"val_auroc":0.5192129611968994,"test_precision0.75":0,"val_balanced_accuracy0.5":0.5,"val_recall0.75":0,"val_precision0.75":0,"_wandb":{"runtime":8065},"test_balanced_accuracy0.75":0.5,"val_precision0.5":0}