{"test_balanced_accuracy0.25":0.4898305084745763,"test_recall0.25":0.20000000298023224,"val_accuracy0.75":0.6476190686225891,"val_precision0.5":0.28125,"test_recall0.5":0.20000000298023224,"val_accuracy0.25":0.5714285969734192,"test_precision0.75":0.1538461595773697,"test_balanced_accuracy0.75":0.45677966101694917,"_wandb":{"runtime":729},"_timestamp":1.7501256931454387e+09,"val_recall0.25":0.3461538553237915,"val_auroc":0.4741966724395752,"_step":284,"val_balanced_accuracy0.5":0.5275073028237585,"test_accuracy0.25":0.6329113841056824,"test_auroc":0.5254237055778503,"val_precision0.25":0.2432432472705841,"val_balanced_accuracy0.25":0.49586173320350535,"test_recall0.75":0.10000000149011612,"test_accuracy0.5":0.6455696225166321,"val_balanced_accuracy0.75":0.4819863680623174,"train_auroc":1,"train_loss":0.0005143582238815725,"test_accuracy0.75":0.6329113841056824,"val_recall0.75":0.1538461595773697,"test_precision0.25":0.23529411852359772,"_runtime":729.25172476,"val_recall0.5":0.3461538553237915,"val_accuracy0.5":0.6190476417541504,"test_balanced_accuracy0.5":0.49830508474576274,"val_precision0.75":0.21052631735801697,"test_precision0.5":0.25}