{"train_auroc":0.4821774661540985,"_runtime":189.870342462,"train_loss":1.9786837100982666,"test_recall":0,"test_accuracy":0.7480915784835815,"test_auroc":0.5275200605392456,"val_balanced_accuracy":0.5,"val_auroc":0.6214286088943481,"_timestamp":1.7494910986372313e+09,"test_balanced_accuracy":0.5,"val_precision":0,"_step":53,"_wandb":{"runtime":189},"test_precision":0,"val_loss":1.9811298847198486,"val_accuracy":0.7407407164573669,"val_recall":0}