{"test_precision0.25":0.26923078298568726,"test_balanced_accuracy0.25":0.5139830508474577,"test_accuracy0.75":0.6835442781448364,"_timestamp":1.7510590713359308e+09,"test_balanced_accuracy0.75":0.5402542372881356,"val_auroc":0.6260954737663269,"val_recall0.5":0.3461538553237915,"test_balanced_accuracy0.5":0.5063559322033898,"test_auroc":0.43135595321655273,"val_accuracy0.75":0.6571428775787354,"test_accuracy0.25":0.594936728477478,"val_balanced_accuracy0.25":0.5662122687439144,"val_precision0.75":0.2916666567325592,"test_recall0.5":0.25,"val_precision0.5":0.30000001192092896,"test_recall0.25":0.3499999940395355,"test_recall0.75":0.25,"val_precision0.25":0.31578946113586426,"val_recall0.25":0.4615384638309479,"val_recall0.75":0.26923078298568726,"val_balanced_accuracy0.5":0.5401655306718598,"test_accuracy0.5":0.6329113841056824,"_runtime":3718.83381133,"train_auroc":1,"val_accuracy0.5":0.6380952596664429,"test_precision0.5":0.2631579041481018,"val_accuracy0.25":0.6190476417541504,"val_balanced_accuracy0.75":0.5270204479065238,"_wandb":{"runtime":3718},"train_loss":0.012883207760751247,"test_precision0.75":0.3333333432674408,"_step":277}