{"test_balanced_accuracy0.25":0.5639830508474576,"test_auroc":0.4983051121234894,"val_recall0.25":0.42307692766189575,"val_accuracy0.25":0.6285714507102966,"test_recall0.5":0.20000000298023224,"train_auroc":0.9992790222167969,"_wandb":{"runtime":5917},"val_auroc":0.5662122964859009,"test_accuracy0.5":0.6202531456947327,"val_balanced_accuracy0.25":0.5596397273612463,"val_precision0.75":0.3571428656578064,"val_balanced_accuracy0.75":0.5391918208373905,"val_balanced_accuracy0.5":0.5460077896786758,"test_recall0.25":0.44999998807907104,"_step":999,"test_recall0.75":0.20000000298023224,"val_recall0.75":0.19230769574642181,"val_precision0.25":0.3142857253551483,"test_precision0.25":0.3214285671710968,"_runtime":5917.210527328,"test_accuracy0.25":0.6202531456947327,"val_accuracy0.5":0.6857143044471741,"test_accuracy0.75":0.7215189933776855,"val_precision0.5":0.3333333432674408,"test_precision0.75":0.4000000059604645,"val_accuracy0.75":0.7142857313156128,"val_recall0.5":0.26923078298568726,"test_precision0.5":0.2222222238779068,"test_balanced_accuracy0.75":0.5491525423728814,"train_loss":0.13713769614696503,"_timestamp":1.7514579967241511e+09,"test_balanced_accuracy0.5":0.4813559322033898}