{"_runtime":3585.157966611,"val_precision0.75":0,"_step":999,"val_balanced_accuracy0.75":0.4936708860759494,"test_balanced_accuracy0.25":0.55,"test_accuracy0.25":0.675000011920929,"val_accuracy0.5":0.7075471878051758,"val_balanced_accuracy0.5":0.47468354430379744,"test_precision0.25":0.3333333432674408,"test_recall0.5":0.05000000074505806,"test_accuracy0.5":0.737500011920929,"test_recall0.75":0,"val_auroc":0.44210031628608704,"val_balanced_accuracy0.25":0.4835911861228317,"val_precision0.5":0,"_timestamp":1.753797315525765e+09,"train_loss":1.0871752500534058,"val_accuracy0.25":0.5754716992378235,"val_precision0.25":0.23529411852359772,"test_balanced_accuracy0.5":0.5083333333333333,"_wandb":{"runtime":3585},"test_auroc":0.6166666746139526,"test_precision0.75":0,"val_recall0.25":0.29629629850387573,"val_accuracy0.75":0.7358490824699402,"test_balanced_accuracy0.75":0.49166666666666664,"train_auroc":0.9076171517372131,"val_recall0.5":0,"test_accuracy0.75":0.737500011920929,"test_recall0.25":0.30000001192092896,"test_precision0.5":0.3333333432674408,"val_recall0.75":0}