{"val_recall0.25":1,"val_balanced_accuracy0.75":0.5,"val_precision0.25":0.21875,"val_accuracy0.5":0.78125,"_runtime":55.659516231,"_step":0,"val_accuracy0.75":0.78125,"_wandb":{"runtime":55},"val_precision0.5":0,"val_recall0.75":0,"val_accuracy0.25":0.21875,"val_auroc":0.4285714626312256,"val_recall0.5":0,"_timestamp":1.751395512021464e+09,"val_balanced_accuracy0.25":0.5,"val_balanced_accuracy0.5":0.5,"val_precision0.75":0}