{"_runtime":228.935643198,"test_precision":0,"val_loss":1.7296116352081299,"test_recall":0,"test_auroc":0.5599747896194458,"test_balanced_accuracy":0.5,"_timestamp":1.7494817916843889e+09,"train_auroc":0.474767804145813,"_wandb":{"runtime":228},"val_balanced_accuracy":0.5,"train_loss":1.6998670101165771,"_step":87,"val_accuracy":0.7407407164573669,"val_auroc":0.5285714268684387,"val_recall":0,"val_precision":0,"test_accuracy":0.7557252049446106}