{"test_recall0.25":0.550000011920929,"val_recall0.75":0,"test_recall0.5":0,"_wandb":{"runtime":1811},"_timestamp":1.7499059777639506e+09,"test_balanced_accuracy0.5":0.4915254237288136,"test_balanced_accuracy0.25":0.49533898305084745,"test_balanced_accuracy0.75":0.5,"test_accuracy0.25":0.4683544337749481,"_step":499,"test_accuracy0.5":0.7341772317886353,"val_recall0.5":0,"test_precision0.75":0,"val_accuracy0.75":0.7523809671401978,"test_auroc":0.47118645906448364,"val_balanced_accuracy0.25":0.547711781888997,"train_auroc":0.9087146520614624,"val_balanced_accuracy0.5":0.5,"_runtime":1811.512878473,"val_accuracy0.5":0.7523809671401978,"test_recall0.75":0,"test_accuracy0.75":0.746835470199585,"val_accuracy0.25":0.5523809790611267,"val_balanced_accuracy0.75":0.5,"val_auroc":0.5413826704025269,"val_precision0.75":0,"val_recall0.25":0.5384615659713745,"val_precision0.25":0.2857142984867096,"test_precision0.5":0,"train_loss":1.4096442461013794,"test_precision0.25":0.25,"val_precision0.5":0}