{"val_recall0.25":0.29629629850387573,"val_accuracy0.75":0.7383177280426025,"val_precision0.5":0.3333333432674408,"test_precision0.75":0.20000000298023224,"val_balanced_accuracy0.25":0.46064814814814814,"test_balanced_accuracy0.25":0.5,"test_accuracy0.25":0.6000000238418579,"train_auroc":0.9985364675521851,"test_recall0.25":0.30000001192092896,"val_accuracy0.5":0.7196261882781982,"test_precision0.25":0.25,"test_accuracy0.5":0.699999988079071,"test_recall0.5":0.15000000596046448,"test_recall0.75":0.05000000074505806,"val_recall0.75":0.07407407462596893,"test_accuracy0.75":0.7124999761581421,"train_loss":0.2579188942909241,"test_balanced_accuracy0.5":0.5166666666666666,"val_accuracy0.25":0.5420560836791992,"_wandb":{"runtime":3450},"test_balanced_accuracy0.75":0.4916666666666667,"val_recall0.5":0.1111111119389534,"_runtime":3450.932225099,"_timestamp":1.7537687096135335e+09,"test_auroc":0.5058333277702332,"val_auroc":0.5069444179534912,"val_precision0.75":0.4000000059604645,"val_precision0.25":0.21052631735801697,"_step":999,"val_balanced_accuracy0.5":0.5180555555555556,"test_precision0.5":0.30000001192092896,"val_balanced_accuracy0.75":0.518287037037037}