{"test_accuracy0.25":0.4177215099334717,"val_precision0.5":0.2647058963775635,"test_precision0.25":0.25925925374031067,"val_accuracy0.75":0.46666666865348816,"val_balanced_accuracy0.5":0.5296981499513145,"test_recall0.75":0.6000000238418579,"val_accuracy0.25":0.4000000059604645,"val_accuracy0.5":0.4476190507411957,"test_precision0.5":0.2549019753932953,"test_precision0.75":0.260869562625885,"val_recall0.5":0.692307710647583,"val_auroc":0.5343232750892639,"_step":303,"_wandb":{"runtime":1573},"test_accuracy0.5":0.4303797483444214,"val_recall0.25":0.692307710647583,"train_auroc":0.9989584684371948,"test_balanced_accuracy0.5":0.5029661016949153,"val_precision0.25":0.24657534062862396,"test_balanced_accuracy0.75":0.5118644067796609,"test_auroc":0.5258474349975586,"val_recall0.75":0.6153846383094788,"val_balanced_accuracy0.25":0.49805258033106137,"test_accuracy0.75":0.4683544337749481,"test_recall0.5":0.6499999761581421,"train_loss":0.09861106425523758,"test_balanced_accuracy0.25":0.5110169491525424,"_runtime":1573.849224744,"_timestamp":1.7507005508505237e+09,"val_balanced_accuracy0.75":0.5165530671859786,"test_recall0.25":0.699999988079071,"val_precision0.75":0.25806450843811035}