{"val_loss":1.8152168989181519,"test_accuracy":0.7424242496490479,"val_auroc":0.5785714387893677,"train_loss":1.5982593297958374,"test_recall":0,"val_accuracy":0.7407407164573669,"val_balanced_accuracy":0.5,"val_precision":0,"test_precision":0,"_wandb":{"runtime":354},"train_auroc":0.6479641199111938,"val_recall":0,"_step":77,"_runtime":354.052846756,"test_auroc":0.5093357563018799,"test_balanced_accuracy":0.494949494949495,"_timestamp":1.7494723107647727e+09}