{"test_auroc":0.5879166722297668,"val_recall0.25":1,"val_auroc":0.5270833373069763,"val_balanced_accuracy0.5":0.5,"val_recall0.5":0,"val_balanced_accuracy0.25":0.5,"val_accuracy0.5":0.7476635575294495,"_step":150,"val_accuracy0.25":0.25233644247055054,"test_balanced_accuracy0.75":0.5,"val_accuracy0.75":0.7476635575294495,"val_precision0.25":0.25233644247055054,"test_accuracy0.75":0.75,"val_balanced_accuracy0.75":0.5,"test_recall0.5":0,"train_loss":2.0801594257354736,"val_recall0.75":0,"test_balanced_accuracy0.25":0.5,"val_precision0.75":0,"test_recall0.75":0,"test_balanced_accuracy0.5":0.5,"_runtime":6632.55253736,"test_recall0.25":1,"_timestamp":1.7546681662458186e+09,"val_precision0.5":0,"test_accuracy0.25":0.25,"test_accuracy0.5":0.75,"test_precision0.25":0.25,"test_precision0.5":0,"train_auroc":0.4454687535762787,"_wandb":{"runtime":6632},"test_precision0.75":0}