{"test_accuracy0.5":0.746835470199585,"val_balanced_accuracy0.75":0.5,"test_auroc":0.5186440944671631,"val_balanced_accuracy0.25":0.5,"test_recall0.75":0,"val_accuracy0.25":0.24761904776096344,"val_recall0.25":1,"_runtime":736.51475623,"train_loss":1.9003180265426636,"test_accuracy0.25":0.2531645596027374,"val_auroc":0.5038948059082031,"test_recall0.5":0,"_timestamp":1.7505972849758477e+09,"val_precision0.75":0,"_step":150,"test_balanced_accuracy0.5":0.5,"_wandb":{"runtime":736},"test_precision0.75":0,"test_balanced_accuracy0.25":0.5,"val_precision0.5":0,"test_accuracy0.75":0.746835470199585,"val_recall0.75":0,"val_accuracy0.75":0.7523809671401978,"test_precision0.5":0,"val_recall0.5":0,"test_recall0.25":1,"val_accuracy0.5":0.7523809671401978,"val_precision0.25":0.24761904776096344,"val_balanced_accuracy0.5":0.5,"test_precision0.25":0.2531645596027374,"test_balanced_accuracy0.75":0.5,"train_auroc":0.3697054386138916}