{"_runtime":3333.132233552,"test_accuracy0.25":0.4177215099334717,"test_accuracy0.75":0.607594907283783,"_timestamp":1.750178892747395e+09,"val_balanced_accuracy0.75":0.5912852969814996,"test_precision0.75":0.2380952388048172,"val_accuracy0.75":0.6761904954910278,"_wandb":{"runtime":3333},"val_accuracy0.5":0.5714285969734192,"val_precision0.75":0.36666667461395264,"test_precision0.5":0.22857142984867096,"test_balanced_accuracy0.75":0.4894067796610169,"_step":850,"test_recall0.25":0.6000000238418579,"test_recall0.5":0.4000000059604645,"test_recall0.75":0.25,"val_accuracy0.25":0.380952388048172,"val_balanced_accuracy0.25":0.45959104186952293,"val_precision0.25":0.22535210847854614,"val_recall0.25":0.6153846383094788,"val_recall0.75":0.42307692766189575,"train_auroc":0.9997596740722656,"val_recall0.5":0.6153846383094788,"val_balanced_accuracy0.5":0.5861733203505355,"val_precision0.5":0.3137255012989044,"train_loss":0.1772197037935257,"val_auroc":0.5564751625061035,"test_accuracy0.5":0.5063291192054749,"test_auroc":0.4838983118534088,"test_balanced_accuracy0.25":0.47796610169491527,"test_balanced_accuracy0.5":0.4711864406779661,"test_precision0.25":0.23999999463558197}