{"test_recall0.5":0.25,"test_accuracy0.25":0.3291139304637909,"train_auroc":0.9407947659492493,"val_recall0.75":0,"val_balanced_accuracy0.5":0.5394352482960078,"val_precision0.5":0.3333333432674408,"test_precision0.5":0.2380952388048172,"val_recall0.5":0.23076923191547394,"_step":999,"test_auroc":0.45254236459732056,"val_precision0.25":0.2530120611190796,"val_accuracy0.5":0.6952381134033203,"val_accuracy0.25":0.3619047701358795,"val_recall0.25":0.807692289352417,"test_balanced_accuracy0.5":0.4894067796610169,"val_accuracy0.75":0.7333333492279053,"test_balanced_accuracy0.75":0.4915254237288136,"train_loss":1.1625484228134155,"test_recall0.75":0,"_runtime":4438.818707562,"test_recall0.25":0.699999988079071,"test_accuracy0.5":0.607594907283783,"test_accuracy0.75":0.7341772317886353,"val_auroc":0.4941577613353729,"test_precision0.25":0.2295081913471222,"test_balanced_accuracy0.25":0.4516949152542373,"val_balanced_accuracy0.75":0.4873417721518987,"val_precision0.75":0,"val_balanced_accuracy0.25":0.5114410905550146,"test_precision0.75":0,"_timestamp":1.7507585865168304e+09,"_wandb":{"runtime":4438}}