{"test_balanced_accuracy0.5":0.5333333333333333,"test_recall0.75":0,"val_recall0.5":0.4615384638309479,"val_precision0.5":0.260869562625885,"val_recall0.75":0,"test_recall0.25":1,"test_balanced_accuracy0.75":0.5,"val_auroc":0.5509615540504456,"_timestamp":1.753190703081906e+09,"test_auroc":0.503333330154419,"test_accuracy0.75":0.75,"val_recall0.25":1,"test_accuracy0.25":0.25,"val_accuracy0.25":0.24528302252292633,"_runtime":2161.516555763,"test_recall0.5":0.44999998807907104,"val_balanced_accuracy0.75":0.5,"train_loss":2.0261666774749756,"val_precision0.75":0,"test_precision0.75":0,"test_precision0.25":0.25,"val_balanced_accuracy0.25":0.5,"val_balanced_accuracy0.5":0.5182692307692307,"train_auroc":0.6508049368858337,"val_accuracy0.5":0.5471698045730591,"val_accuracy0.75":0.7547169923782349,"_wandb":{"runtime":2161},"_step":387,"test_balanced_accuracy0.25":0.5,"test_precision0.5":0.28125,"val_precision0.25":0.24528302252292633,"test_accuracy0.5":0.574999988079071}