{"test_precision0.75":0,"_timestamp":1.750530444927947e+09,"test_recall0.75":0,"test_auroc":0.47033900022506714,"test_balanced_accuracy0.75":0.5,"val_balanced_accuracy0.25":0.5,"test_accuracy0.5":0.746835470199585,"val_auroc":0.67526775598526,"test_accuracy0.75":0.746835470199585,"val_recall0.75":0,"test_recall0.5":0,"test_precision0.25":0.2531645596027374,"test_balanced_accuracy0.25":0.5,"_wandb":{"runtime":497},"val_recall0.5":0,"val_precision0.25":0.24761904776096344,"val_accuracy0.5":0.7523809671401978,"test_recall0.25":1,"val_recall0.25":1,"val_accuracy0.25":0.24761904776096344,"test_precision0.5":0,"val_balanced_accuracy0.5":0.5,"val_accuracy0.75":0.7523809671401978,"val_balanced_accuracy0.75":0.5,"_step":166,"val_precision0.75":0,"test_accuracy0.25":0.2531645596027374,"train_loss":1.7243528366088867,"train_auroc":0.5611003041267395,"test_balanced_accuracy0.5":0.5,"val_precision0.5":0,"_runtime":497.470239706}