{"test_recall0.25":0.3499999940395355,"test_precision0.75":0.3499999940395355,"train_auroc":1,"val_accuracy0.75":0.6415094137191772,"test_balanced_accuracy0.25":0.5249999999999999,"val_recall0.5":0.37037035822868347,"test_accuracy0.5":0.637499988079071,"test_balanced_accuracy0.5":0.5416666666666666,"val_precision0.25":0.3333333432674408,"val_accuracy0.25":0.6415094137191772,"test_auroc":0.49916666746139526,"val_accuracy0.5":0.650943398475647,"test_accuracy0.75":0.675000011920929,"_step":265,"val_auroc":0.5982184410095215,"test_precision0.25":0.2800000011920929,"_runtime":877.858166767,"train_loss":0.0003927026118617505,"_wandb":{"runtime":877},"test_accuracy0.25":0.612500011920929,"val_recall0.75":0.3333333432674408,"_timestamp":1.7537446147321477e+09,"val_precision0.75":0.3103448152542114,"val_balanced_accuracy0.25":0.5644631973745897,"val_balanced_accuracy0.5":0.5586029067041725,"test_balanced_accuracy0.75":0.5666666666666667,"test_recall0.5":0.3499999940395355,"val_balanced_accuracy0.75":0.540084388185654,"test_precision0.5":0.30434781312942505,"val_recall0.25":0.40740740299224854,"val_precision0.5":0.3333333432674408,"test_recall0.75":0.3499999940395355}