{"val_recall0.75":0.3333333432674408,"test_balanced_accuracy0.25":0.48333333333333334,"val_balanced_accuracy0.75":0.48945147679324896,"test_auroc":0.4749999940395355,"_runtime":2173.90852073,"val_precision0.25":0.28260868787765503,"test_precision0.5":0.2702702581882477,"train_auroc":1,"test_precision0.25":0.2380952388048172,"test_balanced_accuracy0.5":0.525,"test_accuracy0.25":0.4749999940395355,"train_loss":0.0037031550891697407,"test_recall0.25":0.5,"_step":458,"test_accuracy0.5":0.5375000238418579,"test_accuracy0.75":0.550000011920929,"val_balanced_accuracy0.5":0.5138302859821847,"val_accuracy0.5":0.5660377144813538,"val_accuracy0.75":0.5660377144813538,"test_precision0.75":0.2647058963775635,"val_balanced_accuracy0.25":0.5318799812470698,"val_precision0.5":0.26829269528388977,"test_balanced_accuracy0.75":0.5166666666666667,"val_recall0.5":0.40740740299224854,"val_recall0.25":0.48148149251937866,"val_accuracy0.25":0.5566037893295288,"test_recall0.75":0.44999998807907104,"test_recall0.5":0.5,"_wandb":{"runtime":2173},"val_precision0.75":0.2432432472705841,"val_auroc":0.604781985282898,"_timestamp":1.753105066159133e+09}