{"val_accuracy0.25":0.32380953431129456,"_timestamp":1.7505249679320207e+09,"test_precision0.5":0,"val_balanced_accuracy0.25":0.5506329113924051,"val_recall0.5":0,"test_precision0.75":0,"train_auroc":0.5587877035140991,"val_accuracy0.75":0.7523809671401978,"test_balanced_accuracy0.5":0.5,"val_recall0.25":1,"test_precision0.25":0.23943662643432617,"test_accuracy0.5":0.746835470199585,"val_recall0.75":0,"val_accuracy0.5":0.7523809671401978,"val_balanced_accuracy0.75":0.5,"test_balanced_accuracy0.25":0.4673728813559322,"test_recall0.5":0,"val_precision0.5":0,"test_accuracy0.75":0.746835470199585,"test_recall0.75":0,"test_balanced_accuracy0.75":0.5,"test_auroc":0.48983049392700195,"val_precision0.25":0.2680412232875824,"test_recall0.25":0.8500000238418579,"val_balanced_accuracy0.5":0.5,"test_accuracy0.25":0.27848100662231445,"val_auroc":0.6779454946517944,"_wandb":{"runtime":485},"val_precision0.75":0,"_runtime":485.329262769,"train_loss":1.6892414093017578,"_step":170}