{"val_precision0.75":0.3461538553237915,"test_accuracy0.5":0.5316455960273743,"_wandb":{"runtime":3596},"test_auroc":0.5898305177688599,"val_precision0.25":0.29411765933036804,"test_accuracy0.75":0.5569620132446289,"val_recall0.5":0.7692307829856873,"val_accuracy0.5":0.5428571701049805,"_runtime":3596.708527562,"test_accuracy0.25":0.4430379867553711,"test_balanced_accuracy0.5":0.5872881355932204,"test_precision0.5":0.31111112236976624,"test_recall0.5":0.699999988079071,"test_recall0.75":0.6000000238418579,"test_balanced_accuracy0.25":0.5444915254237288,"test_precision0.25":0.2777777910232544,"val_precision0.5":0.32258063554763794,"test_balanced_accuracy0.75":0.5711864406779661,"val_balanced_accuracy0.25":0.5808179162609542,"val_balanced_accuracy0.75":0.6309639727361247,"val_accuracy0.75":0.6000000238418579,"val_recall0.75":0.692307710647583,"_step":209,"test_precision0.75":0.3076923191547394,"val_balanced_accuracy0.5":0.618792599805258,"train_auroc":0.9730812311172485,"_timestamp":1.7510112144858692e+09,"test_recall0.25":0.75,"val_recall0.25":0.7692307829856873,"train_loss":1.0160101652145386,"val_accuracy0.25":0.48571428656578064,"val_auroc":0.5637780427932739}