{"test_balanced_accuracy0.75":0.5,"test_recall0.75":0,"val_recall0.75":0,"train_loss":1.7195780277252197,"_runtime":36.321102641,"test_accuracy0.25":0.2531645596027374,"test_precision0.5":0,"val_precision0.25":0.2539682686328888,"val_recall0.25":1,"val_accuracy0.25":0.2539682686328888,"test_accuracy0.5":0.746835470199585,"test_balanced_accuracy0.25":0.5,"val_accuracy0.75":0.7460317611694336,"test_balanced_accuracy0.5":0.5,"val_recall0.5":0,"_timestamp":1.7497376002245557e+09,"val_balanced_accuracy0.25":0.5,"_wandb":{"runtime":36},"val_precision0.75":0,"test_auroc":0.5508474111557007,"test_precision0.75":0,"train_auroc":0.45135822892189026,"test_recall0.25":1,"val_auroc":0.5904255509376526,"val_balanced_accuracy0.75":0.5,"_step":4,"test_precision0.25":0.2531645596027374,"test_recall0.5":0,"val_accuracy0.5":0.7460317611694336,"val_balanced_accuracy0.5":0.5,"val_precision0.5":0,"test_accuracy0.75":0.746835470199585}