{"train_loss":2.0796000957489014,"val_balanced_accuracy0.5":0.5,"val_recall0.25":1,"val_accuracy0.25":0.24528302252292633,"test_accuracy0.5":0.75,"val_recall0.75":0,"val_precision0.75":0,"train_auroc":0.44312500953674316,"val_balanced_accuracy0.25":0.5,"_timestamp":1.7545599124325578e+09,"_runtime":16757.344007504,"test_accuracy0.25":0.25,"test_precision0.75":0,"test_precision0.5":0,"test_recall0.75":0,"test_recall0.5":0,"val_accuracy0.75":0.7547169923782349,"val_accuracy0.5":0.7547169923782349,"val_auroc":0.5,"_wandb":{"runtime":16757},"test_recall0.25":1,"test_balanced_accuracy0.75":0.5,"val_precision0.25":0.24528302252292633,"test_accuracy0.75":0.75,"val_precision0.5":0,"val_recall0.5":0,"test_precision0.25":0.25,"val_balanced_accuracy0.75":0.5,"test_balanced_accuracy0.5":0.5,"test_auroc":0.5,"test_balanced_accuracy0.25":0.5,"_step":389}