{"test_accuracy0.75":0.75,"val_precision0.5":0.25233644247055054,"train_logvar":-5.145611936541172e-09,"_timestamp":1.754935971262158e+09,"test_precision0.25":0.25,"val_balanced_accuracy0.25":0.5,"val_balanced_accuracy0.5":0.5,"train_surv_loss":0.9950458407402039,"val_accuracy0.75":0.7476635575294495,"val_precision0.25":0.25233644247055054,"train_recon_loss_no_kld":0.8841205835342407,"test_balanced_accuracy0.25":0.5,"test_recall0.5":1,"test_balanced_accuracy0.75":0.5,"train_mu":-9.672239675850847e-10,"val_recall0.75":0,"test_precision0.75":0,"val_recall0.25":1,"train_loss":1.7302979230880737,"test_accuracy0.25":0.25,"test_balanced_accuracy0.5":0.5,"test_recall0.75":0,"train_auroc":0.455183744430542,"val_accuracy0.5":0.25233644247055054,"val_recall0.5":1,"val_precision0.75":0,"train_kld_loss":0.5863832831382751,"val_balanced_accuracy0.75":0.5,"val_auroc":0.5,"_runtime":2065.488969324,"test_accuracy0.5":0.25,"_wandb":{"runtime":2065},"test_precision0.5":0.25,"_step":72,"test_auroc":0.5,"val_accuracy0.25":0.25233644247055054,"test_recall0.25":1}