{"train_auroc":1,"test_balanced_accuracy0.25":0.4333333333333333,"val_precision0.5":0.25,"_step":305,"val_recall0.75":0.5384615659713745,"_timestamp":1.7536827222909214e+09,"val_recall0.5":0.6153846383094788,"test_accuracy0.75":0.375,"test_precision0.25":0.21875,"val_balanced_accuracy0.5":0.5076923076923077,"_runtime":11805.476659636,"test_recall0.25":0.699999988079071,"test_recall0.5":0.550000011920929,"val_accuracy0.75":0.4811320900917053,"val_balanced_accuracy0.75":0.5004807692307692,"val_precision0.25":0.24637681245803833,"val_auroc":0.5336538553237915,"_wandb":{"runtime":11805},"val_recall0.25":0.6538461446762085,"test_accuracy0.5":0.3375000059604645,"test_balanced_accuracy0.75":0.3833333333333333,"test_recall0.75":0.4000000059604645,"test_auroc":0.3933333456516266,"val_accuracy0.5":0.4528301954269409,"val_accuracy0.25":0.4245283007621765,"test_precision0.75":0.17391304671764374,"val_precision0.75":0.24561403691768646,"test_accuracy0.25":0.30000001192092896,"val_balanced_accuracy0.25":0.5019230769230769,"test_balanced_accuracy0.5":0.4083333333333333,"test_precision0.5":0.20000000298023224,"train_loss":0.030005723237991333}