{"val_recall":0,"val_auroc":0.5714285969734192,"val_precision":0,"_timestamp":1.7495028101861792e+09,"test_precision":0,"test_balanced_accuracy":0.5,"_runtime":787.043785888,"_wandb":{"runtime":787},"train_auroc":0.7121516466140747,"test_auroc":0.4513888955116272,"test_recall":0,"train_loss":1.6775500774383545,"test_accuracy":0.7557252049446106,"_step":171,"val_loss":1.7232801914215088,"val_balanced_accuracy":0.5,"val_accuracy":0.7407407164573669}