{"test_recall0.25":0.699999988079071,"test_balanced_accuracy0.5":0.575,"test_accuracy0.75":0.6499999761581421,"_timestamp":1.753731965833958e+09,"val_accuracy0.25":0.3925233781337738,"_wandb":{"runtime":9498},"test_precision0.5":0.3142857253551483,"val_auroc":0.4402777850627899,"test_precision0.25":0.2916666567325592,"train_auroc":1,"val_accuracy0.75":0.5420560836791992,"val_precision0.75":0.13333334028720856,"val_balanced_accuracy0.5":0.4599537037037037,"_runtime":9498.77247958,"val_precision0.25":0.2361111044883728,"train_loss":0.017597179859876633,"val_accuracy0.5":0.4859813153743744,"test_recall0.5":0.550000011920929,"val_precision0.5":0.2199999988079071,"test_recall0.75":0.25,"test_accuracy0.25":0.5,"test_balanced_accuracy0.75":0.5166666666666666,"test_balanced_accuracy0.25":0.5666666666666667,"test_precision0.75":0.2777777910232544,"val_recall0.5":0.40740740299224854,"val_balanced_accuracy0.75":0.4115740740740741,"test_accuracy0.5":0.5874999761581421,"val_recall0.75":0.14814814925193787,"test_auroc":0.5733333230018616,"val_recall0.25":0.6296296119689941,"_step":247,"val_balanced_accuracy0.25":0.4710648148148148}