{"val_precision0.5":0,"val_recall0.25":0.03703703731298447,"test_accuracy0.5":0.737500011920929,"test_precision0.25":0.3333333432674408,"val_balanced_accuracy0.75":0.5,"_runtime":1951.076041494,"test_precision0.75":0,"val_accuracy0.5":0.7476635575294495,"val_recall0.5":0,"train_auroc":0.8306238055229187,"val_balanced_accuracy0.5":0.5,"val_auroc":0.45185184478759766,"test_precision0.5":0,"test_auroc":0.5350000262260437,"test_accuracy0.75":0.75,"_wandb":{"runtime":1951},"test_recall0.25":0.15000000596046448,"test_balanced_accuracy0.75":0.5,"test_balanced_accuracy0.25":0.525,"val_balanced_accuracy0.25":0.44351851851851853,"val_recall0.75":0,"test_balanced_accuracy0.5":0.49166666666666664,"_step":421,"test_recall0.75":0,"val_accuracy0.75":0.7476635575294495,"train_loss":1.272640585899353,"val_precision0.25":0.07692307978868484,"test_recall0.5":0,"_timestamp":1.7538519891321325e+09,"val_accuracy0.25":0.644859790802002,"test_accuracy0.25":0.7124999761581421,"val_precision0.75":0}