{"val_accuracy0.5":0.7333333492279053,"val_precision0.5":0.4000000059604645,"_wandb":{"runtime":974},"test_precision0.75":0.5,"test_precision0.5":0.6666666865348816,"val_recall0.5":0.1538461595773697,"val_balanced_accuracy0.5":0.5389483933787731,"test_accuracy0.75":0.746835470199585,"val_auroc":0.5270204544067383,"_step":371,"val_balanced_accuracy0.75":0.5323758519961052,"test_recall0.25":0.15000000596046448,"val_precision0.75":0.4285714328289032,"val_precision0.25":0.3636363744735718,"test_precision0.25":0.6000000238418579,"train_loss":0.0013234479120001197,"train_auroc":1,"val_balanced_accuracy0.25":0.5326192794547224,"test_balanced_accuracy0.25":0.5580508474576271,"test_balanced_accuracy0.75":0.5165254237288136,"test_accuracy0.25":0.7594936490058899,"test_recall0.75":0.05000000074505806,"val_recall0.25":0.1538461595773697,"test_accuracy0.5":0.7594936490058899,"val_accuracy0.75":0.7428571581840515,"val_accuracy0.25":0.723809540271759,"val_recall0.75":0.11538461595773697,"test_recall0.5":0.10000000149011612,"_timestamp":1.7502411940042117e+09,"test_auroc":0.5076271295547485,"_runtime":974.047699307,"test_balanced_accuracy0.5":0.5415254237288136}