{"test_accuracy0.5":0.6835442781448364,"val_balanced_accuracy0.25":0.5279941577409932,"_wandb":{"runtime":3067},"test_auroc":0.5855932235717773,"test_precision0.5":0.3076923191547394,"train_loss":0.057314276695251465,"val_precision0.25":0.2750000059604645,"val_precision0.75":0.2380952388048172,"val_recall0.5":0.3076923191547394,"test_accuracy0.75":0.6962025165557861,"val_precision0.5":0.27586206793785095,"_runtime":3067.360266529,"val_auroc":0.5447906255722046,"test_recall0.5":0.20000000298023224,"test_recall0.25":0.30000001192092896,"test_accuracy0.25":0.6455696225166321,"val_accuracy0.75":0.6476190686225891,"train_auroc":0.9995993375778198,"test_precision0.25":0.30000001192092896,"test_balanced_accuracy0.25":0.5313559322033898,"test_balanced_accuracy0.5":0.523728813559322,"val_balanced_accuracy0.5":0.5209347614410906,"test_recall0.75":0.20000000298023224,"val_recall0.25":0.42307692766189575,"_step":547,"val_accuracy0.5":0.6285714507102966,"_timestamp":1.751389747395339e+09,"val_balanced_accuracy0.75":0.49488802336903603,"test_balanced_accuracy0.75":0.5322033898305085,"val_accuracy0.25":0.5809524059295654,"test_precision0.75":0.3333333432674408,"val_recall0.75":0.19230769574642181}