{"val_precision0.5":0.25233644247055054,"val_accuracy0.5":0.25233644247055054,"val_balanced_accuracy0.25":0.5,"val_balanced_accuracy0.5":0.5,"val_precision0.75":0,"train_surv_loss":0.9943761229515076,"test_accuracy0.5":0.25,"test_accuracy0.25":0.25,"test_precision0.5":0.25,"val_recall0.5":1,"test_balanced_accuracy0.75":0.5,"test_recall0.75":0,"val_balanced_accuracy0.75":0.5,"train_auroc":0.45751750469207764,"val_accuracy0.75":0.7476635575294495,"train_logvar":8.445120442956977e-07,"train_mu":3.8890166820237937e-07,"val_accuracy0.25":0.25233644247055054,"val_auroc":0.47013887763023376,"_wandb":{"runtime":2399},"train_loss":1.629325032234192,"test_balanced_accuracy0.5":0.5,"test_precision0.75":0,"_runtime":2399.033145328,"val_recall0.25":1,"test_balanced_accuracy0.25":0.5,"_timestamp":1.754981456516947e+09,"val_recall0.75":0,"train_recon_loss_no_kld":0.9992454648017883,"test_recall0.25":1,"_step":88,"val_precision0.25":0.25233644247055054,"train_kld_loss":0.2706524133682251,"test_auroc":0.4124999940395355,"test_accuracy0.75":0.75,"test_recall0.5":1,"test_precision0.25":0.25}