{"test_accuracy0.25":0.6625000238418579,"test_recall0.75":0,"train_auroc":1,"val_balanced_accuracy0.75":0.4810185185185185,"test_balanced_accuracy0.25":0.45833333333333337,"val_recall0.25":0.14814814925193787,"val_accuracy0.5":0.672897219657898,"test_accuracy0.75":0.7124999761581421,"test_balanced_accuracy0.5":0.4916666666666667,"val_accuracy0.75":0.7009345889091492,"val_balanced_accuracy0.25":0.4740740740740741,"val_auroc":0.49351850152015686,"test_accuracy0.5":0.7124999761581421,"test_recall0.25":0.05000000074505806,"test_auroc":0.5183333158493042,"test_recall0.5":0.05000000074505806,"test_precision0.25":0.1111111119389534,"val_recall0.5":0.1111111119389534,"val_recall0.75":0.03703703731298447,"_runtime":1835.583040967,"test_precision0.75":0,"val_accuracy0.25":0.6355140209197998,"val_precision0.25":0.20000000298023224,"_step":288,"test_precision0.5":0.20000000298023224,"val_balanced_accuracy0.5":0.4868055555555556,"val_precision0.5":0.2142857164144516,"_timestamp":1.75501517212461e+09,"_wandb":{"runtime":1835},"train_loss":1.582763434271328e-05,"val_precision0.75":0.1428571492433548,"test_balanced_accuracy0.75":0.475}