{"val_precision":0,"_runtime":2069.929757946,"_step":18,"test_recall":0,"val_accuracy":0.75,"_wandb":{"runtime":2069},"train_auroc":0.45821595191955566,"_timestamp":1.7477784793467255e+09,"train_loss":0.37388768792152405,"val_recall":0,"test_precision":0,"test_accuracy":0.746835470199585,"test_auroc":0.43559321761131287,"val_loss":0.3739911913871765,"val_auroc":0.3229166567325592}