{"_runtime":264.976395767,"_wandb":{"runtime":264},"_step":69,"test_auroc":0.42640694975852966,"val_precision":0.20000000298023224,"val_auroc":0.40000003576278687,"val_balanced_accuracy":0.41428571428571426,"val_accuracy":0.40740740299224854,"val_loss":4.414576053619385,"_timestamp":1.749557363088174e+09,"test_recall":0.3030303120613098,"val_recall":0.4285714328289032,"test_balanced_accuracy":0.4270253555967841,"test_accuracy":0.4885496199131012,"train_loss":0.6918845176696777,"train_auroc":0.9554436206817627,"test_precision":0.18518517911434174}