{"test_precision0.5":0.24137930572032928,"val_balanced_accuracy0.5":0.5654819863680622,"val_precision0.25":0.3928571343421936,"train_auroc":1,"test_precision0.75":0.24137930572032928,"_timestamp":1.749814409669978e+09,"test_recall0.25":0.4000000059604645,"val_precision0.75":0.3333333432674408,"val_balanced_accuracy0.25":0.6039435248296008,"_wandb":{"runtime":1768},"val_balanced_accuracy0.75":0.5525803310613437,"test_recall0.5":0.3499999940395355,"test_balanced_accuracy0.5":0.4885593220338983,"train_loss":3.2713840028009145e-06,"_runtime":1768.610727282,"test_accuracy0.25":0.5569620132446289,"test_accuracy0.75":0.5569620132446289,"val_accuracy0.75":0.6761904954910278,"val_recall0.25":0.42307692766189575,"test_precision0.25":0.25806450843811035,"val_recall0.5":0.3461538553237915,"test_balanced_accuracy0.75":0.4885593220338983,"val_precision0.5":0.3461538553237915,"val_recall0.75":0.3076923191547394,"val_auroc":0.5859298706054688,"test_auroc":0.45423728227615356,"_step":499,"test_recall0.75":0.3499999940395355,"val_accuracy0.5":0.6761904954910278,"val_accuracy0.25":0.6952381134033203,"test_balanced_accuracy0.25":0.5050847457627119,"test_accuracy0.5":0.5569620132446289}