{"test_precision0.25":0.17391304671764374,"test_recall0.25":0.20000000298023224,"val_balanced_accuracy0.5":0.5778967867575462,"val_balanced_accuracy0.25":0.5654819863680622,"test_balanced_accuracy0.5":0.4309322033898305,"test_auroc":0.4805084764957428,"test_precision0.75":0.15789473056793213,"val_recall0.75":0.3076923191547394,"val_accuracy0.75":0.7142857313156128,"test_balanced_accuracy0.75":0.43940677966101693,"test_precision0.5":0.15000000596046448,"val_precision0.5":0.4000000059604645,"val_precision0.25":0.3461538553237915,"test_balanced_accuracy0.25":0.4389830508474576,"test_accuracy0.75":0.5822784900665283,"train_loss":4.999677457817597e-06,"_step":499,"val_precision0.75":0.4000000059604645,"val_accuracy0.5":0.7142857313156128,"_wandb":{"runtime":1884},"_runtime":1884.648539328,"test_recall0.75":0.15000000596046448,"test_accuracy0.25":0.5569620132446289,"val_auroc":0.5601266026496887,"val_recall0.25":0.3461538553237915,"val_recall0.5":0.3076923191547394,"test_accuracy0.5":0.5696202516555786,"val_accuracy0.25":0.6761904954910278,"val_balanced_accuracy0.75":0.5778967867575462,"train_auroc":1,"test_recall0.5":0.15000000596046448,"_timestamp":1.7498485995831218e+09}