{"val_precision0.75":0,"test_auroc":0.5,"test_balanced_accuracy0.5":0.5,"test_precision0.75":0,"_step":152,"test_balanced_accuracy0.75":0.5,"_wandb":{"runtime":461},"test_precision0.25":0.2531645596027374,"test_recall0.75":0,"val_precision0.5":0.24761904776096344,"val_balanced_accuracy0.75":0.5,"test_accuracy0.5":0.2531645596027374,"val_accuracy0.5":0.24761904776096344,"val_precision0.25":0.24761904776096344,"test_recall0.25":1,"train_auroc":0.4852847456932068,"test_precision0.5":0.2531645596027374,"val_recall0.75":0,"val_accuracy0.75":0.7523809671401978,"test_accuracy0.75":0.746835470199585,"test_accuracy0.25":0.2531645596027374,"val_recall0.5":1,"val_recall0.25":1,"val_balanced_accuracy0.5":0.5,"test_recall0.5":1,"_timestamp":1.7502376271202345e+09,"test_balanced_accuracy0.25":0.5,"val_balanced_accuracy0.25":0.5,"val_accuracy0.25":0.24761904776096344,"_runtime":461.092115873,"train_loss":2.092822313308716,"val_auroc":0.5}