{"val_auroc":0.3020833134651184,"val_loss":0.3592105507850647,"val_precision":0,"test_accuracy":0.746835470199585,"train_loss":0.3677389323711395,"test_auroc":0.43813562393188477,"train_auroc":0.4291750490665436,"_timestamp":1.7477996367443974e+09,"_runtime":962.361878685,"_step":17,"_wandb":{"runtime":962},"val_recall":0,"val_accuracy":0.75,"test_recall":0,"test_precision":0}