{"test_precision0.75":0,"val_auroc":0.5564814805984497,"val_precision0.25":0.25233644247055054,"_runtime":2818.128428417,"test_precision0.5":0.27659574151039124,"val_balanced_accuracy0.5":0.49004629629629626,"val_recall0.25":1,"test_auroc":0.5258333683013916,"train_auroc":0.5656817555427551,"val_balanced_accuracy0.75":0.5,"train_loss":2.0563082695007324,"test_accuracy0.5":0.48750001192092896,"test_recall0.5":0.6499999761581421,"val_accuracy0.75":0.7476635575294495,"test_balanced_accuracy0.5":0.5416666666666667,"val_accuracy0.25":0.25233644247055054,"val_accuracy0.5":0.4392523467540741,"_wandb":{"runtime":2818},"val_recall0.5":0.5925925970077515,"test_recall0.25":1,"test_accuracy0.75":0.75,"test_recall0.75":0,"val_balanced_accuracy0.25":0.5,"val_precision0.5":0.2461538463830948,"test_balanced_accuracy0.75":0.5,"_step":446,"val_precision0.75":0,"_timestamp":1.753601934543448e+09,"test_precision0.25":0.25,"test_accuracy0.25":0.25,"test_balanced_accuracy0.25":0.5,"val_recall0.75":0}