{"_wandb":{"runtime":2861},"train_auroc":1,"test_recall0.75":0.20000000298023224,"test_precision0.5":0.4166666567325592,"test_balanced_accuracy0.75":0.5406779661016949,"val_balanced_accuracy0.25":0.5272638753651412,"val_accuracy0.75":0.7333333492279053,"val_balanced_accuracy0.5":0.5715676728334956,"val_recall0.25":0.3076923191547394,"test_accuracy0.5":0.7215189933776855,"test_accuracy0.25":0.746835470199585,"_runtime":2861.967432794,"test_recall0.5":0.25,"val_recall0.75":0.26923078298568726,"test_recall0.25":0.4000000059604645,"val_recall0.5":0.3076923191547394,"val_auroc":0.5851995944976807,"val_accuracy0.25":0.6380952596664429,"val_precision0.5":0.380952388048172,"test_precision0.75":0.3636363744735718,"val_accuracy0.5":0.7047619223594666,"val_precision0.75":0.4375,"test_precision0.25":0.5,"test_accuracy0.75":0.7088607549667358,"_step":316,"test_balanced_accuracy0.25":0.6322033898305085,"test_balanced_accuracy0.5":0.5656779661016949,"val_balanced_accuracy0.75":0.5776533592989289,"_timestamp":1.7509164557289212e+09,"train_loss":0.001771843177266419,"val_precision0.25":0.2857142984867096,"test_auroc":0.5694915056228638}