{"val_balanced_accuracy0.25":0.4740740740740741,"val_recall0.5":0.14814814925193787,"test_accuracy0.75":0.6875,"val_precision0.75":0.2142857164144516,"_timestamp":1.7534951303608875e+09,"val_balanced_accuracy0.75":0.4868055555555556,"val_precision0.5":0.23529411852359772,"test_accuracy0.5":0.6625000238418579,"val_precision0.25":0.20000000298023224,"test_precision0.5":0.1818181872367859,"test_balanced_accuracy0.25":0.4666666666666667,"val_accuracy0.25":0.6355140209197998,"test_recall0.75":0.10000000149011612,"_runtime":814.756073938,"val_accuracy0.75":0.672897219657898,"train_auroc":1,"test_precision0.75":0.2222222238779068,"val_accuracy0.5":0.663551390171051,"_step":269,"val_balanced_accuracy0.5":0.4928240740740741,"test_balanced_accuracy0.75":0.49166666666666664,"test_recall0.5":0.10000000149011612,"test_accuracy0.25":0.6499999761581421,"val_recall0.25":0.14814814925193787,"val_recall0.75":0.1111111119389534,"val_auroc":0.5231481790542603,"train_loss":8.905154390959069e-05,"test_precision0.25":0.1666666716337204,"test_recall0.25":0.10000000149011612,"test_auroc":0.4241666793823242,"test_balanced_accuracy0.5":0.475,"_wandb":{"runtime":814}}