{"val_accuracy0.5":0.5377358198165894,"val_precision0.25":0.20512820780277252,"val_auroc":0.4610576927661896,"test_accuracy0.5":0.7250000238418579,"_wandb":{"runtime":1201},"val_recall0.25":0.3076923191547394,"_step":202,"val_accuracy0.25":0.5377358198165894,"test_precision0.75":0.625,"test_balanced_accuracy0.25":0.5583333333333333,"test_balanced_accuracy0.75":0.6,"val_accuracy0.75":0.5849056839942932,"test_recall0.25":0.30000001192092896,"train_loss":0.020414913073182106,"test_accuracy0.75":0.7749999761581421,"val_recall0.5":0.23076923191547394,"val_recall0.75":0.19230769574642181,"test_recall0.5":0.30000001192092896,"test_precision0.25":0.3529411852359772,"test_accuracy0.25":0.6875,"val_balanced_accuracy0.5":0.4341346153846154,"_timestamp":1.7539382498466933e+09,"val_balanced_accuracy0.25":0.4600961538461539,"test_balanced_accuracy0.5":0.5833333333333334,"train_auroc":1,"val_precision0.75":0.1785714328289032,"_runtime":1201.839867203,"val_precision0.5":0.17142857611179352,"test_recall0.75":0.25,"val_balanced_accuracy0.75":0.45240384615384616,"test_auroc":0.5325000286102295,"test_precision0.5":0.4285714328289032}