{"test_accuracy0.25":0.25,"_wandb":{"runtime":2888},"_step":438,"test_accuracy0.5":0.25,"val_balanced_accuracy0.75":0.5,"test_auroc":0.5475000143051147,"test_precision0.5":0.25,"val_precision0.5":0.25471699237823486,"val_precision0.25":0.25471699237823486,"_timestamp":1.7535493766237075e+09,"test_recall0.5":1,"val_precision0.75":0,"val_balanced_accuracy0.25":0.5,"test_recall0.75":0,"test_balanced_accuracy0.5":0.5,"train_loss":2.0659070014953613,"val_accuracy0.5":0.25471699237823486,"val_recall0.5":1,"train_auroc":0.5424813628196716,"test_accuracy0.75":0.75,"val_accuracy0.25":0.25471699237823486,"test_precision0.25":0.25,"test_balanced_accuracy0.25":0.5,"test_recall0.25":1,"val_balanced_accuracy0.5":0.5,"test_precision0.75":0,"_runtime":2888.518819767,"test_balanced_accuracy0.75":0.5,"val_recall0.25":1,"val_auroc":0.5569620132446289,"val_recall0.75":0,"val_accuracy0.75":0.7452830076217651}