{"test_accuracy0.75":0.75,"_step":523,"test_accuracy0.5":0.762499988079071,"test_recall0.5":0.30000001192092896,"train_auroc":1,"val_accuracy0.25":0.6698113083839417,"test_balanced_accuracy0.25":0.5833333333333334,"val_balanced_accuracy0.75":0.5293014533520862,"test_recall0.25":0.30000001192092896,"test_precision0.5":0.5454545617103577,"val_recall0.5":0.18518517911434174,"val_precision0.5":0.29411765933036804,"test_precision0.25":0.4285714328289032,"_timestamp":1.7536077722999425e+09,"_wandb":{"runtime":5080},"train_loss":0.005653101485222578,"_runtime":5080.819895173,"val_precision0.25":0.3333333432674408,"test_auroc":0.6049999594688416,"val_recall0.25":0.29629629850387573,"val_balanced_accuracy0.25":0.546882325363338,"test_balanced_accuracy0.5":0.6083333333333333,"test_precision0.75":0.5,"val_balanced_accuracy0.5":0.516643225503985,"val_precision0.75":0.3333333432674408,"val_accuracy0.5":0.6792452931404114,"val_recall0.75":0.18518517911434174,"val_auroc":0.5391467809677124,"test_recall0.75":0.25,"val_accuracy0.75":0.698113203048706,"test_accuracy0.25":0.7250000238418579,"test_balanced_accuracy0.75":0.5833333333333333}