{"val_accuracy0.25":0.25471699237823486,"train_auroc":0.5205664038658142,"test_accuracy0.5":0.25,"val_accuracy0.5":0.25471699237823486,"val_precision0.5":0.25471699237823486,"_runtime":2355.026171906,"test_recall0.5":1,"test_auroc":0.5258333683013916,"test_recall0.75":0,"val_precision0.75":0,"test_balanced_accuracy0.75":0.5,"_step":270,"val_precision0.25":0.25471699237823486,"test_recall0.25":1,"test_balanced_accuracy0.5":0.5,"train_loss":2.208099365234375,"val_recall0.5":1,"val_recall0.75":0,"val_balanced_accuracy0.75":0.5,"val_balanced_accuracy0.5":0.5,"test_accuracy0.25":0.25,"test_precision0.5":0.25,"_wandb":{"runtime":2355},"val_balanced_accuracy0.25":0.5,"test_accuracy0.75":0.75,"_timestamp":1.7543029180815194e+09,"test_precision0.75":0,"val_accuracy0.75":0.7452830076217651,"val_recall0.25":1,"val_auroc":0.513830304145813,"test_balanced_accuracy0.25":0.5,"test_precision0.25":0.25}