{"_step":50,"test_auroc":0.6143250465393066,"val_accuracy":0.7407407164573669,"train_auroc":0.5393531918525696,"test_balanced_accuracy":0.5,"val_precision":0,"val_loss":1.8516532182693481,"test_accuracy":0.75,"val_recall":0,"test_precision":0,"train_loss":1.8340035676956177,"_wandb":{"runtime":216},"val_auroc":0.34285715222358704,"_timestamp":1.7495040404002168e+09,"val_balanced_accuracy":0.5,"_runtime":216.774719684,"test_recall":0}