{"val_accuracy0.25":0.6761904954910278,"test_accuracy0.25":0.6202531456947327,"test_balanced_accuracy0.75":0.4817796610169492,"_step":202,"val_auroc":0.5625608563423157,"val_balanced_accuracy0.75":0.5202044790652386,"val_precision0.25":0.30000001192092896,"_runtime":962.456359172,"test_accuracy0.75":0.6455696225166321,"test_precision0.75":0.2142857164144516,"test_recall0.75":0.15000000596046448,"test_precision0.25":0.1875,"test_balanced_accuracy0.5":0.4733050847457627,"train_loss":3.8689806387992576e-05,"val_accuracy0.5":0.6761904954910278,"val_balanced_accuracy0.25":0.5267770204479065,"train_auroc":1,"test_precision0.5":0.20000000298023224,"test_auroc":0.44745761156082153,"val_accuracy0.75":0.6857143044471741,"val_recall0.75":0.19230769574642181,"val_recall0.25":0.23076923191547394,"test_recall0.25":0.15000000596046448,"val_balanced_accuracy0.5":0.5138753651411879,"_timestamp":1.7505575160390937e+09,"test_balanced_accuracy0.25":0.4648305084745763,"_wandb":{"runtime":962},"val_precision0.75":0.29411765933036804,"test_recall0.5":0.15000000596046448,"val_recall0.5":0.19230769574642181,"val_precision0.5":0.2777777910232544,"test_accuracy0.5":0.6329113841056824}