{"val_recall0.75":0,"_wandb":{"runtime":3806},"test_precision0.25":0.25,"test_recall0.25":1,"_timestamp":1.7538115563149831e+09,"test_accuracy0.25":0.25,"test_balanced_accuracy0.5":0.55,"val_recall0.5":0.38461539149284363,"test_accuracy0.75":0.75,"val_balanced_accuracy0.25":0.5,"train_loss":1.9245301485061646,"test_auroc":0.5233333110809326,"test_precision0.75":0,"test_recall0.75":0,"val_balanced_accuracy0.75":0.5,"test_balanced_accuracy0.75":0.5,"val_precision0.25":0.24528302252292633,"test_balanced_accuracy0.25":0.5,"test_precision0.5":0.3181818127632141,"val_balanced_accuracy0.5":0.5673076923076923,"val_recall0.25":1,"test_recall0.5":0.3499999940395355,"val_accuracy0.5":0.6603773832321167,"val_auroc":0.5447115302085876,"_runtime":3806.545684076,"val_precision0.75":0,"train_auroc":0.6481943130493164,"_step":999,"val_accuracy0.75":0.7547169923782349,"test_accuracy0.5":0.6499999761581421,"val_accuracy0.25":0.24528302252292633,"val_precision0.5":0.3333333432674408}