{"val_accuracy0.75":0.7523809671401978,"train_loss":2.0927412509918213,"test_accuracy0.5":0.2531645596027374,"val_balanced_accuracy0.25":0.5,"train_auroc":0.4336906373500824,"test_precision0.25":0.2531645596027374,"test_recall0.25":1,"val_balanced_accuracy0.75":0.5,"test_precision0.5":0.2531645596027374,"test_accuracy0.25":0.2531645596027374,"val_precision0.5":0.24761904776096344,"_timestamp":1.7513773273350303e+09,"val_auroc":0.5,"val_precision0.75":0,"val_balanced_accuracy0.5":0.5,"_step":166,"_runtime":1207.514089315,"test_recall0.75":0,"test_accuracy0.75":0.746835470199585,"test_balanced_accuracy0.25":0.5,"val_recall0.75":0,"test_balanced_accuracy0.75":0.5,"test_balanced_accuracy0.5":0.5,"val_recall0.5":1,"_wandb":{"runtime":1207},"test_auroc":0.5,"test_recall0.5":1,"val_recall0.25":1,"val_accuracy0.25":0.24761904776096344,"val_precision0.25":0.24761904776096344,"test_precision0.75":0,"val_accuracy0.5":0.24761904776096344}