{"train_auroc":0.6347371339797974,"test_balanced_accuracy0.75":0.5,"test_precision0.75":0,"_timestamp":1.7502663037375007e+09,"val_accuracy0.5":0.7523809671401978,"_wandb":{"runtime":2378},"val_accuracy0.25":0.6190476417541504,"test_recall0.25":0.3499999940395355,"test_recall0.75":0,"test_accuracy0.5":0.746835470199585,"test_auroc":0.5,"val_recall0.75":0,"val_balanced_accuracy0.75":0.5,"val_precision0.5":0,"_step":999,"test_accuracy0.75":0.746835470199585,"test_recall0.5":0,"val_balanced_accuracy0.25":0.5920155793573515,"val_precision0.25":0.3333333432674408,"val_accuracy0.75":0.7523809671401978,"val_precision0.75":0,"val_auroc":0.6044304370880127,"val_recall0.5":0,"test_balanced_accuracy0.25":0.5139830508474577,"val_balanced_accuracy0.5":0.5,"val_recall0.25":0.5384615659713745,"test_accuracy0.25":0.594936728477478,"test_balanced_accuracy0.5":0.5,"test_precision0.25":0.26923078298568726,"_runtime":2378.609795208,"train_loss":1.6002179384231567,"test_precision0.5":0}