{"val_auroc":0.5486111044883728,"val_recall0.75":0.29629629850387573,"val_recall0.5":0.40740740299224854,"test_accuracy0.5":0.6499999761581421,"val_recall0.25":0.40740740299224854,"val_accuracy0.5":0.672897219657898,"val_precision0.5":0.36666667461395264,"test_recall0.75":0.20000000298023224,"_runtime":1823.392477087,"test_balanced_accuracy0.5":0.5166666666666666,"test_balanced_accuracy0.75":0.525,"val_precision0.25":0.28205129504203796,"test_accuracy0.75":0.6875,"val_precision0.75":0.3478260934352875,"val_accuracy0.75":0.6822429895401001,"train_loss":0.031522784382104874,"test_balanced_accuracy0.25":0.55,"val_balanced_accuracy0.25":0.5287037037037037,"val_accuracy0.25":0.5887850522994995,"train_auroc":1,"test_accuracy0.25":0.625,"test_precision0.25":0.3076923191547394,"_timestamp":1.753125558243829e+09,"test_auroc":0.5525000095367432,"test_precision0.75":0.3076923191547394,"test_recall0.25":0.4000000059604645,"_wandb":{"runtime":1823},"test_recall0.5":0.25,"test_precision0.5":0.2777777910232544,"_step":423,"val_balanced_accuracy0.75":0.5543981481481481,"val_balanced_accuracy0.5":0.5849537037037037}