{"_timestamp":1.750694157961807e+09,"test_balanced_accuracy0.75":0.5279661016949152,"test_recall0.75":0.699999988079071,"val_accuracy0.5":0.523809552192688,"val_precision0.75":0.32203391194343567,"train_loss":0.015211946330964565,"val_precision0.5":0.3181818127632141,"test_precision0.75":0.26923078298568726,"val_precision0.25":0.30434781312942505,"val_accuracy0.75":0.5523809790611267,"_step":303,"val_balanced_accuracy0.25":0.6000486854917235,"test_precision0.5":0.27272728085517883,"_wandb":{"runtime":1440},"test_precision0.25":0.2586206793785095,"test_balanced_accuracy0.25":0.510593220338983,"_runtime":1440.758709453,"val_recall0.5":0.807692289352417,"test_recall0.5":0.75,"test_accuracy0.5":0.4303797483444214,"test_accuracy0.75":0.4430379867553711,"val_balanced_accuracy0.75":0.6122200584225901,"test_auroc":0.5364407300949097,"test_accuracy0.25":0.39240506291389465,"val_recall0.75":0.7307692170143127,"val_recall0.25":0.807692289352417,"val_auroc":0.6027263402938843,"train_auroc":0.9999999403953552,"val_accuracy0.25":0.4952380955219269,"test_balanced_accuracy0.5":0.5360169491525424,"val_balanced_accuracy0.5":0.6190360272638754,"test_recall0.25":0.75}