{"_runtime":329.095269634,"_wandb":{"runtime":329},"val_loss":1.7054892778396606,"_step":51,"val_balanced_accuracy":0.5,"val_precision":0,"_timestamp":1.7495809555403154e+09,"train_loss":1.651078701019287,"val_auroc":0.6499999761581421,"val_accuracy":0.7407407164573669,"train_auroc":0.6541223526000977,"test_precision":0,"val_recall":0,"test_balanced_accuracy":0.5,"test_accuracy":0.7557252049446106,"test_auroc":0.4618055820465088,"test_recall":0}