{"_wandb":{"runtime":2399},"val_recall0.75":0,"train_loss":2.056474208831787,"val_precision0.5":0.3055555522441864,"test_balanced_accuracy0.5":0.5416666666666666,"test_recall0.75":0,"_timestamp":1.753718411266732e+09,"test_recall0.25":1,"test_balanced_accuracy0.25":0.5,"val_recall0.25":1,"val_accuracy0.5":0.4811320900917053,"test_balanced_accuracy0.75":0.5,"val_precision0.75":0,"val_accuracy0.75":0.7452830076217651,"test_precision0.25":0.25,"test_precision0.75":0,"test_accuracy0.75":0.75,"test_recall0.5":0.75,"val_accuracy0.25":0.25471699237823486,"val_precision0.25":0.25471699237823486,"test_accuracy0.5":0.4375,"val_balanced_accuracy0.25":0.5,"test_accuracy0.25":0.25,"val_balanced_accuracy0.75":0.5,"val_recall0.5":0.8148148059844971,"val_auroc":0.5789967179298401,"_runtime":2399.113709528,"train_auroc":0.7040581107139587,"test_auroc":0.5691666603088379,"val_balanced_accuracy0.5":0.5909517112048758,"_step":276,"test_precision0.5":0.27272728085517883}