{"test_recall":0.15625,"_step":170,"train_loss":0.021037526428699493,"_timestamp":1.7494868230064511e+09,"_wandb":{"runtime":518},"val_auroc":0.5499999523162842,"test_balanced_accuracy":0.4720643939393939,"val_precision":0.25,"test_auroc":0.5280934572219849,"val_balanced_accuracy":0.49642857142857144,"test_accuracy":0.6335877776145935,"val_recall":0.1428571492433548,"train_auroc":1,"val_accuracy":0.6666666865348816,"test_precision":0.19230769574642181,"_runtime":518.361904801,"val_loss":3.0219192504882812}