{"val_recall0.75":0.03703703731298447,"test_balanced_accuracy0.5":0.5,"val_balanced_accuracy0.5":0.44328703703703703,"val_accuracy0.25":0.6168224215507507,"val_accuracy0.5":0.6261682510375977,"val_recall0.25":0.07407407462596893,"test_recall0.75":0.15000000596046448,"val_auroc":0.4868055582046509,"val_balanced_accuracy0.75":0.43726851851851856,"test_accuracy0.75":0.7124999761581421,"test_precision0.25":0.23076923191547394,"val_balanced_accuracy0.25":0.43703703703703706,"_runtime":2831.183714654,"val_recall0.5":0.07407407462596893,"train_loss":5.363248419598676e-06,"_wandb":{"runtime":2831},"test_accuracy0.25":0.6625000238418579,"test_precision0.75":0.3333333432674408,"test_recall0.25":0.15000000596046448,"val_precision0.25":0.1111111119389534,"test_auroc":0.5616666674613953,"val_precision0.5":0.11764705926179886,"test_precision0.5":0.25,"test_recall0.5":0.15000000596046448,"test_balanced_accuracy0.25":0.4916666666666667,"train_auroc":1,"val_accuracy0.75":0.6355140209197998,"test_accuracy0.5":0.675000011920929,"val_precision0.75":0.0714285746216774,"test_balanced_accuracy0.75":0.525,"_timestamp":1.7535358358314226e+09,"_step":480}