{"val_balanced_accuracy0.25":0.48149951314508277,"_step":251,"val_precision0.25":0.1818181872367859,"test_balanced_accuracy0.5":0.49110169491525424,"test_auroc":0.5135593414306641,"train_loss":0.3863908052444458,"val_accuracy0.25":0.6857143044471741,"val_recall0.75":0.07692307978868484,"test_accuracy0.25":0.7088607549667358,"_wandb":{"runtime":1320},"test_recall0.75":0.05000000074505806,"val_precision0.75":0.3333333432674408,"val_balanced_accuracy0.5":0.5068159688412853,"val_recall0.25":0.07692307978868484,"test_balanced_accuracy0.25":0.49110169491525424,"val_recall0.5":0.07692307978868484,"test_accuracy0.5":0.7088607549667358,"test_precision0.75":0.20000000298023224,"test_recall0.5":0.05000000074505806,"test_balanced_accuracy0.75":0.49110169491525424,"val_precision0.5":0.2857142984867096,"test_precision0.25":0.20000000298023224,"test_precision0.5":0.20000000298023224,"_runtime":1320.755074587,"val_balanced_accuracy0.75":0.5131450827653359,"test_recall0.25":0.05000000074505806,"val_auroc":0.4785783588886261,"val_accuracy0.5":0.723809540271759,"val_accuracy0.75":0.7333333492279053,"test_accuracy0.75":0.7088607549667358,"train_auroc":0.9949527978897095,"_timestamp":1.7501534371595373e+09}