{"test_balanced_accuracy0.5":0.5333333333333333,"val_precision0.75":0,"test_precision0.75":0,"_step":446,"test_accuracy0.75":0.75,"val_accuracy0.75":0.7476635575294495,"test_precision0.25":0.25,"_runtime":2823.559063649,"test_accuracy0.25":0.25,"test_balanced_accuracy0.25":0.5,"_timestamp":1.753594392656306e+09,"val_accuracy0.25":0.25233644247055054,"test_precision0.5":0.26923078298568726,"val_auroc":0.5435184836387634,"test_recall0.5":0.699999988079071,"val_balanced_accuracy0.25":0.5,"val_balanced_accuracy0.5":0.5574074074074074,"test_recall0.25":1,"val_precision0.5":0.28205129504203796,"train_auroc":0.5712887048721313,"val_precision0.25":0.25233644247055054,"train_loss":2.049429416656494,"val_recall0.25":1,"val_balanced_accuracy0.75":0.5,"test_balanced_accuracy0.75":0.5,"test_accuracy0.5":0.44999998807907104,"val_recall0.75":0,"_wandb":{"runtime":2823},"test_auroc":0.5116666555404663,"val_recall0.5":0.8148148059844971,"val_accuracy0.5":0.42990654706954956,"test_recall0.75":0}