{"_runtime":622.701938378,"test_auroc":0.5583964586257935,"test_balanced_accuracy":0.5,"val_precision":0,"_timestamp":1.749558159633593e+09,"val_balanced_accuracy":0.5,"test_precision":0,"val_accuracy":0.7407407164573669,"_wandb":{"runtime":622},"val_loss":1.795297384262085,"test_recall":0,"val_auroc":0.5428571701049805,"test_accuracy":0.7557252049446106,"train_auroc":0.45130711793899536,"train_loss":1.7962499856948853,"_step":50,"val_recall":0}