{"_step":499,"test_balanced_accuracy0.25":0.4898305084745763,"test_accuracy0.5":0.6455696225166321,"test_recall0.75":0.10000000149011612,"test_balanced_accuracy0.75":0.4652542372881356,"val_auroc":0.43963000178337097,"val_balanced_accuracy0.75":0.5131450827653359,"val_recall0.5":0.11538461595773697,"test_precision0.25":0.23529411852359772,"test_accuracy0.75":0.6455696225166321,"val_precision0.5":0.375,"test_auroc":0.5144068002700806,"test_precision0.5":0.25,"val_accuracy0.75":0.7333333492279053,"test_recall0.25":0.20000000298023224,"val_recall0.25":0.1538461595773697,"train_auroc":1,"val_accuracy0.25":0.723809540271759,"val_balanced_accuracy0.25":0.5326192794547224,"test_precision0.75":0.1666666716337204,"val_precision0.75":0.3333333432674408,"val_precision0.25":0.3636363744735718,"_wandb":{"runtime":1851},"test_balanced_accuracy0.5":0.49830508474576274,"_timestamp":1.7498672040897303e+09,"val_balanced_accuracy0.5":0.5260467380720545,"train_loss":1.8769282178254798e-05,"val_recall0.75":0.07692307978868484,"val_accuracy0.5":0.7333333492279053,"test_accuracy0.25":0.6329113841056824,"_runtime":1851.426475563,"test_recall0.5":0.20000000298023224}