{"val_precision0.25":0.23999999463558197,"val_auroc":0.48557689785957336,"val_precision0.5":0.2666666805744171,"_runtime":5731.192199387,"val_accuracy0.25":0.38679245114326477,"test_accuracy0.25":0.36250001192092896,"test_auroc":0.4608333110809326,"val_balanced_accuracy0.75":0.5,"test_precision0.25":0.22807016968727112,"test_balanced_accuracy0.75":0.5,"val_recall0.5":0.1538461595773697,"val_balanced_accuracy0.5":0.508173076923077,"val_recall0.75":0,"test_precision0.5":0.10000000149011612,"val_accuracy0.75":0.7547169923782349,"train_auroc":0.9869555234909058,"test_recall0.75":0,"_step":999,"val_accuracy0.5":0.6886792182922363,"test_balanced_accuracy0.5":0.45,"_wandb":{"runtime":5731},"val_recall0.25":0.692307710647583,"test_accuracy0.75":0.75,"test_accuracy0.5":0.6499999761581421,"test_balanced_accuracy0.25":0.45833333333333337,"train_loss":0.815798282623291,"test_precision0.75":0,"val_precision0.75":0,"test_recall0.5":0.05000000074505806,"test_recall0.25":0.6499999761581421,"_timestamp":1.753510712012841e+09,"val_balanced_accuracy0.25":0.48990384615384613}