{"test_recall0.5":0.20000000298023224,"val_balanced_accuracy0.5":0.48880233690360275,"val_precision0.75":0.23076923191547394,"test_recall0.75":0.20000000298023224,"test_balanced_accuracy0.25":0.5152542372881356,"val_balanced_accuracy0.25":0.48880233690360275,"val_recall0.5":0.23076923191547394,"val_accuracy0.5":0.6190476417541504,"test_balanced_accuracy0.75":0.523728813559322,"test_auroc":0.5474575757980347,"_step":198,"val_precision0.25":0.23076923191547394,"val_precision0.5":0.23076923191547394,"test_precision0.75":0.3076923191547394,"test_accuracy0.25":0.6708860993385315,"val_balanced_accuracy0.75":0.48880233690360275,"test_recall0.25":0.20000000298023224,"test_accuracy0.5":0.6835442781448364,"train_loss":5.383749908105528e-07,"test_precision0.5":0.3076923191547394,"_runtime":794.427524842,"test_accuracy0.75":0.6835442781448364,"val_recall0.75":0.23076923191547394,"test_precision0.25":0.2857142984867096,"test_balanced_accuracy0.5":0.523728813559322,"_wandb":{"runtime":794},"train_auroc":1,"val_auroc":0.5718110799789429,"val_accuracy0.25":0.6190476417541504,"_timestamp":1.7505506542333162e+09,"val_accuracy0.75":0.6190476417541504,"val_recall0.25":0.23076923191547394}