{"val_balanced_accuracy0.75":0.48173076923076924,"test_balanced_accuracy0.5":0.5583333333333333,"test_auroc":0.5891666412353516,"val_recall0.25":0.07692307978868484,"test_balanced_accuracy0.25":0.6166666666666667,"val_recall0.75":0.03846153989434242,"test_accuracy0.75":0.699999988079071,"_runtime":898.520408797,"test_precision0.25":0.5,"val_accuracy0.25":0.6415094137191772,"val_precision0.5":0.1818181872367859,"test_recall0.25":0.3499999940395355,"test_accuracy0.25":0.75,"test_recall0.75":0.05000000074505806,"val_recall0.5":0.07692307978868484,"test_precision0.5":0.4444444477558136,"_wandb":{"runtime":898},"test_balanced_accuracy0.75":0.48333333333333334,"train_loss":0.0005662370240315795,"val_precision0.25":0.125,"test_precision0.75":0.1666666716337204,"_step":336,"val_accuracy0.75":0.7075471878051758,"val_balanced_accuracy0.5":0.4822115384615384,"val_auroc":0.4052884578704834,"test_accuracy0.5":0.737500011920929,"val_precision0.75":0.1428571492433548,"test_recall0.5":0.20000000298023224,"train_auroc":1,"val_accuracy0.5":0.6886792182922363,"_timestamp":1.7534663415852695e+09,"val_balanced_accuracy0.25":0.4509615384615384}