{"val_recall0.75":0,"test_accuracy0.75":0.746835470199585,"val_recall0.25":1,"val_precision0.75":0,"test_recall0.5":0.800000011920929,"val_accuracy0.75":0.7523809671401978,"train_auroc":0.7027051448822021,"val_accuracy0.25":0.24761904776096344,"_step":225,"train_loss":2.0490996837615967,"test_balanced_accuracy0.25":0.5,"test_auroc":0.6093220710754395,"val_balanced_accuracy0.75":0.5,"test_precision0.25":0.2531645596027374,"val_balanced_accuracy0.25":0.5,"test_recall0.25":1,"test_precision0.75":0,"test_recall0.75":0,"test_balanced_accuracy0.5":0.5864406779661018,"test_accuracy0.25":0.2531645596027374,"_runtime":2291.437506281,"_timestamp":1.7509535822058768e+09,"val_precision0.5":0.23999999463558197,"val_accuracy0.5":0.380952388048172,"val_precision0.25":0.24761904776096344,"val_auroc":0.48393377661705017,"_wandb":{"runtime":2291},"test_precision0.5":0.30188679695129395,"val_balanced_accuracy0.5":0.48539435248296003,"test_balanced_accuracy0.75":0.5,"val_recall0.5":0.692307710647583,"test_accuracy0.5":0.4810126721858978}