{"test_balanced_accuracy0.25":0.438135593220339,"val_accuracy0.75":0.7523809671401978,"val_accuracy0.25":0.6095238327980042,"val_recall0.5":0,"_wandb":{"runtime":2084},"val_auroc":0.5063291192054749,"test_accuracy0.25":0.5063291192054749,"test_auroc":0.4788135886192322,"_runtime":2084.553431953,"test_balanced_accuracy0.5":0.5,"val_recall0.75":0,"train_loss":1.6136444807052612,"val_accuracy0.5":0.7523809671401978,"val_balanced_accuracy0.25":0.5082765335929893,"test_accuracy0.75":0.746835470199585,"test_recall0.75":0,"test_recall0.25":0.30000001192092896,"test_precision0.25":0.19354838132858276,"val_recall0.25":0.3076923191547394,"val_precision0.25":0.25806450843811035,"test_recall0.5":0,"val_precision0.75":0,"train_auroc":0.6809883117675781,"val_balanced_accuracy0.5":0.5,"_step":499,"test_accuracy0.5":0.746835470199585,"test_precision0.5":0,"val_balanced_accuracy0.75":0.5,"val_precision0.5":0,"_timestamp":1.7499318050725834e+09,"test_balanced_accuracy0.75":0.5,"test_precision0.75":0}