{"train_mu":9.59207255846195e-08,"train_kld_loss":0.8403183817863464,"train_logvar":6.07608228619938e-07,"val_precision0.5":0,"_wandb":{"runtime":2239},"val_precision0.75":0,"test_balanced_accuracy0.75":0.5,"val_balanced_accuracy0.75":0.5,"val_balanced_accuracy0.25":0.5,"_runtime":2239.976483795,"test_accuracy0.5":0.75,"train_auroc":0.47501951456069946,"test_accuracy0.25":0.25,"val_recall0.25":1,"val_balanced_accuracy0.5":0.5,"val_precision0.25":0.25471699237823486,"test_recall0.5":0,"test_accuracy0.75":0.75,"val_accuracy0.5":0.7452830076217651,"test_recall0.75":0,"test_precision0.5":0,"val_accuracy0.75":0.7452830076217651,"test_auroc":0.4895833432674408,"_step":118,"train_surv_loss":1.0046977996826172,"train_loss":1.9272234439849854,"val_accuracy0.25":0.25471699237823486,"test_precision0.75":0,"val_auroc":0.48429441452026367,"test_precision0.25":0.25,"test_recall0.25":1,"test_balanced_accuracy0.5":0.5,"val_recall0.75":0,"_timestamp":1.7549865659873075e+09,"train_recon_loss_no_kld":1.0047324895858765,"test_balanced_accuracy0.25":0.5,"val_recall0.5":0}