{"_timestamp":1.7531621863071659e+09,"val_accuracy0.75":0.7735849022865295,"_runtime":4978.195345004,"test_precision0.75":0.1666666716337204,"val_balanced_accuracy0.25":0.4625,"test_accuracy0.75":0.699999988079071,"test_balanced_accuracy0.5":0.5,"test_accuracy0.5":0.6499999761581421,"val_auroc":0.5552884340286255,"val_accuracy0.25":0.4433962404727936,"val_recall0.25":0.5,"test_balanced_accuracy0.25":0.6000000000000001,"train_loss":0.7472497224807739,"_wandb":{"runtime":4978},"test_auroc":0.5866666436195374,"test_balanced_accuracy0.75":0.48333333333333334,"val_balanced_accuracy0.5":0.5596153846153846,"test_recall0.5":0.20000000298023224,"val_recall0.5":0.26923078298568726,"val_accuracy0.5":0.7075471878051758,"val_recall0.75":0.19230769574642181,"_step":999,"test_precision0.25":0.3076923191547394,"test_accuracy0.25":0.5,"train_auroc":0.9761876463890076,"val_precision0.5":0.3684210479259491,"test_recall0.25":0.800000011920929,"test_precision0.5":0.25,"val_precision0.75":0.625,"val_precision0.25":0.22033898532390594,"val_balanced_accuracy0.75":0.5774038461538462,"test_recall0.75":0.05000000074505806}