{"test_balanced_accuracy0.5":0.5483050847457627,"val_balanced_accuracy0.5":0.5399221032132424,"_wandb":{"runtime":4206},"test_recall0.75":0.25,"val_balanced_accuracy0.25":0.5720545277507303,"val_accuracy0.5":0.6571428775787354,"test_balanced_accuracy0.75":0.5317796610169492,"_runtime":4206.810286771,"test_accuracy0.25":0.6708860993385315,"val_precision0.5":0.3076923191547394,"test_auroc":0.5368643999099731,"val_auroc":0.6192795038223267,"_step":999,"val_precision0.75":0.27272728085517883,"val_recall0.75":0.23076923191547394,"test_precision0.25":0.3333333432674408,"val_recall0.5":0.3076923191547394,"test_precision0.5":0.3333333432674408,"val_accuracy0.75":0.6571428775787354,"test_recall0.25":0.30000001192092896,"val_accuracy0.25":0.6666666865348816,"train_auroc":1,"val_balanced_accuracy0.75":0.5141187925998053,"test_recall0.5":0.30000001192092896,"_timestamp":1.7500902575165286e+09,"test_balanced_accuracy0.25":0.5483050847457627,"train_loss":1.3716599411850439e-08,"val_recall0.25":0.38461539149284363,"val_precision0.25":0.3448275923728943,"test_accuracy0.5":0.6708860993385315,"test_accuracy0.75":0.6708860993385315,"test_precision0.75":0.3125}