{"val_auroc":0.5,"_step":0,"val_accuracy":0.875,"_wandb":{"runtime":13},"_timestamp":1.7476607618671691e+09,"_runtime":7.046220947,"val_precision":0,"val_recall":0,"val_loss":6.492679595947266}