{"test_recall0.5":0,"test_balanced_accuracy0.5":0.5,"val_auroc":0.40178152918815613,"test_precision0.75":0,"val_accuracy0.5":0.7452830076217651,"test_precision0.5":0,"test_accuracy0.75":0.75,"val_recall0.75":0,"test_balanced_accuracy0.75":0.5,"train_auroc":0.4689858555793762,"test_balanced_accuracy0.25":0.4833333333333333,"_step":152,"val_balanced_accuracy0.25":0.42920768870135956,"val_precision0.75":0,"test_accuracy0.25":0.42500001192092896,"test_recall0.25":0.6000000238418579,"test_recall0.75":0,"test_accuracy0.5":0.75,"_timestamp":1.753631850852663e+09,"train_loss":1.707849383354187,"val_balanced_accuracy0.5":0.5,"val_balanced_accuracy0.75":0.5,"val_accuracy0.75":0.7452830076217651,"_wandb":{"runtime":1360},"_runtime":1360.104159397,"test_precision0.25":0.23999999463558197,"test_auroc":0.4466666579246521,"val_recall0.5":0,"val_accuracy0.25":0.349056601524353,"val_recall0.25":0.5925925970077515,"val_precision0.25":0.21621622145175934,"val_precision0.5":0}