{"test_precision":0,"_runtime":564.740380212,"train_loss":0.37699568271636963,"_wandb":{"runtime":572},"_timestamp":1.747650794674586e+09,"val_auroc":0.5,"test_recall":0,"_step":35,"test_accuracy":0.746835470199585,"test_auroc":0.5,"val_recall":0,"train_auroc":0.5,"val_precision":0,"val_accuracy":0.75,"val_loss":0.37458351254463196}