{"test_balanced_accuracy0.25":0.5,"val_balanced_accuracy0.5":0.5,"val_balanced_accuracy0.25":0.5,"test_accuracy0.25":0.2531645596027374,"val_balanced_accuracy0.75":0.5,"val_auroc":0.5,"test_precision0.75":0,"test_recall0.25":1,"train_auroc":0.4041820168495178,"val_accuracy0.75":0.7523809671401978,"train_loss":2.093604326248169,"val_precision0.75":0,"_timestamp":1.7502354375056663e+09,"_runtime":1570.962839578,"test_balanced_accuracy0.5":0.5,"val_accuracy0.5":0.7523809671401978,"val_precision0.5":0,"test_balanced_accuracy0.75":0.5,"_wandb":{"runtime":1570},"test_accuracy0.5":0.746835470199585,"test_recall0.75":0,"test_accuracy0.75":0.746835470199585,"val_recall0.25":1,"_step":421,"val_recall0.5":0,"val_precision0.25":0.24761904776096344,"val_recall0.75":0,"test_auroc":0.5,"test_recall0.5":0,"test_precision0.5":0,"test_precision0.25":0.2531645596027374,"val_accuracy0.25":0.24761904776096344}