{"test_precision0.5":0.125,"_timestamp":1.753500786163918e+09,"test_recall0.5":0.05000000074505806,"test_accuracy0.75":0.6875,"train_auroc":1,"val_balanced_accuracy0.25":0.4928240740740741,"test_accuracy0.25":0.699999988079071,"val_recall0.75":0.07407407462596893,"test_balanced_accuracy0.5":0.4666666666666667,"test_recall0.25":0.20000000298023224,"val_precision0.5":0.30000001192092896,"val_recall0.5":0.1111111119389534,"val_precision0.25":0.23529411852359772,"val_auroc":0.489814817905426,"test_recall0.75":0,"val_balanced_accuracy0.5":0.5118055555555555,"test_precision0.75":0,"test_auroc":0.45666664838790894,"test_precision0.25":0.3333333432674408,"val_recall0.25":0.14814814925193787,"val_accuracy0.25":0.663551390171051,"_runtime":1193.282928998,"val_accuracy0.75":0.7383177280426025,"test_balanced_accuracy0.75":0.4583333333333333,"test_accuracy0.5":0.675000011920929,"val_precision0.75":0.4000000059604645,"test_balanced_accuracy0.25":0.5333333333333333,"_wandb":{"runtime":1193},"train_loss":0.0008247180376201868,"val_balanced_accuracy0.75":0.518287037037037,"_step":341,"val_accuracy0.5":0.7102803587913513}