{"train_auroc":1,"test_precision0.25":0.30000001192092896,"val_precision0.25":0.21052631735801697,"test_recall0.5":0.15000000596046448,"_timestamp":1.7536495768330417e+09,"test_accuracy0.5":0.7124999761581421,"val_balanced_accuracy0.5":0.45961538461538465,"val_recall0.5":0.26923078298568726,"test_accuracy0.75":0.7250000238418579,"test_accuracy0.25":0.699999988079071,"val_balanced_accuracy0.25":0.46634615384615385,"val_accuracy0.5":0.5566037893295288,"_wandb":{"runtime":2216},"_runtime":2216.794513561,"val_precision0.75":0.22580644488334656,"test_precision0.5":0.3333333432674408,"test_balanced_accuracy0.75":0.5333333333333333,"val_balanced_accuracy0.75":0.48461538461538456,"val_accuracy0.75":0.5943396091461182,"val_precision0.5":0.20000000298023224,"val_recall0.75":0.26923078298568726,"_step":212,"test_recall0.75":0.15000000596046448,"test_recall0.25":0.15000000596046448,"test_balanced_accuracy0.5":0.525,"val_auroc":0.49038460850715637,"test_balanced_accuracy0.25":0.5166666666666666,"val_recall0.25":0.3076923191547394,"test_auroc":0.5716666579246521,"val_accuracy0.25":0.5471698045730591,"test_precision0.75":0.375,"train_loss":6.172755092848092e-05}