{"val_accuracy0.5":0.7523809671401978,"val_auroc":0.5097370743751526,"test_accuracy0.25":0.5189873576164246,"val_balanced_accuracy0.5":0.5,"test_precision0.25":0.2750000059604645,"test_auroc":0.5576271414756775,"val_accuracy0.75":0.7523809671401978,"_timestamp":1.750844549679043e+09,"train_auroc":0.6179405450820923,"val_recall0.5":0,"_runtime":10502.973394926,"test_precision0.5":0,"test_balanced_accuracy0.75":0.5,"test_recall0.5":0,"test_balanced_accuracy0.25":0.5292372881355932,"test_accuracy0.75":0.746835470199585,"test_precision0.75":0,"val_precision0.25":0.25,"test_balanced_accuracy0.5":0.5,"test_recall0.25":0.550000011920929,"val_recall0.75":0,"train_loss":1.6634100675582886,"test_accuracy0.5":0.746835470199585,"_step":999,"val_balanced_accuracy0.25":0.5026777020447907,"val_balanced_accuracy0.75":0.5,"val_precision0.5":0,"_wandb":{"runtime":10502},"val_accuracy0.25":0.5428571701049805,"test_recall0.75":0,"val_recall0.25":0.42307692766189575,"val_precision0.75":0}