{"val_recall0.5":0.3076923191547394,"test_recall0.5":0.25,"test_balanced_accuracy0.25":0.4978813559322034,"val_precision0.75":0.24137930572032928,"val_accuracy0.75":0.6095238327980042,"test_precision0.5":0.2631579041481018,"test_precision0.25":0.25,"test_balanced_accuracy0.5":0.5063559322033898,"test_accuracy0.5":0.6329113841056824,"val_balanced_accuracy0.25":0.5148490749756572,"val_recall0.75":0.26923078298568726,"val_recall0.25":0.3461538553237915,"val_precision0.25":0.2647058963775635,"test_recall0.25":0.25,"train_loss":0.0006844786112196743,"test_accuracy0.25":0.6202531456947327,"test_precision0.75":0.2631579041481018,"val_accuracy0.5":0.6190476417541504,"val_balanced_accuracy0.75":0.4953748782862707,"_wandb":{"runtime":784},"test_accuracy0.75":0.6329113841056824,"val_balanced_accuracy0.5":0.51460564751704,"val_precision0.5":0.2666666805744171,"val_accuracy0.25":0.6000000238418579,"test_recall0.75":0.25,"_timestamp":1.7502418672501729e+09,"_step":259,"train_auroc":1,"test_auroc":0.3521186411380768,"_runtime":784.304947495,"val_auroc":0.5158227682113647,"test_balanced_accuracy0.75":0.5063559322033898}