{"test_precision0.75":0,"test_recall0.25":0.8500000238418579,"val_accuracy0.25":0.43809524178504944,"test_balanced_accuracy0.25":0.5436440677966101,"val_accuracy0.5":0.6857143044471741,"val_recall0.5":0.19230769574642181,"test_precision0.5":0.625,"test_balanced_accuracy0.75":0.5,"test_accuracy0.5":0.7721518874168396,"val_balanced_accuracy0.75":0.5258033106134372,"test_accuracy0.25":0.39240506291389465,"test_accuracy0.75":0.746835470199585,"test_recall0.5":0.25,"val_precision0.75":0.5,"val_accuracy0.75":0.7523809671401978,"train_loss":1.4187971353530884,"_step":999,"test_recall0.75":0,"_runtime":3245.229070497,"val_balanced_accuracy0.5":0.5202044790652386,"val_recall0.75":0.07692307978868484,"val_precision0.25":0.2857142984867096,"val_balanced_accuracy0.25":0.5749756572541382,"val_recall0.25":0.8461538553237915,"_timestamp":1.7503049033642128e+09,"train_auroc":0.8518266081809998,"test_balanced_accuracy0.5":0.5995762711864407,"_wandb":{"runtime":3245},"test_precision0.25":0.27419355511665344,"val_auroc":0.6102726459503174,"test_auroc":0.6525423526763916,"val_precision0.5":0.29411765933036804}