{"train_loss":1.4589571952819824,"_timestamp":1.7511796013837254e+09,"test_balanced_accuracy0.25":0.39322033898305087,"test_precision0.75":0.6666666865348816,"test_auroc":0.41779661178588867,"test_accuracy0.25":0.29113924503326416,"val_precision0.75":0.30000001192092896,"train_auroc":0.8530283570289612,"val_balanced_accuracy0.75":0.5133885102239533,"_step":999,"test_balanced_accuracy0.5":0.4300847457627119,"_wandb":{"runtime":15198},"val_accuracy0.5":0.6000000238418579,"test_accuracy0.5":0.5189873576164246,"val_balanced_accuracy0.25":0.5562317429406036,"test_recall0.5":0.25,"test_accuracy0.75":0.7594936490058899,"val_accuracy0.75":0.7142857313156128,"test_recall0.25":0.6000000238418579,"val_recall0.75":0.11538461595773697,"val_balanced_accuracy0.5":0.5277507302823758,"test_recall0.75":0.10000000149011612,"val_precision0.5":0.2777777910232544,"val_recall0.5":0.38461539149284363,"test_balanced_accuracy0.75":0.5415254237288136,"test_precision0.25":0.20000000298023224,"val_precision0.25":0.2738095223903656,"test_precision0.5":0.1785714328289032,"val_recall0.25":0.8846153616905212,"val_accuracy0.25":0.39047619700431824,"val_auroc":0.5009737014770508,"_runtime":15198.887420523}