{"test_auroc":0.6525423526763916,"test_precision0.5":0.30000001192092896,"val_recall0.25":0.6538461446762085,"val_precision0.5":0.3095238208770752,"val_auroc":0.5204479098320007,"_wandb":{"runtime":1039},"val_precision0.75":0.27586206793785095,"test_recall0.5":0.44999998807907104,"val_balanced_accuracy0.5":0.5664556962025317,"_step":310,"val_accuracy0.25":0.4571428596973419,"val_balanced_accuracy0.75":0.5209347614410906,"test_recall0.25":0.6000000238418579,"val_accuracy0.75":0.6285714507102966,"test_recall0.75":0.30000001192092896,"train_loss":0.11229074746370316,"test_precision0.75":0.30000001192092896,"test_accuracy0.5":0.594936728477478,"test_accuracy0.25":0.5443037748336792,"_runtime":1039.563914957,"_timestamp":1.7502536701679134e+09,"val_precision0.25":0.26153847575187683,"val_recall0.5":0.5,"train_auroc":0.9995993971824646,"test_precision0.25":0.30000001192092896,"val_balanced_accuracy0.25":0.5231256085686465,"val_recall0.75":0.3076923191547394,"test_accuracy0.75":0.6455696225166321,"test_balanced_accuracy0.5":0.5470338983050848,"test_balanced_accuracy0.25":0.5627118644067797,"test_balanced_accuracy0.75":0.5313559322033898,"val_accuracy0.5":0.6000000238418579}