{"val_balanced_accuracy":0.5,"test_accuracy":0.2531645596027374,"val_auroc":0.3958333134651184,"train_auroc":0.5749832391738892,"_runtime":2389.94960778,"val_recall":0.25,"test_balanced_accuracy":0.5,"_wandb":{"runtime":2389},"val_accuracy":0.25,"test_recall":0.2531645596027374,"test_precision":0.2531645596027374,"train_loss":0.689440131187439,"test_auroc":0.5330508351325989,"_timestamp":1.7479882308600132e+09,"_step":69,"val_precision":0.25,"val_loss":0.7494409680366516}