{"test_balanced_accuracy0.75":0.5326271186440678,"val_accuracy0.25":0.4571428596973419,"val_accuracy0.5":0.6095238327980042,"test_balanced_accuracy0.25":0.561864406779661,"val_balanced_accuracy0.25":0.45861733203505356,"test_recall0.25":0.699999988079071,"_timestamp":1.751444839494465e+09,"test_balanced_accuracy0.5":0.5728813559322035,"_step":999,"_wandb":{"runtime":4069},"test_precision0.75":0.375,"val_precision0.25":0.2181818187236786,"test_recall0.5":0.4000000059604645,"_runtime":4069.268653192,"test_accuracy0.5":0.6582278609275818,"val_auroc":0.49829602241516113,"test_precision0.25":0.2916666567325592,"test_accuracy0.25":0.49367088079452515,"val_accuracy0.75":0.7333333492279053,"val_recall0.25":0.4615384638309479,"train_loss":0.7718265056610107,"val_balanced_accuracy0.75":0.5518500486854917,"test_precision0.5":0.3478260934352875,"test_recall0.75":0.15000000596046448,"val_recall0.5":0.3461538553237915,"val_balanced_accuracy0.5":0.5211781888997079,"val_precision0.75":0.4166666567325592,"test_auroc":0.5737287998199463,"val_precision0.5":0.27272728085517883,"val_recall0.75":0.19230769574642181,"train_auroc":0.9672328233718872,"test_accuracy0.75":0.7215189933776855}