{"val_precision":0,"val_accuracy":0.75,"val_recall":0,"test_precision":0,"test_recall":0,"test_auroc":0.5,"_runtime":282.007359029,"train_loss":0.36133790016174316,"_wandb":{"runtime":282},"val_auroc":0.5,"val_loss":0.43423914909362793,"_step":35,"test_accuracy":0.746835470199585,"_timestamp":1.7474431140852537e+09,"train_auroc":0.4976525902748108}