{"test_recall0.25":0.3499999940395355,"val_precision0.5":0.190476194024086,"val_precision0.75":0.15789473056793213,"val_recall0.75":0.1111111119389534,"val_balanced_accuracy0.5":0.46782407407407406,"train_auroc":0.9999609589576721,"_wandb":{"runtime":5200},"val_precision0.25":0.23333333432674408,"val_balanced_accuracy0.75":0.4555555555555556,"val_accuracy0.75":0.6261682510375977,"train_loss":0.033796343952417374,"test_balanced_accuracy0.25":0.49166666666666664,"test_auroc":0.41333332657814026,"test_precision0.25":0.24137930572032928,"val_recall0.25":0.25925925374031067,"val_recall0.5":0.14814814925193787,"test_balanced_accuracy0.5":0.5083333333333333,"test_balanced_accuracy0.75":0.4666666666666667,"val_accuracy0.5":0.6261682510375977,"_runtime":5200.07926656,"val_accuracy0.25":0.5981308221817017,"_timestamp":1.7550364992664988e+09,"test_recall0.5":0.30000001192092896,"test_precision0.75":0.1875,"test_accuracy0.75":0.625,"val_balanced_accuracy0.25":0.4858796296296296,"test_accuracy0.5":0.612500011920929,"test_accuracy0.25":0.5625,"val_auroc":0.4402777850627899,"test_precision0.5":0.260869562625885,"_step":219,"test_recall0.75":0.15000000596046448}