{"test_balanced_accuracy0.5":0.5,"val_precision0.75":0,"val_recall0.5":1,"test_accuracy0.75":0.746835470199585,"test_precision0.25":0.2531645596027374,"test_recall0.5":1,"test_precision0.5":0.2531645596027374,"_timestamp":1.7513690912667696e+09,"test_accuracy0.5":0.2531645596027374,"val_precision0.5":0.24761904776096344,"val_precision0.25":0.24761904776096344,"val_accuracy0.25":0.24761904776096344,"_runtime":810.82679883,"test_balanced_accuracy0.25":0.5,"test_accuracy0.25":0.2531645596027374,"val_recall0.75":0,"val_accuracy0.75":0.7523809671401978,"val_balanced_accuracy0.75":0.5,"val_recall0.25":1,"test_recall0.25":1,"test_auroc":0.5,"val_balanced_accuracy0.25":0.5,"test_balanced_accuracy0.75":0.5,"_step":150,"val_balanced_accuracy0.5":0.5,"train_auroc":0.41149255633354187,"train_loss":2.0936291217803955,"test_recall0.75":0,"val_accuracy0.5":0.24761904776096344,"_wandb":{"runtime":810},"test_precision0.75":0,"val_auroc":0.5}