{"test_auroc":0.530921459197998,"_wandb":{"runtime":338},"val_accuracy":0.7407407164573669,"train_auroc":0.5228593349456787,"val_balanced_accuracy":0.5,"test_accuracy":0.7480915784835815,"val_precision":0,"test_balanced_accuracy":0.5,"train_loss":1.6800137758255005,"_step":52,"val_auroc":0.5571428537368774,"_runtime":338.090991067,"_timestamp":1.7495716770585606e+09,"val_loss":1.7212295532226562,"val_recall":0,"test_precision":0,"test_recall":0}