{"_timestamp":1.7514494734230828e+09,"val_accuracy0.25":0.29523810744285583,"test_precision0.75":1,"val_precision0.75":0.5,"_step":999,"val_recall0.75":0.07692307978868484,"val_auroc":0.44449853897094727,"test_balanced_accuracy0.75":0.525,"test_precision0.25":0.2537313401699066,"test_recall0.5":0.15000000596046448,"test_accuracy0.25":0.3291139304637909,"test_accuracy0.5":0.6962025165557861,"test_balanced_accuracy0.5":0.5156779661016949,"test_precision0.5":0.30000001192092896,"test_balanced_accuracy0.25":0.5012711864406779,"val_accuracy0.5":0.6380952596664429,"test_auroc":0.627118706703186,"val_balanced_accuracy0.5":0.5143622200584226,"test_recall0.25":0.8500000238418579,"_wandb":{"runtime":4620},"val_balanced_accuracy0.25":0.41553067185978576,"_runtime":4620.533516892,"train_loss":1.3336800336837769,"test_recall0.75":0.05000000074505806,"val_recall0.5":0.26923078298568726,"val_accuracy0.75":0.7523809671401978,"val_precision0.5":0.26923078298568726,"val_balanced_accuracy0.75":0.5258033106134372,"train_auroc":0.8877383470535278,"val_recall0.25":0.6538461446762085,"test_accuracy0.75":0.7594936490058899,"val_precision0.25":0.2073170691728592}