{"train_auroc":0.4206249713897705,"val_precision0.75":0,"test_precision0.25":0.25,"val_recall0.5":0,"val_balanced_accuracy0.5":0.5,"test_precision0.5":0,"val_auroc":0.5,"test_balanced_accuracy0.5":0.5,"test_accuracy0.5":0.75,"test_recall0.75":0,"_timestamp":1.754488143616902e+09,"val_precision0.5":0,"test_accuracy0.75":0.75,"val_recall0.75":0,"test_accuracy0.25":0.25,"val_balanced_accuracy0.75":0.5,"test_auroc":0.5,"_runtime":6583.816954848,"_step":154,"test_balanced_accuracy0.25":0.5,"val_accuracy0.75":0.7547169923782349,"_wandb":{"runtime":6583},"val_precision0.25":0.24528302252292633,"val_recall0.25":1,"test_balanced_accuracy0.75":0.5,"train_loss":2.0797910690307617,"val_accuracy0.25":0.24528302252292633,"test_precision0.75":0,"test_recall0.5":0,"test_recall0.25":1,"val_balanced_accuracy0.25":0.5,"val_accuracy0.5":0.7547169923782349}