{"val_balanced_accuracy0.25":0.5182841068917019,"val_recall0.75":0.4444444477558136,"_step":585,"val_accuracy0.5":0.5188679099082947,"val_accuracy0.75":0.5660377144813538,"val_precision0.25":0.2678571343421936,"test_balanced_accuracy0.5":0.5916666666666667,"test_precision0.75":0.3571428656578064,"val_auroc":0.5391467213630676,"test_auroc":0.6266666650772095,"val_accuracy0.25":0.5,"val_balanced_accuracy0.75":0.5260196905766525,"_wandb":{"runtime":3140},"test_accuracy0.5":0.637499988079071,"val_recall0.5":0.5185185074806213,"test_accuracy0.75":0.6499999761581421,"train_auroc":0.999218761920929,"test_precision0.5":0.3448275923728943,"val_precision0.5":0.26923078298568726,"train_loss":0.05076022073626518,"test_recall0.25":0.550000011920929,"test_balanced_accuracy0.75":0.6,"test_recall0.5":0.5,"_runtime":3140.596284888,"test_precision0.25":0.3333333432674408,"test_accuracy0.25":0.612500011920929,"_timestamp":1.7538392004967816e+09,"val_recall0.25":0.5555555820465088,"test_balanced_accuracy0.25":0.5916666666666667,"test_recall0.75":0.5,"val_balanced_accuracy0.5":0.5187529301453352,"val_precision0.75":0.27906978130340576}