{"test_balanced_accuracy0.25":0.5,"_runtime":427.112493509,"val_accuracy0.75":0.7452830076217651,"test_precision0.75":0,"val_accuracy0.25":0.25471699237823486,"_timestamp":1.7534835678619552e+09,"train_auroc":0.5636792182922363,"test_accuracy0.5":0.75,"val_accuracy0.5":0.7452830076217651,"val_balanced_accuracy0.25":0.5,"test_balanced_accuracy0.5":0.5,"test_balanced_accuracy0.75":0.5,"val_recall0.25":1,"val_precision0.25":0.25471699237823486,"test_recall0.25":1,"val_balanced_accuracy0.75":0.5,"val_precision0.75":0,"val_precision0.5":0,"test_accuracy0.25":0.25,"val_recall0.5":0,"test_accuracy0.75":0.75,"_step":179,"val_auroc":0.5869667530059814,"train_loss":1.6767234802246094,"test_recall0.5":0,"test_auroc":0.5600000023841858,"val_balanced_accuracy0.5":0.5,"val_recall0.75":0,"test_precision0.5":0,"test_recall0.75":0,"_wandb":{"runtime":427},"test_precision0.25":0.25}