{"_wandb":{"runtime":1818},"val_auroc":0.5571429133415222,"val_recall0.75":0,"test_recall0.25":0.5757575631141663,"test_recall0.5":0,"train_auroc":0.7594974040985107,"_runtime":1818.189458647,"val_precision0.25":0.3636363744735718,"_step":499,"val_precision0.75":0,"val_balanced_accuracy0.75":0.5,"val_accuracy0.5":0.7407407164573669,"test_precision0.5":0,"test_balanced_accuracy0.25":0.5505050505050506,"val_recall0.5":0,"test_balanced_accuracy0.5":0.5,"_timestamp":1.7497376425148387e+09,"test_recall0.75":0,"val_balanced_accuracy0.25":0.6107142857142858,"train_loss":1.562878131866455,"val_recall0.25":0.5714285969734192,"test_precision0.75":0,"test_balanced_accuracy0.75":0.5,"val_accuracy0.75":0.7407407164573669,"test_auroc":0.550045907497406,"test_accuracy0.25":0.5378788113594055,"val_balanced_accuracy0.5":0.5,"test_accuracy0.75":0.75,"val_accuracy0.25":0.6296296119689941,"test_precision0.25":0.28787878155708313,"test_accuracy0.5":0.75,"val_precision0.5":0}