{"test_recall0.25":1,"_runtime":6683.912553218,"test_precision0.5":0,"test_balanced_accuracy0.5":0.5,"test_accuracy0.5":0.75,"test_auroc":0.5,"val_balanced_accuracy0.25":0.5,"val_auroc":0.5,"test_recall0.5":0,"train_loss":2.0794789791107178,"val_accuracy0.75":0.7476635575294495,"test_balanced_accuracy0.75":0.5,"val_precision0.25":0.25233644247055054,"_wandb":{"runtime":6683},"test_balanced_accuracy0.25":0.5,"test_accuracy0.75":0.75,"_timestamp":1.754437585310281e+09,"val_accuracy0.5":0.7476635575294495,"val_accuracy0.25":0.25233644247055054,"test_precision0.25":0.25,"val_precision0.75":0,"val_recall0.25":1,"val_precision0.5":0,"train_auroc":0.42406249046325684,"val_recall0.5":0,"val_recall0.75":0,"val_balanced_accuracy0.75":0.5,"test_precision0.75":0,"test_accuracy0.25":0.25,"_step":154,"test_recall0.75":0,"val_balanced_accuracy0.5":0.5}