{"test_auroc":0.5762711763381958,"val_accuracy0.75":0.7523809671401978,"val_precision0.25":0.24761904776096344,"val_precision0.75":0,"test_precision0.5":0,"test_balanced_accuracy0.5":0.5,"val_balanced_accuracy0.25":0.5,"test_balanced_accuracy0.25":0.5,"val_balanced_accuracy0.5":0.5,"test_accuracy0.5":0.746835470199585,"test_recall0.75":0,"train_loss":2.0936551094055176,"test_accuracy0.75":0.746835470199585,"val_accuracy0.5":0.7523809671401978,"test_precision0.75":0,"test_precision0.25":0.2531645596027374,"val_auroc":0.5744887590408325,"train_auroc":0.396742582321167,"test_accuracy0.25":0.2531645596027374,"val_precision0.5":0,"val_recall0.75":0,"val_recall0.25":1,"_runtime":628.495885955,"test_recall0.5":0,"test_balanced_accuracy0.75":0.5,"val_recall0.5":0,"_wandb":{"runtime":628},"_timestamp":1.750238265975686e+09,"val_accuracy0.25":0.24761904776096344,"val_balanced_accuracy0.75":0.5,"_step":199,"test_recall0.25":1}