{"val_recall0.5":0.26923078298568726,"test_balanced_accuracy0.5":0.5406779661016949,"test_accuracy0.5":0.7088607549667358,"test_auroc":0.5694915056228638,"val_recall0.25":0.3076923191547394,"val_accuracy0.25":0.6952381134033203,"test_precision0.5":0.3636363744735718,"train_auroc":1,"_wandb":{"runtime":2190},"test_recall0.25":0.20000000298023224,"val_accuracy0.5":0.6952381134033203,"test_accuracy0.25":0.6835442781448364,"val_accuracy0.75":0.7047619223594666,"test_accuracy0.75":0.6835442781448364,"val_precision0.25":0.3636363744735718,"test_balanced_accuracy0.75":0.4906779661016949,"val_auroc":0.5620740652084351,"val_balanced_accuracy0.25":0.5652385589094451,"test_balanced_accuracy0.25":0.523728813559322,"val_precision0.5":0.3499999940395355,"val_precision0.75":0.3684210479259491,"val_balanced_accuracy0.5":0.5523369036027264,"train_loss":1.3440370821626857e-05,"_timestamp":1.7498526972045507e+09,"test_precision0.25":0.3076923191547394,"test_recall0.5":0.20000000298023224,"val_recall0.75":0.26923078298568726,"_step":499,"test_precision0.75":0.2222222238779068,"_runtime":2190.902928053,"test_recall0.75":0.10000000149011612,"val_balanced_accuracy0.75":0.558666017526777}