{"val_balanced_accuracy0.25":0.48509615384615384,"val_accuracy0.75":0.5943396091461182,"test_recall0.25":0.25,"test_balanced_accuracy0.25":0.575,"test_precision0.25":0.4545454680919647,"val_recall0.25":0.3076923191547394,"test_auroc":0.590833306312561,"val_precision0.5":0.25,"test_balanced_accuracy0.75":0.575,"val_accuracy0.5":0.6037735939025879,"test_accuracy0.75":0.762499988079071,"_step":197,"train_auroc":0.9999999403953552,"train_loss":3.348847167217173e-05,"_runtime":2202.367089929,"test_precision0.75":0.5714285969734192,"val_precision0.25":0.22857142984867096,"val_accuracy0.25":0.5754716992378235,"val_balanced_accuracy0.75":0.48461538461538456,"val_auroc":0.5105769038200378,"val_recall0.75":0.26923078298568726,"test_precision0.5":0.5555555820465088,"_timestamp":1.7536435457246249e+09,"test_balanced_accuracy0.5":0.5916666666666667,"val_balanced_accuracy0.5":0.5038461538461538,"val_precision0.75":0.22580644488334656,"test_accuracy0.5":0.762499988079071,"test_accuracy0.25":0.737500011920929,"_wandb":{"runtime":2202},"val_recall0.5":0.3076923191547394,"test_recall0.75":0.20000000298023224,"test_recall0.5":0.25}