{"val_recall0.75":0,"test_balanced_accuracy0.75":0.5,"test_recall0.5":0,"test_recall0.75":0,"val_balanced_accuracy0.75":0.5,"test_precision0.75":0,"val_accuracy0.25":0.25233644247055054,"val_recall0.25":1,"test_precision0.25":0.25,"val_balanced_accuracy0.5":0.5,"_timestamp":1.7543087899257731e+09,"val_accuracy0.75":0.7476635575294495,"_step":694,"val_recall0.5":0,"val_precision0.75":0,"_runtime":5862.133135759,"val_accuracy0.5":0.7476635575294495,"test_auroc":0.5408333539962769,"val_precision0.5":0,"test_accuracy0.5":0.75,"val_balanced_accuracy0.25":0.5,"test_balanced_accuracy0.5":0.5,"test_accuracy0.25":0.25,"test_recall0.25":1,"test_accuracy0.75":0.75,"test_precision0.5":0,"train_auroc":0.6304734349250793,"val_precision0.25":0.25233644247055054,"train_loss":2.1844348907470703,"val_auroc":0.5662037134170532,"_wandb":{"runtime":5862},"test_balanced_accuracy0.25":0.5}