{"test_accuracy":0.5,"_runtime":119.3062283,"test_precision":0,"val_precision":0,"train_auroc":0.8333333134651184,"val_auroc":0.5,"_wandb":{"runtime":120},"test_recall":0,"_timestamp":1.7474421418738682e+09,"val_accuracy":0.5,"val_recall":0,"test_auroc":0.5,"_step":18,"val_loss":0.7689686417579651,"train_loss":0.5884698629379272}