{"val_balanced_accuracy":0.5,"val_precision":0,"val_auroc":0.40714287757873535,"test_auroc":0.5933828353881836,"_wandb":{"runtime":171},"train_loss":1.6462428569793701,"_timestamp":1.7494853161003525e+09,"_step":50,"test_accuracy":0.7480915784835815,"val_accuracy":0.7407407164573669,"test_recall":0,"val_loss":1.8036493062973022,"test_balanced_accuracy":0.5,"_runtime":171.758018402,"test_precision":0,"train_auroc":0.6141999363899231,"val_recall":0}