{"val_precision0.5":0.10526315867900848,"test_accuracy0.25":0.6499999761581421,"val_precision0.25":0.08695652335882187,"val_auroc":0.3800925612449646,"_timestamp":1.7535438188555996e+09,"test_recall0.75":0.25,"val_accuracy0.5":0.6074766516685486,"test_balanced_accuracy0.75":0.525,"test_precision0.75":0.29411765933036804,"val_recall0.25":0.07407407462596893,"val_accuracy0.25":0.5700934529304504,"train_loss":6.5047834141296335e-06,"train_auroc":1,"_step":505,"test_balanced_accuracy0.25":0.5166666666666666,"test_balanced_accuracy0.5":0.525,"val_balanced_accuracy0.75":0.43703703703703706,"test_accuracy0.5":0.6625000238418579,"val_recall0.5":0.07407407462596893,"val_precision0.75":0.1111111119389534,"_wandb":{"runtime":3292},"test_recall0.25":0.25,"val_balanced_accuracy0.25":0.40578703703703706,"test_recall0.5":0.25,"_runtime":3292.227435201,"test_accuracy0.75":0.6625000238418579,"test_precision0.5":0.29411765933036804,"val_recall0.75":0.07407407462596893,"test_precision0.25":0.2777777910232544,"test_auroc":0.6183333396911621,"val_accuracy0.75":0.6168224215507507,"val_balanced_accuracy0.5":0.430787037037037}