{"val_precision0.5":0.1666666716337204,"test_recall0.5":0.15000000596046448,"_timestamp":1.7536349852017262e+09,"val_accuracy0.5":0.6355140209197998,"val_accuracy0.25":0.6261682510375977,"test_accuracy0.75":0.699999988079071,"test_auroc":0.4895833432674408,"val_recall0.5":0.1111111119389534,"test_balanced_accuracy0.75":0.5166666666666666,"val_balanced_accuracy0.25":0.4555555555555556,"test_balanced_accuracy0.5":0.5083333333333333,"val_balanced_accuracy0.5":0.4618055555555556,"test_accuracy0.25":0.6625000238418579,"val_precision0.75":0.1764705926179886,"_wandb":{"runtime":2127},"test_precision0.25":0.23076923191547394,"train_loss":5.571779183810577e-06,"val_precision0.25":0.15789473056793213,"_runtime":2127.622317135,"test_accuracy0.5":0.6875,"test_precision0.75":0.30000001192092896,"_step":233,"test_recall0.25":0.15000000596046448,"val_recall0.75":0.1111111119389534,"test_balanced_accuracy0.25":0.4916666666666667,"val_recall0.25":0.1111111119389534,"val_balanced_accuracy0.75":0.46805555555555556,"train_auroc":1,"test_precision0.5":0.27272728085517883,"val_accuracy0.75":0.644859790802002,"val_auroc":0.4650462865829468,"test_recall0.75":0.15000000596046448}