{"test_balanced_accuracy0.75":0.4166666666666667,"test_precision0.5":0.0625,"_runtime":3275.269661262,"train_loss":0.009561484679579735,"val_accuracy0.25":0.5700934529304504,"test_accuracy0.75":0.6000000238418579,"test_recall0.25":0.05000000074505806,"val_recall0.25":0.2222222238779068,"val_balanced_accuracy0.25":0.4548611111111111,"train_auroc":1,"test_precision0.75":0.0714285746216774,"test_auroc":0.46666663885116577,"val_recall0.75":0.1111111119389534,"val_precision0.5":0.2142857164144516,"val_accuracy0.75":0.6074766516685486,"test_accuracy0.5":0.574999988079071,"val_precision0.75":0.1428571492433548,"test_recall0.5":0.05000000074505806,"test_balanced_accuracy0.5":0.4,"val_auroc":0.4791666567325592,"_step":436,"test_balanced_accuracy0.25":0.3666666666666667,"val_precision0.25":0.19354838132858276,"val_recall0.5":0.2222222238779068,"_wandb":{"runtime":3275},"val_balanced_accuracy0.5":0.4736111111111111,"test_precision0.25":0.05000000074505806,"test_accuracy0.25":0.5249999761581421,"_timestamp":1.753964537276711e+09,"val_accuracy0.5":0.5981308221817017,"test_recall0.75":0.05000000074505806,"val_balanced_accuracy0.75":0.44305555555555554}