{"test_accuracy0.25":0.25,"val_accuracy0.75":0.7452830076217651,"val_recall0.5":0,"val_recall0.25":1,"val_balanced_accuracy0.75":0.5,"test_precision0.25":0.25,"val_accuracy0.5":0.7452830076217651,"test_recall0.25":1,"val_precision0.5":0,"val_accuracy0.25":0.25471699237823486,"_runtime":2014.24735557,"val_recall0.75":0,"_timestamp":1.7534614193331566e+09,"val_precision0.75":0,"val_precision0.25":0.25471699237823486,"test_accuracy0.75":0.75,"test_precision0.75":0,"test_accuracy0.5":0.75,"_step":349,"train_loss":1.6800389289855957,"test_auroc":0.5058333277702332,"test_precision0.5":0,"test_balanced_accuracy0.25":0.5,"test_recall0.5":0,"val_balanced_accuracy0.25":0.5,"_wandb":{"runtime":2014},"val_balanced_accuracy0.5":0.5,"test_balanced_accuracy0.5":0.5,"test_balanced_accuracy0.75":0.5,"train_auroc":0.4502947926521301,"val_auroc":0.45077353715896606,"test_recall0.75":0}