{"val_recall0.5":0.40740740299224854,"val_balanced_accuracy0.75":0.5606481481481481,"test_recall0.5":0.20000000298023224,"val_precision0.5":0.37931033968925476,"_runtime":5441.795960836,"test_accuracy0.25":0.6499999761581421,"val_recall0.25":0.48148149251937866,"test_accuracy0.75":0.699999988079071,"test_precision0.5":0.3076923191547394,"val_accuracy0.75":0.6915887594223022,"train_auroc":0.9975391030311584,"val_accuracy0.25":0.644859790802002,"val_auroc":0.581944465637207,"val_balanced_accuracy0.5":0.5912037037037037,"test_precision0.75":0.30000001192092896,"test_auroc":0.565833330154419,"test_precision0.25":0.30000001192092896,"_wandb":{"runtime":5441},"test_balanced_accuracy0.5":0.525,"val_recall0.75":0.29629629850387573,"test_balanced_accuracy0.25":0.5333333333333333,"val_precision0.75":0.3636363744735718,"test_accuracy0.5":0.6875,"test_recall0.25":0.30000001192092896,"test_recall0.75":0.15000000596046448,"test_balanced_accuracy0.75":0.5166666666666666,"val_balanced_accuracy0.25":0.5907407407407407,"_step":222,"train_loss":0.16729618608951569,"val_precision0.25":0.3513513505458832,"val_accuracy0.5":0.6822429895401001,"_timestamp":1.7550580328176634e+09}