{"test_recall0.75":0.05000000074505806,"test_accuracy0.25":0.5249999761581421,"test_balanced_accuracy0.5":0.5416666666666666,"train_loss":0.7436034083366394,"test_balanced_accuracy0.75":0.5,"val_auroc":0.4974214434623718,"_step":999,"test_auroc":0.5225000381469727,"val_accuracy0.5":0.6320754885673523,"val_recall0.75":0,"val_recall0.5":0.18518517911434174,"_runtime":5314.839246755,"test_accuracy0.5":0.7124999761581421,"val_balanced_accuracy0.5":0.4849976558837318,"val_precision0.25":0.2916666567325592,"test_precision0.75":0.25,"_wandb":{"runtime":5314},"_timestamp":1.7538937346954732e+09,"test_precision0.25":0.21875,"test_recall0.25":0.3499999940395355,"val_balanced_accuracy0.75":0.46835443037974683,"train_auroc":0.9683984518051147,"test_balanced_accuracy0.25":0.4666666666666667,"test_recall0.5":0.20000000298023224,"val_accuracy0.25":0.5566037893295288,"val_accuracy0.75":0.698113203048706,"val_balanced_accuracy0.25":0.5440693858415377,"test_precision0.5":0.3636363744735718,"test_accuracy0.75":0.7250000238418579,"val_precision0.5":0.22727273404598236,"val_recall0.25":0.5185185074806213,"val_precision0.75":0}