{"val_auroc":0.5,"test_recall":0.05000000074505806,"test_precision":0.3333333432674408,"_step":59,"_timestamp":1.747695250846964e+09,"_runtime":519.240052396,"val_accuracy":0.75,"val_recall":0,"val_precision":0,"test_accuracy":0.7341772317886353,"_wandb":{"runtime":520},"test_auroc":0.5080508589744568,"train_loss":0.36616310477256775,"val_loss":0.3919013738632202,"train_auroc":0.5}