{"_wandb":{"runtime":211},"val_balanced_accuracy":0.5,"train_auroc":0.6791350245475769,"test_balanced_accuracy":0.5,"test_precision":0,"test_accuracy":0.75,"val_auroc":0.4928571581840515,"val_loss":1.7318557500839233,"val_accuracy":0.7407407164573669,"_timestamp":1.749498961809802e+09,"val_precision":0,"train_loss":1.6609402894973755,"_step":50,"test_recall":0,"test_auroc":0.5604530572891235,"_runtime":211.977537041,"val_recall":0}