{"val_precision0.5":0.4000000059604645,"val_balanced_accuracy0.75":0.5520934761441091,"_step":421,"_timestamp":1.7509360874118817e+09,"test_recall0.5":0.3499999940395355,"test_precision0.25":0.5333333611488342,"val_accuracy0.5":0.7142857313156128,"test_accuracy0.25":0.7594936490058899,"val_precision0.25":0.3199999928474426,"val_auroc":0.5764362215995789,"test_precision0.75":0.375,"val_precision0.75":0.375,"val_balanced_accuracy0.5":0.5778967867575462,"test_accuracy0.75":0.7215189933776855,"_wandb":{"runtime":4541},"test_precision0.5":0.5,"test_auroc":0.5677966475486755,"train_auroc":1,"train_loss":0.011849830858409405,"test_recall0.25":0.4000000059604645,"val_recall0.75":0.23076923191547394,"test_balanced_accuracy0.5":0.6156779661016949,"test_balanced_accuracy0.75":0.5326271186440678,"val_balanced_accuracy0.25":0.5462512171372931,"test_balanced_accuracy0.25":0.6406779661016949,"val_accuracy0.25":0.6666666865348816,"val_recall0.5":0.3076923191547394,"val_recall0.25":0.3076923191547394,"test_accuracy0.5":0.746835470199585,"val_accuracy0.75":0.7142857313156128,"test_recall0.75":0.15000000596046448,"_runtime":4541.299439055}