{"test_balanced_accuracy0.5":0.5416666666666666,"train_auroc":0.6155218482017517,"train_loss":2.0607059001922607,"test_balanced_accuracy0.75":0.5,"test_accuracy0.75":0.75,"val_recall0.5":0.7692307829856873,"val_auroc":0.550000011920929,"test_auroc":0.565833330154419,"test_recall0.75":0,"_timestamp":1.753522472227868e+09,"val_balanced_accuracy0.75":0.5,"val_balanced_accuracy0.25":0.5,"val_recall0.75":0,"_wandb":{"runtime":1041},"test_precision0.75":0,"val_accuracy0.5":0.33018869161605835,"_runtime":1041.798523758,"test_precision0.5":0.27272728085517883,"test_accuracy0.25":0.25,"val_precision0.5":0.23529411852359772,"val_precision0.25":0.24528302252292633,"test_recall0.5":0.75,"val_balanced_accuracy0.5":0.47836538461538464,"val_accuracy0.25":0.24528302252292633,"test_accuracy0.5":0.4375,"val_accuracy0.75":0.7547169923782349,"val_precision0.75":0,"test_recall0.25":1,"val_recall0.25":1,"test_precision0.25":0.25,"test_balanced_accuracy0.25":0.5,"_step":292}