{"test_recall0.75":0.5,"_wandb":{"runtime":2876},"test_auroc":0.551694929599762,"val_balanced_accuracy0.25":0.5934761441090555,"val_precision0.75":0.32608696818351746,"val_balanced_accuracy0.5":0.5545277507302824,"test_recall0.25":0.6499999761581421,"test_precision0.5":0.25,"test_accuracy0.25":0.4177215099334717,"test_accuracy0.5":0.4683544337749481,"test_balanced_accuracy0.5":0.49533898305084745,"test_precision0.75":0.2777777910232544,"test_accuracy0.75":0.5443037748336792,"val_recall0.75":0.5769230723381042,"val_accuracy0.75":0.6000000238418579,"test_recall0.5":0.550000011920929,"test_precision0.25":0.25,"val_recall0.25":0.7692307829856873,"_runtime":2876.095344506,"test_balanced_accuracy0.75":0.5296610169491525,"train_auroc":0.9992789030075073,"_step":582,"val_precision0.5":0.2857142984867096,"val_accuracy0.5":0.523809552192688,"val_precision0.25":0.3030303120613098,"train_loss":0.09522972255945206,"test_balanced_accuracy0.25":0.4944915254237288,"_timestamp":1.751449119890774e+09,"val_accuracy0.25":0.5047619342803955,"val_auroc":0.5822784900665283,"val_balanced_accuracy0.75":0.5922590068159688,"val_recall0.5":0.6153846383094788}