{"val_balanced_accuracy0.5":0.5214216163583252,"test_balanced_accuracy0.25":0.5207627118644068,"train_auroc":0.998397707939148,"val_precision0.75":0.25,"_wandb":{"runtime":3967},"test_precision0.5":0.21875,"val_auroc":0.5365141034126282,"val_balanced_accuracy0.75":0.5012171372930867,"test_accuracy0.75":0.594936728477478,"val_accuracy0.75":0.6571428775787354,"test_recall0.5":0.3499999940395355,"test_balanced_accuracy0.75":0.46440677966101696,"test_recall0.75":0.20000000298023224,"test_precision0.25":0.26829269528388977,"_runtime":3967.381551557,"val_precision0.5":0.2702702581882477,"_step":884,"_timestamp":1.7507295570953503e+09,"val_balanced_accuracy0.25":0.5355404089581305,"val_accuracy0.5":0.5904762148857117,"test_recall0.25":0.550000011920929,"val_precision0.25":0.2711864411830902,"test_accuracy0.5":0.5189873576164246,"test_balanced_accuracy0.5":0.463135593220339,"val_recall0.5":0.38461539149284363,"test_auroc":0.5211864709854126,"val_recall0.75":0.19230769574642181,"val_recall0.25":0.6153846383094788,"test_accuracy0.25":0.5063291192054749,"train_loss":0.1259099245071411,"test_precision0.75":0.20000000298023224,"val_accuracy0.25":0.4952380955219269}