{"test_recall":0,"val_loss":1.7324154376983643,"val_recall":0,"_step":50,"val_balanced_accuracy":0.5,"test_precision":0,"val_auroc":0.41428571939468384,"train_auroc":0.5743229985237122,"val_precision":0,"val_accuracy":0.7407407164573669,"test_balanced_accuracy":0.5,"_timestamp":1.7495013353480837e+09,"_runtime":203.952638579,"test_auroc":0.5944291353225708,"train_loss":1.6849777698516846,"_wandb":{"runtime":203},"test_accuracy":0.75}