{"val_accuracy0.75":0.663551390171051,"test_balanced_accuracy0.25":0.55,"test_auroc":0.534583330154419,"val_balanced_accuracy0.5":0.5784722222222223,"_timestamp":1.7549948823331435e+09,"test_precision0.75":0.3333333432674408,"val_precision0.25":0.32499998807907104,"test_recall0.5":0.4000000059604645,"val_precision0.5":0.34285715222358704,"test_balanced_accuracy0.75":0.5666666666666667,"test_accuracy0.5":0.6499999761581421,"test_precision0.25":0.30000001192092896,"test_recall0.25":0.44999998807907104,"test_accuracy0.25":0.6000000238418579,"val_recall0.75":0.40740740299224854,"val_recall0.25":0.48148149251937866,"train_loss":0.04572617635130882,"test_recall0.75":0.4000000059604645,"val_precision0.75":0.35483869910240173,"val_balanced_accuracy0.75":0.5787037037037037,"val_accuracy0.5":0.644859790802002,"val_balanced_accuracy0.25":0.5719907407407407,"test_accuracy0.75":0.6499999761581421,"_wandb":{"runtime":43844},"train_auroc":0.9999218583106995,"test_precision0.5":0.3333333432674408,"_runtime":43844.234871205,"_step":999,"val_recall0.5":0.4444444477558136,"test_balanced_accuracy0.5":0.5666666666666667,"val_auroc":0.5777777433395386,"val_accuracy0.25":0.6168224215507507}