{"test_accuracy0.25":0.25,"test_balanced_accuracy0.25":0.5,"val_accuracy0.25":0.25233644247055054,"val_recall0.75":0,"_timestamp":1.754588947864373e+09,"test_balanced_accuracy0.5":0.5,"_runtime":6620.367226853,"val_balanced_accuracy0.25":0.5,"val_recall0.25":1,"val_precision0.75":0,"val_precision0.25":0.25233644247055054,"test_auroc":0.5450000166893005,"test_balanced_accuracy0.75":0.5,"train_auroc":0.43753907084465027,"val_recall0.5":1,"test_accuracy0.5":0.25,"test_precision0.25":0.25,"test_recall0.5":1,"_wandb":{"runtime":6620},"val_balanced_accuracy0.75":0.5,"test_precision0.75":0,"val_balanced_accuracy0.5":0.5,"_step":150,"test_accuracy0.75":0.75,"val_accuracy0.75":0.7476635575294495,"test_recall0.25":1,"test_precision0.5":0.25,"val_accuracy0.5":0.25233644247055054,"test_recall0.75":0,"val_auroc":0.4525463283061981,"val_precision0.5":0.25233644247055054,"train_loss":2.0798089504241943}