{"val_balanced_accuracy0.5":0.5,"test_precision0.75":0,"val_accuracy0.25":0.5047619342803955,"_timestamp":1.7501455021765893e+09,"val_recall0.5":0,"val_recall0.25":0.5384615659713745,"test_balanced_accuracy0.5":0.5,"val_auroc":0.5340798497200012,"_step":999,"val_balanced_accuracy0.25":0.5160662122687439,"_wandb":{"runtime":4001},"test_balanced_accuracy0.75":0.5,"val_accuracy0.75":0.7523809671401978,"test_precision0.25":0.302325576543808,"val_precision0.75":0,"test_recall0.5":0,"val_precision0.5":0,"val_recall0.75":0,"val_precision0.25":0.25925925374031067,"test_precision0.5":0,"test_recall0.75":0,"val_balanced_accuracy0.75":0.5,"_runtime":4001.282744429,"test_recall0.25":0.6499999761581421,"test_accuracy0.75":0.746835470199585,"test_accuracy0.5":0.746835470199585,"test_accuracy0.25":0.5316455960273743,"train_auroc":0.6150194406509399,"train_loss":1.668611764907837,"test_balanced_accuracy0.25":0.5707627118644067,"test_auroc":0.5398305058479309,"val_accuracy0.5":0.7523809671401978}