{"_timestamp":1.74745875779416e+09,"val_loss":0.3730051517486572,"_wandb":{"runtime":746},"val_auroc":0.5,"test_recall":0,"_step":35,"test_precision":0,"val_accuracy":0.75,"test_auroc":0.5,"_runtime":744.377823056,"val_recall":0,"train_auroc":0.5,"val_precision":0,"train_loss":0.37470823526382446,"test_accuracy":0.746835470199585}