{"val_loss":1.167935848236084,"_step":39,"val_auroc":0.5416666269302368,"train_auroc":0.5416666269302368,"test_auroc":0.5012711882591248,"val_recall":0.75,"val_accuracy":0.4375,"test_recall":0.8500000238418579,"train_loss":1.167935848236084,"val_precision":0.27272728085517883,"test_accuracy":0.3291139304637909,"test_precision":0.2537313401699066,"_timestamp":1.7474245038668492e+09,"_runtime":612.424447465,"_wandb":{"runtime":613}}