{"test_recall0.75":0.25,"val_balanced_accuracy0.5":0.5652385589094451,"val_accuracy0.25":0.6571428775787354,"val_recall0.5":0.3076923191547394,"test_balanced_accuracy0.5":0.6156779661016949,"test_accuracy0.5":0.746835470199585,"test_accuracy0.75":0.7341772317886353,"val_accuracy0.5":0.6952381134033203,"test_precision0.5":0.5,"test_precision0.25":0.5,"val_accuracy0.75":0.7142857313156128,"_step":333,"_timestamp":1.7509258461757126e+09,"_wandb":{"runtime":3436},"_runtime":3436.664087172,"val_precision0.75":0.375,"test_recall0.25":0.3499999940395355,"val_recall0.25":0.3076923191547394,"val_precision0.25":0.3076923191547394,"val_balanced_accuracy0.25":0.5399221032132424,"train_loss":0.006020985543727875,"test_balanced_accuracy0.75":0.5741525423728814,"val_auroc":0.572541356086731,"test_recall0.5":0.3499999940395355,"test_auroc":0.5771186351776123,"val_precision0.5":0.3636363744735718,"test_accuracy0.25":0.746835470199585,"test_balanced_accuracy0.25":0.6156779661016949,"val_balanced_accuracy0.75":0.5520934761441091,"val_recall0.75":0.23076923191547394,"train_auroc":1,"test_precision0.75":0.4545454680919647}