{"test_precision0.25":0.2857142984867096,"test_balanced_accuracy0.5":0.5050847457627119,"_runtime":1517.601185906,"val_accuracy0.5":0.5333333611488342,"val_balanced_accuracy0.25":0.439143135345667,"_step":428,"test_recall0.75":0.4000000059604645,"test_precision0.5":0.25806450843811035,"val_precision0.25":0.20000000298023224,"test_accuracy0.5":0.5569620132446289,"_timestamp":1.7502464779557953e+09,"train_loss":0.05139853060245514,"test_auroc":0.5605932474136353,"val_recall0.75":0.23076923191547394,"train_auroc":0.9995192289352417,"test_precision0.75":0.2666666805744171,"test_balanced_accuracy0.75":0.5135593220338983,"val_accuracy0.75":0.5428571701049805,"test_recall0.5":0.4000000059604645,"test_accuracy0.25":0.5569620132446289,"val_precision0.5":0.20512820780277252,"val_balanced_accuracy0.75":0.43816942551119764,"_wandb":{"runtime":1517},"test_recall0.25":0.5,"val_recall0.25":0.38461539149284363,"test_balanced_accuracy0.25":0.538135593220339,"val_precision0.75":0.1764705926179886,"val_accuracy0.25":0.46666666865348816,"val_balanced_accuracy0.5":0.45764362220058424,"test_accuracy0.75":0.5696202516555786,"val_recall0.5":0.3076923191547394,"val_auroc":0.4079844355583191}