{"train_loss":0.00048342454829253256,"val_recall":0.1428571492433548,"test_balanced_accuracy":0.494949494949495,"_runtime":1238.213190296,"val_balanced_accuracy":0.5464285714285714,"test_precision":0.23529411852359772,"val_auroc":0.5357142686843872,"test_auroc":0.5130088329315186,"val_loss":9.386100769042969,"_wandb":{"runtime":1238},"_step":106,"val_precision":0.5,"_timestamp":1.7495171347426121e+09,"test_recall":0.12121212482452393,"val_accuracy":0.7407407164573669,"test_accuracy":0.6818181872367859,"train_auroc":1}