{"val_precision0.5":0.2857142984867096,"test_balanced_accuracy0.75":0.4583333333333333,"val_precision0.75":0.25,"val_balanced_accuracy0.5":0.505787037037037,"val_balanced_accuracy0.25":0.49953703703703706,"test_accuracy0.5":0.7124999761581421,"test_precision0.25":0.25,"train_auroc":1,"val_balanced_accuracy0.75":0.49976851851851856,"val_accuracy0.25":0.7102803587913513,"val_accuracy0.75":0.7289719581604004,"test_precision0.5":0.2857142984867096,"test_auroc":0.5416666865348816,"_runtime":2420.166616328,"test_precision0.75":0,"test_balanced_accuracy0.25":0.5,"val_recall0.25":0.07407407462596893,"val_precision0.25":0.25,"_wandb":{"runtime":2420},"test_accuracy0.75":0.6875,"val_recall0.75":0.03703703731298447,"val_recall0.5":0.07407407462596893,"_step":384,"val_auroc":0.5555555820465088,"test_recall0.75":0,"test_recall0.5":0.10000000149011612,"test_accuracy0.25":0.699999988079071,"test_balanced_accuracy0.5":0.5083333333333333,"_timestamp":1.7550287219739313e+09,"test_recall0.25":0.10000000149011612,"val_accuracy0.5":0.7196261882781982,"train_loss":8.718295430298895e-05}