{"test_auroc":0.400847464799881,"val_auroc":0.4600778818130493,"_wandb":{"runtime":1704},"test_accuracy0.75":0.6708860993385315,"val_accuracy0.75":0.6666666865348816,"test_accuracy0.25":0.6582278609275818,"val_balanced_accuracy0.75":0.4817429406037001,"test_recall0.75":0.10000000149011612,"test_precision0.75":0.20000000298023224,"test_balanced_accuracy0.25":0.4902542372881356,"train_loss":1.0052332982013468e-05,"test_balanced_accuracy0.75":0.4822033898305085,"_runtime":1704.251469643,"test_precision0.25":0.23076923191547394,"val_accuracy0.5":0.6666666865348816,"val_recall0.5":0.11538461595773697,"test_recall0.5":0.10000000149011612,"val_recall0.75":0.11538461595773697,"_step":499,"test_balanced_accuracy0.5":0.473728813559322,"test_accuracy0.5":0.6582278609275818,"val_precision0.75":0.20000000298023224,"val_recall0.25":0.11538461595773697,"val_balanced_accuracy0.5":0.4817429406037001,"train_auroc":1,"val_accuracy0.25":0.6380952596664429,"val_precision0.25":0.1666666716337204,"val_balanced_accuracy0.25":0.4627555988315482,"test_recall0.25":0.15000000596046448,"test_precision0.5":0.1818181872367859,"val_precision0.5":0.20000000298023224,"_timestamp":1.7497971084070058e+09}