{"test_precision":0,"val_loss":0.3737240731716156,"train_loss":0.35582441091537476,"val_precision":0,"test_recall":0,"val_auroc":0.5,"_timestamp":1.7476956004685109e+09,"train_auroc":0.5,"val_recall":0,"val_accuracy":0.75,"_wandb":{"runtime":348},"test_accuracy":0.746835470199585,"_runtime":347.619329037,"_step":35,"test_auroc":0.5}