{"train_auroc":1,"test_auroc":0.4725000262260437,"val_accuracy0.75":0.7009345889091492,"val_precision0.25":0.2857142984867096,"test_recall0.5":0.20000000298023224,"val_accuracy0.25":0.663551390171051,"test_precision0.75":0.3333333432674408,"val_balanced_accuracy0.5":0.5175925925925926,"val_auroc":0.5833333134651184,"train_loss":5.4199663281906396e-05,"val_recall0.5":0.18518517911434174,"test_recall0.25":0.20000000298023224,"test_accuracy0.5":0.6875,"val_accuracy0.5":0.6822429895401001,"test_balanced_accuracy0.25":0.5,"val_balanced_accuracy0.75":0.517824074074074,"_wandb":{"runtime":960},"val_precision0.75":0.3076923191547394,"_step":330,"test_accuracy0.75":0.7124999761581421,"_timestamp":1.753489294496938e+09,"val_precision0.5":0.29411765933036804,"test_accuracy0.25":0.6499999761581421,"test_precision0.5":0.3076923191547394,"test_recall0.75":0.15000000596046448,"val_recall0.25":0.2222222238779068,"test_balanced_accuracy0.5":0.525,"val_recall0.75":0.14814814925193787,"_runtime":960.856241779,"test_balanced_accuracy0.75":0.525,"val_balanced_accuracy0.25":0.5173611111111112,"test_precision0.25":0.25}