{"test_precision0.25":0.23076923191547394,"val_precision0.25":0.2777777910232544,"test_precision0.5":0.2222222238779068,"val_balanced_accuracy0.5":0.5729166666666666,"test_accuracy0.75":0.6875,"_wandb":{"runtime":44597},"val_balanced_accuracy0.25":0.5453703703703703,"test_balanced_accuracy0.5":0.49166666666666664,"val_recall0.75":0.2222222238779068,"test_balanced_accuracy0.75":0.47500000000000003,"_runtime":44597.734977953,"test_recall0.25":0.6000000238418579,"test_precision0.75":0.1428571492433548,"test_balanced_accuracy0.25":0.4666666666666667,"train_loss":1.4154142141342163,"val_recall0.25":0.7407407164573669,"val_precision0.5":0.375,"test_recall0.5":0.10000000149011612,"test_auroc":0.46000000834465027,"_step":999,"val_auroc":0.6083333492279053,"val_accuracy0.75":0.7009345889091492,"val_accuracy0.5":0.6915887594223022,"val_precision0.75":0.3529411852359772,"test_recall0.75":0.05000000074505806,"_timestamp":1.7548191014823256e+09,"test_accuracy0.5":0.6875,"test_accuracy0.25":0.4000000059604645,"train_auroc":0.8203906416893005,"val_balanced_accuracy0.75":0.5423611111111111,"val_recall0.5":0.3333333432674408,"val_accuracy0.25":0.44859811663627625}