{"train_loss":1.6980589628219604,"val_balanced_accuracy":0.5,"_runtime":495.089635373,"_timestamp":1.749588891865932e+09,"test_precision":0,"test_accuracy":0.7557252049446106,"test_auroc":0.45991161465644836,"_step":70,"val_precision":0,"train_auroc":0.5923584699630737,"test_balanced_accuracy":0.5,"val_auroc":0.7142857313156128,"test_recall":0,"val_loss":1.7247371673583984,"val_accuracy":0.7407407164573669,"_wandb":{"runtime":495},"val_recall":0}