{"val_accuracy":0.5,"val_loss":0.8089046478271484,"_timestamp":1.747848051959777e+09,"train_auroc":0.5555555820465088,"_wandb":{"runtime":45},"_runtime":45.986126,"val_balanced_accuracy":0.5,"train_loss":0.9964725971221924,"_step":0,"val_auroc":1,"val_precision":0.5,"val_recall":0.5}