{"val_recall0.5":0.26923078298568726,"val_recall0.25":0.26923078298568726,"test_balanced_accuracy0.25":0.4813559322033898,"train_auroc":1,"test_balanced_accuracy0.75":0.5072033898305085,"test_accuracy0.5":0.6708860993385315,"val_balanced_accuracy0.5":0.5523369036027264,"train_loss":2.858189191101701e-06,"_timestamp":1.749859029642683e+09,"_runtime":2103.283443443,"test_precision0.5":0.2857142984867096,"test_recall0.5":0.20000000298023224,"val_auroc":0.4868549108505249,"test_recall0.25":0.20000000298023224,"val_balanced_accuracy0.75":0.5649951314508277,"test_accuracy0.25":0.6202531456947327,"val_balanced_accuracy0.25":0.5333495618305745,"_step":499,"test_recall0.75":0.15000000596046448,"val_precision0.25":0.30434781312942505,"val_recall0.75":0.26923078298568726,"val_precision0.5":0.3499999940395355,"test_accuracy0.75":0.6835442781448364,"test_precision0.25":0.2222222238779068,"val_accuracy0.25":0.6666666865348816,"val_precision0.75":0.3888888955116272,"test_balanced_accuracy0.5":0.5152542372881356,"_wandb":{"runtime":2103},"val_accuracy0.5":0.6952381134033203,"test_precision0.75":0.27272728085517883,"val_accuracy0.75":0.7142857313156128,"test_auroc":0.48177963495254517}