{"val_accuracy0.75":0.7460317611694336,"test_accuracy0.5":0.746835470199585,"test_auroc":0.510169506072998,"test_recall0.25":0,"test_accuracy0.75":0.746835470199585,"val_precision0.25":0,"val_precision0.5":0,"test_recall0.5":0,"train_auroc":0.45152801275253296,"test_precision0.5":0,"val_auroc":0.47074469923973083,"val_recall0.5":0,"_runtime":38.065048955,"_timestamp":1.7497377922177238e+09,"test_precision0.75":0,"val_recall0.25":0,"val_recall0.75":0,"val_balanced_accuracy0.75":0.5,"val_accuracy0.25":0.7460317611694336,"train_loss":1.7243173122406006,"test_balanced_accuracy0.5":0.5,"_step":4,"val_precision0.75":0,"test_accuracy0.25":0.746835470199585,"test_balanced_accuracy0.75":0.5,"test_precision0.25":0,"test_balanced_accuracy0.25":0.5,"val_accuracy0.5":0.7460317611694336,"_wandb":{"runtime":38},"val_balanced_accuracy0.5":0.5,"test_recall0.75":0,"val_balanced_accuracy0.25":0.5}