{"val_recall0.25":0.3076923191547394,"val_accuracy0.5":0.6792452931404114,"_runtime":1484.755842109,"val_auroc":0.5302884578704834,"test_accuracy0.25":0.625,"test_recall0.25":0.30000001192092896,"test_recall0.5":0.20000000298023224,"test_auroc":0.49666666984558105,"val_recall0.5":0.19230769574642181,"val_precision0.75":0.4444444477558136,"val_precision0.5":0.2777777910232544,"val_balanced_accuracy0.25":0.5350961538461538,"_timestamp":1.7551688303114653e+09,"test_balanced_accuracy0.5":0.4916666666666667,"test_recall0.75":0.10000000149011612,"test_accuracy0.75":0.6875,"test_accuracy0.5":0.637499988079071,"_wandb":{"runtime":1484},"test_precision0.75":0.2222222238779068,"train_loss":0.25795140862464905,"test_precision0.25":0.27272728085517883,"test_balanced_accuracy0.75":0.49166666666666664,"train_auroc":0.9991692900657654,"val_balanced_accuracy0.5":0.5149038461538462,"test_precision0.5":0.23529411852359772,"val_accuracy0.75":0.7452830076217651,"val_accuracy0.25":0.650943398475647,"test_balanced_accuracy0.25":0.5166666666666666,"val_precision0.25":0.29629629850387573,"val_balanced_accuracy0.75":0.5456730769230769,"val_recall0.75":0.1538461595773697,"_step":210}