{"_step":999,"val_balanced_accuracy0.75":0.49375,"test_balanced_accuracy0.25":0.5,"val_balanced_accuracy0.25":0.525,"test_auroc":0.4841666519641876,"test_recall0.5":0.20000000298023224,"val_recall0.25":1,"test_precision0.5":0.25,"test_balanced_accuracy0.5":0.5,"test_accuracy0.25":0.2750000059604645,"val_accuracy0.5":0.7075471878051758,"test_accuracy0.75":0.75,"val_precision0.5":0.3529411852359772,"train_loss":1.6525989770889282,"test_precision0.25":0.25,"_timestamp":1.7531764458559139e+09,"val_accuracy0.25":0.2830188572406769,"test_recall0.75":0.05000000074505806,"test_recall0.25":0.949999988079071,"train_auroc":0.7984256744384766,"val_accuracy0.75":0.7452830076217651,"val_auroc":0.5855768918991089,"val_balanced_accuracy0.5":0.5466346153846154,"val_recall0.5":0.23076923191547394,"_runtime":3986.399151527,"val_precision0.25":0.2549019753932953,"test_accuracy0.5":0.6499999761581421,"_wandb":{"runtime":3986},"test_precision0.75":0.5,"test_balanced_accuracy0.75":0.5166666666666666,"val_recall0.75":0,"val_precision0.75":0}