{"val_accuracy0.5":0.7523809671401978,"val_recall0.75":0,"val_balanced_accuracy0.5":0.5,"_timestamp":1.7505372009575083e+09,"val_balanced_accuracy0.75":0.5,"_step":211,"test_accuracy0.25":0.2531645596027374,"test_balanced_accuracy0.5":0.5,"test_recall0.5":0,"test_balanced_accuracy0.25":0.5,"val_precision0.5":0,"val_precision0.25":0.24761904776096344,"test_precision0.5":0,"val_accuracy0.25":0.24761904776096344,"_runtime":960.467154761,"test_recall0.25":1,"train_auroc":0.40944498777389526,"val_recall0.25":1,"test_recall0.75":0,"val_auroc":0.3812074065208435,"test_balanced_accuracy0.75":0.5,"test_accuracy0.75":0.746835470199585,"test_precision0.25":0.2531645596027374,"test_auroc":0.49703389406204224,"test_precision0.75":0,"test_accuracy0.5":0.746835470199585,"val_recall0.5":0,"train_loss":1.698037028312683,"val_accuracy0.75":0.7523809671401978,"_wandb":{"runtime":960},"val_balanced_accuracy0.25":0.5,"val_precision0.75":0}