{"val_balanced_accuracy0.5":0.5,"test_precision0.25":0.2531645596027374,"val_recall0.5":0,"val_accuracy0.75":0.7523809671401978,"_timestamp":1.751374499894724e+09,"val_recall0.75":0,"_wandb":{"runtime":2241},"test_recall0.5":0,"test_auroc":0.5,"val_accuracy0.25":0.24761904776096344,"test_balanced_accuracy0.25":0.5,"val_precision0.75":0,"test_precision0.5":0,"val_auroc":0.5,"val_balanced_accuracy0.75":0.5,"test_balanced_accuracy0.75":0.5,"_step":297,"test_recall0.25":1,"test_accuracy0.75":0.746835470199585,"test_balanced_accuracy0.5":0.5,"test_recall0.75":0,"val_precision0.25":0.24761904776096344,"train_loss":2.093228578567505,"test_accuracy0.25":0.2531645596027374,"train_auroc":0.48407500982284546,"test_precision0.75":0,"val_recall0.25":1,"val_precision0.5":0,"test_accuracy0.5":0.746835470199585,"_runtime":2241.388525837,"val_accuracy0.5":0.7523809671401978,"val_balanced_accuracy0.25":0.5}