{"_timestamp":1.749564155034351e+09,"test_accuracy":0.7480915784835815,"test_precision":0,"_wandb":{"runtime":266},"_step":58,"val_auroc":0.5928571224212646,"val_precision":0,"val_recall":0,"val_balanced_accuracy":0.5,"val_loss":1.7181278467178345,"test_balanced_accuracy":0.5,"train_auroc":0.5845602750778198,"train_loss":1.674970269203186,"_runtime":266.143734387,"test_recall":0,"test_auroc":0.5324675440788269,"val_accuracy":0.7407407164573669}