{"val_balanced_accuracy0.25":0.4914351851851852,"test_balanced_accuracy0.5":0.38333333333333336,"val_accuracy0.25":0.5514018535614014,"val_accuracy0.75":0.7196261882781982,"val_precision0.5":0.27272728085517883,"val_recall0.25":0.37037035822868347,"test_recall0.25":0.15000000596046448,"test_accuracy0.75":0.6499999761581421,"_runtime":5751.769312381,"train_loss":0.37984761595726013,"test_accuracy0.25":0.5375000238418579,"test_accuracy0.5":0.550000011920929,"test_precision0.5":0.0555555559694767,"val_precision0.25":0.24390244483947754,"val_recall0.75":0.14814814925193787,"train_auroc":0.9886871576309204,"val_recall0.5":0.2222222238779068,"_timestamp":1.7539759771980813e+09,"test_auroc":0.4608333706855774,"val_balanced_accuracy0.5":0.5111111111111111,"val_precision0.75":0.3636363744735718,"test_recall0.75":0.05000000074505806,"test_precision0.25":0.1304347813129425,"test_balanced_accuracy0.75":0.45,"_wandb":{"runtime":5751},"_step":999,"test_balanced_accuracy0.25":0.4083333333333333,"val_auroc":0.5259259343147278,"test_recall0.5":0.05000000074505806,"test_precision0.75":0.10000000149011612,"val_balanced_accuracy0.75":0.530324074074074,"val_accuracy0.5":0.6542056202888489}