{"test_recall0.5":0.550000011920929,"_wandb":{"runtime":1204},"val_balanced_accuracy0.5":0.5462962962962963,"test_precision0.5":0.28947368264198303,"_runtime":1204.072199769,"val_recall0.25":1,"test_accuracy0.75":0.75,"train_loss":2.031905174255371,"test_balanced_accuracy0.25":0.5,"val_recall0.75":0,"val_precision0.25":0.25233644247055054,"test_balanced_accuracy0.75":0.5,"test_accuracy0.25":0.25,"train_auroc":0.6079095005989075,"val_accuracy0.5":0.5233644843101501,"val_balanced_accuracy0.25":0.5,"test_recall0.25":1,"val_precision0.5":0.2857142984867096,"val_accuracy0.75":0.7476635575294495,"val_accuracy0.25":0.25233644247055054,"test_precision0.75":0,"val_precision0.75":0,"val_balanced_accuracy0.75":0.5,"test_balanced_accuracy0.5":0.55,"val_recall0.5":0.5925925970077515,"val_auroc":0.5495370626449585,"test_auroc":0.5250000357627869,"_timestamp":1.753515050655484e+09,"test_recall0.75":0,"_step":320,"test_accuracy0.5":0.550000011920929,"test_precision0.25":0.25}