{"val_precision0.25":0.09090909361839294,"val_accuracy0.5":0.6698113083839417,"test_recall0.5":0.10000000149011612,"test_recall0.75":0.10000000149011612,"test_accuracy0.25":0.6875,"test_precision0.25":0.3684210479259491,"val_balanced_accuracy0.5":0.4615564932020628,"test_accuracy0.75":0.737500011920929,"val_precision0.75":0.125,"_wandb":{"runtime":5913},"val_recall0.75":0.03703703731298447,"val_accuracy0.75":0.6886792182922363,"test_auroc":0.5708333253860474,"val_precision0.5":0.10000000149011612,"train_auroc":1,"val_balanced_accuracy0.25":0.41045475855602437,"test_recall0.25":0.3499999940395355,"test_precision0.5":0.2857142984867096,"val_accuracy0.25":0.5754716992378235,"val_auroc":0.45194560289382935,"val_recall0.5":0.03703703731298447,"test_precision0.75":0.4000000059604645,"test_accuracy0.5":0.7124999761581421,"test_balanced_accuracy0.25":0.575,"val_balanced_accuracy0.75":0.47421472105016405,"train_loss":0.27772611379623413,"_runtime":5913.989380549,"val_recall0.25":0.07407407462596893,"test_balanced_accuracy0.75":0.525,"_step":999,"_timestamp":1.7550549267308824e+09,"test_balanced_accuracy0.5":0.5083333333333333}