{"val_auroc":0.47030186653137207,"val_precision0.75":0.36000001430511475,"test_auroc":0.5559321641921997,"val_precision0.5":0.3461538553237915,"test_balanced_accuracy0.25":0.5394067796610169,"_runtime":803.861584351,"val_accuracy0.25":0.6476190686225891,"val_recall0.5":0.3461538553237915,"val_balanced_accuracy0.5":0.5654819863680622,"_step":295,"val_recall0.75":0.3461538553237915,"test_precision0.25":0.30434781312942505,"test_accuracy0.5":0.6582278609275818,"val_balanced_accuracy0.75":0.5718111002921129,"val_accuracy0.75":0.6857143044471741,"test_accuracy0.25":0.6329113841056824,"val_balanced_accuracy0.25":0.5464946445959105,"test_accuracy0.75":0.7215189933776855,"test_recall0.5":0.30000001192092896,"test_recall0.75":0.30000001192092896,"test_recall0.25":0.3499999940395355,"train_loss":0.04416821151971817,"test_precision0.75":0.4285714328289032,"train_auroc":0.9991480112075806,"val_precision0.25":0.3103448152542114,"_wandb":{"runtime":803},"val_recall0.25":0.3461538553237915,"test_balanced_accuracy0.5":0.5398305084745763,"test_balanced_accuracy0.75":0.5822033898305085,"_timestamp":1.750231990812947e+09,"test_precision0.5":0.31578946113586426,"val_accuracy0.5":0.6761904954910278}