{"val_balanced_accuracy0.5":0.5,"test_accuracy0.5":0.75,"_timestamp":1.754915070567959e+09,"test_balanced_accuracy0.75":0.5,"val_accuracy0.25":0.25471699237823486,"train_surv_loss":1.000447154045105,"test_auroc":0.5,"test_recall0.5":0,"_wandb":{"runtime":4339},"val_precision0.5":0,"val_precision0.75":0,"train_kld_loss":0.8942694067955017,"_runtime":4339.231861632,"test_recall0.25":1,"test_precision0.75":0,"test_accuracy0.75":0.75,"val_accuracy0.5":0.7452830076217651,"train_auroc":0.4509374797344208,"val_balanced_accuracy0.25":0.5,"val_balanced_accuracy0.75":0.5,"val_recall0.25":1,"train_recon_loss_no_kld":1.310633897781372,"train_mu":2.2152446543799442e-09,"test_balanced_accuracy0.25":0.5,"val_recall0.5":0,"test_recall0.75":0,"test_precision0.5":0,"test_balanced_accuracy0.5":0.5,"val_auroc":0.5,"train_loss":2.1028988361358643,"test_accuracy0.25":0.25,"val_recall0.75":0,"val_accuracy0.75":0.7452830076217651,"_step":150,"val_precision0.25":0.25471699237823486,"train_logvar":1.6285689241613e-07,"test_precision0.25":0.25}