{"val_loss":1.7410292625427246,"_timestamp":1.7494974142623742e+09,"_step":53,"_wandb":{"runtime":206},"test_precision":0,"test_balanced_accuracy":0.5,"val_accuracy":0.7407407164573669,"val_auroc":0.4285714626312256,"val_recall":0,"val_balanced_accuracy":0.5,"_runtime":206.198324826,"train_auroc":0.7062146663665771,"val_precision":0,"train_loss":1.6706929206848145,"test_recall":0,"test_auroc":0.6085093021392822,"test_accuracy":0.75}