{"val_precision0.75":0,"test_precision0.75":0,"val_accuracy0.25":0.25233644247055054,"train_loss":265.3758544921875,"test_precision0.25":0.25,"test_recall0.5":1,"val_balanced_accuracy0.75":0.5,"test_precision0.5":0.25,"val_balanced_accuracy0.5":0.5,"val_accuracy0.75":0.7476635575294495,"val_recall0.25":1,"_runtime":462.900986055,"val_accuracy0.5":0.25233644247055054,"test_accuracy0.75":0.75,"test_accuracy0.5":0.25,"_wandb":{"runtime":462},"test_balanced_accuracy0.25":0.5,"test_recall0.75":0,"test_balanced_accuracy0.5":0.5,"val_recall0.5":1,"val_precision0.25":0.25233644247055054,"test_balanced_accuracy0.75":0.5,"_timestamp":1.7543447042442973e+09,"test_recall0.25":1,"test_accuracy0.25":0.25,"val_precision0.5":0.25233644247055054,"val_balanced_accuracy0.25":0.5,"test_auroc":0.5,"train_auroc":0.526171863079071,"val_auroc":0.5,"_step":0,"val_recall0.75":0}