{"_step":62,"_timestamp":1.7494819619451814e+09,"val_accuracy":0.7407407164573669,"test_auroc":0.5742114782333374,"val_auroc":0.6428571939468384,"train_loss":1.689075231552124,"test_recall":0,"_runtime":169.811695912,"val_precision":0,"test_balanced_accuracy":0.5,"_wandb":{"runtime":169},"val_loss":1.7281038761138916,"test_precision":0,"train_auroc":0.48130571842193604,"val_recall":0,"val_balanced_accuracy":0.5,"test_accuracy":0.7480915784835815}