{"val_loss":0.8423336148262024,"test_precision":0.3333333432674408,"_step":83,"test_accuracy":0.7215189933776855,"_runtime":682.559262087,"test_auroc":0.5161017179489136,"val_recall":0.25,"val_auroc":0.5416666269302368,"train_auroc":0.9334675073623657,"val_accuracy":0.6875,"_wandb":{"runtime":683},"val_precision":0.3333333432674408,"test_recall":0.10000000149011612,"train_loss":0.0780211091041565,"_timestamp":1.7474401205101116e+09}