{"_step":874,"test_precision0.25":0.2888889014720917,"test_balanced_accuracy0.25":0.5538135593220339,"test_accuracy0.25":0.5063291192054749,"test_balanced_accuracy0.5":0.5224576271186441,"val_auroc":0.5092502236366272,"train_auroc":1,"val_accuracy0.75":0.723809540271759,"_timestamp":1.750132695220701e+09,"test_balanced_accuracy0.75":0.4902542372881356,"test_recall0.25":0.6499999761581421,"val_balanced_accuracy0.25":0.5481986368062317,"val_precision0.75":0.38461539149284363,"test_recall0.75":0.15000000596046448,"test_accuracy0.5":0.607594907283783,"train_loss":0.2587679922580719,"val_balanced_accuracy0.5":0.4634858812074002,"val_recall0.5":0.23076923191547394,"test_precision0.75":0.23076923191547394,"val_recall0.25":0.6153846383094788,"test_accuracy0.75":0.6582278609275818,"test_auroc":0.5211864709854126,"test_precision0.5":0.2800000011920929,"val_recall0.75":0.19230769574642181,"_wandb":{"runtime":2185},"_runtime":2185.205069095,"val_accuracy0.25":0.5142857432365417,"val_precision0.5":0.20000000298023224,"test_recall0.5":0.3499999940395355,"val_accuracy0.5":0.5809524059295654,"val_precision0.25":0.28070175647735596,"val_balanced_accuracy0.75":0.5455209347614411}