{"train_loss":0.0017148529877886176,"val_precision0.25":0.24242424964904785,"val_accuracy0.75":0.6320754885673523,"test_balanced_accuracy0.25":0.5666666666666667,"test_recall0.75":0.3499999940395355,"test_recall0.25":0.3499999940395355,"val_precision0.5":0.2068965584039688,"test_accuracy0.75":0.737500011920929,"val_recall0.25":0.29629629850387573,"val_precision0.75":0.25,"test_precision0.75":0.46666666865348816,"_runtime":1396.404571003,"val_accuracy0.5":0.5849056839942932,"train_auroc":1,"test_precision0.25":0.3499999940395355,"val_auroc":0.4739803075790405,"val_balanced_accuracy0.25":0.4899203000468823,"test_balanced_accuracy0.5":0.575,"_timestamp":1.7539436799057505e+09,"val_accuracy0.25":0.5849056839942932,"test_recall0.5":0.3499999940395355,"test_accuracy0.5":0.6875,"val_balanced_accuracy0.5":0.46554149085794655,"val_recall0.5":0.2222222238779068,"test_auroc":0.6420833468437195,"test_balanced_accuracy0.75":0.6083333333333334,"val_recall0.75":0.2222222238779068,"test_precision0.5":0.3684210479259491,"_wandb":{"runtime":1396},"_step":204,"test_accuracy0.25":0.675000011920929,"val_balanced_accuracy0.75":0.4971870604781997}