{"val_precision0.5":0,"test_recall0.75":0,"train_mu":-2.703216637200967e-07,"val_balanced_accuracy0.25":0.5,"_wandb":{"runtime":2144},"test_auroc":0.5091666579246521,"train_surv_loss":1.009101152420044,"test_recall0.5":0,"test_precision0.25":0.25,"test_accuracy0.5":0.75,"val_precision0.25":0.24528302252292633,"val_precision0.75":0,"_runtime":2144.59177403,"val_accuracy0.25":0.24528302252292633,"train_logvar":-1.2454909210646292e-06,"val_recall0.75":0,"val_auroc":0.5206730365753174,"val_accuracy0.5":0.7547169923782349,"train_loss":1.5647996664047241,"_timestamp":1.754965415199862e+09,"test_precision0.75":0,"test_balanced_accuracy0.5":0.5,"test_accuracy0.25":0.25,"_step":83,"train_kld_loss":0.16649439930915833,"train_auroc":0.564712643623352,"test_accuracy0.75":0.75,"val_balanced_accuracy0.5":0.5,"test_balanced_accuracy0.25":0.5,"val_accuracy0.75":0.7547169923782349,"test_precision0.5":0,"test_balanced_accuracy0.75":0.5,"val_balanced_accuracy0.75":0.5,"train_recon_loss_no_kld":0.9449025988578796,"val_recall0.5":0,"val_recall0.25":1,"test_recall0.25":1}