{"_step":55,"_wandb":{"runtime":392},"test_auroc":0.566919207572937,"train_auroc":0.4288039803504944,"val_balanced_accuracy":0.5,"_timestamp":1.7495693239708552e+09,"val_auroc":0.5214285850524902,"val_loss":1.7283763885498047,"test_precision":0,"train_loss":1.7082064151763916,"val_recall":0,"val_precision":0,"val_accuracy":0.7407407164573669,"test_accuracy":0.7557252049446106,"_runtime":392.85530823,"test_balanced_accuracy":0.5,"test_recall":0}