{"val_precision0.5":0.25,"val_balanced_accuracy0.75":0.5053240740740741,"test_recall0.25":0.15000000596046448,"val_balanced_accuracy0.5":0.49907407407407406,"_step":192,"val_balanced_accuracy0.25":0.5113425925925926,"_runtime":1154.547418652,"test_precision0.75":0.1538461595773697,"test_accuracy0.5":0.637499988079071,"train_loss":0.014420712366700172,"val_accuracy0.25":0.672897219657898,"test_precision0.5":0.20000000298023224,"test_precision0.25":0.1875,"val_recall0.75":0.14814814925193787,"val_precision0.75":0.2666666805744171,"val_accuracy0.75":0.6822429895401001,"_timestamp":1.7539285006828456e+09,"test_recall0.5":0.15000000596046448,"test_auroc":0.4895833134651184,"test_accuracy0.25":0.625,"val_accuracy0.5":0.672897219657898,"test_balanced_accuracy0.25":0.4666666666666667,"_wandb":{"runtime":1154},"test_balanced_accuracy0.5":0.47500000000000003,"val_recall0.5":0.14814814925193787,"test_balanced_accuracy0.75":0.4583333333333333,"test_accuracy0.75":0.637499988079071,"val_precision0.25":0.2777777910232544,"test_recall0.75":0.10000000149011612,"val_auroc":0.48055556416511536,"train_auroc":1,"val_recall0.25":0.18518517911434174}