{"test_balanced_accuracy0.25":0.4711864406779661,"val_precision0.5":0.3055555522441864,"_step":228,"test_precision0.5":0.23333333432674408,"val_precision0.75":0.3235294222831726,"test_precision0.25":0.22857142984867096,"val_accuracy0.5":0.6190476417541504,"test_accuracy0.25":0.5063291192054749,"test_balanced_accuracy0.5":0.4800847457627119,"test_accuracy0.5":0.5443037748336792,"test_recall0.75":0.3499999940395355,"test_accuracy0.75":0.5696202516555786,"train_auroc":0.9996395111083984,"test_balanced_accuracy0.75":0.4970338983050847,"test_precision0.75":0.25,"test_auroc":0.5271186828613281,"val_balanced_accuracy0.5":0.5533106134371957,"_timestamp":1.7514059450041585e+09,"test_recall0.5":0.3499999940395355,"val_balanced_accuracy0.25":0.5408958130477117,"val_recall0.25":0.4615384638309479,"val_recall0.75":0.42307692766189575,"val_accuracy0.25":0.5809524059295654,"train_loss":0.04853632673621178,"val_precision0.25":0.2857142984867096,"val_accuracy0.75":0.6380952596664429,"_wandb":{"runtime":1281},"test_recall0.25":0.4000000059604645,"val_balanced_accuracy0.75":0.565968841285297,"_runtime":1281.200725529,"val_auroc":0.5104674100875854,"val_recall0.5":0.42307692766189575}