{"val_auroc":0.5714285969734192,"val_loss":3.7928733825683594,"val_recall":0.2857142984867096,"test_recall":0.21212121844291687,"val_balanced_accuracy":0.5678571428571428,"_step":53,"test_balanced_accuracy":0.4989177489177489,"test_auroc":0.5454545617103577,"_wandb":{"runtime":440},"val_accuracy":0.7037037014961243,"val_precision":0.4000000059604645,"test_precision":0.25,"_runtime":440.105597229,"train_auroc":0.9911855459213257,"train_loss":0.33758071064949036,"test_accuracy":0.6412213444709778,"_timestamp":1.7495473203880453e+09}