{"test_balanced_accuracy0.5":0.4652542372881356,"val_precision0.25":0.3076923191547394,"test_precision0.75":0.25,"test_balanced_accuracy0.25":0.5233050847457628,"test_recall0.5":0.10000000149011612,"val_recall0.75":0.07692307978868484,"test_balanced_accuracy0.75":0.49915254237288137,"val_precision0.5":0.20000000298023224,"test_auroc":0.6059321761131287,"_runtime":1010.246532429,"_timestamp":1.7501276724614055e+09,"val_balanced_accuracy0.75":0.5258033106134372,"val_recall0.5":0.07692307978868484,"val_precision0.75":0.5,"test_recall0.25":0.25,"val_balanced_accuracy0.25":0.5199610516066212,"val_accuracy0.5":0.6952381134033203,"val_balanced_accuracy0.5":0.48782862706913344,"val_auroc":0.42405062913894653,"train_loss":0.002242038957774639,"test_accuracy0.25":0.6582278609275818,"test_precision0.25":0.29411765933036804,"test_accuracy0.75":0.6962025165557861,"test_precision0.5":0.1666666716337204,"val_recall0.25":0.1538461595773697,"_wandb":{"runtime":1010},"_step":350,"test_accuracy0.5":0.6455696225166321,"test_recall0.75":0.10000000149011612,"val_accuracy0.75":0.7523809671401978,"val_accuracy0.25":0.7047619223594666,"train_auroc":1}