{"val_accuracy0.75":0.7075471878051758,"val_balanced_accuracy0.5":0.5139423076923076,"val_precision0.25":0.27272728085517883,"test_accuracy0.25":0.699999988079071,"test_recall0.25":0.10000000149011612,"val_precision0.75":0,"train_loss":0.00017323750944342464,"val_recall0.5":0.11538461595773697,"val_balanced_accuracy0.25":0.5076923076923077,"val_accuracy0.25":0.7075471878051758,"val_recall0.75":0,"test_accuracy0.75":0.737500011920929,"val_balanced_accuracy0.75":0.46875,"test_auroc":0.5808333158493042,"_step":392,"test_recall0.5":0.05000000074505806,"_runtime":2392.834825576,"test_precision0.75":0,"val_accuracy0.5":0.7169811129570007,"test_balanced_accuracy0.75":0.49166666666666664,"test_balanced_accuracy0.5":0.5083333333333333,"_timestamp":1.7534906946951501e+09,"test_precision0.25":0.25,"val_precision0.5":0.30000001192092896,"test_balanced_accuracy0.25":0.5,"test_precision0.5":0.3333333432674408,"train_auroc":1,"test_accuracy0.5":0.737500011920929,"test_recall0.75":0,"val_recall0.25":0.11538461595773697,"_wandb":{"runtime":2392},"val_auroc":0.572115421295166}