{"val_recall":0,"_step":53,"test_recall":0,"val_auroc":0.40714287757873535,"test_auroc":0.5733088254928589,"_wandb":{"runtime":371},"val_loss":1.7812601327896118,"val_balanced_accuracy":0.5,"_runtime":371.999953547,"train_loss":1.7374076843261719,"train_auroc":0.49649325013160706,"test_accuracy":0.75,"_timestamp":1.7495720501686654e+09,"test_precision":0,"val_precision":0,"val_accuracy":0.7407407164573669,"test_balanced_accuracy":0.5}