{"train_auroc":0.8288805484771729,"_timestamp":1.7495517900735047e+09,"val_accuracy":0.7777777910232544,"val_auroc":0.6571428775787354,"val_recall":0.1428571492433548,"test_recall":0.03125,"_wandb":{"runtime":1443},"train_loss":1.3058793544769287,"test_balanced_accuracy":0.5004734848484849,"val_balanced_accuracy":0.5714285714285714,"_runtime":1443.3329379,"val_loss":1.7454941272735596,"test_accuracy":0.7404580116271973,"test_precision":0.25,"test_auroc":0.5656565427780151,"_step":120,"val_precision":1}