{"val_recall0.5":0.1538461595773697,"test_precision0.5":0.5,"test_precision0.25":0.30000001192092896,"test_accuracy0.25":0.6962025165557861,"val_balanced_accuracy0.75":0.5194741966893865,"val_precision0.25":0.44999998807907104,"test_precision0.75":0,"_step":657,"test_balanced_accuracy0.5":0.5330508474576271,"train_auroc":0.9992088675498962,"test_balanced_accuracy0.75":0.4830508474576271,"test_recall0.75":0,"val_recall0.75":0.07692307978868484,"val_accuracy0.5":0.7333333492279053,"test_recall0.25":0.15000000596046448,"val_accuracy0.75":0.7428571581840515,"val_balanced_accuracy0.25":0.6034566699123661,"_runtime":1783.412814867,"_timestamp":1.7505048559178503e+09,"test_balanced_accuracy0.25":0.5156779661016949,"test_auroc":0.5813559293746948,"val_balanced_accuracy0.5":0.5389483933787731,"val_precision0.75":0.4000000059604645,"_wandb":{"runtime":1783},"val_recall0.25":0.3461538553237915,"test_recall0.5":0.10000000149011612,"val_precision0.5":0.4000000059604645,"val_auroc":0.5749756693840027,"test_accuracy0.5":0.746835470199585,"train_loss":0.08783687651157379,"test_accuracy0.75":0.7215189933776855,"val_accuracy0.25":0.7333333492279053}