{"val_balanced_accuracy0.25":0.5,"val_recall0.75":0,"val_accuracy0.25":0.24528302252292633,"test_recall0.5":0,"test_precision0.5":0,"train_kld_loss":0.00111327541526407,"val_balanced_accuracy0.5":0.5,"test_accuracy0.75":0.75,"test_recall0.75":0,"_step":104,"test_accuracy0.5":0.75,"val_balanced_accuracy0.75":0.5,"train_logvar":-5.325850906956475e-07,"train_loss":1.3830825090408325,"test_balanced_accuracy0.75":0.5,"val_precision0.25":0.24528302252292633,"test_recall0.25":1,"test_precision0.75":0,"test_precision0.25":0.25,"train_auroc":0.5119061470031738,"val_auroc":0.5579327344894409,"_timestamp":1.7549519130236382e+09,"val_recall0.5":0,"train_mu":2.0486693586008187e-07,"train_surv_loss":1.0087294578552246,"test_auroc":0.5570833086967468,"val_accuracy0.5":0.7547169923782349,"test_balanced_accuracy0.25":0.5,"test_accuracy0.25":0.25,"val_recall0.25":1,"train_recon_loss_no_kld":0.747592568397522,"test_balanced_accuracy0.5":0.5,"val_precision0.75":0,"val_precision0.5":0,"_runtime":3193.50802109,"_wandb":{"runtime":3193},"val_accuracy0.75":0.7547169923782349}