{"val_precision0.5":0.1666666716337204,"test_balanced_accuracy0.5":0.5,"test_precision0.5":0.25,"val_recall0.5":0.03703703731298447,"_runtime":2975.985792674,"val_accuracy0.25":0.6886792182922363,"test_recall0.75":0.05000000074505806,"test_auroc":0.5458333492279053,"test_recall0.25":0.10000000149011612,"train_loss":5.703671558876522e-05,"test_recall0.5":0.05000000074505806,"test_accuracy0.5":0.7250000238418579,"val_auroc":0.4763244092464447,"val_accuracy0.75":0.7169811129570007,"_step":483,"test_balanced_accuracy0.25":0.525,"val_recall0.25":0.03703703731298447,"_wandb":{"runtime":2975},"test_accuracy0.75":0.737500011920929,"test_precision0.25":0.4000000059604645,"test_precision0.75":0.3333333432674408,"val_recall0.75":0.03703703731298447,"val_precision0.25":0.125,"val_balanced_accuracy0.25":0.47421472105016405,"val_balanced_accuracy0.75":0.49320206282231593,"train_auroc":1,"test_accuracy0.25":0.737500011920929,"test_balanced_accuracy0.75":0.5083333333333333,"val_accuracy0.5":0.7075471878051758,"_timestamp":1.7550346900104911e+09,"val_balanced_accuracy0.5":0.4868729488982654,"val_precision0.75":0.20000000298023224}