{"val_auroc":0.4637293219566345,"train_auroc":1,"val_balanced_accuracy0.25":0.47711781888997085,"_step":406,"train_loss":0.0015889037167653441,"test_recall0.25":0.6499999761581421,"val_recall0.25":0.38461539149284363,"test_balanced_accuracy0.75":0.6131355932203391,"test_balanced_accuracy0.5":0.6131355932203391,"val_balanced_accuracy0.75":0.4705452775073028,"val_precision0.75":0.2195121943950653,"test_precision0.5":0.34210526943206787,"val_accuracy0.5":0.5333333611488342,"val_balanced_accuracy0.5":0.4834469328140214,"val_precision0.25":0.22727273404598236,"test_precision0.25":0.31707316637039185,"test_balanced_accuracy0.25":0.5877118644067797,"test_accuracy0.25":0.5569620132446289,"test_recall0.5":0.6499999761581421,"test_precision0.75":0.34210526943206787,"test_accuracy0.75":0.594936728477478,"val_precision0.5":0.23255814611911774,"test_auroc":0.6271186470985413,"test_accuracy0.5":0.594936728477478,"val_recall0.75":0.3461538553237915,"test_recall0.75":0.6499999761581421,"val_accuracy0.75":0.5333333611488342,"_runtime":2030.415271295,"val_recall0.5":0.38461539149284363,"_timestamp":1.7501428386625361e+09,"_wandb":{"runtime":2030},"val_accuracy0.25":0.523809552192688}