{"_step":89,"val_accuracy":0.6875,"val_auroc":0.5,"val_precision":0.25,"val_recall":0.125,"test_accuracy":0.6582278609275818,"_runtime":767.683522831,"train_loss":0.11919098347425461,"train_auroc":0.8813212513923645,"test_recall":0.3499999940395355,"_wandb":{"runtime":768},"test_precision":0.3333333432674408,"_timestamp":1.7476905478253236e+09,"val_loss":0.539517879486084,"test_auroc":0.5563559532165527}