{"train_loss":1.1844022083096206e-05,"test_recall0.5":0.15000000596046448,"_timestamp":1.7502453182926247e+09,"val_auroc":0.5939630270004272,"test_balanced_accuracy0.25":0.4817796610169492,"_step":318,"test_balanced_accuracy0.75":0.4902542372881356,"val_accuracy0.75":0.6666666865348816,"test_precision0.25":0.2142857164144516,"test_precision0.75":0.23076923191547394,"test_precision0.5":0.2142857164144516,"val_accuracy0.25":0.6571428775787354,"val_recall0.5":0.26923078298568726,"test_recall0.25":0.15000000596046448,"val_precision0.5":0.2800000011920929,"val_recall0.25":0.3076923191547394,"test_recall0.75":0.15000000596046448,"_wandb":{"runtime":1069},"val_balanced_accuracy0.25":0.5399221032132424,"_runtime":1069.666597585,"test_accuracy0.25":0.6455696225166321,"test_accuracy0.5":0.6455696225166321,"val_accuracy0.5":0.6476190686225891,"val_recall0.75":0.26923078298568726,"test_accuracy0.75":0.6582278609275818,"val_precision0.25":0.3076923191547394,"test_balanced_accuracy0.5":0.4817796610169492,"train_auroc":1,"test_auroc":0.4457626938819885,"val_balanced_accuracy0.5":0.5206913339824732,"val_balanced_accuracy0.75":0.5333495618305745,"val_precision0.75":0.30434781312942505}