{"val_recall0.5":0.3076923191547394,"val_auroc":0.5048685669898987,"val_precision0.25":0.1860465109348297,"val_recall0.25":0.3076923191547394,"val_balanced_accuracy0.5":0.4892891918208374,"test_recall0.5":0.3499999940395355,"val_precision0.75":0.26923078298568726,"val_precision0.5":0.23529411852359772,"val_balanced_accuracy0.75":0.5143622200584226,"test_balanced_accuracy0.75":0.5233050847457628,"val_accuracy0.5":0.5809524059295654,"_wandb":{"runtime":1112},"test_accuracy0.5":0.6202531456947327,"test_precision0.5":0.2916666567325592,"train_auroc":0.9994992613792419,"_runtime":1112.086758083,"test_balanced_accuracy0.25":0.5635593220338984,"val_balanced_accuracy0.25":0.4323271665043817,"val_accuracy0.25":0.4952380955219269,"val_recall0.75":0.26923078298568726,"_step":343,"test_balanced_accuracy0.5":0.5309322033898305,"train_loss":0.05782722681760788,"test_precision0.75":0.29411765933036804,"test_accuracy0.75":0.6582278609275818,"val_accuracy0.75":0.6380952596664429,"test_accuracy0.25":0.594936728477478,"test_recall0.25":0.5,"test_auroc":0.6033898591995239,"test_recall0.75":0.25,"test_precision0.25":0.3125,"_timestamp":1.750251477776084e+09}