{"_step":61,"_timestamp":1.7474479206329901e+09,"_runtime":580.727698868,"train_auroc":0.9786720871925354,"val_accuracy":0.75,"_wandb":{"runtime":581},"val_loss":0.9266290664672852,"train_loss":0.03127763420343399,"test_accuracy":0.6962025165557861,"test_auroc":0.4991525411605835,"test_precision":0.25,"val_recall":0.125,"val_auroc":0.5416666865348816,"test_recall":0.10000000149011612,"val_precision":0.5}