{"test_accuracy0.75":0.75,"_timestamp":1.7550469971010597e+09,"val_precision0.5":0.3333333432674408,"train_auroc":0.9934766292572021,"_runtime":5245.89194169,"test_precision0.5":1,"test_recall0.5":0.05000000074505806,"test_precision0.25":0.4000000059604645,"val_balanced_accuracy0.75":0.49375,"val_auroc":0.5629807710647583,"val_precision0.25":0.25,"val_recall0.75":0,"val_accuracy0.75":0.7452830076217651,"val_recall0.25":0.03846153989434242,"test_precision0.75":0,"val_recall0.5":0.03846153989434242,"test_accuracy0.5":0.762499988079071,"val_balanced_accuracy0.25":0.5004807692307692,"test_balanced_accuracy0.25":0.525,"val_balanced_accuracy0.5":0.5067307692307692,"test_recall0.25":0.10000000149011612,"val_accuracy0.5":0.7452830076217651,"train_loss":0.29385659098625183,"test_balanced_accuracy0.75":0.5,"_step":221,"_wandb":{"runtime":5245},"val_precision0.75":0,"test_balanced_accuracy0.5":0.525,"test_recall0.75":0,"val_accuracy0.25":0.7358490824699402,"test_auroc":0.5683333277702332,"test_accuracy0.25":0.737500011920929}