{"test_accuracy0.75":0.6793892979621887,"val_accuracy0.25":0.5185185074806213,"test_precision0.5":0.25,"test_precision0.25":0.2222222238779068,"train_loss":6.560423457813158e-07,"val_accuracy0.5":0.5555555820465088,"test_balanced_accuracy0.75":0.514378478664193,"val_accuracy0.75":0.5555555820465088,"test_precision0.75":0.2857142984867096,"val_balanced_accuracy0.5":0.4214285714285714,"train_auroc":1,"_wandb":{"runtime":1718},"test_accuracy0.5":0.6564885377883911,"val_recall0.25":0.1428571492433548,"val_precision0.25":0.125,"_timestamp":1.7496981841248207e+09,"val_precision0.5":0.1428571492433548,"_step":499,"val_recall0.5":0.1428571492433548,"test_balanced_accuracy0.25":0.48376623376623373,"val_recall0.75":0.1428571492433548,"test_recall0.25":0.1818181872367859,"test_balanced_accuracy0.5":0.4990723562152134,"val_balanced_accuracy0.75":0.4214285714285714,"val_balanced_accuracy0.25":0.39642857142857146,"val_auroc":0.44285714626312256,"test_auroc":0.5046381950378418,"test_recall0.5":0.1818181872367859,"_runtime":1718.349403023,"val_precision0.75":0.1428571492433548,"test_accuracy0.25":0.6335877776145935,"test_recall0.75":0.1818181872367859}