{"test_accuracy":0.594936728477478,"val_accuracy":0.59375,"val_auroc":0.3958333432674408,"_wandb":{"runtime":522},"train_auroc":0.9548960328102112,"_runtime":522.205314207,"val_loss":0.8982294797897339,"test_recall":0.30000001192092896,"_timestamp":1.7477029887666643e+09,"val_recall":0,"test_auroc":0.4974576532840729,"val_precision":0,"train_loss":0.08893276005983353,"test_precision":0.25,"_step":57}