{"val_recall0.75":0,"test_balanced_accuracy0.75":0.5,"_step":499,"val_balanced_accuracy0.5":0.5,"test_auroc":0.6057513952255249,"val_accuracy0.5":0.7407407164573669,"test_accuracy0.25":0.7099236845970154,"val_recall0.25":0,"_wandb":{"runtime":1702},"train_auroc":0.9480821490287781,"test_precision0.25":0.3913043439388275,"val_balanced_accuracy0.75":0.5,"val_recall0.5":0,"test_recall0.5":0,"val_precision0.25":0,"val_precision0.75":0,"test_recall0.25":0.27272728085517883,"_timestamp":1.749730600093999e+09,"test_precision0.75":0,"val_auroc":0.5642857551574707,"test_balanced_accuracy0.25":0.5649350649350648,"val_accuracy0.25":0.6666666865348816,"test_accuracy0.5":0.7480915784835815,"_runtime":1702.382067807,"val_accuracy0.75":0.7407407164573669,"train_loss":1.1220983266830444,"test_accuracy0.75":0.7480915784835815,"val_balanced_accuracy0.25":0.45,"test_precision0.5":0,"test_recall0.75":0,"val_precision0.5":0,"test_balanced_accuracy0.5":0.5}