{"val_auroc":0.49038460850715637,"train_surv_loss":1.008641004562378,"test_auroc":0.5037499666213989,"test_recall0.5":0,"_runtime":2724.769408184,"val_accuracy0.75":0.7547169923782349,"train_logvar":-4.552285645331722e-06,"val_precision0.25":0.24528302252292633,"val_balanced_accuracy0.25":0.5,"val_precision0.75":0,"_step":129,"test_precision0.75":0,"train_loss":1.5213686227798462,"train_kld_loss":0.07025773823261261,"val_balanced_accuracy0.5":0.5,"val_precision0.5":0,"test_recall0.75":0,"val_balanced_accuracy0.75":0.5,"test_accuracy0.5":0.75,"val_accuracy0.5":0.7547169923782349,"test_balanced_accuracy0.25":0.5,"val_recall0.75":0,"test_balanced_accuracy0.75":0.5,"test_balanced_accuracy0.5":0.5,"test_recall0.25":1,"test_precision0.25":0.25,"val_recall0.5":0,"train_mu":-2.4088274130917853e-06,"test_accuracy0.25":0.25,"val_recall0.25":1,"train_recon_loss_no_kld":0.9551976919174194,"train_auroc":0.5718523263931274,"_timestamp":1.754972553185737e+09,"test_precision0.5":0,"test_accuracy0.75":0.75,"val_accuracy0.25":0.24528302252292633,"_wandb":{"runtime":2724}}