{"_wandb":{"runtime":5607},"test_accuracy0.75":0.75,"train_loss":0.4669022560119629,"val_accuracy0.5":0.7641509175300598,"val_recall0.75":0,"test_recall0.25":0.05000000074505806,"_timestamp":1.7539321810880225e+09,"val_balanced_accuracy0.75":0.5,"val_precision0.25":0.5,"test_recall0.75":0,"test_accuracy0.25":0.75,"_runtime":5607.056272758,"test_precision0.25":0.5,"val_precision0.5":1,"test_precision0.5":1,"val_balanced_accuracy0.25":0.5129807692307693,"val_precision0.75":0,"test_auroc":0.5416666269302368,"test_balanced_accuracy0.75":0.5,"val_recall0.25":0.03846153989434242,"_step":241,"train_auroc":0.99560546875,"val_accuracy0.75":0.7547169923782349,"test_recall0.5":0.05000000074505806,"test_balanced_accuracy0.25":0.5166666666666666,"test_balanced_accuracy0.5":0.525,"test_precision0.75":0,"val_accuracy0.25":0.7547169923782349,"val_auroc":0.5052884817123413,"val_balanced_accuracy0.5":0.5192307692307693,"val_recall0.5":0.03846153989434242,"test_accuracy0.5":0.762499988079071}