{"val_accuracy":0.7407407164573669,"val_auroc":0.3928571343421936,"val_precision":0,"val_recall":0,"train_loss":1.6853058338165283,"_timestamp":1.749575989193057e+09,"_step":94,"test_accuracy":0.75,"test_precision":0,"_runtime":643.40074073,"test_auroc":0.5766758322715759,"_wandb":{"runtime":643},"train_auroc":0.550165593624115,"val_balanced_accuracy":0.5,"val_loss":1.7350765466690063,"test_balanced_accuracy":0.5,"test_recall":0}