{"test_precision0.5":0.6666666865348816,"test_balanced_accuracy0.5":0.5416666666666666,"val_recall0.75":0.03703703731298447,"val_precision0.5":0.4000000059604645,"test_balanced_accuracy0.75":0.5,"_timestamp":1.7535652317497387e+09,"train_auroc":1,"val_accuracy0.75":0.7476635575294495,"val_recall0.5":0.07407407462596893,"test_accuracy0.5":0.762499988079071,"_runtime":2385.010683997,"val_balanced_accuracy0.25":0.505787037037037,"test_recall0.5":0.10000000149011612,"test_precision0.75":0,"val_accuracy0.25":0.7196261882781982,"val_balanced_accuracy0.75":0.5122685185185185,"test_recall0.25":0.10000000149011612,"test_recall0.75":0,"test_auroc":0.5416666865348816,"test_accuracy0.25":0.75,"val_precision0.75":0.5,"test_precision0.25":0.5,"_wandb":{"runtime":2385},"_step":379,"val_auroc":0.5342592597007751,"test_accuracy0.75":0.75,"train_loss":9.211334690917283e-05,"val_recall0.25":0.07407407462596893,"val_precision0.25":0.2857142984867096,"val_balanced_accuracy0.5":0.518287037037037,"val_accuracy0.5":0.7383177280426025,"test_balanced_accuracy0.25":0.5333333333333333}