{"val_balanced_accuracy0.75":0.549074074074074,"val_accuracy0.75":0.7476635575294495,"test_accuracy0.25":0.5625,"val_accuracy0.25":0.6261682510375977,"_timestamp":1.7531435527677193e+09,"test_accuracy0.5":0.6875,"test_balanced_accuracy0.25":0.5416666666666667,"val_recall0.25":0.48148149251937866,"test_balanced_accuracy0.75":0.5,"test_precision0.25":0.2857142984867096,"train_auroc":0.9886476397514343,"test_balanced_accuracy0.5":0.525,"val_precision0.25":0.3333333432674408,"val_balanced_accuracy0.25":0.5782407407407407,"test_recall0.5":0.20000000298023224,"val_precision0.75":0.5,"val_accuracy0.5":0.7196261882781982,"test_recall0.75":0.05000000074505806,"val_recall0.75":0.14814814925193787,"train_loss":0.5769833922386169,"val_auroc":0.604629635810852,"test_recall0.25":0.5,"test_precision0.75":0.25,"val_balanced_accuracy0.5":0.554861111111111,"_runtime":3944.88208049,"test_auroc":0.5366666316986084,"_wandb":{"runtime":3944},"test_accuracy0.75":0.7250000238418579,"_step":999,"val_precision0.5":0.4000000059604645,"val_recall0.5":0.2222222238779068,"test_precision0.5":0.3076923191547394}