{"train_loss":0.7185617685317993,"train_auroc":0.9691213369369507,"_timestamp":1.749485562324783e+09,"val_balanced_accuracy":0.4928571428571428,"test_recall":0.42424243688583374,"val_recall":0.2857142984867096,"val_loss":2.2379097938537598,"val_accuracy":0.5925925970077515,"test_auroc":0.49801039695739746,"_runtime":245.097311307,"test_accuracy":0.5227272510528564,"_wandb":{"runtime":245},"test_balanced_accuracy":0.48989898989898994,"val_auroc":0.5785714387893677,"_step":76,"val_precision":0.25,"test_precision":0.24137930572032928}