{"_timestamp":1.7495340145535324e+09,"_wandb":{"runtime":400},"test_balanced_accuracy":0.5,"val_recall":0,"_step":62,"val_loss":1.7285321950912476,"val_auroc":0.4821428656578064,"val_balanced_accuracy":0.5,"test_auroc":0.5228819251060486,"test_accuracy":0.7480915784835815,"train_loss":1.6937545537948608,"test_precision":0,"_runtime":400.050258395,"val_precision":0,"test_recall":0,"train_auroc":0.43558698892593384,"val_accuracy":0.7407407164573669}