{"test_auroc":0.4406779706478119,"test_precision0.25":0.1428571492433548,"test_accuracy0.25":0.6202531456947327,"val_accuracy0.75":0.723809540271759,"_step":499,"val_accuracy0.25":0.6761904954910278,"test_recall0.5":0.05000000074505806,"val_recall0.25":0.19230769574642181,"val_accuracy0.5":0.6952381134033203,"test_balanced_accuracy0.5":0.4741525423728814,"train_loss":0.00017690823005978018,"val_precision0.5":0.3125,"val_balanced_accuracy0.25":0.5138753651411879,"test_balanced_accuracy0.75":0.4576271186440678,"test_balanced_accuracy0.25":0.4483050847457627,"_wandb":{"runtime":1891},"test_recall0.25":0.10000000149011612,"test_accuracy0.5":0.6835442781448364,"_timestamp":1.749884248503504e+09,"val_balanced_accuracy0.75":0.5068159688412853,"test_precision0.5":0.1428571492433548,"test_precision0.75":0,"_runtime":1891.800967498,"val_auroc":0.5150924921035767,"val_precision0.75":0.2857142984867096,"val_recall0.5":0.19230769574642181,"test_accuracy0.75":0.6835442781448364,"val_recall0.75":0.07692307978868484,"val_precision0.25":0.2777777910232544,"val_balanced_accuracy0.5":0.5265335929892893,"test_recall0.75":0,"train_auroc":1}