{"val_precision0.5":0,"val_balanced_accuracy0.5":0.5,"val_accuracy0.25":0.7523809671401978,"val_balanced_accuracy0.25":0.5,"_step":314,"val_auroc":0.5318889617919922,"_wandb":{"runtime":1804},"test_precision0.25":0,"val_balanced_accuracy0.75":0.5,"test_auroc":0.5283898115158081,"val_recall0.5":0,"test_precision0.75":0,"val_recall0.75":0,"test_recall0.25":0,"test_balanced_accuracy0.75":0.5,"test_accuracy0.75":0.746835470199585,"val_precision0.25":0,"test_recall0.75":0,"val_precision0.75":0,"train_auroc":0.4906280040740967,"test_balanced_accuracy0.5":0.5,"val_accuracy0.75":0.7523809671401978,"val_recall0.25":0,"train_loss":1.6932710409164429,"test_accuracy0.25":0.746835470199585,"test_accuracy0.5":0.746835470199585,"test_precision0.5":0,"_timestamp":1.75014732729381e+09,"_runtime":1804.341335683,"test_balanced_accuracy0.25":0.5,"val_accuracy0.5":0.7523809671401978,"test_recall0.5":0}