{"test_balanced_accuracy0.75":0.45833333333333337,"val_accuracy0.25":0.663551390171051,"_wandb":{"runtime":4175},"val_recall0.5":0.14814814925193787,"_runtime":4175.281726971,"val_accuracy0.5":0.672897219657898,"val_recall0.25":0.18518517911434174,"val_balanced_accuracy0.25":0.5050925925925925,"test_auroc":0.48416668176651,"_timestamp":1.753583203461688e+09,"test_balanced_accuracy0.25":0.4416666666666667,"test_accuracy0.5":0.6499999761581421,"val_precision0.5":0.25,"_step":433,"test_precision0.25":0.09090909361839294,"val_accuracy0.75":0.7009345889091492,"val_precision0.75":0.3076923191547394,"test_accuracy0.75":0.6625000238418579,"test_accuracy0.25":0.637499988079071,"test_recall0.5":0.05000000074505806,"test_precision0.5":0.10000000149011612,"val_auroc":0.4740740656852722,"val_precision0.25":0.2631579041481018,"train_loss":0.002492064842954278,"val_balanced_accuracy0.75":0.517824074074074,"test_precision0.75":0.1111111119389534,"test_recall0.75":0.05000000074505806,"test_recall0.25":0.05000000074505806,"val_recall0.75":0.14814814925193787,"test_balanced_accuracy0.5":0.45,"train_auroc":1,"val_balanced_accuracy0.5":0.49907407407407406}