{"test_precision":0,"val_recall":0,"val_accuracy":0.75,"test_auroc":0.5,"val_auroc":0.5,"train_auroc":0.5,"test_recall":0,"val_precision":0,"_step":35,"val_loss":0.3743458390235901,"_wandb":{"runtime":442},"_timestamp":1.7476924286739023e+09,"test_accuracy":0.746835470199585,"_runtime":440.088368188,"train_loss":0.37705034017562866}