{"train_auroc":1,"test_precision0.5":0.4545454680919647,"val_accuracy0.5":0.7047619223594666,"test_balanced_accuracy0.75":0.5241525423728813,"test_precision0.75":0.3333333432674408,"test_accuracy0.5":0.7341772317886353,"val_recall0.25":0.3461538553237915,"test_recall0.5":0.25,"test_accuracy0.25":0.7341772317886353,"test_balanced_accuracy0.5":0.5741525423728814,"test_balanced_accuracy0.25":0.6072033898305085,"train_loss":0.00435178168118,"val_precision0.75":0.375,"val_precision0.25":0.36000001430511475,"_runtime":4198.628726688,"val_accuracy0.75":0.7142857313156128,"val_balanced_accuracy0.75":0.5520934761441091,"_timestamp":1.750756467522224e+09,"val_balanced_accuracy0.25":0.5718111002921129,"val_balanced_accuracy0.5":0.558666017526777,"test_precision0.25":0.46666666865348816,"val_auroc":0.5817916393280029,"_step":437,"val_accuracy0.25":0.6857143044471741,"_wandb":{"runtime":4198},"val_precision0.5":0.3684210479259491,"test_recall0.25":0.3499999940395355,"val_recall0.75":0.23076923191547394,"test_auroc":0.5788135528564453,"val_recall0.5":0.26923078298568726,"test_recall0.75":0.15000000596046448,"test_accuracy0.75":0.7088607549667358}