{"test_accuracy0.75":0.7215189933776855,"train_auroc":1,"test_auroc":0.5203390121459961,"_wandb":{"runtime":799},"test_accuracy0.25":0.6708860993385315,"val_accuracy0.25":0.6761904954910278,"test_recall0.75":0.15000000596046448,"val_recall0.5":0.11538461595773697,"val_balanced_accuracy0.5":0.4944011684518014,"val_precision0.25":0.25,"test_balanced_accuracy0.75":0.5326271186440678,"train_loss":2.8195834602229297e-05,"test_recall0.25":0.20000000298023224,"val_recall0.75":0.07692307978868484,"val_accuracy0.75":0.6952381134033203,"val_balanced_accuracy0.75":0.48782862706913344,"val_balanced_accuracy0.25":0.5009737098344693,"test_recall0.5":0.20000000298023224,"_timestamp":1.750183553156347e+09,"test_accuracy0.5":0.7215189933776855,"val_precision0.5":0.23076923191547394,"val_auroc":0.5516065955162048,"test_precision0.75":0.375,"_runtime":799.105100964,"test_precision0.5":0.4000000059604645,"test_balanced_accuracy0.25":0.5152542372881356,"test_balanced_accuracy0.5":0.5491525423728814,"_step":221,"test_precision0.25":0.2857142984867096,"val_recall0.25":0.1538461595773697,"val_accuracy0.5":0.6857143044471741,"val_precision0.75":0.20000000298023224}