{"val_recall0.75":0.07692307978868484,"test_balanced_accuracy0.5":0.5,"test_accuracy0.5":0.699999988079071,"test_auroc":0.4766666889190674,"_wandb":{"runtime":982},"val_accuracy0.75":0.7264150977134705,"val_precision0.5":0.2222222238779068,"test_recall0.5":0.10000000149011612,"test_recall0.75":0.05000000074505806,"val_balanced_accuracy0.25":0.5014423076923077,"test_precision0.75":0.1666666716337204,"val_accuracy0.25":0.698113203048706,"_timestamp":1.7531070097311304e+09,"test_balanced_accuracy0.25":0.49166666666666664,"test_balanced_accuracy0.75":0.48333333333333334,"test_recall0.25":0.10000000149011612,"_step":252,"val_recall0.25":0.11538461595773697,"test_accuracy0.75":0.699999988079071,"val_accuracy0.5":0.7075471878051758,"val_precision0.75":0.2857142984867096,"test_precision0.5":0.25,"test_precision0.25":0.2222222238779068,"val_auroc":0.44951921701431274,"train_loss":0.02984192967414856,"val_precision0.25":0.25,"val_balanced_accuracy0.5":0.4947115384615385,"val_recall0.5":0.07692307978868484,"train_auroc":1,"test_accuracy0.25":0.6875,"val_balanced_accuracy0.75":0.5072115384615384,"_runtime":982.349732459}