{"test_balanced_accuracy0.5":0.5833333333333334,"val_balanced_accuracy0.5":0.4754807692307692,"val_precision0.25":0.09090909361839294,"val_precision0.5":0.125,"val_recall0.5":0.03846153989434242,"test_precision0.5":0.6666666865348816,"val_accuracy0.25":0.6698113083839417,"test_accuracy0.5":0.7749999761581421,"val_accuracy0.5":0.698113203048706,"test_recall0.75":0.15000000596046448,"val_auroc":0.3475961685180664,"test_balanced_accuracy0.75":0.5666666666666667,"test_accuracy0.75":0.7749999761581421,"test_precision0.25":0.6666666865348816,"val_balanced_accuracy0.75":0.48173076923076924,"test_accuracy0.25":0.7749999761581421,"test_recall0.5":0.20000000298023224,"val_balanced_accuracy0.25":0.4567307692307692,"_step":253,"train_loss":9.195223356073257e-06,"val_recall0.25":0.03846153989434242,"_wandb":{"runtime":590},"val_accuracy0.75":0.7075471878051758,"_runtime":590.796815249,"train_auroc":1,"val_precision0.75":0.1428571492433548,"val_recall0.75":0.03846153989434242,"_timestamp":1.7534573714198978e+09,"test_recall0.25":0.20000000298023224,"test_auroc":0.5683333277702332,"test_balanced_accuracy0.25":0.5833333333333334,"test_precision0.75":0.75}