{"test_precision0.5":0,"train_loss":1.7675517797470093,"test_balanced_accuracy0.25":0.5521186440677965,"test_auroc":0.5194915533065796,"val_recall0.75":0,"test_balanced_accuracy0.5":0.5,"val_recall0.5":0,"_wandb":{"runtime":606},"val_precision0.25":0.22368420660495758,"_step":150,"val_precision0.5":0,"_runtime":606.770277083,"test_recall0.5":0,"test_recall0.75":0,"val_precision0.75":0,"_timestamp":1.7505965354852781e+09,"val_auroc":0.41017526388168335,"val_balanced_accuracy0.5":0.5,"val_balanced_accuracy0.25":0.4535053554040896,"test_accuracy0.5":0.746835470199585,"val_balanced_accuracy0.75":0.5,"val_recall0.25":0.6538461446762085,"val_accuracy0.75":0.7523809671401978,"test_accuracy0.25":0.40506330132484436,"test_balanced_accuracy0.75":0.5,"test_precision0.75":0,"test_recall0.25":0.8500000238418579,"test_precision0.25":0.2786885201931,"train_auroc":0.4633641839027405,"test_accuracy0.75":0.746835470199585,"val_accuracy0.5":0.7523809671401978,"val_accuracy0.25":0.3523809611797333}