{"test_accuracy0.75":0.6708860993385315,"val_accuracy0.5":0.6095238327980042,"_timestamp":1.7506861365057566e+09,"test_recall0.75":0.44999998807907104,"train_loss":0.18577684462070465,"test_precision0.75":0.375,"test_precision0.5":0.36000001430511475,"val_precision0.75":0.3488371968269348,"val_balanced_accuracy0.25":0.5925024342745862,"test_balanced_accuracy0.5":0.589406779661017,"test_precision0.25":0.36666667461395264,"_runtime":1516.89315702,"_step":359,"val_recall0.25":0.6153846383094788,"val_balanced_accuracy0.5":0.5985881207400194,"test_accuracy0.25":0.6455696225166321,"train_auroc":0.996875524520874,"test_recall0.5":0.44999998807907104,"test_accuracy0.5":0.6582278609275818,"val_accuracy0.25":0.5809524059295654,"_wandb":{"runtime":1516},"test_balanced_accuracy0.75":0.5978813559322034,"val_recall0.75":0.5769230723381042,"test_balanced_accuracy0.25":0.6139830508474576,"val_auroc":0.6187925338745117,"val_recall0.5":0.5769230723381042,"test_auroc":0.6093220114707947,"val_accuracy0.75":0.6285714507102966,"val_precision0.25":0.3199999928474426,"val_precision0.5":0.3333333432674408,"val_balanced_accuracy0.75":0.6112463485881208,"test_recall0.25":0.550000011920929}