{"_wandb":{"runtime":430},"val_recall":0,"train_auroc":1,"val_auroc":0.5285714268684387,"test_precision":0,"_step":96,"val_accuracy":0.7407407164573669,"test_balanced_accuracy":0.4797979797979798,"_runtime":430.523020606,"test_recall":0,"train_loss":0.00015630001144018024,"val_balanced_accuracy":0.5,"test_accuracy":0.7251908183097839,"_timestamp":1.7494967806335945e+09,"test_auroc":0.4921085834503174,"val_precision":0,"val_loss":4.384609222412109}