val_loss,val_accuracy,val_auroc,val_precision,val_recall,epoch,step
0.6478983759880066,0.5,0.6041666865348816,0.1666666716337204,0.25,0,143
0.377521276473999,0.75,0.3203125,0.0,0.0,1,287
0.45499980449676514,0.75,0.3203125,0.0,0.0,2,431
0.39317548274993896,0.75,0.265625,0.0,0.0,3,575
0.3802853226661682,0.75,0.4869791567325592,0.0,0.0,4,719
0.3792196214199066,0.75,0.28125,0.0,0.0,5,863
