{"test_precision0.75":0.2857142984867096,"val_recall0.75":0.1538461595773697,"val_precision0.75":0.1818181872367859,"val_accuracy0.25":0.6190476417541504,"test_auroc":0.5025423765182495,"_step":222,"test_recall0.5":0.20000000298023224,"val_auroc":0.5097371339797974,"val_precision0.25":0.2666666805744171,"val_balanced_accuracy0.25":0.51460564751704,"test_balanced_accuracy0.75":0.5152542372881356,"test_accuracy0.5":0.6582278609275818,"test_accuracy0.75":0.6708860993385315,"test_balanced_accuracy0.25":0.5398305084745763,"_timestamp":1.7507063962090485e+09,"test_precision0.5":0.2666666805744171,"_wandb":{"runtime":2205},"val_accuracy0.5":0.6190476417541504,"test_precision0.25":0.31578946113586426,"test_recall0.75":0.20000000298023224,"_runtime":2205.690882417,"val_balanced_accuracy0.5":0.48880233690360275,"val_precision0.5":0.23076923191547394,"val_accuracy0.75":0.6190476417541504,"val_balanced_accuracy0.75":0.46299902629016554,"train_loss":7.715585326195651e-08,"val_recall0.5":0.23076923191547394,"test_accuracy0.25":0.6582278609275818,"test_balanced_accuracy0.5":0.5067796610169492,"train_auroc":1,"val_recall0.25":0.3076923191547394,"test_recall0.25":0.30000001192092896}