{"test_recall0.5":0.3499999940395355,"_timestamp":1.7514775662831442e+09,"val_precision0.25":0.2586206793785095,"val_recall0.5":0.3076923191547394,"test_recall0.25":0.6499999761581421,"val_recall0.75":0.19230769574642181,"test_precision0.5":0.3684210479259491,"val_balanced_accuracy0.5":0.5525803310613437,"test_auroc":0.6000000238418579,"test_recall0.75":0.20000000298023224,"test_balanced_accuracy0.75":0.5830508474576271,"test_balanced_accuracy0.25":0.5792372881355932,"val_balanced_accuracy0.75":0.5328627069133398,"val_accuracy0.75":0.7047619223594666,"test_accuracy0.25":0.5443037748336792,"val_accuracy0.25":0.48571428656578064,"test_accuracy0.5":0.6835442781448364,"val_precision0.5":0.3333333432674408,"train_loss":0.5841646790504456,"train_auroc":0.9835563898086548,"val_balanced_accuracy0.25":0.5163096397273612,"test_accuracy0.75":0.7721518874168396,"val_recall0.25":0.5769230723381042,"test_precision0.25":0.3095238208770752,"test_precision0.75":0.6666666865348816,"test_balanced_accuracy0.5":0.5733050847457627,"_wandb":{"runtime":7613},"val_accuracy0.5":0.6761904954910278,"val_auroc":0.5866601467132568,"val_precision0.75":0.3333333432674408,"_runtime":7613.774794453,"_step":999}