{"test_accuracy0.75":0.746835470199585,"val_balanced_accuracy0.5":0.5,"val_precision0.75":0,"test_balanced_accuracy0.5":0.5,"val_balanced_accuracy0.75":0.5,"test_precision0.5":0,"val_precision0.25":0,"_step":222,"val_precision0.5":0,"val_balanced_accuracy0.25":0.5,"_timestamp":1.7505354673833318e+09,"test_balanced_accuracy0.75":0.5,"val_recall0.5":0,"val_auroc":0.5,"val_accuracy0.75":0.7523809671401978,"test_accuracy0.25":0.746835470199585,"_wandb":{"runtime":857},"train_auroc":0.42210322618484497,"val_accuracy0.25":0.7523809671401978,"test_recall0.25":0,"val_accuracy0.5":0.7523809671401978,"train_loss":1.7047851085662842,"test_balanced_accuracy0.25":0.5,"val_recall0.25":0,"test_auroc":0.5,"val_recall0.75":0,"test_accuracy0.5":0.746835470199585,"test_precision0.75":0,"_runtime":857.607811352,"test_recall0.5":0,"test_precision0.25":0,"test_recall0.75":0}