{"val_recall0.25":1,"test_precision0.75":0,"test_balanced_accuracy0.5":0.5084745762711864,"test_recall0.75":0,"test_balanced_accuracy0.75":0.5,"val_balanced_accuracy0.5":0.5,"val_recall0.75":0,"test_recall0.5":1,"val_accuracy0.25":0.24761904776096344,"val_accuracy0.5":0.24761904776096344,"val_precision0.25":0.24761904776096344,"val_auroc":0.4956183135509491,"_timestamp":1.750164875634194e+09,"test_precision0.25":0.2531645596027374,"_runtime":1642.483348611,"train_auroc":0.5463635921478271,"test_balanced_accuracy0.25":0.5,"test_auroc":0.5194915533065796,"val_precision0.75":0,"_step":477,"val_balanced_accuracy0.25":0.5,"test_accuracy0.25":0.2531645596027374,"val_balanced_accuracy0.75":0.5,"test_accuracy0.5":0.26582279801368713,"test_precision0.5":0.25641027092933655,"val_recall0.5":1,"train_loss":2.092789649963379,"test_accuracy0.75":0.746835470199585,"val_accuracy0.75":0.7523809671401978,"test_recall0.25":1,"val_precision0.5":0.24761904776096344,"_wandb":{"runtime":1642}}