{"_wandb":{"runtime":1067},"test_auroc":0.5483333468437195,"test_recall0.5":0,"test_recall0.75":0,"_step":162,"val_precision0.25":0.2857142984867096,"train_loss":1.672439694404602,"_timestamp":1.7535157546442084e+09,"val_accuracy0.5":0.7476635575294495,"val_recall0.25":0.5925925970077515,"val_balanced_accuracy0.5":0.5,"val_recall0.5":0,"val_recall0.75":0,"val_accuracy0.25":0.5233644843101501,"val_balanced_accuracy0.75":0.5,"val_auroc":0.5625,"test_balanced_accuracy0.5":0.5,"test_accuracy0.75":0.75,"test_precision0.75":0,"test_balanced_accuracy0.25":0.55,"test_accuracy0.25":0.550000011920929,"val_balanced_accuracy0.25":0.5462962962962963,"test_precision0.5":0,"test_precision0.25":0.28947368264198303,"test_accuracy0.5":0.75,"train_auroc":0.5731577277183533,"test_recall0.25":0.550000011920929,"_runtime":1067.908935302,"val_accuracy0.75":0.7476635575294495,"val_precision0.75":0,"test_balanced_accuracy0.75":0.5,"val_precision0.5":0}