{"train_loss":1.685230016708374,"val_loss":1.7220314741134644,"test_recall":0,"val_accuracy":0.7407407164573669,"_runtime":214.735767073,"val_auroc":0.6285714507102966,"_timestamp":1.7495009298688793e+09,"test_auroc":0.43465912342071533,"val_precision":0,"val_balanced_accuracy":0.5,"test_precision":0,"test_accuracy":0.7557252049446106,"train_auroc":0.6378434896469116,"val_recall":0,"_wandb":{"runtime":214},"test_balanced_accuracy":0.5,"_step":51}