{"val_balanced_accuracy0.75":0.5615384615384615,"test_recall0.75":0.20000000298023224,"val_precision0.25":0.25,"val_accuracy0.5":0.5849056839942932,"test_precision0.5":0.4545454680919647,"val_recall0.5":0.4615384638309479,"test_balanced_accuracy0.75":0.5666666666666667,"test_recall0.25":0.25,"val_auroc":0.5480769276618958,"val_accuracy0.25":0.5094339847564697,"test_auroc":0.5491666793823242,"_wandb":{"runtime":1580},"val_precision0.5":0.2857142984867096,"val_recall0.75":0.42307692766189575,"val_balanced_accuracy0.5":0.5432692307692308,"val_precision0.75":0.3142857253551483,"test_precision0.75":0.5,"val_balanced_accuracy0.25":0.50625,"train_loss":0.07437869161367416,"_timestamp":1.7539470308812587e+09,"_runtime":1580.667324783,"test_balanced_accuracy0.25":0.525,"test_balanced_accuracy0.5":0.575,"test_accuracy0.25":0.6625000238418579,"val_accuracy0.75":0.6320754885673523,"train_auroc":1,"test_accuracy0.75":0.75,"test_accuracy0.5":0.737500011920929,"_step":233,"test_precision0.25":0.29411765933036804,"val_recall0.25":0.5,"test_recall0.5":0.25}