{"train_auroc":0.6362156867980957,"val_auroc":0.5785714387893677,"val_recall":0,"_runtime":308.316997277,"_step":75,"_timestamp":1.74956323448528e+09,"test_auroc":0.4302399158477783,"val_loss":1.7145880460739136,"val_balanced_accuracy":0.5,"test_balanced_accuracy":0.5,"test_accuracy":0.7557252049446106,"train_loss":1.6439543962478638,"test_precision":0,"test_recall":0,"val_accuracy":0.7407407164573669,"val_precision":0,"_wandb":{"runtime":308}}