{"test_accuracy0.25":0.637499988079071,"val_precision0.75":0.3103448152542114,"test_recall0.5":0.20000000298023224,"train_auroc":1,"test_accuracy0.75":0.6875,"_step":406,"_runtime":10035.622885537,"test_precision0.5":0.2857142984867096,"val_precision0.5":0.2647058963775635,"_timestamp":1.7551065619563358e+09,"_wandb":{"runtime":10035},"val_accuracy0.75":0.644859790802002,"val_accuracy0.25":0.5607476830482483,"train_loss":0.03632524609565735,"test_precision0.75":0.1428571492433548,"test_balanced_accuracy0.5":0.5166666666666667,"test_accuracy0.5":0.675000011920929,"val_recall0.5":0.3333333432674408,"val_recall0.75":0.3333333432674408,"val_balanced_accuracy0.75":0.5416666666666666,"val_accuracy0.5":0.5981308221817017,"test_auroc":0.53166663646698,"test_recall0.25":0.25,"val_auroc":0.49722224473953247,"val_precision0.25":0.25,"val_recall0.25":0.37037035822868347,"test_precision0.25":0.2631579041481018,"val_balanced_accuracy0.25":0.4976851851851852,"test_balanced_accuracy0.25":0.5083333333333333,"val_balanced_accuracy0.5":0.5104166666666666,"test_balanced_accuracy0.75":0.47500000000000003,"test_recall0.75":0.05000000074505806}