{"test_precision0.5":0,"val_balanced_accuracy0.75":0.5,"test_auroc":0.5144068002700806,"test_accuracy0.25":0.39240506291389465,"train_auroc":0.6376582384109497,"_wandb":{"runtime":478},"test_accuracy0.75":0.746835470199585,"_step":166,"val_precision0.5":0,"val_precision0.25":0.2571428716182709,"val_accuracy0.25":0.4285714328289032,"val_recall0.5":0,"_timestamp":1.750512552980905e+09,"test_recall0.75":0,"test_balanced_accuracy0.75":0.5,"val_accuracy0.5":0.7523809671401978,"test_balanced_accuracy0.5":0.5,"val_recall0.25":0.692307710647583,"test_balanced_accuracy0.25":0.4775423728813559,"val_precision0.75":0,"val_balanced_accuracy0.25":0.5170399221032133,"test_precision0.25":0.24074074625968933,"val_accuracy0.75":0.7523809671401978,"test_recall0.5":0,"val_balanced_accuracy0.5":0.5,"test_accuracy0.5":0.746835470199585,"val_auroc":0.4868549108505249,"test_precision0.75":0,"test_recall0.25":0.6499999761581421,"_runtime":478.795777037,"train_loss":1.6627715826034546,"val_recall0.75":0}