{"_runtime":216.048419407,"test_balanced_accuracy":0.5,"val_auroc":0.4714285731315613,"val_balanced_accuracy":0.5,"val_loss":1.7462884187698364,"train_auroc":0.7514529228210449,"test_accuracy":0.7480915784835815,"train_loss":1.5615324974060059,"test_precision":0,"val_precision":0,"_wandb":{"runtime":216},"_step":50,"test_recall":0,"val_accuracy":0.7407407164573669,"val_recall":0,"test_auroc":0.5921459794044495,"_timestamp":1.7495601941748114e+09}