{"val_balanced_accuracy0.25":0.5910418695228822,"val_recall0.5":0.3076923191547394,"val_precision0.25":0.38461539149284363,"_timestamp":1.750907256318231e+09,"train_loss":0.0002389981527812779,"val_balanced_accuracy0.75":0.5778967867575462,"_wandb":{"runtime":2646},"val_recall0.75":0.3076923191547394,"val_precision0.5":0.3636363744735718,"test_accuracy0.75":0.7215189933776855,"test_auroc":0.6364406943321228,"test_accuracy0.25":0.6835442781448364,"val_accuracy0.25":0.6952381134033203,"val_auroc":0.6144108772277832,"train_auroc":1,"test_balanced_accuracy0.75":0.5656779661016949,"val_precision0.75":0.4000000059604645,"test_precision0.75":0.4166666567325592,"val_accuracy0.75":0.7142857313156128,"test_balanced_accuracy0.25":0.5567796610169492,"val_recall0.25":0.38461539149284363,"_step":226,"val_accuracy0.5":0.6952381134033203,"test_recall0.5":0.30000001192092896,"test_precision0.5":0.375,"test_precision0.25":0.3529411852359772,"test_accuracy0.5":0.6962025165557861,"test_balanced_accuracy0.5":0.5652542372881356,"test_recall0.75":0.25,"_runtime":2646.370309442,"test_recall0.25":0.30000001192092896,"val_balanced_accuracy0.5":0.5652385589094451}