{"val_recall0.75":0,"val_precision0.75":0,"test_balanced_accuracy0.75":0.5,"test_precision0.25":0.2531645596027374,"_wandb":{"runtime":4091},"test_accuracy0.5":0.746835470199585,"val_recall0.5":0,"test_auroc":0.5,"val_balanced_accuracy0.25":0.5,"test_precision0.5":0,"train_auroc":0.4445352256298065,"val_recall0.25":1,"test_balanced_accuracy0.5":0.5,"val_accuracy0.5":0.7523809671401978,"val_accuracy0.75":0.7523809671401978,"test_accuracy0.25":0.2531645596027374,"val_accuracy0.25":0.24761904776096344,"test_balanced_accuracy0.25":0.5,"val_balanced_accuracy0.5":0.5,"_runtime":4091.88668603,"test_recall0.25":1,"val_precision0.5":0,"val_auroc":0.5,"_step":999,"test_recall0.75":0,"test_recall0.5":0,"val_balanced_accuracy0.75":0.5,"test_precision0.75":0,"val_precision0.25":0.24761904776096344,"_timestamp":1.7500514649909873e+09,"train_loss":2.0932528972625732,"test_accuracy0.75":0.746835470199585}