{"test_recall":0,"_runtime":1842.395722905,"_wandb":{"runtime":1843},"_step":35,"train_auroc":0.5,"val_precision":0,"val_loss":0.37518373131752014,"val_recall":0,"test_auroc":0.5,"val_accuracy":0.75,"train_loss":0.3812047839164734,"_timestamp":1.7476783604806356e+09,"test_precision":0,"val_auroc":0.5,"test_accuracy":0.75}