{"test_recall":0,"val_accuracy":0.75,"_step":35,"val_loss":0.39057379961013794,"val_precision":0,"train_auroc":0.5,"test_accuracy":0.746835470199585,"_wandb":{"runtime":418},"_runtime":416.118689822,"_timestamp":1.747704297697683e+09,"train_loss":0.37361881136894226,"test_precision":0,"val_auroc":0.5,"test_auroc":0.5,"val_recall":0}