{"test_recall0.25":0.75,"train_auroc":0.5725599527359009,"val_precision0.5":0,"test_balanced_accuracy0.75":0.5,"val_recall0.5":0,"val_auroc":0.5581730604171753,"test_accuracy0.25":0.4375,"val_precision0.75":0,"val_balanced_accuracy0.5":0.5,"test_auroc":0.5525000095367432,"_step":169,"test_precision0.75":0,"test_balanced_accuracy0.5":0.5,"test_precision0.25":0.27272728085517883,"val_accuracy0.75":0.7547169923782349,"val_accuracy0.25":0.35849055647850037,"test_accuracy0.5":0.75,"test_balanced_accuracy0.25":0.5416666666666666,"val_recall0.25":0.7692307829856873,"_runtime":1060.29827081,"train_loss":1.6863654851913452,"test_recall0.75":0,"val_precision0.25":0.24390244483947754,"val_recall0.75":0,"_timestamp":1.753516816339632e+09,"test_precision0.5":0,"val_balanced_accuracy0.75":0.5,"test_accuracy0.75":0.75,"test_recall0.5":0,"_wandb":{"runtime":1060},"val_balanced_accuracy0.25":0.4971153846153846,"val_accuracy0.5":0.7547169923782349}