{"train_auroc":1,"test_precision0.75":0.1666666716337204,"val_precision0.25":0.2448979616165161,"test_accuracy0.75":0.550000011920929,"val_recall0.25":0.4615384638309479,"test_recall0.5":0.25,"val_precision0.75":0.26829269528388977,"train_loss":8.123674342641607e-05,"_wandb":{"runtime":825},"val_accuracy0.5":0.5377358198165894,"val_balanced_accuracy0.5":0.49903846153846154,"test_precision0.25":0.15625,"test_accuracy0.5":0.512499988079071,"test_precision0.5":0.17241379618644714,"val_accuracy0.75":0.5754716992378235,"test_recall0.25":0.25,"val_accuracy0.25":0.5188679099082947,"_runtime":825.935571688,"test_accuracy0.25":0.4749999940395355,"_timestamp":1.7537463634546056e+09,"test_auroc":0.3799999952316284,"val_auroc":0.5475961565971375,"test_balanced_accuracy0.75":0.43333333333333335,"test_balanced_accuracy0.5":0.425,"test_balanced_accuracy0.25":0.4,"val_balanced_accuracy0.25":0.49951923076923077,"test_recall0.75":0.20000000298023224,"val_recall0.75":0.42307692766189575,"val_balanced_accuracy0.75":0.5240384615384616,"val_recall0.5":0.42307692766189575,"val_precision0.5":0.24444444477558136,"_step":266}