{"_wandb":{"runtime":318},"train_auroc":0.5,"val_recall":0,"val_precision":0,"val_loss":0.40087518095970154,"test_auroc":0.5,"train_loss":0.35655516386032104,"val_auroc":0.5,"val_accuracy":0.75,"_timestamp":1.747443433447798e+09,"test_precision":0,"_step":35,"test_accuracy":0.746835470199585,"test_recall":0,"_runtime":317.794919016}