{"_wandb":{"runtime":3475},"val_balanced_accuracy0.75":0.5,"val_balanced_accuracy0.25":0.5800876338851022,"test_recall0.25":0.6499999761581421,"val_precision0.5":0,"test_balanced_accuracy0.75":0.5,"train_loss":1.6709015369415283,"test_precision0.75":0,"val_accuracy0.5":0.7523809671401978,"train_auroc":0.7306475639343262,"val_recall0.5":0,"_timestamp":1.7501300694173162e+09,"test_accuracy0.5":0.746835470199585,"val_auroc":0.5555014610290527,"test_recall0.5":0,"test_balanced_accuracy0.25":0.5792372881355932,"_runtime":3475.962071746,"val_recall0.75":0,"val_balanced_accuracy0.5":0.5,"test_accuracy0.25":0.5443037748336792,"test_precision0.5":0,"_step":999,"val_precision0.75":0,"val_recall0.25":0.6538461446762085,"test_precision0.25":0.3095238208770752,"test_balanced_accuracy0.5":0.5,"test_auroc":0.5127118825912476,"val_accuracy0.75":0.7523809671401978,"test_recall0.75":0,"test_accuracy0.75":0.746835470199585,"val_accuracy0.25":0.5428571701049805,"val_precision0.25":0.3035714328289032}