{"_timestamp":1.7497358230937767e+09,"val_balanced_accuracy0.25":0.5392857142857143,"test_accuracy0.75":0.7480915784835815,"test_precision0.25":0.2926829159259796,"val_accuracy0.5":0.7407407164573669,"_wandb":{"runtime":1740},"test_recall0.5":0,"test_balanced_accuracy0.25":0.5677179962894249,"test_auroc":0.5779221057891846,"test_balanced_accuracy0.75":0.5,"test_precision0.5":0,"test_recall0.75":0,"val_accuracy0.75":0.7407407164573669,"val_balanced_accuracy0.75":0.5,"val_balanced_accuracy0.5":0.5,"val_precision0.5":0,"test_accuracy0.25":0.4885496199131012,"test_precision0.75":0,"val_auroc":0.5285714268684387,"val_recall0.75":0,"train_auroc":0.7896164655685425,"test_recall0.25":0.7272727489471436,"_step":499,"test_balanced_accuracy0.5":0.5,"val_precision0.25":0.30000001192092896,"train_loss":1.5068079233169556,"_runtime":1740.364803906,"val_recall0.25":0.4285714328289032,"val_recall0.5":0,"test_accuracy0.5":0.7480915784835815,"val_accuracy0.25":0.5925925970077515,"val_precision0.75":0}