{"_wandb":{"runtime":351},"val_auroc":0.5208333134651184,"val_precision":0.3333333432674408,"val_accuracy":0.71875,"val_recall":0.125,"test_recall":0.10000000149011612,"val_loss":0.5810884237289429,"_timestamp":1.7474380508488204e+09,"test_precision":0.1818181872367859,"_runtime":350.503039355,"_step":39,"test_auroc":0.47372883558273315,"train_loss":0.385863333940506,"test_accuracy":0.6582278609275818,"train_auroc":0.5}