{"train_auroc":0.5207768678665161,"val_accuracy0.5":0.5283018946647644,"val_auroc":0.5581730604171753,"val_balanced_accuracy0.75":0.5,"val_precision0.25":0.24528302252292633,"test_balanced_accuracy0.5":0.5666666666666667,"val_recall0.25":1,"test_accuracy0.5":0.574999988079071,"val_precision0.5":0.26923078298568726,"_timestamp":1.7550667973762693e+09,"val_accuracy0.25":0.24528302252292633,"test_auroc":0.5366666913032532,"val_precision0.75":0,"test_precision0.5":0.3055555522441864,"test_recall0.5":0.550000011920929,"val_accuracy0.75":0.7547169923782349,"val_recall0.75":0,"val_balanced_accuracy0.25":0.5,"_wandb":{"runtime":1749},"val_recall0.5":0.5384615659713745,"test_recall0.75":0,"_step":286,"test_balanced_accuracy0.75":0.5,"val_balanced_accuracy0.5":0.5317307692307692,"test_accuracy0.25":0.25,"test_recall0.25":1,"test_precision0.75":0,"train_loss":2.069579839706421,"_runtime":1749.6934836,"test_balanced_accuracy0.25":0.5,"test_accuracy0.75":0.75,"test_precision0.25":0.25}