{"test_precision0.75":0,"val_balanced_accuracy0.75":0.5,"_timestamp":1.750859023556454e+09,"_wandb":{"runtime":1858},"test_precision0.5":0,"test_accuracy0.5":0.746835470199585,"val_recall0.5":0,"val_accuracy0.75":0.7523809671401978,"_step":192,"val_accuracy0.5":0.7523809671401978,"val_precision0.75":0,"test_recall0.75":0,"val_precision0.25":0.24761904776096344,"test_precision0.25":0.2531645596027374,"val_auroc":0.5,"train_auroc":0.524498701095581,"val_balanced_accuracy0.25":0.5,"test_recall0.25":1,"val_precision0.5":0,"val_accuracy0.25":0.24761904776096344,"train_loss":2.09382963180542,"val_recall0.75":0,"_runtime":1858.22173528,"test_auroc":0.5,"test_balanced_accuracy0.25":0.5,"val_recall0.25":1,"test_accuracy0.75":0.746835470199585,"test_balanced_accuracy0.5":0.5,"test_recall0.5":0,"val_balanced_accuracy0.5":0.5,"test_accuracy0.25":0.2531645596027374,"test_balanced_accuracy0.75":0.5}