{"test_recall0.25":0.44999998807907104,"val_recall0.25":0.3076923191547394,"test_accuracy0.75":0.7088607549667358,"val_accuracy0.25":0.6857143044471741,"test_precision0.75":0.3636363744735718,"val_accuracy0.75":0.7523809671401978,"test_recall0.75":0.20000000298023224,"test_recall0.5":0.3499999940395355,"val_balanced_accuracy0.25":0.5589094449853944,"_timestamp":1.75094073250947e+09,"train_loss":0.039060235023498535,"test_balanced_accuracy0.25":0.5978813559322034,"_step":475,"test_accuracy0.5":0.6835442781448364,"_wandb":{"runtime":4643},"test_precision0.25":0.375,"val_recall0.5":0.26923078298568726,"_runtime":4643.697230472,"val_precision0.25":0.3478260934352875,"val_precision0.75":0.5,"train_auroc":1,"test_precision0.5":0.3684210479259491,"val_auroc":0.507789671421051,"val_recall0.75":0.19230769574642181,"test_accuracy0.25":0.6708860993385315,"val_precision0.5":0.46666666865348816,"test_auroc":0.5593220591545105,"val_accuracy0.5":0.7428571581840515,"test_balanced_accuracy0.75":0.5406779661016949,"val_balanced_accuracy0.5":0.5839824732229796,"val_balanced_accuracy0.75":0.564508276533593,"test_balanced_accuracy0.5":0.5733050847457627}