{"val_accuracy":0.7407407164573669,"val_loss":1.7207512855529785,"_step":77,"_timestamp":1.7495726009093652e+09,"val_balanced_accuracy":0.5464285714285714,"test_auroc":0.49273988604545593,"test_accuracy":0.6717557311058044,"test_recall":0.03125,"val_precision":0.5,"val_auroc":0.6142857074737549,"_wandb":{"runtime":549},"train_auroc":0.7146413326263428,"test_precision":0.07692307978868484,"train_loss":1.5232208967208862,"val_recall":0.1428571492433548,"test_balanced_accuracy":0.4550189393939394,"_runtime":549.554657877}