{"_wandb":{"runtime":162},"test_precision":0,"val_loss":1.803058385848999,"val_auroc":0.4214285910129547,"val_recall":0,"train_auroc":0.5715955495834351,"test_balanced_accuracy":0.5,"_step":55,"test_recall":0,"test_auroc":0.5971839427947998,"_timestamp":1.7494840287702975e+09,"test_accuracy":0.75,"_runtime":162.490119804,"val_accuracy":0.7407407164573669,"train_loss":1.6739853620529175,"val_precision":0,"val_balanced_accuracy":0.5}