{"val_recall":0,"test_auroc":0.5,"train_auroc":0.5,"_wandb":{"runtime":559},"val_loss":0.4586297571659088,"val_precision":0,"_step":35,"_timestamp":1.7477016459930778e+09,"test_recall":0,"test_accuracy":0.746835470199585,"_runtime":556.770750153,"val_accuracy":0.75,"test_precision":0,"train_loss":0.3734797239303589,"val_auroc":0.5}