{"val_accuracy0.5":0.7428571581840515,"train_loss":0.028575487434864044,"val_recall0.75":0.1538461595773697,"_runtime":6656.213738849,"test_auroc":0.5406779646873474,"val_precision0.5":0.4545454680919647,"val_accuracy0.75":0.7333333492279053,"test_precision0.5":0.375,"test_accuracy0.75":0.7341772317886353,"test_precision0.25":0.380952388048172,"test_balanced_accuracy0.5":0.5652542372881356,"test_recall0.25":0.4000000059604645,"test_accuracy0.25":0.6835442781448364,"val_auroc":0.5175268054008484,"test_accuracy0.5":0.6962025165557861,"val_recall0.25":0.3076923191547394,"val_recall0.5":0.19230769574642181,"_step":627,"_wandb":{"runtime":6656},"test_recall0.5":0.30000001192092896,"val_balanced_accuracy0.5":0.5581791626095424,"val_balanced_accuracy0.25":0.5905550146056475,"test_balanced_accuracy0.25":0.5898305084745763,"val_precision0.25":0.4444444477558136,"val_accuracy0.25":0.7333333492279053,"test_precision0.75":0.4444444477558136,"test_recall0.75":0.20000000298023224,"_timestamp":1.750776833121069e+09,"val_precision0.75":0.4000000059604645,"test_balanced_accuracy0.75":0.5576271186440678,"train_auroc":1,"val_balanced_accuracy0.75":0.5389483933787731}