{"_step":88,"val_loss":1.7295701503753662,"val_recall":0,"val_accuracy":0.7407407164573669,"train_auroc":0.48402494192123413,"test_precision":0,"val_precision":0,"test_auroc":0.5621365308761597,"_wandb":{"runtime":529},"val_balanced_accuracy":0.5,"test_balanced_accuracy":0.5,"val_auroc":0.37857145071029663,"train_loss":1.690696120262146,"_runtime":529.09594824,"test_accuracy":0.75,"_timestamp":1.7495676819173243e+09,"test_recall":0}