{"val_balanced_accuracy0.5":0.4944011684518014,"test_accuracy0.5":0.746835470199585,"test_balanced_accuracy0.75":0.4915254237288136,"val_accuracy0.75":0.761904776096344,"test_recall0.75":0,"train_loss":0.4699144661426544,"val_recall0.25":0.3076923191547394,"test_precision0.5":0.5,"val_precision0.25":0.3333333432674408,"val_precision0.75":0.6666666865348816,"train_auroc":0.9941916465759277,"test_recall0.25":0.3499999940395355,"_wandb":{"runtime":2763},"test_auroc":0.5974576473236084,"val_recall0.5":0.11538461595773697,"val_accuracy0.5":0.6857143044471741,"test_accuracy0.75":0.7341772317886353,"_runtime":2763.876954149,"test_accuracy0.25":0.6708860993385315,"test_balanced_accuracy0.5":0.5165254237288136,"val_balanced_accuracy0.75":0.5321324245374879,"val_balanced_accuracy0.25":0.5525803310613437,"val_recall0.75":0.07692307978868484,"test_precision0.25":0.3499999940395355,"val_accuracy0.25":0.6761904954910278,"test_precision0.75":0,"test_recall0.5":0.05000000074505806,"_step":999,"test_balanced_accuracy0.25":0.5648305084745763,"_timestamp":1.750284471305579e+09,"val_precision0.5":0.23076923191547394,"val_auroc":0.5786270499229431}