{"val_recall0.5":0.6153846383094788,"val_precision0.5":0.3199999928474426,"val_balanced_accuracy0.75":0.5,"val_recall0.75":0,"_wandb":{"runtime":1380},"_step":469,"test_precision0.25":0.2531645596027374,"val_accuracy0.25":0.24761904776096344,"val_recall0.25":1,"_runtime":1380.751614901,"test_auroc":0.5237288475036621,"test_accuracy0.25":0.2531645596027374,"val_precision0.25":0.24761904776096344,"test_precision0.75":0,"test_recall0.5":0.44999998807907104,"test_precision0.5":0.27272728085517883,"val_accuracy0.5":0.5809524059295654,"test_balanced_accuracy0.25":0.5,"test_recall0.25":1,"train_loss":1.9818834066390991,"train_auroc":0.6266424059867859,"test_accuracy0.75":0.746835470199585,"val_balanced_accuracy0.5":0.5925024342745862,"val_precision0.75":0,"val_accuracy0.75":0.7523809671401978,"test_accuracy0.5":0.5569620132446289,"test_balanced_accuracy0.5":0.5216101694915254,"test_recall0.75":0,"val_auroc":0.6217137575149536,"val_balanced_accuracy0.25":0.5,"_timestamp":1.7503070838165073e+09,"test_balanced_accuracy0.75":0.5}