{"test_accuracy0.25":0.5569620132446289,"_timestamp":1.7498353963335836e+09,"test_recall0.25":0.15000000596046448,"test_recall0.5":0.15000000596046448,"val_balanced_accuracy0.5":0.5138753651411879,"val_precision0.5":0.2777777910232544,"val_recall0.25":0.23076923191547394,"test_auroc":0.318220317363739,"test_precision0.5":0.1428571492433548,"val_precision0.75":0.23529411852359772,"val_recall0.75":0.1538461595773697,"val_accuracy0.75":0.6666666865348816,"val_precision0.25":0.27272728085517883,"train_auroc":1,"test_accuracy0.75":0.5569620132446289,"val_accuracy0.25":0.6571428775787354,"val_accuracy0.5":0.6761904954910278,"test_precision0.75":0.1428571492433548,"_step":499,"_wandb":{"runtime":1893},"test_balanced_accuracy0.75":0.4224576271186441,"_runtime":1893.185600274,"val_balanced_accuracy0.75":0.4946445959104187,"train_loss":1.042460553435376e-06,"test_balanced_accuracy0.5":0.4224576271186441,"val_auroc":0.549902617931366,"test_precision0.25":0.1428571492433548,"test_balanced_accuracy0.25":0.4224576271186441,"test_accuracy0.5":0.5569620132446289,"val_balanced_accuracy0.25":0.5141187925998053,"val_recall0.5":0.19230769574642181,"test_recall0.75":0.15000000596046448}