{"test_auroc":0.5066288113594055,"train_loss":1.6878701448440552,"_runtime":221.974018721,"test_accuracy":0.7557252049446106,"test_precision":0,"_timestamp":1.7495560541309693e+09,"test_balanced_accuracy":0.5,"test_recall":0,"_step":51,"val_accuracy":0.7407407164573669,"val_loss":1.7285854816436768,"train_auroc":0.5650675296783447,"val_recall":0,"val_balanced_accuracy":0.5,"val_auroc":0.5285714268684387,"_wandb":{"runtime":221},"val_precision":0}