{"test_precision0.5":0.23529411852359772,"val_recall0.25":0.26923078298568726,"test_precision0.75":0.23529411852359772,"test_recall0.75":0.20000000298023224,"test_recall0.5":0.20000000298023224,"val_precision0.75":0.2857142984867096,"test_balanced_accuracy0.25":0.4813559322033898,"val_balanced_accuracy0.75":0.5136319376825706,"val_accuracy0.75":0.6952381134033203,"val_accuracy0.25":0.6571428775787354,"test_auroc":0.4974576532840729,"test_recall0.25":0.20000000298023224,"test_balanced_accuracy0.5":0.4898305084745763,"_timestamp":1.750562207844789e+09,"val_recall0.5":0.19230769574642181,"_step":262,"test_balanced_accuracy0.75":0.4898305084745763,"val_balanced_accuracy0.25":0.5270204479065238,"train_loss":0.04007316008210182,"_runtime":1281.355374575,"val_recall0.75":0.1538461595773697,"train_auroc":0.9993914365768433,"val_precision0.25":0.2916666567325592,"test_accuracy0.75":0.6329113841056824,"val_accuracy0.5":0.6761904954910278,"val_balanced_accuracy0.5":0.5138753651411879,"val_auroc":0.5111976861953735,"test_precision0.25":0.2222222238779068,"test_accuracy0.5":0.6329113841056824,"val_precision0.5":0.2777777910232544,"test_accuracy0.25":0.6202531456947327,"_wandb":{"runtime":1281}}