{"_wandb":{"runtime":34},"val_loss":2.1754133701324463,"val_auroc":0.5,"val_recall":0,"val_accuracy":0.75,"_timestamp":1.7476545301326163e+09,"_step":0,"val_precision":0,"_runtime":15.97243297}