{"test_precision":0,"test_recall":0,"test_auroc":0.5318491458892822,"val_auroc":0.5357142686843872,"train_loss":1.66520357131958,"val_recall":0,"test_balanced_accuracy":0.5,"_runtime":262.855552259,"train_auroc":0.6589984893798828,"val_balanced_accuracy":0.5,"_step":55,"val_loss":1.7243282794952393,"_timestamp":1.7494987486326764e+09,"test_accuracy":0.7480915784835815,"_wandb":{"runtime":262},"val_precision":0,"val_accuracy":0.7407407164573669}