{"val_recall0.25":0.37037035822868347,"_step":999,"val_precision0.75":0,"test_precision0.25":0.1666666716337204,"train_auroc":0.913729727268219,"val_accuracy0.5":0.7476635575294495,"test_recall0.5":0,"val_accuracy0.25":0.4859813153743744,"test_accuracy0.25":0.550000011920929,"test_precision0.5":0,"val_precision0.5":0.5,"test_balanced_accuracy0.25":0.43333333333333335,"test_recall0.25":0.20000000298023224,"val_recall0.75":0,"test_balanced_accuracy0.75":0.49166666666666664,"test_accuracy0.75":0.737500011920929,"test_precision0.75":0,"_runtime":4170.253537334,"val_auroc":0.47175925970077515,"val_balanced_accuracy0.5":0.5122685185185185,"_wandb":{"runtime":4170},"val_accuracy0.75":0.7476635575294495,"val_balanced_accuracy0.75":0.5,"val_precision0.25":0.2083333283662796,"test_accuracy0.5":0.7124999761581421,"val_recall0.5":0.03703703731298447,"_timestamp":1.7537898590713537e+09,"train_loss":1.0393840074539185,"test_recall0.75":0,"test_auroc":0.5024999976158142,"test_balanced_accuracy0.5":0.475,"val_balanced_accuracy0.25":0.4476851851851852}