{"test_balanced_accuracy":0.5,"train_loss":1.718648076057434,"test_auroc":0.48025715351104736,"val_balanced_accuracy":0.5,"test_accuracy":0.75,"val_recall":0,"test_precision":0,"_wandb":{"runtime":480},"val_precision":0,"_step":51,"test_recall":0,"_runtime":480.332315943,"train_auroc":0.47029024362564087,"val_accuracy":0.7407407164573669,"val_loss":1.730607271194458,"_timestamp":1.7495359996800065e+09,"val_auroc":0.44999998807907104}