{"test_precision0.75":0,"val_accuracy0.5":0.7523809671401978,"val_precision0.5":0,"val_balanced_accuracy0.25":0.5,"test_recall0.5":0,"test_precision0.25":0.2531645596027374,"test_recall0.25":1,"val_precision0.25":0.24761904776096344,"test_auroc":0.5,"test_precision0.5":0,"val_precision0.75":0,"test_balanced_accuracy0.5":0.5,"train_auroc":0.4337445795536041,"val_recall0.75":0,"val_accuracy0.25":0.24761904776096344,"train_loss":2.093846321105957,"test_accuracy0.5":0.746835470199585,"test_recall0.75":0,"val_recall0.5":0,"val_accuracy0.75":0.7523809671401978,"test_balanced_accuracy0.75":0.5,"_wandb":{"runtime":761},"test_balanced_accuracy0.25":0.5,"_timestamp":1.751380196568922e+09,"val_balanced_accuracy0.5":0.5,"val_balanced_accuracy0.75":0.5,"val_auroc":0.5,"test_accuracy0.75":0.746835470199585,"_runtime":761.452123137,"_step":157,"test_accuracy0.25":0.2531645596027374,"val_recall0.25":1}