{"test_precision0.25":0.25,"test_accuracy0.75":0.75,"val_recall0.5":1,"_timestamp":1.7549528207287872e+09,"test_accuracy0.25":0.25,"test_recall0.5":1,"val_balanced_accuracy0.5":0.5,"val_balanced_accuracy0.75":0.5,"val_recall0.75":0,"_step":226,"val_balanced_accuracy0.25":0.5,"test_precision0.5":0.25,"val_accuracy0.5":0.25233644247055054,"train_auroc":0.49550190567970276,"_runtime":1583.037183965,"test_balanced_accuracy0.5":0.5,"val_accuracy0.25":0.25233644247055054,"val_precision0.5":0.25233644247055054,"test_recall0.75":0,"val_accuracy0.75":0.7476635575294495,"test_accuracy0.5":0.25,"test_balanced_accuracy0.75":0.5,"val_auroc":0.522685170173645,"test_recall0.25":1,"test_balanced_accuracy0.25":0.5,"test_auroc":0.4775000214576721,"_wandb":{"runtime":1583},"val_precision0.25":0.25233644247055054,"train_loss":2.0825891494750977,"val_recall0.25":1,"test_precision0.75":0,"val_precision0.75":0}