{"_runtime":146.662230431,"test_balanced_accuracy":0.5,"_step":50,"test_precision":0,"test_recall":0,"val_recall":0,"val_accuracy":0.7407407164573669,"val_auroc":0.6499999761581421,"train_loss":1.6428147554397583,"train_auroc":0.6264483332633972,"test_auroc":0.44507575035095215,"val_loss":1.6916251182556152,"_wandb":{"runtime":146},"test_accuracy":0.7557252049446106,"val_balanced_accuracy":0.5,"val_precision":0,"_timestamp":1.7494875264683962e+09}