{"val_auroc":0.5219907164573669,"test_recall0.75":0,"val_recall0.75":0,"val_balanced_accuracy0.5":0.5,"test_auroc":0.4958333373069763,"val_recall0.5":1,"test_recall0.25":1,"train_auroc":0.5609351396560669,"_step":59,"val_precision0.25":0.25233644247055054,"train_surv_loss":1.0022791624069214,"test_balanced_accuracy0.5":0.5,"test_accuracy0.5":0.25,"test_recall0.5":1,"_timestamp":1.7549698273402677e+09,"train_loss":1.4926605224609375,"test_balanced_accuracy0.25":0.5,"test_precision0.25":0.25,"test_precision0.75":0,"val_recall0.25":1,"test_accuracy0.25":0.25,"test_accuracy0.75":0.75,"train_kld_loss":0.0016187544679269195,"val_accuracy0.5":0.25233644247055054,"val_precision0.5":0.25233644247055054,"val_balanced_accuracy0.25":0.5,"_wandb":{"runtime":1050},"train_recon_loss_no_kld":0.9791441559791565,"val_balanced_accuracy0.75":0.5,"val_accuracy0.25":0.25233644247055054,"test_balanced_accuracy0.75":0.5,"train_mu":6.06504636380123e-06,"val_precision0.75":0,"train_logvar":-7.890557185419311e-07,"test_precision0.5":0.25,"val_accuracy0.75":0.7476635575294495,"_runtime":1050.129508465}