{"test_balanced_accuracy0.75":0.525,"test_recall0.25":0.8500000238418579,"val_recall0.5":0.40740740299224854,"test_recall0.5":0.4000000059604645,"val_precision0.5":0.25581395626068115,"val_precision0.75":0.3333333432674408,"test_precision0.25":0.3541666567325592,"test_precision0.5":0.3076923191547394,"test_auroc":0.6299999952316284,"val_recall0.75":0.18518517911434174,"val_precision0.25":0.2537313401699066,"val_accuracy0.75":0.698113203048706,"_timestamp":1.753151862139503e+09,"test_accuracy0.75":0.7124999761581421,"val_auroc":0.50492262840271,"_runtime":3950.229641288,"val_balanced_accuracy0.5":0.5011720581340834,"val_accuracy0.25":0.43396225571632385,"train_loss":0.5365330576896667,"test_recall0.75":0.15000000596046448,"_wandb":{"runtime":3950},"val_recall0.25":0.6296296119689941,"test_accuracy0.25":0.574999988079071,"train_auroc":0.9849609136581421,"test_balanced_accuracy0.5":0.55,"test_precision0.75":0.3333333432674408,"test_accuracy0.5":0.625,"val_balanced_accuracy0.75":0.5293014533520862,"_step":999,"val_balanced_accuracy0.25":0.4983591186122832,"val_accuracy0.5":0.5471698045730591,"test_balanced_accuracy0.25":0.6666666666666666}