{"test_recall":0,"val_accuracy":0.75,"_timestamp":1.7476640489110017e+09,"test_accuracy":0.746835470199585,"train_loss":0.3504571318626404,"_step":35,"val_recall":0,"val_auroc":0.5,"_runtime":440.550693564,"test_precision":0,"test_auroc":0.5,"_wandb":{"runtime":441},"val_precision":0,"train_auroc":0.5,"val_loss":0.37792715430259705}