{"val_accuracy0.5":0.6000000238418579,"val_recall0.75":0.3076923191547394,"_timestamp":1.7508860116768253e+09,"_step":253,"val_precision0.25":0.2777777910232544,"train_loss":4.937970174978545e-07,"val_recall0.5":0.38461539149284363,"test_accuracy0.5":0.5822784900665283,"_wandb":{"runtime":2518},"val_balanced_accuracy0.75":0.495618305744888,"val_recall0.25":0.38461539149284363,"test_balanced_accuracy0.25":0.5055084745762712,"test_precision0.25":0.25925925374031067,"test_accuracy0.25":0.5822784900665283,"train_auroc":0.9999999403953552,"test_precision0.5":0.25925925374031067,"test_recall0.75":0.3499999940395355,"test_balanced_accuracy0.75":0.5055084745762712,"val_accuracy0.25":0.6000000238418579,"val_balanced_accuracy0.25":0.5277507302823758,"val_balanced_accuracy0.5":0.5277507302823758,"test_recall0.25":0.3499999940395355,"test_accuracy0.75":0.5822784900665283,"val_precision0.75":0.24242424964904785,"test_recall0.5":0.3499999940395355,"val_accuracy0.75":0.5904762148857117,"test_precision0.75":0.25925925374031067,"val_precision0.5":0.2777777910232544,"val_auroc":0.585686445236206,"test_auroc":0.5279661417007446,"_runtime":2518.010030864,"test_balanced_accuracy0.5":0.5055084745762712}