{"test_precision":0,"train_loss":0.3765918016433716,"train_auroc":0.5,"_runtime":1657.77953932,"_step":35,"val_precision":0,"val_accuracy":0.75,"val_loss":0.37498778104782104,"val_recall":0,"val_auroc":0.5,"_timestamp":1.7476890314766848e+09,"test_auroc":0.5,"test_accuracy":0.75,"test_recall":0,"_wandb":{"runtime":1658}}