{"val_accuracy":0.7407407164573669,"val_recall":0.1428571492433548,"train_loss":0.10850609838962555,"test_precision":0.3684210479259491,"test_recall":0.21212121844291687,"_timestamp":1.7495457314304254e+09,"_wandb":{"runtime":328},"val_balanced_accuracy":0.5464285714285714,"test_auroc":0.5773036479949951,"train_auroc":0.99961256980896,"test_balanced_accuracy":0.5448361162646876,"val_precision":0.5,"val_loss":6.127170562744141,"val_auroc":0.4928571581840515,"_runtime":328.652918269,"_step":52,"test_accuracy":0.7099236845970154}