{"test_precision0.75":0,"_step":284,"val_recall0.75":0,"_wandb":{"runtime":1065},"test_precision0.5":0.3333333432674408,"_runtime":1065.725776272,"test_precision0.25":0.25,"test_balanced_accuracy0.75":0.49166666666666664,"val_accuracy0.25":0.25471699237823486,"val_balanced_accuracy0.75":0.4936708860759494,"val_precision0.5":0.2916666567325592,"train_auroc":0.5971242189407349,"test_accuracy0.75":0.737500011920929,"val_recall0.25":1,"val_recall0.5":0.5185185074806213,"test_balanced_accuracy0.5":0.5916666666666667,"val_accuracy0.5":0.5566037893295288,"test_recall0.5":0.550000011920929,"val_precision0.75":0,"test_recall0.75":0,"val_auroc":0.580403208732605,"test_balanced_accuracy0.25":0.5,"val_accuracy0.75":0.7358490824699402,"val_balanced_accuracy0.5":0.5440693858415377,"test_accuracy0.5":0.612500011920929,"train_loss":2.0602219104766846,"test_accuracy0.25":0.25,"test_recall0.25":1,"val_precision0.25":0.25471699237823486,"test_auroc":0.622499942779541,"val_balanced_accuracy0.25":0.5,"_timestamp":1.753517197624769e+09}