{"val_accuracy0.5":0.7547169923782349,"test_accuracy0.75":0.75,"test_recall0.75":0,"test_balanced_accuracy0.75":0.5,"val_balanced_accuracy0.5":0.5,"_wandb":{"runtime":559},"test_precision0.75":0,"test_recall0.25":1,"test_balanced_accuracy0.5":0.5,"test_accuracy0.25":0.25,"val_precision0.75":0,"test_recall0.5":0,"val_recall0.25":1,"val_accuracy0.25":0.24528302252292633,"_runtime":559.469416549,"val_precision0.5":0,"train_auroc":0.5261752009391785,"val_precision0.25":0.24528302252292633,"test_precision0.25":0.25,"test_accuracy0.5":0.75,"test_balanced_accuracy0.25":0.5,"val_balanced_accuracy0.25":0.5,"val_recall0.75":0,"val_auroc":0.5682692527770996,"val_accuracy0.75":0.7547169923782349,"test_auroc":0.6383333206176758,"train_loss":2.0648701190948486,"val_balanced_accuracy0.75":0.5,"val_recall0.5":0,"_timestamp":1.7534878058455951e+09,"_step":197,"test_precision0.5":0}