{"_step":191,"test_balanced_accuracy0.5":0.6083333333333334,"val_auroc":0.4917955994606018,"test_balanced_accuracy0.75":0.6,"test_recall0.75":0.30000001192092896,"test_recall0.5":0.3499999940395355,"test_recall0.25":0.3499999940395355,"test_precision0.75":0.5,"val_recall0.5":0.18518517911434174,"val_precision0.5":0.25,"_runtime":1723.029548335,"test_auroc":0.6387500166893005,"train_auroc":1,"val_accuracy0.75":0.6603773832321167,"test_accuracy0.75":0.75,"test_accuracy0.5":0.737500011920929,"test_precision0.5":0.46666666865348816,"val_balanced_accuracy0.75":0.49179559306141585,"_wandb":{"runtime":1723},"val_accuracy0.25":0.6132075190544128,"val_recall0.75":0.14814814925193787,"val_balanced_accuracy0.5":0.4976558837318331,"val_precision0.75":0.23529411852359772,"_timestamp":1.753645270269292e+09,"val_precision0.25":0.2083333283662796,"test_precision0.25":0.4375,"train_loss":3.095373904216103e-05,"test_balanced_accuracy0.25":0.6,"test_accuracy0.25":0.7250000238418579,"val_accuracy0.5":0.650943398475647,"val_recall0.25":0.18518517911434174,"val_balanced_accuracy0.25":0.47233942803563056}