{"val_accuracy0.25":0.6415094137191772,"val_recall0.25":0.11538461595773697,"_wandb":{"runtime":631},"train_auroc":1,"val_recall0.75":0.11538461595773697,"test_balanced_accuracy0.75":0.6166666666666667,"val_balanced_accuracy0.25":0.4639423076923077,"val_precision0.75":0.3333333432674408,"val_balanced_accuracy0.5":0.5076923076923077,"test_auroc":0.60916668176651,"test_balanced_accuracy0.25":0.6083333333333334,"test_recall0.5":0.30000001192092896,"test_accuracy0.25":0.737500011920929,"_timestamp":1.7534614129015265e+09,"test_accuracy0.75":0.7749999761581421,"test_precision0.5":0.5454545617103577,"val_precision0.25":0.1666666716337204,"val_accuracy0.5":0.7075471878051758,"test_balanced_accuracy0.5":0.6083333333333333,"_step":264,"test_accuracy0.5":0.762499988079071,"test_precision0.25":0.46666666865348816,"train_loss":6.668375135632232e-05,"test_precision0.75":0.6000000238418579,"val_balanced_accuracy0.75":0.5201923076923077,"test_recall0.75":0.30000001192092896,"val_recall0.5":0.11538461595773697,"val_auroc":0.4346154034137726,"test_recall0.25":0.3499999940395355,"val_accuracy0.75":0.7264150977134705,"_runtime":631.300526796,"val_precision0.5":0.27272728085517883}