{"test_precision0.75":0.28125,"train_auroc":1,"val_accuracy0.75":0.5809524059295654,"test_balanced_accuracy0.5":0.5127118644067796,"test_precision0.25":0.2857142984867096,"val_precision0.5":0.2888889014720917,"_timestamp":1.7501382686598778e+09,"test_balanced_accuracy0.25":0.5457627118644068,"val_auroc":0.5494157671928406,"test_accuracy0.75":0.5696202516555786,"val_precision0.75":0.2954545319080353,"test_auroc":0.5360169410705566,"test_balanced_accuracy0.75":0.5300847457627119,"val_precision0.25":0.2916666567325592,"val_accuracy0.25":0.561904788017273,"val_recall0.5":0.5,"test_recall0.75":0.44999998807907104,"_step":349,"val_balanced_accuracy0.75":0.5537974683544304,"val_balanced_accuracy0.25":0.5540408958130477,"val_balanced_accuracy0.5":0.5474683544303798,"train_loss":0.0002240426401840523,"test_accuracy0.25":0.5189873576164246,"test_recall0.25":0.6000000238418579,"val_recall0.25":0.5384615659713745,"test_recall0.5":0.5,"_wandb":{"runtime":1524},"_runtime":1524.597524545,"val_accuracy0.5":0.5714285969734192,"val_recall0.75":0.5,"test_precision0.5":0.2631579041481018,"test_accuracy0.5":0.5189873576164246}