{"test_auroc":0.5327767729759216,"val_accuracy":0.7407407164573669,"_wandb":{"runtime":188},"_runtime":188.946331935,"_timestamp":1.7494889367374961e+09,"test_accuracy":0.7480915784835815,"test_precision":0,"val_recall":0,"train_auroc":0.584075927734375,"test_balanced_accuracy":0.5,"val_loss":1.7181183099746704,"_step":58,"val_precision":0,"train_loss":1.6749682426452637,"val_balanced_accuracy":0.5,"val_auroc":0.5928571224212646,"test_recall":0}