{"test_balanced_accuracy0.25":0.4572033898305085,"_wandb":{"runtime":2111},"test_balanced_accuracy0.5":0.4741525423728814,"val_auroc":0.48466408252716064,"test_precision0.75":0.20000000298023224,"test_auroc":0.5499999523162842,"train_loss":5.594632511929376e-06,"val_accuracy0.75":0.6666666865348816,"_runtime":2111.908225014,"val_precision0.25":0.22727273404598236,"val_precision0.5":0.25,"val_balanced_accuracy0.25":0.48855890944498537,"test_precision0.25":0.1111111119389534,"val_balanced_accuracy0.75":0.5075462512171374,"test_recall0.75":0.05000000074505806,"test_recall0.5":0.05000000074505806,"val_recall0.25":0.19230769574642181,"val_accuracy0.5":0.6571428775787354,"val_recall0.5":0.19230769574642181,"val_balanced_accuracy0.5":0.5012171372930867,"test_accuracy0.5":0.6835442781448364,"_timestamp":1.7498569250234191e+09,"test_accuracy0.75":0.7088607549667358,"test_recall0.25":0.05000000074505806,"test_balanced_accuracy0.75":0.49110169491525424,"val_accuracy0.25":0.6380952596664429,"_step":499,"train_auroc":1,"test_precision0.5":0.1428571492433548,"val_precision0.75":0.2631579041481018,"val_recall0.75":0.19230769574642181,"test_accuracy0.25":0.6582278609275818}