{"train_auroc":1,"val_recall0.5":0.18518517911434174,"test_accuracy0.75":0.675000011920929,"val_precision0.5":0.29411765933036804,"_runtime":2301.100559273,"_wandb":{"runtime":2301},"val_recall0.75":0.18518517911434174,"test_precision0.5":0.2142857164144516,"test_balanced_accuracy0.75":0.5,"test_precision0.25":0.1875,"val_auroc":0.46504631638526917,"_timestamp":1.7535556289567688e+09,"test_accuracy0.5":0.6499999761581421,"test_balanced_accuracy0.5":0.48333333333333334,"val_accuracy0.5":0.6822429895401001,"val_recall0.25":0.18518517911434174,"test_recall0.25":0.15000000596046448,"val_accuracy0.75":0.6915887594223022,"test_balanced_accuracy0.25":0.4666666666666667,"val_accuracy0.25":0.663551390171051,"test_recall0.75":0.15000000596046448,"test_recall0.5":0.15000000596046448,"test_precision0.75":0.25,"val_precision0.25":0.2631579041481018,"_step":218,"val_balanced_accuracy0.25":0.5050925925925925,"train_loss":7.650385668966919e-05,"val_balanced_accuracy0.75":0.5238425925925926,"val_precision0.75":0.3125,"test_auroc":0.4804166555404663,"val_balanced_accuracy0.5":0.5175925925925926,"test_accuracy0.25":0.625}