{"test_auroc":0.4998469352722168,"_runtime":363.888645128,"val_auroc":0.4357143044471741,"test_recall":0,"test_precision":0,"val_recall":0,"test_balanced_accuracy":0.5,"_step":51,"_timestamp":1.7495249693367655e+09,"_wandb":{"runtime":363},"train_loss":1.6452592611312866,"test_accuracy":0.75,"val_balanced_accuracy":0.5,"val_precision":0,"val_accuracy":0.7407407164573669,"train_auroc":0.6476719379425049,"val_loss":1.7560232877731323}