{"test_accuracy0.5":0.6625000238418579,"_runtime":2436.020775326,"test_recall0.75":0.15000000596046448,"test_precision0.75":0.27272728085517883,"test_accuracy0.25":0.675000011920929,"val_balanced_accuracy0.25":0.49179559306141585,"_wandb":{"runtime":2436},"test_balanced_accuracy0.5":0.4916666666666667,"val_precision0.5":0.25,"val_accuracy0.75":0.6886792182922363,"val_precision0.75":0.25,"val_accuracy0.5":0.6698113083839417,"test_auroc":0.5891666412353516,"test_recall0.25":0.20000000298023224,"test_precision0.25":0.2857142984867096,"train_loss":3.7296304071787745e-05,"val_precision0.25":0.23529411852359772,"val_recall0.75":0.1111111119389534,"val_balanced_accuracy0.5":0.49812470698546646,"test_precision0.5":0.23076923191547394,"test_balanced_accuracy0.75":0.5083333333333333,"_step":402,"test_balanced_accuracy0.25":0.5166666666666667,"test_recall0.5":0.15000000596046448,"_timestamp":1.7535628358622284e+09,"val_accuracy0.25":0.6603773832321167,"val_recall0.5":0.14814814925193787,"val_recall0.25":0.14814814925193787,"train_auroc":1,"val_auroc":0.5119550228118896,"val_balanced_accuracy0.75":0.4985935302390998,"test_accuracy0.75":0.6875}