{"val_balanced_accuracy0.5":0.5,"val_accuracy0.75":0.7547169923782349,"_runtime":1467.153094675,"test_balanced_accuracy0.75":0.5,"train_auroc":0.4290705919265747,"val_recall0.25":1,"test_recall0.25":1,"train_loss":1.8099229335784912,"test_accuracy0.75":0.75,"val_balanced_accuracy0.75":0.5,"val_recall0.5":0,"val_accuracy0.25":0.24528302252292633,"test_balanced_accuracy0.25":0.5,"test_recall0.75":0,"test_accuracy0.25":0.25,"val_precision0.75":0,"val_precision0.5":0,"val_auroc":0.46201926469802856,"val_recall0.75":0,"val_accuracy0.5":0.7547169923782349,"_step":150,"val_precision0.25":0.24528302252292633,"_wandb":{"runtime":1467},"test_precision0.75":0,"test_auroc":0.4416666328907013,"test_recall0.5":0,"test_balanced_accuracy0.5":0.5,"test_precision0.25":0.25,"test_precision0.5":0,"val_balanced_accuracy0.25":0.5,"test_accuracy0.5":0.75,"_timestamp":1.7536348872145584e+09}