{"test_recall0.5":0.25,"test_accuracy0.5":0.699999988079071,"val_accuracy0.5":0.5471698045730591,"train_loss":2.2905411242390983e-05,"test_balanced_accuracy0.75":0.5583333333333333,"val_accuracy0.75":0.5660377144813538,"val_auroc":0.42451924085617065,"_step":640,"val_precision0.75":0.20588235557079315,"val_balanced_accuracy0.25":0.4346153846153846,"test_precision0.75":0.38461539149284363,"test_accuracy0.75":0.7124999761581421,"train_auroc":1,"test_recall0.75":0.25,"_wandb":{"runtime":3792},"test_balanced_accuracy0.25":0.55,"val_balanced_accuracy0.5":0.45336538461538456,"val_recall0.25":0.26923078298568726,"val_accuracy0.25":0.5188679099082947,"val_recall0.75":0.26923078298568726,"_timestamp":1.753539629763585e+09,"test_accuracy0.25":0.699999988079071,"test_balanced_accuracy0.5":0.55,"test_auroc":0.6458333730697632,"_runtime":3792.839704186,"test_precision0.25":0.3571428656578064,"val_balanced_accuracy0.75":0.4658653846153846,"test_recall0.25":0.25,"val_recall0.5":0.26923078298568726,"val_precision0.25":0.1794871836900711,"val_precision0.5":0.1944444477558136,"test_precision0.5":0.3571428656578064}