{"test_recall0.75":0,"test_accuracy0.25":0.49367088079452515,"val_precision0.75":0,"test_precision0.25":0.2368421107530594,"val_recall0.75":0,"_timestamp":1.7502687332801616e+09,"train_auroc":0.6609663963317871,"test_recall0.5":0,"val_accuracy0.25":0.4952380955219269,"val_recall0.5":0,"train_loss":1.6367695331573486,"test_balanced_accuracy0.25":0.4792372881355932,"test_accuracy0.75":0.746835470199585,"test_recall0.25":0.44999998807907104,"val_auroc":0.490262895822525,"val_balanced_accuracy0.25":0.4839337877312561,"_step":999,"_wandb":{"runtime":2421},"test_precision0.5":0,"val_precision0.5":0,"test_auroc":0.49067798256874084,"test_balanced_accuracy0.5":0.5,"test_accuracy0.5":0.746835470199585,"val_accuracy0.5":0.7523809671401978,"val_accuracy0.75":0.7523809671401978,"test_balanced_accuracy0.75":0.5,"val_balanced_accuracy0.5":0.5,"_runtime":2421.32359222,"val_balanced_accuracy0.75":0.5,"test_precision0.75":0,"val_precision0.25":0.23529411852359772,"val_recall0.25":0.4615384638309479}