{"val_precision0.5":0.15789473056793213,"test_precision0.75":0.1428571492433548,"test_balanced_accuracy0.5":0.5406779661016949,"test_precision0.5":0.3636363744735718,"val_auroc":0.4819863438606262,"train_loss":0.00010344274051021785,"train_auroc":1,"val_balanced_accuracy0.5":0.4564264849074976,"test_accuracy0.75":0.6835442781448364,"test_precision0.25":0.2857142984867096,"val_recall0.75":0.11538461595773697,"val_recall0.25":0.1538461595773697,"test_recall0.75":0.05000000074505806,"test_balanced_accuracy0.25":0.5152542372881356,"val_precision0.75":0.1764705926179886,"_timestamp":1.7498804705264633e+09,"test_recall0.5":0.20000000298023224,"val_recall0.5":0.11538461595773697,"val_accuracy0.5":0.6285714507102966,"_wandb":{"runtime":1900},"val_balanced_accuracy0.25":0.46299902629016554,"test_balanced_accuracy0.75":0.4741525423728814,"val_accuracy0.25":0.6190476417541504,"test_auroc":0.5305084586143494,"test_accuracy0.25":0.6708860993385315,"test_accuracy0.5":0.7088607549667358,"test_recall0.25":0.20000000298023224,"val_balanced_accuracy0.75":0.4690847127555989,"_step":499,"val_accuracy0.75":0.6476190686225891,"val_precision0.25":0.1818181872367859,"_runtime":1900.351434825}