{"_runtime":3151.04795157,"train_loss":1.5681777000427246,"test_auroc":0.6042373180389404,"val_balanced_accuracy0.5":0.5009737098344693,"test_precision0.5":0.4285714328289032,"val_recall0.25":0.9230769276618958,"test_recall0.75":0,"val_auroc":0.5637780427932739,"val_balanced_accuracy0.25":0.49951314508276534,"test_accuracy0.75":0.746835470199585,"train_auroc":0.83726567029953,"test_balanced_accuracy0.25":0.5088983050847458,"val_recall0.5":0.1538461595773697,"test_recall0.5":0.30000001192092896,"val_accuracy0.25":0.2857142984867096,"test_accuracy0.25":0.29113924503326416,"_step":999,"val_recall0.75":0,"val_accuracy0.75":0.7523809671401978,"test_precision0.25":0.2567567527294159,"test_precision0.75":0,"val_precision0.25":0.24742268025875092,"val_precision0.75":0,"_wandb":{"runtime":3151},"test_balanced_accuracy0.5":0.5822033898305085,"_timestamp":1.7503016569302454e+09,"test_recall0.25":0.949999988079071,"val_precision0.5":0.25,"test_accuracy0.5":0.7215189933776855,"test_balanced_accuracy0.75":0.5,"val_accuracy0.5":0.6761904954910278,"val_balanced_accuracy0.75":0.5}