{"train_auroc":1,"test_accuracy0.5":0.6962025165557861,"test_accuracy0.75":0.7088607549667358,"test_precision0.75":0.20000000298023224,"test_recall0.5":0.05000000074505806,"test_balanced_accuracy0.25":0.4906779661016949,"test_precision0.5":0.1666666716337204,"val_accuracy0.5":0.6666666865348816,"train_loss":9.334881906397641e-05,"_runtime":917.148550528,"val_auroc":0.4688413143157959,"val_balanced_accuracy0.75":0.46835443037974683,"val_accuracy0.75":0.7047619223594666,"test_balanced_accuracy0.75":0.49110169491525424,"val_precision0.5":0.09090909361839294,"test_auroc":0.3805084824562073,"test_recall0.75":0.05000000074505806,"test_precision0.25":0.2222222238779068,"val_accuracy0.25":0.6571428775787354,"test_balanced_accuracy0.5":0.4826271186440678,"val_precision0.25":0.1428571492433548,"val_recall0.75":0,"_timestamp":1.7501866987010314e+09,"val_recall0.25":0.07692307978868484,"test_recall0.25":0.10000000149011612,"val_recall0.5":0.03846153989434242,"val_balanced_accuracy0.5":0.4559396299902629,"val_precision0.75":0,"test_accuracy0.25":0.6835442781448364,"_wandb":{"runtime":917},"_step":268,"val_balanced_accuracy0.25":0.4625121713729309}