{"test_precision0.75":0.10526315867900848,"val_precision0.75":0.3333333432674408,"test_recall0.75":0.06060606241226196,"_wandb":{"runtime":1758},"val_precision0.5":0.4000000059604645,"test_recall0.25":0.06060606241226196,"test_precision0.25":0.08695652335882187,"test_balanced_accuracy0.5":0.4292929292929293,"test_accuracy0.75":0.6363636255264282,"_runtime":1758.811049507,"test_accuracy0.25":0.6060606241226196,"test_accuracy0.5":0.6136363744735718,"val_recall0.5":0.2857142984867096,"test_balanced_accuracy0.75":0.4444444444444444,"val_accuracy0.25":0.6666666865348816,"train_auroc":1,"val_recall0.75":0.1428571492433548,"test_recall0.5":0.06060606241226196,"test_auroc":0.43403735756874084,"test_precision0.5":0.09090909361839294,"val_accuracy0.5":0.7037037014961243,"val_accuracy0.75":0.7037037014961243,"val_balanced_accuracy0.5":0.5678571428571428,"train_loss":6.781377123843413e-06,"test_balanced_accuracy0.25":0.4242424242424242,"val_precision0.25":0.3333333432674408,"val_balanced_accuracy0.25":0.5428571428571429,"_step":499,"val_auroc":0.5785714387893677,"val_recall0.25":0.2857142984867096,"_timestamp":1.7497110842692027e+09,"val_balanced_accuracy0.75":0.5214285714285715}