{"test_accuracy":0.6259542107582092,"val_recall":0.1428571492433548,"val_auroc":0.5428571701049805,"val_loss":3.2884693145751953,"test_recall":0.125,"test_balanced_accuracy":0.4564393939393939,"train_auroc":1,"val_precision":0.25,"test_precision":0.1599999964237213,"_timestamp":1.749561245387152e+09,"_runtime":726.747965105,"_step":170,"_wandb":{"runtime":726},"train_loss":0.024335425347089767,"val_accuracy":0.6666666865348816,"test_auroc":0.5318812727928162,"val_balanced_accuracy":0.49642857142857144}