{"test_precision0.75":0.21568627655506134,"val_recall0.25":0.807692289352417,"test_auroc":0.4661017060279846,"_step":282,"train_auroc":0.9996394515037537,"_timestamp":1.7514208200603008e+09,"test_recall0.25":0.6499999761581421,"_runtime":1518.299107479,"val_accuracy0.25":0.4095238149166107,"val_accuracy0.75":0.4095238149166107,"val_balanced_accuracy0.5":0.5430866601752677,"test_balanced_accuracy0.5":0.4525423728813559,"test_accuracy0.25":0.3417721390724182,"val_accuracy0.5":0.4095238149166107,"test_accuracy0.5":0.37974682450294495,"test_recall0.75":0.550000011920929,"val_precision0.75":0.2567567527294159,"test_balanced_accuracy0.75":0.4360169491525424,"val_precision0.25":0.26923078298568726,"train_loss":0.07465504854917526,"test_balanced_accuracy0.25":0.4436440677966102,"val_auroc":0.6214702725410461,"val_balanced_accuracy0.75":0.5172833495618305,"test_precision0.25":0.22413793206214905,"val_recall0.75":0.7307692170143127,"val_precision0.5":0.26923078298568726,"_wandb":{"runtime":1518},"val_recall0.5":0.807692289352417,"test_accuracy0.75":0.37974682450294495,"val_balanced_accuracy0.25":0.5430866601752677,"test_recall0.5":0.6000000238418579,"test_precision0.5":0.22641509771347046}