{"val_accuracy0.5":0.5523809790611267,"val_precision0.75":0,"val_auroc":0.5204479098320007,"test_recall0.75":0,"test_auroc":0.5983051061630249,"val_accuracy0.75":0.7523809671401978,"test_precision0.25":0.2531645596027374,"test_balanced_accuracy0.25":0.5,"val_balanced_accuracy0.75":0.5,"val_balanced_accuracy0.5":0.4574001947419669,"val_balanced_accuracy0.25":0.5,"test_accuracy0.5":0.594936728477478,"test_accuracy0.75":0.746835470199585,"val_recall0.75":0,"val_recall0.5":0.26923078298568726,"_runtime":2418.26721001,"val_precision0.5":0.20000000298023224,"_timestamp":1.7511455658698866e+09,"train_auroc":0.6837445497512817,"val_accuracy0.25":0.24761904776096344,"test_precision0.75":0,"test_balanced_accuracy0.5":0.5470338983050848,"test_balanced_accuracy0.75":0.5,"_step":176,"val_recall0.25":1,"test_accuracy0.25":0.2531645596027374,"val_precision0.25":0.24761904776096344,"test_recall0.25":1,"test_recall0.5":0.44999998807907104,"test_precision0.5":0.30000001192092896,"_wandb":{"runtime":2418},"train_loss":1.954249620437622}