{"test_recall0.75":0.10000000149011612,"val_precision0.25":0.2698412835597992,"val_precision0.5":0.2380952388048172,"test_precision0.5":0.3529411852359772,"test_accuracy0.25":0.48750001192092896,"val_accuracy0.5":0.6415094137191772,"val_accuracy0.75":0.698113203048706,"test_balanced_accuracy0.25":0.5416666666666667,"test_accuracy0.75":0.737500011920929,"test_accuracy0.5":0.6875,"_runtime":6295.229224344,"_timestamp":1.7540105420341053e+09,"val_accuracy0.25":0.4716981053352356,"val_balanced_accuracy0.5":0.49132676980778245,"val_balanced_accuracy0.75":0.4927332395686826,"_wandb":{"runtime":6295},"test_precision0.25":0.27659574151039124,"test_auroc":0.5899999737739563,"val_auroc":0.5147679448127747,"test_balanced_accuracy0.5":0.5583333333333333,"val_recall0.5":0.18518517911434174,"train_loss":1.1123943328857422,"val_recall0.25":0.6296296119689941,"test_recall0.25":0.6499999761581421,"val_recall0.75":0.07407407462596893,"val_precision0.75":0.2222222238779068,"test_precision0.75":0.4000000059604645,"val_balanced_accuracy0.25":0.5236755743084858,"_step":999,"train_auroc":0.918515682220459,"test_recall0.5":0.30000001192092896,"test_balanced_accuracy0.75":0.525}