{"test_accuracy0.25":0.5316455960273743,"test_precision0.75":0.3142857253551483,"test_recall0.25":0.6000000238418579,"test_balanced_accuracy0.75":0.5716101694915254,"val_accuracy0.25":0.523809552192688,"val_recall0.5":0.5384615659713745,"test_auroc":0.5889830589294434,"val_balanced_accuracy0.5":0.5413826679649465,"val_precision0.5":0.2800000011920929,"val_accuracy0.75":0.5714285969734192,"val_precision0.25":0.2777777910232544,"val_accuracy0.5":0.5428571701049805,"_runtime":1230.499734585,"val_auroc":0.5306718945503235,"train_loss":0.0008809723076410592,"val_balanced_accuracy0.75":0.5474683544303798,"val_precision0.75":0.2888889014720917,"_timestamp":1.7506989629710987e+09,"test_balanced_accuracy0.5":0.5377118644067798,"test_accuracy0.75":0.5822784900665283,"test_precision0.25":0.2926829159259796,"test_recall0.75":0.550000011920929,"val_recall0.75":0.5,"test_accuracy0.5":0.5316455960273743,"test_recall0.5":0.550000011920929,"test_balanced_accuracy0.25":0.5542372881355933,"val_balanced_accuracy0.25":0.5416260954235638,"train_auroc":1,"_step":269,"val_recall0.25":0.5769230723381042,"test_precision0.5":0.28205129504203796,"_wandb":{"runtime":1230}}