{"val_precision0.25":0.24761904776096344,"val_accuracy0.25":0.24761904776096344,"val_accuracy0.5":0.5333333611488342,"val_precision0.5":0.3050847351551056,"_timestamp":1.750273565652443e+09,"val_auroc":0.6918208599090576,"train_loss":2.017930746078491,"test_accuracy0.25":0.2531645596027374,"test_accuracy0.75":0.746835470199585,"test_precision0.75":0,"test_balanced_accuracy0.25":0.5,"_runtime":708.131380897,"val_precision0.75":1,"test_balanced_accuracy0.75":0.5,"test_accuracy0.5":0.5189873576164246,"val_accuracy0.75":0.761904776096344,"_wandb":{"runtime":708},"test_balanced_accuracy0.5":0.5127118644067796,"test_precision0.5":0.2631579041481018,"test_precision0.25":0.2531645596027374,"val_balanced_accuracy0.75":0.5192307692307693,"test_recall0.75":0,"val_recall0.5":0.692307710647583,"val_recall0.25":1,"test_recall0.25":1,"test_auroc":0.496610164642334,"test_recall0.5":0.5,"val_balanced_accuracy0.25":0.5,"val_balanced_accuracy0.5":0.5866601752677703,"train_auroc":0.6477881669998169,"val_recall0.75":0.03846153989434242,"_step":209}