{"test_accuracy0.75":0.75,"test_balanced_accuracy0.75":0.5,"_step":151,"val_precision0.5":0,"test_balanced_accuracy0.5":0.5,"test_balanced_accuracy0.25":0.45833333333333337,"test_recall0.75":0,"val_balanced_accuracy0.5":0.5,"val_recall0.75":0,"val_recall0.5":0,"train_auroc":0.4592381715774536,"test_precision0.25":0.22448979318141937,"_timestamp":1.7536092294616034e+09,"test_accuracy0.25":0.4124999940395355,"test_recall0.5":0,"train_loss":1.7158337831497192,"val_balanced_accuracy0.75":0.5,"val_precision0.75":0,"val_balanced_accuracy0.25":0.44027777777777777,"test_recall0.25":0.550000011920929,"val_precision0.25":0.21739129722118378,"val_accuracy0.5":0.7476635575294495,"test_accuracy0.5":0.75,"val_accuracy0.25":0.38317757844924927,"_runtime":1445.035230629,"val_auroc":0.4287036955356598,"test_auroc":0.4274999797344208,"test_precision0.5":0,"val_recall0.25":0.5555555820465088,"_wandb":{"runtime":1445},"test_precision0.75":0,"val_accuracy0.75":0.7476635575294495}