{"train_auroc":0.5401091575622559,"test_recall0.75":0,"_step":259,"_runtime":2851.068060447,"test_auroc":0.5262500047683716,"test_precision0.75":0,"_wandb":{"runtime":2851},"val_accuracy0.75":0.7547169923782349,"test_recall0.5":1,"val_balanced_accuracy0.5":0.5,"test_balanced_accuracy0.75":0.5,"val_precision0.5":0.24528302252292633,"test_accuracy0.75":0.75,"val_accuracy0.5":0.24528302252292633,"test_precision0.25":0.25,"val_balanced_accuracy0.25":0.5,"test_balanced_accuracy0.5":0.5,"test_precision0.5":0.25,"test_accuracy0.25":0.25,"test_recall0.25":1,"val_auroc":0.5276442170143127,"val_balanced_accuracy0.75":0.5,"val_precision0.25":0.24528302252292633,"test_balanced_accuracy0.25":0.5,"val_accuracy0.25":0.24528302252292633,"_timestamp":1.7543230092740042e+09,"val_recall0.5":1,"test_accuracy0.5":0.25,"val_recall0.25":1,"val_recall0.75":0,"val_precision0.75":0,"train_loss":2.1671924591064453}