{"test_auroc":0.5186440944671631,"test_accuracy0.5":0.6329113841056824,"val_accuracy0.5":0.6095238327980042,"val_precision0.5":0.17391304671764374,"val_recall0.5":0.1538461595773697,"test_balanced_accuracy0.25":0.4398305084745763,"val_precision0.25":0.20000000298023224,"_timestamp":1.750567156527162e+09,"test_recall0.5":0.05000000074505806,"train_auroc":0.9993914365768433,"test_precision0.75":0.10000000149011612,"test_precision0.5":0.09090909361839294,"val_accuracy0.25":0.6095238327980042,"_runtime":2141.998909282,"val_recall0.75":0.1538461595773697,"test_accuracy0.75":0.6455696225166321,"train_loss":0.040091510862112045,"test_balanced_accuracy0.5":0.4402542372881356,"val_recall0.25":0.19230769574642181,"val_balanced_accuracy0.25":0.4695715676728335,"_wandb":{"runtime":2141},"test_balanced_accuracy0.75":0.44872881355932204,"val_accuracy0.75":0.6476190686225891,"test_precision0.25":0.13333334028720856,"val_auroc":0.45861732959747314,"_step":463,"test_recall0.25":0.10000000149011612,"val_precision0.75":0.21052631735801697,"val_balanced_accuracy0.75":0.4819863680623174,"test_accuracy0.25":0.607594907283783,"val_balanced_accuracy0.5":0.4566699123661149,"test_recall0.75":0.05000000074505806}