{"_runtime":1767.9576569,"train_loss":3.2267907954519615e-06,"test_accuracy0.25":0.6708860993385315,"test_precision0.25":0.3333333432674408,"val_precision0.75":0.260869562625885,"val_accuracy0.5":0.6380952596664429,"val_auroc":0.5613437294960022,"_wandb":{"runtime":1767},"test_precision0.5":0.3529411852359772,"_timestamp":1.7507101139411733e+09,"val_balanced_accuracy0.75":0.5077896786757546,"val_recall0.5":0.23076923191547394,"test_accuracy0.75":0.6835442781448364,"test_balanced_accuracy0.25":0.5483050847457627,"val_precision0.25":0.25925925374031067,"test_recall0.5":0.30000001192092896,"val_precision0.5":0.25,"val_balanced_accuracy0.25":0.5080331061343719,"val_accuracy0.75":0.6476190686225891,"test_auroc":0.6254237294197083,"test_precision0.75":0.3529411852359772,"val_balanced_accuracy0.5":0.501460564751704,"train_auroc":1,"val_recall0.75":0.23076923191547394,"test_recall0.25":0.30000001192092896,"val_recall0.25":0.26923078298568726,"test_recall0.75":0.30000001192092896,"val_accuracy0.25":0.6285714507102966,"_step":202,"test_accuracy0.5":0.6835442781448364,"test_balanced_accuracy0.75":0.5567796610169492,"test_balanced_accuracy0.5":0.5567796610169492}