{"test_accuracy":0.7480915784835815,"val_recall":0,"val_balanced_accuracy":0.5,"val_auroc":0.6571428775787354,"_runtime":282.759164159,"val_accuracy":0.7407407164573669,"train_auroc":0.8249545097351074,"_step":68,"_timestamp":1.749559977126012e+09,"val_precision":0,"test_auroc":0.44981059432029724,"test_precision":0,"train_loss":1.4169902801513672,"_wandb":{"runtime":282},"test_balanced_accuracy":0.494949494949495,"test_recall":0,"val_loss":1.685497760772705}