{"_wandb":{"runtime":348},"test_auroc":0.5517677068710327,"val_balanced_accuracy":0.5,"val_auroc":0.5785714983940125,"test_precision":0,"test_accuracy":0.7557252049446106,"_timestamp":1.749492420069924e+09,"test_balanced_accuracy":0.5,"test_recall":0,"_runtime":348.530453556,"val_accuracy":0.7407407164573669,"val_precision":0,"train_auroc":0.41147178411483765,"_step":87,"val_loss":1.7288451194763184,"val_recall":0,"train_loss":1.719096302986145}