{"val_balanced_accuracy0.5":0.5452775073028238,"test_recall0.5":0.05000000074505806,"test_balanced_accuracy0.5":0.44872881355932204,"_runtime":981.949576579,"test_precision0.75":0.1428571492433548,"val_accuracy0.25":0.761904776096344,"test_accuracy0.5":0.6455696225166321,"_step":295,"test_accuracy0.25":0.6329113841056824,"test_recall0.75":0.05000000074505806,"test_recall0.25":0.10000000149011612,"val_auroc":0.4873417913913727,"test_balanced_accuracy0.25":0.45677966101694917,"val_precision0.5":0.4444444477558136,"val_precision0.75":0.4000000059604645,"_timestamp":1.7502560556117165e+09,"val_recall0.75":0.07692307978868484,"val_balanced_accuracy0.75":0.5194741966893865,"train_auroc":1,"val_accuracy0.75":0.7428571581840515,"val_precision0.25":0.5454545617103577,"val_accuracy0.5":0.7428571581840515,"test_precision0.5":0.10000000149011612,"test_accuracy0.75":0.6835442781448364,"train_loss":0.023176124319434166,"test_balanced_accuracy0.75":0.4741525423728814,"test_precision0.25":0.1538461595773697,"val_balanced_accuracy0.25":0.5837390457643622,"_wandb":{"runtime":981},"val_recall0.25":0.23076923191547394,"val_recall0.5":0.1538461595773697,"test_auroc":0.5330508947372437}