{"val_accuracy0.5":0.561904788017273,"test_precision0.5":0.25,"test_precision0.25":0.2678571343421936,"_wandb":{"runtime":4231},"test_balanced_accuracy0.25":0.527542372881356,"val_balanced_accuracy0.75":0.5326192794547224,"val_auroc":0.4863680899143219,"val_recall0.25":0.7692307829856873,"val_balanced_accuracy0.25":0.5048685491723467,"val_recall0.75":0.1538461595773697,"test_recall0.75":0.05000000074505806,"_step":999,"val_recall0.5":0.3461538553237915,"test_recall0.5":0.44999998807907104,"test_balanced_accuracy0.5":0.49618644067796613,"test_accuracy0.75":0.6582278609275818,"test_accuracy0.5":0.5189873576164246,"test_precision0.75":0.1111111119389534,"test_auroc":0.503389835357666,"val_precision0.5":0.2368421107530594,"_runtime":4231.567297229,"test_recall0.25":0.75,"train_auroc":0.9833760261535645,"train_loss":0.6938066482543945,"test_accuracy0.25":0.4177215099334717,"val_precision0.25":0.25,"val_precision0.75":0.3636363744735718,"val_accuracy0.25":0.37142857909202576,"val_accuracy0.75":0.723809540271759,"val_balanced_accuracy0.5":0.48953261927945474,"_timestamp":1.7501875126697307e+09,"test_balanced_accuracy0.75":0.4572033898305085}