{"val_precision0.5":0.3333333432674408,"train_loss":0.0400114543735981,"test_balanced_accuracy0.25":0.4898305084745763,"test_auroc":0.45338982343673706,"val_accuracy0.5":0.7047619223594666,"test_precision0.5":0.25,"val_balanced_accuracy0.25":0.5267770204479065,"test_accuracy0.5":0.6455696225166321,"_wandb":{"runtime":1245},"test_accuracy0.25":0.6329113841056824,"val_accuracy0.75":0.7142857313156128,"val_precision0.25":0.30000001192092896,"test_recall0.25":0.20000000298023224,"_timestamp":1.7505519132914855e+09,"test_accuracy0.75":0.6455696225166321,"test_balanced_accuracy0.5":0.49830508474576274,"val_auroc":0.5608568787574768,"test_recall0.5":0.20000000298023224,"val_precision0.75":0.3571428656578064,"test_precision0.75":0.25,"_step":262,"test_precision0.25":0.23529411852359772,"val_recall0.75":0.19230769574642181,"val_balanced_accuracy0.5":0.5328627069133398,"test_balanced_accuracy0.75":0.49830508474576274,"train_auroc":0.9993914365768433,"val_recall0.5":0.19230769574642181,"val_accuracy0.25":0.6761904954910278,"_runtime":1245.953060348,"val_balanced_accuracy0.75":0.5391918208373905,"test_recall0.75":0.20000000298023224,"val_recall0.25":0.23076923191547394}