{"val_balanced_accuracy0.75":0.5,"val_balanced_accuracy0.25":0.5,"test_precision0.5":0.2666666805744171,"val_precision0.75":0,"test_recall0.5":0.800000011920929,"train_auroc":0.6971096396446228,"test_recall0.75":0,"val_recall0.75":0,"_runtime":1690.661890729,"test_accuracy0.25":0.2531645596027374,"test_auroc":0.5508474707603455,"_timestamp":1.7501523110923922e+09,"val_precision0.25":0.24761904776096344,"_step":650,"test_precision0.75":0,"test_balanced_accuracy0.5":0.5271186440677966,"_wandb":{"runtime":1690},"val_auroc":0.5778968334197998,"val_recall0.5":0.8846153616905212,"test_balanced_accuracy0.75":0.5,"test_recall0.25":1,"val_recall0.25":1,"test_accuracy0.75":0.746835470199585,"train_loss":2.0715019702911377,"test_balanced_accuracy0.25":0.5,"val_precision0.5":0.3239436745643616,"val_accuracy0.5":0.5142857432365417,"val_accuracy0.75":0.7523809671401978,"val_accuracy0.25":0.24761904776096344,"test_precision0.25":0.2531645596027374,"test_accuracy0.5":0.39240506291389465,"val_balanced_accuracy0.5":0.6385102239532618}