{"val_precision0.5":0,"_wandb":{"runtime":6600},"test_precision0.25":0.25,"_step":150,"test_precision0.75":0,"train_auroc":0.43742188811302185,"test_balanced_accuracy0.25":0.5,"test_recall0.25":1,"val_balanced_accuracy0.5":0.5,"test_accuracy0.75":0.75,"val_recall0.5":0,"train_loss":2.079602003097534,"test_balanced_accuracy0.5":0.5,"val_accuracy0.25":0.25233644247055054,"test_recall0.75":0,"_runtime":6600.54655922,"val_auroc":0.5,"val_recall0.25":1,"test_recall0.5":0,"test_accuracy0.25":0.25,"val_recall0.75":0,"val_precision0.25":0.25233644247055054,"val_balanced_accuracy0.25":0.5,"test_accuracy0.5":0.75,"val_accuracy0.75":0.7476635575294495,"test_precision0.5":0,"test_balanced_accuracy0.75":0.5,"val_accuracy0.5":0.7476635575294495,"val_precision0.75":0,"test_auroc":0.5,"_timestamp":1.7544947632291143e+09,"val_balanced_accuracy0.75":0.5}