{"val_accuracy0.5":0.25233644247055054,"train_recon_loss_no_kld":0.9984474778175354,"val_accuracy0.25":0.25233644247055054,"train_loss":1.953980803489685,"val_precision0.75":0,"test_balanced_accuracy0.5":0.5,"val_recall0.75":0,"test_accuracy0.75":0.75,"_step":72,"test_auroc":0.4087499976158142,"test_recall0.25":1,"train_kld_loss":0.9201210737228394,"train_surv_loss":0.9946964383125305,"val_precision0.5":0.25233644247055054,"val_precision0.25":0.25233644247055054,"test_precision0.5":0.25,"test_balanced_accuracy0.75":0.5,"test_precision0.25":0.25,"_runtime":1932.866982262,"test_balanced_accuracy0.25":0.5,"val_accuracy0.75":0.7476635575294495,"_wandb":{"runtime":1932},"test_accuracy0.5":0.25,"test_recall0.5":1,"train_logvar":-1.1774716313084355e-07,"val_balanced_accuracy0.5":0.5,"test_recall0.75":0,"val_balanced_accuracy0.75":0.5,"test_precision0.75":0,"train_mu":2.2278770472894394e-07,"test_accuracy0.25":0.25,"val_recall0.5":1,"val_recall0.25":1,"_timestamp":1.7549757972264862e+09,"train_auroc":0.4715399146080017,"val_balanced_accuracy0.25":0.5,"val_auroc":0.47523149847984314}