{"val_recall0.5":0.1538461595773697,"test_recall0.75":0.10000000149011612,"val_precision0.75":0.2857142984867096,"test_balanced_accuracy0.75":0.4822033898305085,"_runtime":2276.234242016,"test_balanced_accuracy0.25":0.473728813559322,"val_balanced_accuracy0.25":0.4946445959104187,"train_loss":1.4402389751921874e-06,"test_recall0.5":0.10000000149011612,"val_precision0.25":0.23529411852359772,"test_auroc":0.5411016941070557,"test_accuracy0.75":0.6708860993385315,"val_accuracy0.5":0.6666666865348816,"val_recall0.25":0.1538461595773697,"test_accuracy0.5":0.6582278609275818,"test_recall0.25":0.10000000149011612,"val_auroc":0.4856377840042114,"_wandb":{"runtime":2276},"_timestamp":1.7507147419766333e+09,"val_balanced_accuracy0.75":0.5136319376825706,"test_balanced_accuracy0.5":0.473728813559322,"test_precision0.75":0.20000000298023224,"test_precision0.25":0.1818181872367859,"val_accuracy0.25":0.6666666865348816,"val_recall0.75":0.1538461595773697,"test_precision0.5":0.1818181872367859,"train_auroc":1,"_step":211,"test_accuracy0.25":0.6582278609275818,"val_precision0.5":0.23529411852359772,"val_accuracy0.75":0.6952381134033203,"val_balanced_accuracy0.5":0.4946445959104187}