{"test_recall0.75":0,"val_accuracy0.25":0.24761904776096344,"_runtime":2310.98572487,"val_accuracy0.5":0.380952388048172,"test_precision0.5":0.290909081697464,"val_recall0.25":1,"test_accuracy0.5":0.4556961953639984,"val_balanced_accuracy0.5":0.49829600778967864,"_wandb":{"runtime":2310},"test_balanced_accuracy0.5":0.5694915254237288,"test_precision0.75":0,"test_recall0.25":1,"_step":211,"val_balanced_accuracy0.75":0.5,"val_precision0.75":0,"val_recall0.75":0,"val_accuracy0.75":0.7523809671401978,"val_precision0.5":0.2467532455921173,"_timestamp":1.7509598958762794e+09,"test_precision0.25":0.2531645596027374,"test_auroc":0.6110169887542725,"val_auroc":0.477848082780838,"test_accuracy0.25":0.2531645596027374,"test_balanced_accuracy0.75":0.5,"train_auroc":0.6989833116531372,"train_loss":2.077284812927246,"test_recall0.5":0.800000011920929,"test_accuracy0.75":0.746835470199585,"val_precision0.25":0.24761904776096344,"val_balanced_accuracy0.25":0.5,"test_balanced_accuracy0.25":0.5,"val_recall0.5":0.7307692170143127}