{"val_balanced_accuracy0.5":0.5,"val_recall0.25":1,"test_recall0.75":0,"test_precision0.75":0,"test_accuracy0.5":0.75,"train_loss":2.072530746459961,"test_balanced_accuracy0.75":0.5,"test_accuracy0.75":0.75,"_timestamp":1.753097173788562e+09,"_step":215,"val_precision0.5":0,"train_auroc":0.44584864377975464,"_wandb":{"runtime":895},"val_accuracy0.25":0.25233644247055054,"val_auroc":0.5,"test_recall0.25":1,"_runtime":895.889468253,"val_balanced_accuracy0.75":0.5,"val_recall0.75":0,"test_balanced_accuracy0.5":0.5,"test_precision0.25":0.25,"val_balanced_accuracy0.25":0.5,"val_accuracy0.5":0.7476635575294495,"val_accuracy0.75":0.7476635575294495,"val_precision0.25":0.25233644247055054,"test_auroc":0.5,"val_precision0.75":0,"val_recall0.5":0,"test_accuracy0.25":0.25,"test_precision0.5":0,"test_recall0.5":0,"test_balanced_accuracy0.25":0.5}