{"test_precision0.75":0,"test_accuracy0.5":0.512499988079071,"test_accuracy0.75":0.75,"test_recall0.5":0.699999988079071,"val_balanced_accuracy0.25":0.5,"val_precision0.25":0.24528302252292633,"test_balanced_accuracy0.75":0.5,"test_recall0.75":0,"val_precision0.75":0,"_runtime":1051.531222185,"val_auroc":0.545192301273346,"val_balanced_accuracy0.5":0.5274038461538462,"test_recall0.25":1,"test_precision0.25":0.25,"test_auroc":0.5766666531562805,"_wandb":{"runtime":1051},"train_auroc":0.6169491410255432,"val_accuracy0.5":0.4433962404727936,"val_accuracy0.75":0.7547169923782349,"test_balanced_accuracy0.25":0.5,"test_accuracy0.25":0.25,"val_accuracy0.25":0.24528302252292633,"train_loss":2.056525945663452,"val_recall0.75":0,"_step":292,"val_recall0.25":1,"test_balanced_accuracy0.5":0.575,"test_precision0.5":0.2978723347187042,"val_balanced_accuracy0.75":0.5,"_timestamp":1.7535193220490093e+09,"val_recall0.5":0.692307710647583,"val_precision0.5":0.260869562625885}