{"val_precision0.5":0.23076923191547394,"test_accuracy0.5":0.6835442781448364,"val_precision0.75":0.21739129722118378,"test_recall0.5":0.15000000596046448,"train_loss":6.772564233870071e-07,"_step":499,"val_precision0.25":0.2142857164144516,"test_balanced_accuracy0.25":0.498728813559322,"val_balanced_accuracy0.5":0.48880233690360275,"val_recall0.25":0.23076923191547394,"val_auroc":0.474683552980423,"val_recall0.5":0.23076923191547394,"val_accuracy0.25":0.6000000238418579,"val_accuracy0.5":0.6190476417541504,"val_balanced_accuracy0.25":0.4761441090555014,"test_balanced_accuracy0.75":0.4906779661016949,"test_recall0.75":0.10000000149011612,"test_recall0.25":0.15000000596046448,"val_accuracy0.75":0.6285714507102966,"test_precision0.5":0.27272728085517883,"test_auroc":0.4974576532840729,"test_balanced_accuracy0.5":0.5072033898305085,"test_accuracy0.75":0.6835442781448364,"_runtime":1886.544750736,"_timestamp":1.7498335012959225e+09,"test_precision0.75":0.2222222238779068,"train_auroc":1,"val_recall0.75":0.19230769574642181,"_wandb":{"runtime":1886},"val_balanced_accuracy0.75":0.48222979552093476,"test_accuracy0.25":0.6708860993385315,"test_precision0.25":0.25}