{"test_accuracy0.75":0.6835442781448364,"train_auroc":0.9937509298324585,"val_recall0.25":0.38461539149284363,"val_balanced_accuracy0.5":0.5781402142161636,"test_precision0.5":0.3333333432674408,"test_balanced_accuracy0.25":0.5483050847457627,"test_auroc":0.6355931758880615,"val_recall0.5":0.3461538553237915,"val_balanced_accuracy0.25":0.5847127555988315,"val_precision0.25":0.37037035822868347,"_step":575,"test_accuracy0.25":0.6708860993385315,"val_recall0.75":0.3076923191547394,"test_precision0.75":0.3333333432674408,"_runtime":3157.632133773,"test_recall0.75":0.25,"test_balanced_accuracy0.5":0.5402542372881356,"test_balanced_accuracy0.75":0.5402542372881356,"test_recall0.25":0.30000001192092896,"test_accuracy0.5":0.6835442781448364,"val_accuracy0.75":0.6857143044471741,"val_balanced_accuracy0.75":0.5589094449853944,"_timestamp":1.7514324263144004e+09,"test_precision0.25":0.3333333432674408,"train_loss":0.3243292272090912,"val_precision0.5":0.375,"val_accuracy0.5":0.6952381134033203,"_wandb":{"runtime":3157},"val_auroc":0.6195228099822998,"val_accuracy0.25":0.6857143044471741,"test_recall0.5":0.25,"val_precision0.75":0.3478260934352875}