{"val_balanced_accuracy0.75":0.5474537037037037,"test_recall0.5":0.20000000298023224,"val_auroc":0.5962963104248047,"val_precision0.25":0.30188679695129395,"val_balanced_accuracy0.25":0.5650462962962963,"_timestamp":1.7550417501560986e+09,"test_balanced_accuracy0.75":0.5166666666666667,"test_accuracy0.75":0.675000011920929,"_wandb":{"runtime":5249},"val_recall0.75":0.40740740299224854,"test_auroc":0.5083333253860474,"test_accuracy0.25":0.6000000238418579,"val_balanced_accuracy0.5":0.5840277777777778,"test_precision0.5":0.23529411852359772,"_runtime":5249.733333522,"_step":221,"val_accuracy0.5":0.5981308221817017,"train_loss":0.09238049387931824,"val_accuracy0.25":0.5514018535614014,"val_recall0.25":0.5925925970077515,"val_precision0.5":0.32608696818351746,"test_precision0.25":0.22727273404598236,"val_precision0.75":0.3055555522441864,"test_recall0.75":0.20000000298023224,"val_recall0.5":0.5555555820465088,"test_precision0.75":0.2857142984867096,"val_accuracy0.75":0.6168224215507507,"train_auroc":0.9995312690734863,"test_balanced_accuracy0.25":0.48333333333333334,"test_recall0.25":0.25,"test_balanced_accuracy0.5":0.4916666666666667,"test_accuracy0.5":0.637499988079071}