{"test_accuracy0.5":0.6000000238418579,"train_auroc":1,"val_accuracy0.75":0.6415094137191772,"val_balanced_accuracy0.75":0.5548076923076923,"val_recall0.5":0.42307692766189575,"train_loss":0.008888322860002518,"val_auroc":0.5461538434028625,"val_accuracy0.5":0.6037735939025879,"test_precision0.25":0.25925925374031067,"test_balanced_accuracy0.25":0.5083333333333333,"val_balanced_accuracy0.25":0.5365384615384615,"test_recall0.25":0.3499999940395355,"test_precision0.75":0.1428571492433548,"val_recall0.25":0.42307692766189575,"_timestamp":1.7531028910728288e+09,"test_accuracy0.25":0.5874999761581421,"test_recall0.75":0.15000000596046448,"test_recall0.5":0.3499999940395355,"test_auroc":0.47333329916000366,"val_recall0.75":0.38461539149284363,"test_accuracy0.75":0.5625,"val_accuracy0.25":0.5943396091461182,"test_balanced_accuracy0.75":0.425,"test_precision0.5":0.26923078298568726,"val_precision0.5":0.28947368264198303,"_step":360,"_wandb":{"runtime":1905},"_runtime":1905.405497471,"val_balanced_accuracy0.5":0.5427884615384615,"test_balanced_accuracy0.5":0.5166666666666666,"val_precision0.75":0.3125,"val_precision0.25":0.28205129504203796}