{"test_recall0.5":0.15000000596046448,"val_balanced_accuracy0.5":0.49884259259259256,"_timestamp":1.7534872453992243e+09,"test_auroc":0.4091666638851166,"test_precision0.5":0.23076923191547394,"test_precision0.25":0.25,"val_accuracy0.25":0.6355140209197998,"test_accuracy0.75":0.6625000238418579,"train_loss":8.105443157546688e-06,"val_recall0.75":0.14814814925193787,"val_accuracy0.5":0.6542056202888489,"test_precision0.75":0.1818181872367859,"val_balanced_accuracy0.75":0.48657407407407405,"val_balanced_accuracy0.25":0.4986111111111111,"val_auroc":0.4296296238899231,"test_balanced_accuracy0.5":0.4916666666666667,"test_accuracy0.5":0.6625000238418579,"val_recall0.25":0.2222222238779068,"test_recall0.25":0.20000000298023224,"val_precision0.75":0.2222222238779068,"train_auroc":1,"val_precision0.25":0.25,"_wandb":{"runtime":859},"_runtime":859.805192873,"test_balanced_accuracy0.75":0.475,"test_recall0.75":0.10000000149011612,"test_balanced_accuracy0.25":0.5,"val_recall0.5":0.18518517911434174,"_step":313,"val_accuracy0.75":0.6542056202888489,"val_precision0.5":0.25,"test_accuracy0.25":0.6499999761581421}