{"train_auroc":0.5,"_wandb":{"runtime":652},"val_recall":0,"train_loss":0.3750843107700348,"_step":35,"val_accuracy":0.75,"val_precision":0,"test_accuracy":0.746835470199585,"_runtime":650.279932637,"test_recall":0,"val_loss":0.37293288111686707,"test_precision":0,"_timestamp":1.7474554751582897e+09,"test_auroc":0.5,"val_auroc":0.5}