{"train_auroc":0.48147085309028625,"_runtime":913.144577365,"train_loss":1.702410340309143,"_timestamp":1.7495749530516384e+09,"test_accuracy":0.7557252049446106,"_wandb":{"runtime":913},"val_auroc":0.4928571283817291,"test_auroc":0.48895204067230225,"val_precision":0,"_step":138,"test_precision":0,"val_accuracy":0.7407407164573669,"val_loss":1.7301316261291504,"val_balanced_accuracy":0.5,"test_recall":0,"test_balanced_accuracy":0.5,"val_recall":0}