{"test_accuracy0.75":0.746835470199585,"test_precision0.25":0.2531645596027374,"test_balanced_accuracy0.5":0.5,"_runtime":462.086263994,"val_balanced_accuracy0.25":0.5,"train_loss":1.7663291692733765,"val_accuracy0.75":0.7523809671401978,"val_precision0.25":0.24761904776096344,"test_auroc":0.45508474111557007,"val_accuracy0.25":0.24761904776096344,"test_balanced_accuracy0.75":0.5,"val_precision0.75":0,"test_balanced_accuracy0.25":0.5,"_wandb":{"runtime":462},"test_recall0.5":0,"test_accuracy0.5":0.746835470199585,"_timestamp":1.7502709295073073e+09,"val_accuracy0.5":0.7523809671401978,"_step":165,"val_recall0.25":1,"test_recall0.25":1,"test_precision0.75":0,"val_recall0.5":0,"val_auroc":0.6504381895065308,"train_auroc":0.5609785318374634,"test_accuracy0.25":0.2531645596027374,"val_recall0.75":0,"val_precision0.5":0,"val_balanced_accuracy0.5":0.5,"test_recall0.75":0,"val_balanced_accuracy0.75":0.5,"test_precision0.5":0}