{"test_balanced_accuracy":0.5,"train_auroc":0.4781092703342438,"val_auroc":0.6785714626312256,"test_precision":0,"test_recall":0,"val_loss":1.7225465774536133,"_step":75,"train_loss":1.7232797145843506,"val_recall":0,"_runtime":315.584359018,"_wandb":{"runtime":315},"_timestamp":1.7494958753336976e+09,"test_accuracy":0.7480915784835815,"val_precision":0,"val_balanced_accuracy":0.5,"val_accuracy":0.7407407164573669,"test_auroc":0.5423624515533447}