{"test_recall0.5":0,"test_balanced_accuracy0.25":0.5622881355932203,"test_balanced_accuracy0.75":0.5,"test_precision0.5":0,"test_auroc":0.5669491291046143,"_wandb":{"runtime":3513},"test_balanced_accuracy0.5":0.5,"_step":999,"train_loss":1.6561108827590942,"val_recall0.25":0.5384615659713745,"val_accuracy0.25":0.43809524178504944,"val_precision0.25":0.2295081913471222,"val_balanced_accuracy0.75":0.5,"val_auroc":0.5185004472732544,"test_precision0.25":0.2954545319080353,"val_recall0.75":0,"_runtime":3513.791189094,"train_auroc":0.682692289352417,"val_accuracy0.75":0.7523809671401978,"val_balanced_accuracy0.25":0.4717624148003895,"test_recall0.25":0.6499999761581421,"test_precision0.75":0,"val_precision0.75":0,"val_accuracy0.5":0.7523809671401978,"val_balanced_accuracy0.5":0.5,"test_accuracy0.25":0.5189873576164246,"test_accuracy0.5":0.746835470199585,"test_accuracy0.75":0.746835470199585,"val_precision0.5":0,"test_recall0.75":0,"val_recall0.5":0,"_timestamp":1.7501265924350185e+09}