{"val_precision0.75":0,"test_accuracy0.75":0.75,"_timestamp":1.7534821984550765e+09,"test_precision0.5":0,"test_precision0.25":0.28125,"val_recall0.75":0,"val_accuracy0.25":0.5849056839942932,"val_accuracy0.5":0.7358490824699402,"val_balanced_accuracy0.75":0.4936708860759494,"val_auroc":0.592123806476593,"val_recall0.5":0,"test_precision0.75":0,"test_recall0.5":0,"val_precision0.25":0.2926829159259796,"train_auroc":0.6137971878051758,"train_loss":1.6477463245391846,"test_recall0.25":0.44999998807907104,"val_precision0.5":0,"val_balanced_accuracy0.5":0.4936708860759494,"val_balanced_accuracy0.25":0.5386779184247539,"val_recall0.25":0.4444444477558136,"_step":999,"test_balanced_accuracy0.25":0.5333333333333333,"test_accuracy0.5":0.737500011920929,"test_auroc":0.6058333516120911,"test_balanced_accuracy0.5":0.49166666666666664,"val_accuracy0.75":0.7358490824699402,"test_accuracy0.25":0.574999988079071,"_wandb":{"runtime":2362},"test_balanced_accuracy0.75":0.5,"_runtime":2362.04230946,"test_recall0.75":0}