{"_step":254,"test_recall0.75":0.30000001192092896,"test_auroc":0.5347457528114319,"val_recall0.75":0.38461539149284363,"val_balanced_accuracy0.5":0.5348101265822784,"test_balanced_accuracy0.5":0.5296610169491525,"val_balanced_accuracy0.75":0.5277507302823758,"_wandb":{"runtime":1227},"_timestamp":1.7506927160926082e+09,"val_precision0.5":0.27659574151039124,"val_accuracy0.25":0.5047619342803955,"train_loss":0.0023120848927646875,"test_precision0.75":0.2068965584039688,"test_precision0.5":0.2777777910232544,"val_recall0.5":0.5,"test_recall0.25":0.6000000238418579,"test_accuracy0.5":0.5443037748336792,"val_accuracy0.5":0.5523809790611267,"val_auroc":0.4907497763633728,"test_balanced_accuracy0.25":0.5457627118644068,"test_accuracy0.25":0.5189873576164246,"test_balanced_accuracy0.75":0.45508474576271185,"val_recall0.25":0.5384615659713745,"val_balanced_accuracy0.25":0.5160662122687439,"train_auroc":1,"test_accuracy0.75":0.5316455960273743,"test_precision0.25":0.2857142984867096,"_runtime":1227.672323793,"val_precision0.75":0.2777777910232544,"val_precision0.25":0.25925925374031067,"val_accuracy0.75":0.6000000238418579,"test_recall0.5":0.5}