{"test_precision0.5":0,"test_precision0.25":0.2631579041481018,"test_recall0.25":0.75,"test_accuracy0.75":0.746835470199585,"test_precision0.75":0,"test_recall0.75":0,"val_precision0.25":0.2800000011920929,"test_recall0.5":0,"test_balanced_accuracy0.25":0.5190677966101696,"val_recall0.75":0,"_timestamp":1.749925234186927e+09,"test_balanced_accuracy0.5":0.5,"_step":499,"val_balanced_accuracy0.75":0.5,"val_accuracy0.75":0.7523809671401978,"_runtime":2190.327082932,"val_recall0.5":0,"val_balanced_accuracy0.25":0.5620740019474197,"val_recall0.25":0.807692289352417,"val_balanced_accuracy0.5":0.5,"val_accuracy0.5":0.7523809671401978,"train_loss":1.5560158491134644,"val_accuracy0.25":0.43809524178504944,"test_accuracy0.5":0.746835470199585,"val_precision0.5":0,"test_accuracy0.25":0.40506330132484436,"val_precision0.75":0,"val_auroc":0.5228822231292725,"test_auroc":0.5533897876739502,"train_auroc":0.7171372771263123,"_wandb":{"runtime":2190},"test_balanced_accuracy0.75":0.5}