{"test_accuracy0.75":0.762499988079071,"val_balanced_accuracy0.25":0.5110576923076923,"train_loss":0.0070853461511433125,"val_precision0.25":0.25641027092933655,"val_recall0.75":0.19230769574642181,"test_recall0.25":0.15000000596046448,"test_recall0.5":0.10000000149011612,"val_auroc":0.4848557710647583,"test_recall0.75":0.10000000149011612,"val_precision0.75":0.20000000298023224,"val_balanced_accuracy0.75":0.47115384615384615,"val_precision0.5":0.2571428716182709,"val_balanced_accuracy0.5":0.510576923076923,"_step":571,"test_balanced_accuracy0.25":0.5333333333333333,"val_accuracy0.25":0.5754716992378235,"test_balanced_accuracy0.5":0.5333333333333333,"test_precision0.25":0.375,"val_accuracy0.5":0.5943396091461182,"test_precision0.75":0.6666666865348816,"test_accuracy0.5":0.75,"_timestamp":1.7536026903793373e+09,"val_recall0.25":0.38461539149284363,"test_balanced_accuracy0.75":0.5416666666666666,"_runtime":6163.642698607,"_wandb":{"runtime":6163},"test_accuracy0.25":0.7250000238418579,"test_precision0.5":0.5,"train_auroc":1,"val_recall0.5":0.3461538553237915,"val_accuracy0.75":0.6132075190544128,"test_auroc":0.5525000095367432}