{"val_loss":5.425564289093018,"_timestamp":1.749511682034215e+09,"test_balanced_accuracy":0.5652442795299938,"val_balanced_accuracy":0.5714285714285714,"val_recall":0.1428571492433548,"val_accuracy":0.7777777910232544,"test_precision":0.46666666865348816,"train_loss":0.8050410151481628,"train_auroc":0.9727818965911865,"val_precision":1,"test_recall":0.21212121844291687,"val_auroc":0.4642857313156128,"_runtime":391.414651552,"test_auroc":0.6533704400062561,"test_accuracy":0.7404580116271973,"_wandb":{"runtime":391},"_step":60}