{"test_auroc":0.5,"val_accuracy":0.75,"train_auroc":0.5,"val_loss":0.3902966380119324,"_runtime":342.787193013,"_timestamp":1.747663606683244e+09,"test_precision":0,"val_precision":0,"val_recall":0,"_step":35,"val_auroc":0.5,"test_recall":0,"test_accuracy":0.746835470199585,"train_loss":0.359111487865448,"_wandb":{"runtime":343}}