{"train_loss":0.3962816894054413,"_wandb":{"runtime":4797},"test_precision0.25":0.2857142984867096,"test_precision0.5":0.27272728085517883,"test_recall0.75":0.30000001192092896,"test_balanced_accuracy0.25":0.5416666666666667,"val_accuracy0.5":0.6132075190544128,"val_balanced_accuracy0.75":0.5035161744022503,"val_auroc":0.5410220623016357,"val_recall0.75":0.2222222238779068,"test_accuracy0.5":0.5625,"val_recall0.5":0.29629629850387573,"test_accuracy0.25":0.5625,"val_accuracy0.25":0.6226415038108826,"val_precision0.5":0.2666666805744171,"val_balanced_accuracy0.5":0.5089076418190341,"test_accuracy0.75":0.574999988079071,"test_balanced_accuracy0.75":0.4833333333333333,"val_accuracy0.75":0.6415094137191772,"_step":562,"test_recall0.5":0.44999998807907104,"_timestamp":1.754145910392355e+09,"val_precision0.25":0.3243243098258972,"train_auroc":0.9886718988418579,"test_precision0.75":0.23076923191547394,"test_balanced_accuracy0.5":0.525,"val_balanced_accuracy0.25":0.5639943741209563,"val_precision0.75":0.260869562625885,"test_auroc":0.5400000214576721,"_runtime":4797.053835815,"val_recall0.25":0.4444444477558136,"test_recall0.25":0.5}