{"test_precision":0,"train_loss":0.3779958188533783,"test_auroc":0.5,"_step":35,"val_auroc":0.5,"test_recall":0,"test_accuracy":0.746835470199585,"_timestamp":1.7477010858509037e+09,"val_accuracy":0.75,"_wandb":{"runtime":503},"train_auroc":0.5,"val_loss":0.37434861063957214,"_runtime":501.17437109,"val_precision":0,"val_recall":0}