{"val_precision0.75":0.25,"test_accuracy0.5":0.75,"train_loss":0.00020123750437051058,"test_precision0.25":0.5,"val_recall0.75":0.18518517911434174,"test_recall0.75":0.30000001192092896,"val_accuracy0.75":0.650943398475647,"val_accuracy0.5":0.650943398475647,"_wandb":{"runtime":2463},"val_precision0.5":0.27272728085517883,"test_balanced_accuracy0.5":0.6,"val_recall0.25":0.25925925374031067,"test_balanced_accuracy0.75":0.6,"_timestamp":1.753658470685112e+09,"test_precision0.75":0.5,"val_balanced_accuracy0.25":0.5220346929207689,"_step":229,"test_balanced_accuracy0.25":0.6166666666666667,"val_precision0.25":0.2916666567325592,"val_recall0.5":0.2222222238779068,"val_balanced_accuracy0.75":0.4976558837318331,"test_precision0.5":0.5,"val_accuracy0.25":0.650943398475647,"val_balanced_accuracy0.5":0.5098452883263009,"_runtime":2463.177296154,"val_auroc":0.5262541174888611,"train_auroc":1,"test_auroc":0.65666663646698,"test_accuracy0.25":0.75,"test_accuracy0.75":0.75,"test_recall0.5":0.30000001192092896,"test_recall0.25":0.3499999940395355}