{"_timestamp":1.750128581412118e+09,"val_balanced_accuracy0.75":0.4817429406037001,"test_recall0.5":0.20000000298023224,"_step":319,"test_precision0.5":0.3076923191547394,"test_balanced_accuracy0.5":0.523728813559322,"test_precision0.75":0.375,"val_precision0.25":0.23999999463558197,"test_precision0.25":0.2777777910232544,"test_balanced_accuracy0.25":0.5148305084745763,"train_auroc":1,"val_balanced_accuracy0.5":0.4819863680623174,"val_recall0.5":0.1538461595773697,"test_balanced_accuracy0.75":0.5326271186440678,"val_accuracy0.25":0.6285714507102966,"_wandb":{"runtime":907},"test_accuracy0.75":0.7215189933776855,"test_accuracy0.5":0.6835442781448364,"val_accuracy0.75":0.6666666865348816,"val_auroc":0.502434253692627,"test_recall0.25":0.25,"val_balanced_accuracy0.25":0.4951314508276534,"val_recall0.75":0.11538461595773697,"test_accuracy0.25":0.6455696225166321,"train_loss":0.0017597582191228867,"_runtime":907.940969063,"test_recall0.75":0.15000000596046448,"val_precision0.5":0.21052631735801697,"val_accuracy0.5":0.6476190686225891,"val_precision0.75":0.20000000298023224,"val_recall0.25":0.23076923191547394,"test_auroc":0.5364406704902649}