{"test_precision0.5":0.5,"_wandb":{"runtime":1960},"_runtime":1960.213696036,"val_accuracy0.25":0.5283018946647644,"train_auroc":1,"val_accuracy0.75":0.5754716992378235,"test_auroc":0.550000011920929,"val_precision0.75":0.22857142984867096,"val_accuracy0.5":0.5660377144813538,"val_precision0.25":0.2142857164144516,"test_recall0.75":0.25,"val_balanced_accuracy0.75":0.48509615384615384,"val_auroc":0.4757211208343506,"test_balanced_accuracy0.25":0.575,"test_recall0.25":0.30000001192092896,"test_recall0.5":0.30000001192092896,"val_precision0.5":0.2222222238779068,"test_accuracy0.5":0.75,"_step":210,"val_recall0.25":0.3461538553237915,"val_balanced_accuracy0.5":0.47884615384615387,"_timestamp":1.753636946149233e+09,"test_balanced_accuracy0.75":0.575,"test_precision0.75":0.4545454680919647,"train_loss":9.806155958358431e-07,"test_precision0.25":0.4000000059604645,"val_recall0.5":0.3076923191547394,"val_recall0.75":0.3076923191547394,"test_accuracy0.25":0.7124999761581421,"val_balanced_accuracy0.25":0.4668269230769231,"test_accuracy0.75":0.737500011920929,"test_balanced_accuracy0.5":0.6}