{"test_recall0.25":0.44999998807907104,"val_balanced_accuracy0.5":0.4668269230769231,"test_accuracy0.75":0.625,"test_balanced_accuracy0.25":0.5,"test_accuracy0.5":0.574999988079071,"test_recall0.75":0.4000000059604645,"_wandb":{"runtime":6231},"val_precision0.5":0.2142857164144516,"val_auroc":0.48942309617996216,"test_precision0.25":0.25,"val_recall0.5":0.3461538553237915,"val_accuracy0.25":0.4716981053352356,"test_accuracy0.25":0.5249999761581421,"val_balanced_accuracy0.75":0.523076923076923,"val_precision0.25":0.21153846383094788,"_runtime":6231.841180464,"val_recall0.25":0.42307692766189575,"_step":270,"test_precision0.5":0.28125,"val_recall0.75":0.3461538553237915,"train_auroc":0.9894530773162842,"val_precision0.75":0.27272728085517883,"_timestamp":1.7538670708286781e+09,"val_accuracy0.75":0.6132075190544128,"val_balanced_accuracy0.25":0.45528846153846153,"test_recall0.5":0.44999998807907104,"test_precision0.75":0.3076923191547394,"val_accuracy0.5":0.5283018946647644,"train_loss":0.468614786863327,"test_balanced_accuracy0.75":0.55,"test_balanced_accuracy0.5":0.5333333333333333,"test_auroc":0.5070832967758179}