{"test_accuracy":0.7480915784835815,"test_recall":0,"val_recall":0,"val_precision":0,"_runtime":352.069908323,"val_loss":1.7298637628555298,"val_balanced_accuracy":0.5,"test_auroc":0.5606061220169067,"test_precision":0,"_step":51,"val_auroc":0.5714285373687744,"_wandb":{"runtime":352},"val_accuracy":0.7407407164573669,"train_auroc":0.6234986782073975,"train_loss":1.6796718835830688,"test_balanced_accuracy":0.5,"_timestamp":1.7495848279022176e+09}