{"test_precision0.5":0.5,"test_recall0.5":1,"test_accuracy0.75":0.5,"_runtime":2.1591405,"val_balanced_accuracy0.75":0.5,"test_precision0.75":0,"test_auroc":0,"test_recall0.75":0,"test_balanced_accuracy0.25":0.5,"_step":1,"_wandb":{"runtime":2},"val_precision0.25":0.6666666865348816,"val_precision0.75":0,"val_accuracy0.75":0.3333333432674408,"val_accuracy0.5":0.6666666865348816,"test_accuracy0.5":0.5,"train_loss":0.7019217014312744,"train_auroc":0.2222222089767456,"val_recall0.75":0,"val_balanced_accuracy0.5":0.5,"val_balanced_accuracy0.25":0.5,"test_precision0.25":0.5,"test_accuracy0.25":0.5,"_timestamp":1.7512819240247684e+09,"val_accuracy0.25":0.6666666865348816,"val_precision0.5":0.6666666865348816,"test_recall0.25":1,"val_recall0.5":1,"val_recall0.25":1,"test_balanced_accuracy0.5":0.5,"val_auroc":0,"test_balanced_accuracy0.75":0.5}