{"test_auroc":0.6058332920074463,"test_balanced_accuracy0.75":0.48333333333333334,"val_balanced_accuracy0.25":0.49132676980778245,"test_accuracy0.25":0.7250000238418579,"val_recall0.75":0.07407407462596893,"_step":399,"test_recall0.5":0.20000000298023224,"train_loss":0.0012582894414663315,"train_auroc":1,"val_recall0.25":0.18518517911434174,"test_balanced_accuracy0.25":0.5833333333333334,"_wandb":{"runtime":1492},"test_precision0.25":0.4285714328289032,"val_precision0.25":0.2380952388048172,"test_precision0.75":0.1666666716337204,"test_accuracy0.5":0.7250000238418579,"_timestamp":1.7535035228225121e+09,"test_balanced_accuracy0.5":0.55,"val_balanced_accuracy0.75":0.486404125644632,"_runtime":1492.762140778,"test_precision0.5":0.4000000059604645,"val_balanced_accuracy0.5":0.49226441631504925,"val_accuracy0.75":0.6886792182922363,"val_precision0.75":0.20000000298023224,"val_precision0.5":0.23076923191547394,"val_accuracy0.5":0.6792452931404114,"test_recall0.25":0.30000001192092896,"val_accuracy0.25":0.6415094137191772,"test_recall0.75":0.05000000074505806,"val_recall0.5":0.1111111119389534,"test_accuracy0.75":0.699999988079071,"val_auroc":0.3792780041694641}