{"test_auroc":0.4864406883716583,"_wandb":{"runtime":990},"_timestamp":1.7478165802620966e+09,"val_recall":0,"_runtime":990.817439732,"val_auroc":0.3671875,"val_accuracy":0.75,"_step":28,"val_precision":0,"test_accuracy":0.746835470199585,"train_auroc":0.515995979309082,"train_loss":0.37617993354797363,"test_precision":0,"val_loss":0.3746519386768341,"test_recall":0}