{"test_precision":0,"train_auroc":0.5889343023300171,"test_recall":0,"val_auroc":0.392857164144516,"val_balanced_accuracy":0.5,"val_recall":0,"_wandb":{"runtime":381},"val_loss":1.7349473237991333,"val_accuracy":0.7407407164573669,"_step":50,"test_balanced_accuracy":0.5,"test_auroc":0.607897162437439,"_timestamp":1.749586340185875e+09,"val_precision":0,"_runtime":381.203728102,"train_loss":1.6848169565200806,"test_accuracy":0.75}