{"val_auroc":0.5,"val_accuracy0.25":0.24761904776096344,"test_balanced_accuracy0.5":0.5,"test_precision0.25":0.2531645596027374,"_wandb":{"runtime":3797},"val_balanced_accuracy0.25":0.5,"val_balanced_accuracy0.75":0.5,"val_precision0.25":0.24761904776096344,"_step":999,"test_recall0.25":1,"test_recall0.5":1,"val_accuracy0.75":0.7523809671401978,"val_recall0.5":1,"val_recall0.75":0,"train_loss":2.0911571979522705,"val_accuracy0.5":0.24761904776096344,"test_balanced_accuracy0.75":0.5,"test_auroc":0.5,"val_precision0.75":0,"val_balanced_accuracy0.5":0.5,"test_accuracy0.75":0.746835470199585,"test_accuracy0.5":0.2531645596027374,"train_auroc":0.4907177686691284,"test_accuracy0.25":0.2531645596027374,"test_precision0.75":0,"val_recall0.25":1,"test_recall0.75":0,"test_balanced_accuracy0.25":0.5,"val_precision0.5":0.24761904776096344,"_runtime":3797.865455952,"_timestamp":1.7500626904542248e+09,"test_precision0.5":0.2531645596027374}