{"train_loss":1.6742149591445923,"val_loss":1.722511887550354,"val_accuracy":0.7407407164573669,"_timestamp":1.7495876530442724e+09,"test_recall":0,"test_auroc":0.44981059432029724,"_runtime":1311.720893242,"val_recall":0,"val_auroc":0.5785714387893677,"test_precision":0,"_step":199,"test_balanced_accuracy":0.5,"val_balanced_accuracy":0.5,"val_precision":0,"train_auroc":0.7184716463088989,"test_accuracy":0.7557252049446106,"_wandb":{"runtime":1311}}