{"train_auroc":0.4278237819671631,"_timestamp":1.7504751970944734e+09,"val_accuracy0.25":0.24761904776096344,"val_precision0.25":0.24761904776096344,"test_recall0.5":0,"test_balanced_accuracy0.25":0.5,"test_recall0.75":0,"test_precision0.5":0,"val_balanced_accuracy0.75":0.5,"test_auroc":0.43686443567276,"_runtime":543.315395672,"val_recall0.75":0,"test_accuracy0.75":0.746835470199585,"test_accuracy0.25":0.2531645596027374,"test_precision0.75":0,"test_balanced_accuracy0.5":0.5,"train_loss":1.7032899856567383,"val_precision0.5":0,"_step":211,"test_precision0.25":0.2531645596027374,"val_accuracy0.75":0.7523809671401978,"val_recall0.25":1,"val_balanced_accuracy0.5":0.5,"test_recall0.25":1,"test_balanced_accuracy0.75":0.5,"val_accuracy0.5":0.7523809671401978,"test_accuracy0.5":0.746835470199585,"val_auroc":0.54892897605896,"_wandb":{"runtime":543},"val_balanced_accuracy0.25":0.5,"val_recall0.5":0,"val_precision0.75":0}