{"val_auroc":0.6071428060531616,"test_balanced_accuracy":0.5,"test_recall":0,"val_accuracy":0.7407407164573669,"val_balanced_accuracy":0.5,"_timestamp":1.7495326028626263e+09,"val_precision":0,"_step":56,"test_auroc":0.4607297480106354,"train_loss":1.8751766681671143,"val_loss":1.8749958276748657,"train_auroc":0.5010654926300049,"test_accuracy":0.7480915784835815,"_wandb":{"runtime":360},"test_precision":0,"_runtime":360.279269415,"val_recall":0}