{"_wandb":{"runtime":359},"val_accuracy":0.7407407164573669,"val_precision":0,"_step":50,"val_loss":1.7318146228790283,"test_auroc":0.5586164593696594,"test_accuracy":0.75,"test_recall":0,"val_balanced_accuracy":0.5,"_timestamp":1.7495816891801038e+09,"train_auroc":0.6781609058380127,"test_balanced_accuracy":0.5,"_runtime":359.977761758,"val_recall":0,"val_auroc":0.48571428656578064,"train_loss":1.661242961883545,"test_precision":0}