{"val_recall0.25":0.1538461595773697,"val_balanced_accuracy0.75":0.5579357351509251,"test_precision0.75":0.1764705926179886,"test_auroc":0.5266948938369751,"test_accuracy0.5":0.6202531456947327,"_runtime":871.8338289,"val_precision0.25":0.3333333432674408,"test_accuracy0.75":0.607594907283783,"_step":259,"_wandb":{"runtime":871},"_timestamp":1.7502430204539967e+09,"test_recall0.25":0.3499999940395355,"val_balanced_accuracy0.25":0.5262901655306719,"train_auroc":0.9990766048431396,"val_recall0.5":0.1538461595773697,"test_balanced_accuracy0.75":0.4563559322033898,"val_precision0.5":0.5714285969734192,"val_precision0.75":0.5714285969734192,"val_accuracy0.25":0.7142857313156128,"val_recall0.75":0.1538461595773697,"test_recall0.75":0.15000000596046448,"val_balanced_accuracy0.5":0.5579357351509251,"val_accuracy0.5":0.761904776096344,"train_loss":0.06119747832417488,"test_balanced_accuracy0.5":0.4813559322033898,"test_accuracy0.25":0.6329113841056824,"test_precision0.25":0.30434781312942505,"test_recall0.5":0.20000000298023224,"val_auroc":0.6397273540496826,"test_balanced_accuracy0.25":0.5394067796610169,"test_precision0.5":0.2222222238779068,"val_accuracy0.75":0.761904776096344}