{"val_balanced_accuracy0.5":0.5,"val_accuracy0.5":0.3333333432674408,"val_precision0.25":0.3333333432674408,"test_recall0.75":0,"_wandb":{"runtime":8},"val_recall0.25":1,"val_auroc":0,"test_accuracy0.75":0.5,"test_balanced_accuracy0.25":0.5,"val_recall0.75":0,"test_recall0.5":1,"val_precision0.75":0,"_runtime":8.7432951,"test_auroc":1,"_step":1,"test_precision0.75":0,"test_precision0.25":0.5,"test_accuracy0.25":0.5,"val_balanced_accuracy0.75":0.5,"val_accuracy0.75":0.6666666865348816,"test_balanced_accuracy0.5":0.5,"train_loss":0.7011439204216003,"val_balanced_accuracy0.25":0.5,"_timestamp":1.7512957559854624e+09,"test_accuracy0.5":0.5,"test_balanced_accuracy0.75":0.5,"val_precision0.5":0.3333333432674408,"train_auroc":0,"test_recall0.25":1,"val_recall0.5":1,"val_accuracy0.25":0.3333333432674408,"test_precision0.5":0.5}