{"test_auroc":0.631779670715332,"val_precision0.5":0.1428571492433548,"val_balanced_accuracy0.25":0.46299902629016554,"val_recall0.5":0.11538461595773697,"val_accuracy0.5":0.6095238327980042,"test_balanced_accuracy0.5":0.523728813559322,"test_recall0.75":0.15000000596046448,"test_accuracy0.25":0.6962025165557861,"val_recall0.25":0.1538461595773697,"test_balanced_accuracy0.75":0.498728813559322,"val_precision0.25":0.1818181872367859,"test_recall0.25":0.25,"test_recall0.5":0.20000000298023224,"test_precision0.75":0.25,"test_balanced_accuracy0.25":0.548728813559322,"test_precision0.25":0.3571428656578064,"val_balanced_accuracy0.5":0.4437682570593963,"test_precision0.5":0.3076923191547394,"train_loss":6.51538343277025e-08,"_timestamp":1.7507083342383757e+09,"val_recall0.75":0.11538461595773697,"_wandb":{"runtime":1937},"val_accuracy0.25":0.6190476417541504,"val_precision0.75":0.15000000596046448,"_step":199,"val_balanced_accuracy0.75":0.45009737098344693,"test_accuracy0.5":0.6835442781448364,"train_auroc":1,"val_accuracy0.75":0.6190476417541504,"val_auroc":0.49269717931747437,"_runtime":1937.267542533,"test_accuracy0.75":0.6708860993385315}