{"val_accuracy":0.7407407164573669,"test_auroc":0.4839208722114563,"train_auroc":0.5238279104232788,"train_loss":1.6839061975479126,"_wandb":{"runtime":572},"test_recall":0,"_timestamp":1.7495569249651423e+09,"test_accuracy":0.7480915784835815,"test_balanced_accuracy":0.5,"val_recall":0,"val_balanced_accuracy":0.5,"val_auroc":0.6142857074737549,"val_precision":0,"val_loss":1.6992689371109009,"_step":52,"test_precision":0,"_runtime":572.657907471}