{"val_recall0.25":1,"val_precision0.75":0,"test_recall0.75":0,"_runtime":951.295162082,"_wandb":{"runtime":951},"_step":150,"train_loss":2.085038661956787,"val_balanced_accuracy0.25":0.5,"test_recall0.25":1,"_timestamp":1.7535307912399218e+09,"test_balanced_accuracy0.25":0.5,"val_accuracy0.5":0.7547169923782349,"test_accuracy0.5":0.75,"val_auroc":0.5504807233810425,"val_precision0.25":0.24528302252292633,"val_balanced_accuracy0.75":0.5,"test_balanced_accuracy0.75":0.5,"val_recall0.5":0,"val_precision0.5":0,"val_balanced_accuracy0.5":0.5,"train_auroc":0.44383320212364197,"test_precision0.5":0,"test_accuracy0.25":0.25,"test_auroc":0.6066666841506958,"test_accuracy0.75":0.75,"test_recall0.5":0,"val_accuracy0.75":0.7547169923782349,"val_recall0.75":0,"val_accuracy0.25":0.24528302252292633,"test_balanced_accuracy0.5":0.5,"test_precision0.75":0,"test_precision0.25":0.25}