{"train_auroc":0.5881451964378357,"test_balanced_accuracy":0.5,"val_balanced_accuracy":0.5,"val_accuracy":0.7407407164573669,"test_precision":0,"_wandb":{"runtime":202},"train_loss":1.6888600587844849,"test_accuracy":0.7557252049446106,"val_precision":0,"val_auroc":0.5785714387893677,"test_auroc":0.42203280329704285,"test_recall":0,"_step":51,"_runtime":202.394186582,"val_loss":1.7258024215698242,"_timestamp":1.7495652654274774e+09,"val_recall":0}