{"val_balanced_accuracy0.5":0.5,"val_precision0.25":0.21875,"val_recall0.25":1,"val_balanced_accuracy0.25":0.5,"val_balanced_accuracy0.75":0.5,"_step":0,"_runtime":10.549141899,"val_accuracy0.75":0.78125,"val_auroc":0.4942857325077057,"_wandb":{"runtime":10},"_timestamp":1.7541182486410363e+09,"val_recall0.5":0,"val_recall0.75":0,"val_accuracy0.5":0.78125,"val_accuracy0.25":0.21875,"val_precision0.5":0,"val_precision0.75":0}