{"val_balanced_accuracy0.75":0.5,"val_recall0.5":1,"test_precision0.5":0.25,"train_loss":2.080758810043335,"test_recall0.5":1,"val_recall0.25":1,"test_balanced_accuracy0.25":0.5,"test_accuracy0.75":0.75,"_timestamp":1.7546190021007597e+09,"test_precision0.75":0,"test_precision0.25":0.25,"val_accuracy0.25":0.25233644247055054,"val_recall0.75":0,"_step":150,"val_precision0.25":0.25233644247055054,"test_accuracy0.5":0.25,"test_balanced_accuracy0.5":0.5,"test_accuracy0.25":0.25,"train_auroc":0.4268749952316284,"val_precision0.75":0,"val_accuracy0.75":0.7476635575294495,"val_accuracy0.5":0.25233644247055054,"val_auroc":0.45625001192092896,"_wandb":{"runtime":6594},"val_precision0.5":0.25233644247055054,"test_recall0.25":1,"test_balanced_accuracy0.75":0.5,"_runtime":6594.872977466,"test_auroc":0.41124996542930603,"test_recall0.75":0,"val_balanced_accuracy0.25":0.5,"val_balanced_accuracy0.5":0.5}