{"val_balanced_accuracy0.25":0.5,"_timestamp":1.7504828295423064e+09,"test_balanced_accuracy0.25":0.5,"val_accuracy0.5":0.7523809671401978,"test_recall0.75":0,"val_auroc":0.6665043830871582,"_runtime":715.230390031,"val_precision0.75":0,"test_recall0.5":0,"val_accuracy0.75":0.7523809671401978,"train_auroc":0.5099805593490601,"val_recall0.25":1,"_step":257,"val_balanced_accuracy0.5":0.5,"test_accuracy0.5":0.746835470199585,"val_recall0.75":0,"val_accuracy0.25":0.24761904776096344,"test_auroc":0.48983055353164673,"val_precision0.5":0,"val_precision0.25":0.24761904776096344,"val_recall0.5":0,"test_precision0.5":0,"test_accuracy0.25":0.2531645596027374,"test_precision0.75":0,"test_accuracy0.75":0.746835470199585,"_wandb":{"runtime":715},"test_balanced_accuracy0.5":0.5,"train_loss":1.6899789571762085,"test_precision0.25":0.2531645596027374,"test_balanced_accuracy0.75":0.5,"test_recall0.25":1,"val_balanced_accuracy0.75":0.5}