{"_step":82,"_runtime":380.822967458,"val_precision":0,"train_loss":1.692480444908142,"test_recall":0,"test_auroc":0.5,"train_auroc":0.4470582604408264,"test_accuracy":0.75,"val_loss":1.7285218238830566,"_wandb":{"runtime":380},"val_balanced_accuracy":0.5,"val_accuracy":0.7407407164573669,"val_recall":0,"test_balanced_accuracy":0.5,"_timestamp":1.7495051353052876e+09,"val_auroc":0.5,"test_precision":0}