{"test_recall0.25":0.3499999940395355,"val_recall0.25":0.42307692766189575,"test_precision0.75":0.23076923191547394,"test_accuracy0.5":0.607594907283783,"test_balanced_accuracy0.25":0.43771186440677967,"test_auroc":0.3686440587043762,"_timestamp":1.751130761402044e+09,"val_accuracy0.25":0.4571428596973419,"test_precision0.25":0.20000000298023224,"test_accuracy0.75":0.6582278609275818,"test_accuracy0.25":0.4810126721858978,"train_loss":0.4749428629875183,"val_balanced_accuracy0.25":0.44571567672833495,"val_precision0.5":0.22580644488334656,"val_accuracy0.75":0.6666666865348816,"test_recall0.75":0.15000000596046448,"_runtime":11899.773821246,"train_auroc":0.9899855852127075,"val_accuracy0.5":0.5904762148857117,"val_auroc":0.5194741487503052,"test_balanced_accuracy0.75":0.4902542372881356,"_wandb":{"runtime":11899},"test_precision0.5":0.2380952388048172,"val_balanced_accuracy0.5":0.48271665043816947,"val_balanced_accuracy0.75":0.4946445959104187,"val_recall0.5":0.26923078298568726,"test_recall0.5":0.25,"val_precision0.75":0.23529411852359772,"val_precision0.25":0.2075471729040146,"test_balanced_accuracy0.5":0.4894067796610169,"val_recall0.75":0.1538461595773697,"_step":999}