{"test_accuracy0.75":0.5443037748336792,"test_precision0.75":0.23333333432674408,"test_precision0.25":0.3191489279270172,"val_accuracy0.5":0.6095238327980042,"test_accuracy0.5":0.5316455960273743,"_runtime":2386.145667644,"test_balanced_accuracy0.75":0.4800847457627119,"val_balanced_accuracy0.5":0.5985881207400194,"test_balanced_accuracy0.25":0.603813559322034,"val_precision0.25":0.3272727131843567,"val_precision0.75":0.3333333432674408,"_wandb":{"runtime":2386},"val_balanced_accuracy0.25":0.6119766309639727,"test_precision0.5":0.2571428716182709,"test_recall0.75":0.3499999940395355,"val_recall0.75":0.5,"val_precision0.5":0.3333333432674408,"val_recall0.5":0.5769230723381042,"test_recall0.5":0.44999998807907104,"val_auroc":0.5968841314315796,"_timestamp":1.751422190603259e+09,"test_auroc":0.5292372703552246,"val_recall0.25":0.692307710647583,"train_loss":0.10767924040555954,"test_balanced_accuracy0.5":0.5046610169491526,"train_auroc":0.9990786910057068,"val_balanced_accuracy0.75":0.5854430379746836,"test_accuracy0.25":0.5316455960273743,"val_accuracy0.75":0.6285714507102966,"val_accuracy0.25":0.5714285969734192,"_step":475,"test_recall0.25":0.75}