{"test_recall0.75":0.05000000074505806,"test_balanced_accuracy0.75":0.5166666666666666,"test_auroc":0.47749999165534973,"val_recall0.25":0.07407407462596893,"val_precision0.5":0.10000000149011612,"test_recall0.25":0.10000000149011612,"val_balanced_accuracy0.75":0.4805438349742147,"_wandb":{"runtime":3660},"test_balanced_accuracy0.5":0.5333333333333333,"test_accuracy0.25":0.6499999761581421,"val_recall0.75":0.03703703731298447,"val_accuracy0.5":0.6698113083839417,"val_balanced_accuracy0.5":0.4615564932020628,"test_recall0.5":0.10000000149011612,"test_balanced_accuracy0.25":0.4666666666666667,"train_auroc":1,"_runtime":3660.79726067,"test_precision0.75":0.5,"val_precision0.75":0.1428571492433548,"test_accuracy0.75":0.75,"val_accuracy0.25":0.5849056839942932,"val_accuracy0.75":0.698113203048706,"test_precision0.25":0.1666666716337204,"train_loss":0.014824943616986275,"test_precision0.5":0.5,"test_accuracy0.5":0.75,"val_recall0.5":0.03703703731298447,"_step":634,"_timestamp":1.7535041133149571e+09,"val_balanced_accuracy0.25":0.41678387248007503,"val_auroc":0.47538676857948303,"val_precision0.25":0.095238097012043}