{"train_auroc":0.567318856716156,"test_balanced_accuracy":0.5,"val_loss":1.7323288917541504,"_wandb":{"runtime":242},"val_precision":0,"val_recall":0,"test_auroc":0.5479282736778259,"test_precision":0,"val_balanced_accuracy":0.5,"test_recall":0,"_step":52,"test_accuracy":0.7480915784835815,"val_auroc":0.4285714626312256,"val_accuracy":0.7407407164573669,"train_loss":1.679984450340271,"_runtime":242.937795676,"_timestamp":1.7495030541271012e+09}