{"val_accuracy0.75":0.6476190686225891,"test_auroc":0.5271186232566833,"test_accuracy0.5":0.6708860993385315,"test_balanced_accuracy0.25":0.5148305084745763,"_step":499,"val_precision0.25":0.2800000011920929,"val_balanced_accuracy0.5":0.48855890944498537,"val_precision0.5":0.22727273404598236,"val_accuracy0.25":0.6476190686225891,"test_recall0.25":0.25,"test_recall0.5":0.25,"val_balanced_accuracy0.75":0.49488802336903603,"val_precision0.75":0.2380952388048172,"_wandb":{"runtime":1806},"train_auroc":1,"test_recall0.75":0.25,"_timestamp":1.7498316135930405e+09,"test_precision0.75":0.3333333432674408,"_runtime":1806.646663269,"test_accuracy0.75":0.6835442781448364,"val_recall0.5":0.19230769574642181,"train_loss":1.1299032394163078e-06,"val_balanced_accuracy0.25":0.5206913339824732,"test_precision0.5":0.3125,"val_recall0.75":0.19230769574642181,"test_precision0.25":0.2777777910232544,"val_accuracy0.5":0.6380952596664429,"test_balanced_accuracy0.75":0.5402542372881356,"test_balanced_accuracy0.5":0.5317796610169492,"val_recall0.25":0.26923078298568726,"test_accuracy0.25":0.6455696225166321,"val_auroc":0.5567185878753662}