{"_wandb":{"runtime":544},"test_precision0.75":0,"val_auroc":0.5062499046325684,"test_accuracy0.25":0.25,"test_recall0.25":1,"train_auroc":0.4436533451080322,"val_accuracy0.75":0.7476635575294495,"val_precision0.25":0.25233644247055054,"val_balanced_accuracy0.5":0.5,"test_recall0.5":0,"_runtime":544.992721462,"val_balanced_accuracy0.75":0.5,"test_precision0.25":0.25,"val_precision0.75":0,"test_precision0.5":0,"test_balanced_accuracy0.25":0.5,"_timestamp":1.7530943750820591e+09,"test_balanced_accuracy0.5":0.5,"test_auroc":0.4583333432674408,"val_accuracy0.5":0.7476635575294495,"val_recall0.25":1,"test_balanced_accuracy0.75":0.5,"train_loss":2.072577714920044,"test_accuracy0.5":0.75,"val_recall0.5":0,"val_recall0.75":0,"_step":150,"val_accuracy0.25":0.25233644247055054,"val_precision0.5":0,"test_recall0.75":0,"test_accuracy0.75":0.75,"val_balanced_accuracy0.25":0.5}