{"_wandb":{"runtime":1555},"test_recall0.75":0,"_runtime":1555.122984411,"test_recall0.25":1,"test_balanced_accuracy0.25":0.5,"test_accuracy0.25":0.25,"train_kld_loss":2.2864576749270782e-05,"val_recall0.5":0,"train_loss":1.0560091733932495,"train_logvar":1.1324343631713418e-06,"_step":61,"test_precision0.5":0,"test_accuracy0.5":0.75,"train_recon_loss_no_kld":0.09258471429347992,"test_balanced_accuracy0.75":0.5,"test_precision0.75":0,"val_balanced_accuracy0.75":0.5,"test_precision0.25":0.25,"val_accuracy0.75":0.7452830076217651,"val_accuracy0.25":0.25471699237823486,"test_balanced_accuracy0.5":0.5,"train_auroc":0.4733593463897705,"test_accuracy0.75":0.75,"val_balanced_accuracy0.25":0.5,"val_precision0.5":0,"_timestamp":1.7549338431790392e+09,"val_auroc":0.5,"test_recall0.5":0,"val_precision0.25":0.25471699237823486,"val_balanced_accuracy0.5":0.5,"train_surv_loss":1.0097054243087769,"test_auroc":0.5,"val_recall0.75":0,"val_accuracy0.5":0.7452830076217651,"val_precision0.75":0,"val_recall0.25":1,"train_mu":-5.610073117168213e-08}