{"val_balanced_accuracy0.5":0.5735150925024343,"val_accuracy0.5":0.5523809790611267,"test_precision0.25":0.2531645596027374,"test_recall0.5":0.44999998807907104,"train_loss":2.048631191253662,"_wandb":{"runtime":1175},"test_balanced_accuracy0.25":0.5,"_step":337,"val_auroc":0.6241480112075806,"_timestamp":1.7503102988357286e+09,"val_recall0.5":0.6153846383094788,"val_accuracy0.25":0.24761904776096344,"test_balanced_accuracy0.5":0.5216101694915254,"test_accuracy0.25":0.2531645596027374,"test_recall0.25":1,"_runtime":1175.090469135,"val_balanced_accuracy0.25":0.5,"train_auroc":0.6251201629638672,"val_precision0.25":0.24761904776096344,"val_precision0.75":0,"test_precision0.75":0,"test_precision0.5":0.27272728085517883,"test_accuracy0.5":0.5569620132446289,"test_auroc":0.508474588394165,"val_recall0.25":1,"test_balanced_accuracy0.75":0.5,"test_accuracy0.75":0.746835470199585,"val_precision0.5":0.30188679695129395,"test_recall0.75":0,"val_recall0.75":0,"val_balanced_accuracy0.75":0.5,"val_accuracy0.75":0.7523809671401978}