{"test_recall0.5":0.10000000149011612,"val_precision0.75":0.2857142984867096,"val_precision0.25":0.2631579041481018,"test_auroc":0.4389830529689789,"_timestamp":1.750564999637936e+09,"test_balanced_accuracy0.5":0.4483050847457627,"test_precision0.25":0.1111111119389534,"test_accuracy0.75":0.6455696225166321,"test_recall0.75":0.10000000149011612,"val_balanced_accuracy0.5":0.50730282375852,"_runtime":1089.42492557,"test_precision0.75":0.1666666716337204,"val_accuracy0.25":0.6666666865348816,"val_auroc":0.5693768262863159,"test_precision0.5":0.1428571492433548,"val_accuracy0.75":0.6952381134033203,"test_balanced_accuracy0.25":0.4144067796610169,"test_recall0.25":0.10000000149011612,"test_balanced_accuracy0.75":0.4652542372881356,"_wandb":{"runtime":1089},"test_accuracy0.5":0.6202531456947327,"_step":227,"train_auroc":1,"val_recall0.75":0.1538461595773697,"val_precision0.5":0.2666666805744171,"val_recall0.5":0.1538461595773697,"val_balanced_accuracy0.75":0.5136319376825706,"train_loss":0.0019901017658412457,"val_balanced_accuracy0.25":0.5075462512171374,"val_accuracy0.5":0.6857143044471741,"val_recall0.25":0.19230769574642181,"test_accuracy0.25":0.5696202516555786}