{"test_accuracy0.5":0.699999988079071,"val_recall0.75":0.18518517911434174,"test_recall0.75":0.10000000149011612,"test_accuracy0.25":0.6875,"val_auroc":0.4930555820465088,"val_accuracy0.25":0.6822429895401001,"test_recall0.5":0.15000000596046448,"test_precision0.25":0.27272728085517883,"val_accuracy0.75":0.6822429895401001,"train_auroc":1,"val_precision0.5":0.2777777910232544,"test_balanced_accuracy0.25":0.5083333333333333,"test_auroc":0.5079166889190674,"val_recall0.5":0.18518517911434174,"_runtime":2026.046271864,"val_balanced_accuracy0.25":0.5298611111111111,"test_precision0.75":0.2222222238779068,"test_recall0.25":0.15000000596046448,"val_balanced_accuracy0.5":0.5113425925925926,"val_precision0.75":0.29411765933036804,"_step":258,"test_balanced_accuracy0.5":0.5166666666666666,"test_accuracy0.75":0.6875,"test_balanced_accuracy0.75":0.49166666666666664,"test_precision0.5":0.30000001192092896,"train_loss":2.2697533097471023e-07,"val_recall0.25":0.2222222238779068,"val_precision0.25":0.31578946113586426,"val_accuracy0.5":0.672897219657898,"_timestamp":1.7536233926761925e+09,"_wandb":{"runtime":2026},"val_balanced_accuracy0.75":0.5175925925925926}