{"test_accuracy0.5":0.7215189933776855,"_step":999,"val_accuracy0.5":0.761904776096344,"test_accuracy0.75":0.746835470199585,"test_recall0.75":0,"test_precision0.75":0,"test_recall0.25":0.44999998807907104,"val_precision0.25":0.29729729890823364,"val_balanced_accuracy0.75":0.5963972736124635,"test_auroc":0.6601694822311401,"_wandb":{"runtime":2432},"test_balanced_accuracy0.25":0.5639830508474576,"test_accuracy0.25":0.6202531456947327,"_runtime":2432.262866493,"test_balanced_accuracy0.75":0.5,"train_auroc":0.9985394477844238,"val_auroc":0.5959104299545288,"val_recall0.25":0.42307692766189575,"val_recall0.5":0.3076923191547394,"val_precision0.5":0.5333333611488342,"test_recall0.5":0.15000000596046448,"test_precision0.25":0.3214285671710968,"val_balanced_accuracy0.25":0.5469814995131451,"train_loss":0.3172035217285156,"val_accuracy0.25":0.6095238327980042,"_timestamp":1.7502531766689634e+09,"val_recall0.75":0.23076923191547394,"test_precision0.5":0.375,"val_balanced_accuracy0.5":0.6095423563777994,"val_precision0.75":0.6666666865348816,"val_accuracy0.75":0.7809523940086365,"test_balanced_accuracy0.5":0.5326271186440678}