{"test_precision0.75":0.3636363744735718,"test_recall0.5":0.30000001192092896,"test_recall0.25":0.3499999940395355,"val_recall0.75":0.18518517911434174,"val_auroc":0.5874355435371399,"val_precision0.25":0.3571428656578064,"test_accuracy0.25":0.7250000238418579,"val_accuracy0.75":0.6792452931404114,"test_precision0.25":0.4375,"test_auroc":0.6433333158493042,"_timestamp":1.7536756596161668e+09,"_step":315,"val_accuracy0.25":0.6698113083839417,"train_loss":0.002925475127995014,"val_precision0.5":0.2857142984867096,"test_balanced_accuracy0.75":0.5416666666666666,"train_auroc":1,"_runtime":3163.675216369,"val_recall0.5":0.2222222238779068,"val_balanced_accuracy0.75":0.516643225503985,"val_accuracy0.5":0.6603773832321167,"_wandb":{"runtime":3163},"val_balanced_accuracy0.5":0.5161744022503516,"test_precision0.5":0.4615384638309479,"val_recall0.25":0.37037035822868347,"test_balanced_accuracy0.5":0.5916666666666667,"val_precision0.75":0.29411765933036804,"val_balanced_accuracy0.25":0.5712611345522738,"test_accuracy0.5":0.737500011920929,"test_balanced_accuracy0.25":0.6,"test_recall0.75":0.20000000298023224,"test_accuracy0.75":0.7124999761581421}