{"val_balanced_accuracy0.75":0.40578703703703706,"test_accuracy0.75":0.625,"val_precision0.5":0.1666666716337204,"test_recall0.75":0.20000000298023224,"val_precision0.75":0.08695652335882187,"test_precision0.25":0.2222222238779068,"test_accuracy0.25":0.5,"test_precision0.75":0.2222222238779068,"test_accuracy0.5":0.6000000238418579,"train_loss":0.011141728609800339,"test_recall0.5":0.3499999940395355,"test_auroc":0.5333333015441895,"val_accuracy0.25":0.5046728849411011,"test_precision0.5":0.26923078298568726,"val_balanced_accuracy0.5":0.4236111111111111,"_runtime":10883.779037536,"val_accuracy0.5":0.5233644843101501,"train_auroc":1,"val_recall0.75":0.07407407462596893,"_wandb":{"runtime":10883},"test_balanced_accuracy0.75":0.4833333333333334,"val_precision0.25":0.2291666716337204,"val_accuracy0.75":0.5700934529304504,"test_recall0.25":0.4000000059604645,"val_balanced_accuracy0.25":0.47245370370370365,"test_balanced_accuracy0.5":0.5166666666666666,"test_balanced_accuracy0.25":0.4666666666666667,"val_recall0.5":0.2222222238779068,"_timestamp":1.753702717303574e+09,"val_auroc":0.44999998807907104,"val_recall0.25":0.40740740299224854,"_step":263}