{"val_precision0.75":0.3333333432674408,"test_recall0.5":0.20000000298023224,"val_accuracy0.25":0.6792452931404114,"test_accuracy0.25":0.6499999761581421,"test_precision0.25":0.25,"test_auroc":0.5174999833106995,"val_recall0.5":0.3461538553237915,"val_balanced_accuracy0.75":0.5403846153846154,"test_balanced_accuracy0.25":0.5,"test_precision0.75":0.20000000298023224,"train_auroc":1,"test_accuracy0.75":0.675000011920929,"val_precision0.25":0.3461538553237915,"test_recall0.75":0.10000000149011612,"test_accuracy0.5":0.675000011920929,"val_precision0.5":0.375,"val_recall0.25":0.3461538553237915,"val_accuracy0.5":0.698113203048706,"val_balanced_accuracy0.25":0.5668269230769231,"val_balanced_accuracy0.5":0.5793269230769231,"_wandb":{"runtime":2332},"val_auroc":0.5793269276618958,"val_recall0.75":0.23076923191547394,"test_balanced_accuracy0.5":0.5166666666666667,"test_precision0.5":0.2857142984867096,"test_recall0.25":0.20000000298023224,"_timestamp":1.7538360590100791e+09,"train_loss":0.0005698669119738042,"test_balanced_accuracy0.75":0.48333333333333334,"_step":487,"val_accuracy0.75":0.698113203048706,"_runtime":2332.985839705}