{"val_accuracy0.75":0.6822429895401001,"train_auroc":0.9914257526397705,"test_balanced_accuracy0.75":0.5,"val_balanced_accuracy0.25":0.47453703703703703,"_wandb":{"runtime":6101},"val_recall0.5":0.07407407462596893,"test_recall0.25":0.15000000596046448,"val_auroc":0.5648148059844971,"test_balanced_accuracy0.5":0.4916666666666667,"test_accuracy0.5":0.6625000238418579,"val_accuracy0.25":0.672897219657898,"test_auroc":0.5049999952316284,"test_balanced_accuracy0.25":0.4916666666666667,"val_precision0.5":0.1818181872367859,"val_precision0.25":0.1666666716337204,"val_balanced_accuracy0.5":0.480787037037037,"val_accuracy0.5":0.6822429895401001,"train_loss":0.49648579955101013,"test_recall0.5":0.15000000596046448,"test_precision0.75":0.25,"_runtime":6101.20496059,"val_precision0.75":0.1818181872367859,"val_balanced_accuracy0.75":0.480787037037037,"test_precision0.25":0.23076923191547394,"test_precision0.5":0.23076923191547394,"test_accuracy0.25":0.6625000238418579,"_step":264,"test_recall0.75":0.15000000596046448,"val_recall0.25":0.07407407462596893,"val_recall0.75":0.07407407462596893,"test_accuracy0.75":0.675000011920929,"_timestamp":1.753860837848028e+09}