{"test_accuracy0.5":0.5696202516555786,"test_recall0.25":0.800000011920929,"_runtime":5994.538126456,"_timestamp":1.7514639927730505e+09,"_step":999,"_wandb":{"runtime":5994},"test_precision0.75":0.34375,"val_precision0.5":0.3400000035762787,"val_auroc":0.5642648935317993,"test_balanced_accuracy0.75":0.5970338983050847,"val_balanced_accuracy0.5":0.618062317429406,"train_auroc":0.9991587996482849,"test_auroc":0.6305084824562073,"test_precision0.25":0.3137255012989044,"train_loss":0.1425132155418396,"val_accuracy0.5":0.6000000238418579,"val_recall0.75":0.5,"test_recall0.5":0.6499999761581421,"val_recall0.25":0.692307710647583,"val_balanced_accuracy0.25":0.49805258033106137,"test_accuracy0.75":0.6202531456947327,"test_accuracy0.25":0.5063291192054749,"val_balanced_accuracy0.75":0.5791139240506329,"val_precision0.25":0.24657534062862396,"test_balanced_accuracy0.25":0.6033898305084746,"val_precision0.75":0.32499998807907104,"test_precision0.5":0.32499998807907104,"test_balanced_accuracy0.5":0.5961864406779661,"test_recall0.75":0.550000011920929,"val_recall0.5":0.6538461446762085,"val_accuracy0.75":0.6190476417541504,"val_accuracy0.25":0.4000000059604645}