{"test_accuracy0.25":0.25,"train_auroc":0.49032872915267944,"train_surv_loss":1.0093014240264893,"test_accuracy0.5":0.75,"val_recall0.25":1,"test_precision0.75":0,"test_recall0.75":0,"test_balanced_accuracy0.75":0.5,"val_accuracy0.75":0.7547169923782349,"train_recon_loss_no_kld":0.9982819557189941,"test_auroc":0.5841666460037231,"test_recall0.25":1,"val_accuracy0.5":0.7547169923782349,"test_balanced_accuracy0.25":0.5,"test_accuracy0.75":0.75,"_step":197,"test_precision0.25":0.25,"val_balanced_accuracy0.75":0.5,"_wandb":{"runtime":2868},"val_precision0.5":0,"train_logvar":-1.7780288885660411e-07,"test_balanced_accuracy0.5":0.5,"train_loss":1.9849499464035034,"test_recall0.5":0,"val_precision0.25":0.24528302252292633,"val_precision0.75":0,"_timestamp":1.7549843256390738e+09,"train_kld_loss":0.9530153870582581,"_runtime":2868.097597704,"val_balanced_accuracy0.25":0.5,"val_auroc":0.5745192170143127,"train_mu":3.972080548919621e-07,"val_recall0.5":0,"val_recall0.75":0,"val_accuracy0.25":0.24528302252292633,"val_balanced_accuracy0.5":0.5,"test_precision0.5":0}