{"test_precision":0,"_timestamp":1.7495268384699209e+09,"val_auroc":0.4642857611179352,"_step":50,"val_balanced_accuracy":0.5,"val_recall":0,"val_loss":1.7406644821166992,"test_auroc":0.49525558948516846,"test_recall":0,"_wandb":{"runtime":402},"_runtime":402.220028799,"test_balanced_accuracy":0.5,"test_accuracy":0.75,"val_precision":0,"train_loss":1.6651357412338257,"val_accuracy":0.7407407164573669,"train_auroc":0.6112409830093384}