{"train_auroc":0.913890540599823,"_timestamp":1.7495596934158807e+09,"val_recall":0,"test_balanced_accuracy":0.48989898989898994,"test_accuracy":0.7045454382896423,"test_precision":0.20000000298023224,"val_loss":2.205930709838867,"test_auroc":0.513314962387085,"val_auroc":0.5285714864730835,"train_loss":0.9094669818878174,"_step":78,"_wandb":{"runtime":303},"val_precision":0,"val_balanced_accuracy":0.45,"val_accuracy":0.6666666865348816,"test_recall":0.06060606241226196,"_runtime":303.997810752}