{"_runtime":3869.347905662,"val_auroc":0.5350961685180664,"val_recall0.25":0.6538461446762085,"test_balanced_accuracy0.75":0.49166666666666664,"val_recall0.75":0.03846153989434242,"val_balanced_accuracy0.25":0.48942307692307696,"test_precision0.5":0.25,"val_accuracy0.5":0.7075471878051758,"test_auroc":0.5216666460037231,"test_accuracy0.25":0.5,"val_recall0.5":0.1538461595773697,"_step":999,"val_balanced_accuracy0.5":0.520673076923077,"test_accuracy0.5":0.699999988079071,"val_precision0.75":1,"test_balanced_accuracy0.5":0.5,"test_recall0.25":0.550000011920929,"train_auroc":0.9369090795516968,"test_precision0.75":0,"val_balanced_accuracy0.75":0.5192307692307693,"test_accuracy0.75":0.737500011920929,"test_balanced_accuracy0.25":0.5166666666666667,"train_loss":0.9720723628997803,"val_accuracy0.75":0.7641509175300598,"_wandb":{"runtime":3869},"_timestamp":1.753793729432986e+09,"test_recall0.75":0,"test_recall0.5":0.10000000149011612,"test_precision0.25":0.261904776096344,"val_precision0.25":0.23943662643432617,"val_precision0.5":0.3076923191547394,"val_accuracy0.25":0.40566039085388184}