{"test_recall0.25":0,"test_balanced_accuracy0.75":0.5,"_runtime":2193.099822817,"val_balanced_accuracy0.75":0.5,"test_accuracy0.75":0.746835470199585,"_wandb":{"runtime":2193},"test_balanced_accuracy0.25":0.5,"test_auroc":0.503389835357666,"test_recall0.75":0,"_timestamp":1.7506893828620236e+09,"val_precision0.25":0,"test_accuracy0.25":0.746835470199585,"train_auroc":0.427762895822525,"val_recall0.75":0,"test_precision0.25":0,"val_accuracy0.75":0.7523809671401978,"test_accuracy0.5":0.746835470199585,"test_precision0.75":0,"test_recall0.5":0,"val_recall0.5":0,"train_loss":1.6939712762832642,"test_precision0.5":0,"_step":220,"val_accuracy0.5":0.7523809671401978,"val_accuracy0.25":0.7523809671401978,"val_precision0.5":0,"test_balanced_accuracy0.5":0.5,"val_auroc":0.38851022720336914,"val_balanced_accuracy0.5":0.5,"val_precision0.75":0,"val_recall0.25":0,"val_balanced_accuracy0.25":0.5}