{"train_auroc":0.6069550514221191,"val_accuracy":0.7407407164573669,"val_auroc":0.4642857313156128,"val_precision":0,"test_recall":0,"test_balanced_accuracy":0.5,"_wandb":{"runtime":212},"test_precision":0,"test_accuracy":0.75,"_runtime":212.512785772,"test_auroc":0.5892256498336792,"_step":52,"_timestamp":1.7495586825641642e+09,"val_balanced_accuracy":0.5,"train_loss":1.669507384300232,"val_recall":0,"val_loss":1.738016963005066}