{"test_precision":0,"test_recall":0,"val_accuracy":0.7407407164573669,"test_accuracy":0.7480915784835815,"train_auroc":0.6889771819114685,"val_loss":1.7316120862960815,"test_balanced_accuracy":0.5,"val_auroc":0.4928571581840515,"_timestamp":1.7495614668976293e+09,"val_balanced_accuracy":0.5,"train_loss":1.6340584754943848,"val_precision":0,"val_recall":0,"_step":51,"_runtime":220.745553408,"test_auroc":0.5568954944610596,"_wandb":{"runtime":220}}