{"train_loss":0.000684462022036314,"val_balanced_accuracy":0.5678571428571428,"val_precision":0.4000000059604645,"_timestamp":1.7495192669961917e+09,"val_accuracy":0.7037037014961243,"val_auroc":0.8285714387893677,"_runtime":789.286243303,"_wandb":{"runtime":789},"train_auroc":1,"test_accuracy":0.6335877776145935,"_step":107,"val_loss":5.931582927703857,"test_precision":0.23333333432674408,"test_auroc":0.5552399158477783,"test_recall":0.21875,"test_balanced_accuracy":0.4932133838383838,"val_recall":0.2857142984867096}