{"val_precision0.5":0.47058823704719543,"_timestamp":1.750731993613507e+09,"val_precision0.75":0.4615384638309479,"test_recall0.75":0.20000000298023224,"train_loss":0.00022046180674806237,"test_balanced_accuracy0.75":0.5491525423728814,"test_accuracy0.25":0.6708860993385315,"test_recall0.5":0.20000000298023224,"val_precision0.25":0.4444444477558136,"val_accuracy0.75":0.7428571581840515,"test_precision0.75":0.4000000059604645,"val_auroc":0.5813047885894775,"test_accuracy0.75":0.7215189933776855,"val_balanced_accuracy0.5":0.5968841285296982,"train_auroc":1,"val_balanced_accuracy0.75":0.571080817916261,"_wandb":{"runtime":2233},"val_recall0.75":0.23076923191547394,"_step":214,"_runtime":2233.293745558,"val_recall0.5":0.3076923191547394,"val_accuracy0.5":0.7428571581840515,"test_precision0.5":0.3333333432674408,"test_recall0.25":0.25,"test_precision0.25":0.3125,"val_recall0.25":0.3076923191547394,"val_accuracy0.25":0.7333333492279053,"test_balanced_accuracy0.5":0.5322033898305085,"test_auroc":0.5576271414756775,"test_accuracy0.5":0.6962025165557861,"val_balanced_accuracy0.25":0.5905550146056475,"test_balanced_accuracy0.25":0.5317796610169492}