{"train_auroc":0.5,"_wandb":{"runtime":434},"_runtime":433.371400122,"val_auroc":0.5,"train_loss":0.35006120800971985,"val_accuracy":0.75,"test_precision":0,"test_recall":0,"test_accuracy":0.746835470199585,"val_loss":0.3979123830795288,"val_recall":0,"test_auroc":0.5,"_timestamp":1.7476960356364806e+09,"_step":35,"val_precision":0}