{"test_precision0.75":0.3076923191547394,"test_precision0.25":0.2857142984867096,"test_recall0.75":0.20000000298023224,"train_loss":0.043661586940288544,"_runtime":855.22393615,"val_accuracy0.25":0.6666666865348816,"val_precision0.25":0.20000000298023224,"val_accuracy0.5":0.6761904954910278,"val_recall0.5":0.11538461595773697,"val_precision0.5":0.2142857164144516,"test_accuracy0.25":0.6708860993385315,"test_balanced_accuracy0.25":0.5152542372881356,"test_auroc":0.5478813648223877,"_timestamp":1.7502299243944046e+09,"test_accuracy0.75":0.6835442781448364,"_step":349,"val_recall0.25":0.11538461595773697,"val_recall0.75":0.11538461595773697,"test_recall0.25":0.20000000298023224,"test_balanced_accuracy0.5":0.5152542372881356,"val_precision0.75":0.23076923191547394,"test_balanced_accuracy0.75":0.523728813559322,"val_accuracy0.75":0.6857143044471741,"train_auroc":0.9991480112075806,"test_precision0.5":0.2857142984867096,"val_balanced_accuracy0.75":0.4944011684518014,"val_balanced_accuracy0.5":0.48807205452775076,"val_balanced_accuracy0.25":0.4817429406037001,"test_recall0.5":0.20000000298023224,"val_auroc":0.46275559067726135,"_wandb":{"runtime":855},"test_accuracy0.5":0.6708860993385315}