{"train_loss":1.686320424079895,"test_recall":0,"val_loss":1.7271344661712646,"test_auroc":0.594619631767273,"_step":159,"test_accuracy":0.7480915784835815,"test_balanced_accuracy":0.5,"val_auroc":0.6071428656578064,"val_balanced_accuracy":0.5,"_runtime":1146.988394482,"_timestamp":1.7495704727644477e+09,"val_precision":0,"_wandb":{"runtime":1146},"val_accuracy":0.7407407164573669,"test_precision":0,"val_recall":0,"train_auroc":0.5182099938392639}