{"val_accuracy0.25":0.7142857313156128,"val_accuracy0.5":0.723809540271759,"test_balanced_accuracy0.5":0.5330508474576271,"train_loss":0.02152249775826931,"test_accuracy0.75":0.746835470199585,"_wandb":{"runtime":1566},"_runtime":1566.346036954,"val_accuracy0.75":0.7333333492279053,"_step":450,"test_balanced_accuracy0.75":0.5,"_timestamp":1.7501917669633782e+09,"test_precision0.25":0.20000000298023224,"val_recall0.5":0.07692307978868484,"test_precision0.75":0,"test_accuracy0.5":0.746835470199585,"test_balanced_accuracy0.25":0.4822033898305085,"val_auroc":0.5618305206298828,"val_recall0.25":0.19230769574642181,"val_precision0.75":0,"train_auroc":1,"val_precision0.25":0.3571428656578064,"test_recall0.25":0.10000000149011612,"test_accuracy0.25":0.6708860993385315,"val_balanced_accuracy0.25":0.5391918208373905,"test_recall0.5":0.10000000149011612,"val_precision0.5":0.2857142984867096,"val_recall0.75":0,"test_recall0.75":0,"val_balanced_accuracy0.5":0.5068159688412853,"test_auroc":0.5338982939720154,"val_balanced_accuracy0.75":0.4873417721518987,"test_precision0.5":0.5}