{"test_recall0.75":0.15000000596046448,"val_recall0.75":0.1538461595773697,"_runtime":1986.906018367,"_wandb":{"runtime":1986},"test_precision0.25":0.29411765933036804,"val_balanced_accuracy0.5":0.5331061343719572,"val_balanced_accuracy0.25":0.62317429406037,"train_loss":0.22913432121276855,"test_recall0.25":0.25,"test_balanced_accuracy0.25":0.5233050847457628,"test_balanced_accuracy0.75":0.5326271186440678,"val_precision0.5":0.31578946113586426,"_step":499,"val_accuracy0.75":0.6952381134033203,"test_auroc":0.5355932712554932,"test_accuracy0.25":0.6582278609275818,"test_precision0.5":0.4166666567325592,"val_balanced_accuracy0.75":0.5136319376825706,"val_precision0.75":0.2857142984867096,"val_recall0.25":0.4615384638309479,"val_accuracy0.25":0.7047619223594666,"test_accuracy0.5":0.7215189933776855,"val_recall0.5":0.23076923191547394,"val_precision0.25":0.4137931168079376,"val_accuracy0.5":0.6857143044471741,"test_recall0.5":0.25,"_timestamp":1.7498201669956667e+09,"val_auroc":0.6553066968917847,"test_accuracy0.75":0.7215189933776855,"test_precision0.75":0.375,"train_auroc":0.994766354560852,"test_balanced_accuracy0.5":0.5656779661016949}