{"val_recall0.25":1,"test_accuracy0.5":0.746835470199585,"val_recall0.75":0,"test_accuracy0.75":0.746835470199585,"test_recall0.75":0,"val_balanced_accuracy0.25":0.5,"test_auroc":0.5,"_runtime":4044.467337993,"test_recall0.25":1,"val_accuracy0.75":0.7523809671401978,"val_auroc":0.5,"test_accuracy0.25":0.2531645596027374,"val_balanced_accuracy0.5":0.5,"_timestamp":1.7500473716645045e+09,"train_loss":2.094125270843506,"test_balanced_accuracy0.5":0.5,"test_balanced_accuracy0.25":0.5,"val_precision0.75":0,"test_precision0.75":0,"val_balanced_accuracy0.75":0.5,"test_precision0.5":0,"val_accuracy0.25":0.24761904776096344,"test_balanced_accuracy0.75":0.5,"val_recall0.5":0,"val_precision0.25":0.24761904776096344,"test_precision0.25":0.2531645596027374,"train_auroc":0.4720228612422943,"_wandb":{"runtime":4044},"val_accuracy0.5":0.7523809671401978,"_step":999,"test_recall0.5":0,"val_precision0.5":0}