{"_timestamp":1.7494905460049202e+09,"_wandb":{"runtime":315},"train_loss":1.6809217929840088,"test_recall":0,"test_accuracy":0.7480915784835815,"test_auroc":0.5086579918861389,"test_balanced_accuracy":0.5,"val_auroc":0.6142857074737549,"_runtime":315.852119488,"val_accuracy":0.7407407164573669,"test_precision":0,"val_loss":1.715172529220581,"train_auroc":0.5576326847076416,"_step":100,"val_precision":0,"val_balanced_accuracy":0.5,"val_recall":0}