{"test_auroc":0.5,"test_accuracy":0.75,"test_precision":0,"_timestamp":1.7477741812946322e+09,"train_auroc":0.5213477611541748,"val_loss":0.3786342144012451,"val_auroc":0.5,"val_accuracy":0.75,"train_loss":0.37613680958747864,"_runtime":496.046485677,"val_precision":0,"_wandb":{"runtime":496},"test_recall":0,"val_recall":0,"_step":17}