{"val_loss":1.7207398414611816,"test_balanced_accuracy":0.5,"_timestamp":1.749556351569616e+09,"val_accuracy":0.7407407164573669,"test_auroc":0.5565025210380554,"train_auroc":0.4786938726902008,"_wandb":{"runtime":520},"test_precision":0,"train_loss":1.712843894958496,"test_accuracy":0.7557252049446106,"_step":50,"val_balanced_accuracy":0.5,"test_recall":0,"val_auroc":0.5714285373687744,"val_precision":0,"val_recall":0,"_runtime":520.833539291}