{"val_balanced_accuracy":0.5,"val_loss":1.8235474824905396,"_wandb":{"runtime":322},"val_accuracy":0.7407407164573669,"_runtime":322.268405543,"test_precision":0,"_step":77,"val_recall":0,"test_accuracy":0.7424242496490479,"train_loss":1.5952504873275757,"val_auroc":0.5928571224212646,"test_balanced_accuracy":0.494949494949495,"test_recall":0,"_timestamp":1.7495605176491332e+09,"val_precision":0,"test_auroc":0.5087236166000366,"train_auroc":0.6510812044143677}