{"test_recall0.25":1,"test_precision0.5":0.3055555522441864,"test_accuracy0.75":0.746835470199585,"val_precision0.25":0.24761904776096344,"val_auroc":0.43281400203704834,"val_balanced_accuracy0.75":0.5,"_wandb":{"runtime":934},"val_recall0.25":1,"val_precision0.5":0.2380952388048172,"test_balanced_accuracy0.5":0.563135593220339,"test_auroc":0.5381355285644531,"test_precision0.75":0,"train_loss":2.054473638534546,"test_recall0.5":0.550000011920929,"val_recall0.75":0,"test_balanced_accuracy0.75":0.5,"test_accuracy0.5":0.5696202516555786,"test_precision0.25":0.2531645596027374,"val_accuracy0.75":0.7523809671401978,"val_precision0.75":0,"test_recall0.75":0,"val_balanced_accuracy0.25":0.5,"_timestamp":1.750222188953703e+09,"val_accuracy0.5":0.5428571701049805,"test_accuracy0.25":0.2531645596027374,"test_balanced_accuracy0.25":0.5,"val_accuracy0.25":0.24761904776096344,"val_balanced_accuracy0.5":0.48977604673807207,"_runtime":934.817975591,"train_auroc":0.7329154014587402,"val_recall0.5":0.38461539149284363,"_step":212}