{"test_precision0.75":0,"train_auroc":0.3802337050437927,"test_recall0.25":0.8999999761581421,"val_balanced_accuracy0.25":0.49318403115871473,"test_accuracy0.5":0.746835470199585,"val_precision0.5":0,"test_precision0.5":0,"_timestamp":1.7505921020137992e+09,"val_accuracy0.5":0.7523809671401978,"test_recall0.5":0,"test_accuracy0.75":0.746835470199585,"test_auroc":0.5305085182189941,"val_balanced_accuracy0.75":0.5,"_runtime":571.184423217,"val_recall0.75":0,"val_accuracy0.75":0.7523809671401978,"val_precision0.25":0.2448979616165161,"_wandb":{"runtime":571},"test_recall0.75":0,"val_recall0.25":0.9230769276618958,"val_accuracy0.25":0.27619048953056335,"val_recall0.5":0,"test_accuracy0.25":0.2405063360929489,"val_precision0.75":0,"val_balanced_accuracy0.5":0.5,"_step":150,"test_balanced_accuracy0.75":0.5,"train_loss":1.8040156364440918,"val_auroc":0.5058422684669495,"test_precision0.25":0.2368421107530594,"test_balanced_accuracy0.25":0.45847457627118643,"test_balanced_accuracy0.5":0.5}