{"test_precision0.25":0.3684210479259491,"val_precision0.5":0.4545454680919647,"test_balanced_accuracy0.75":0.5576271186440678,"test_accuracy0.5":0.7088607549667358,"val_recall0.75":0.11538461595773697,"test_balanced_accuracy0.25":0.5733050847457627,"val_balanced_accuracy0.25":0.5966407010710808,"test_recall0.5":0.25,"test_auroc":0.5330508947372437,"val_accuracy0.75":0.723809540271759,"val_precision0.25":0.5384615659713745,"test_accuracy0.75":0.7341772317886353,"test_balanced_accuracy0.5":0.5572033898305084,"test_accuracy0.25":0.6835442781448364,"_step":428,"test_precision0.75":0.4444444477558136,"val_accuracy0.25":0.761904776096344,"_runtime":6721.603273193,"test_recall0.75":0.20000000298023224,"_timestamp":1.7514139402563987e+09,"test_recall0.25":0.3499999940395355,"val_recall0.5":0.19230769574642181,"val_accuracy0.5":0.7428571581840515,"val_auroc":0.5253164768218994,"train_auroc":1,"val_recall0.25":0.26923078298568726,"val_precision0.75":0.3333333432674408,"_wandb":{"runtime":6721},"test_precision0.5":0.38461539149284363,"train_loss":0.006087783258408308,"val_balanced_accuracy0.5":0.5581791626095424,"val_balanced_accuracy0.75":0.5197176241480039}