{"_runtime":2080.251768725,"test_precision0.75":0.2777777910232544,"test_accuracy0.5":0.6499999761581421,"test_recall0.75":0.25,"test_recall0.5":0.25,"val_precision0.5":0.380952388048172,"test_balanced_accuracy0.25":0.5416666666666666,"test_auroc":0.5625,"test_balanced_accuracy0.5":0.5166666666666666,"test_precision0.5":0.2777777910232544,"val_accuracy0.25":0.7075471878051758,"val_accuracy0.75":0.7075471878051758,"train_loss":1.024122184389853e-06,"test_precision0.25":0.31578946113586426,"val_recall0.75":0.29629629850387573,"test_balanced_accuracy0.75":0.5166666666666666,"val_recall0.5":0.29629629850387573,"test_recall0.25":0.30000001192092896,"val_accuracy0.5":0.698113203048706,"train_auroc":1,"test_accuracy0.25":0.6625000238418579,"_wandb":{"runtime":2080},"test_accuracy0.75":0.6499999761581421,"val_auroc":0.5300047397613525,"val_recall0.25":0.3333333432674408,"_step":224,"_timestamp":1.7535347743320122e+09,"val_balanced_accuracy0.5":0.5658696671354899,"val_balanced_accuracy0.75":0.5721987810595406,"val_precision0.25":0.40909090638160706,"val_precision0.75":0.4000000059604645,"val_balanced_accuracy0.25":0.5843881856540084}