{"test_accuracy0.5":0.6582278609275818,"test_auroc":0.5076271295547485,"test_balanced_accuracy0.75":0.4902542372881356,"_timestamp":1.7507277407553592e+09,"val_precision0.75":0.1764705926179886,"test_recall0.75":0.15000000596046448,"train_loss":6.755418871762231e-05,"val_precision0.5":0.25,"train_auroc":1,"test_precision0.75":0.23076923191547394,"val_recall0.75":0.11538461595773697,"_runtime":1780.026424118,"_wandb":{"runtime":1780},"val_balanced_accuracy0.5":0.5012171372930867,"val_accuracy0.75":0.6476190686225891,"test_recall0.5":0.15000000596046448,"_step":203,"val_auroc":0.5265336036682129,"val_accuracy0.25":0.6285714507102966,"val_recall0.5":0.19230769574642181,"val_accuracy0.5":0.6571428775787354,"val_precision0.25":0.23999999463558197,"test_accuracy0.75":0.6582278609275818,"val_balanced_accuracy0.25":0.4951314508276534,"test_precision0.5":0.23076923191547394,"val_balanced_accuracy0.75":0.4690847127555989,"test_recall0.25":0.15000000596046448,"test_balanced_accuracy0.25":0.4817796610169492,"test_accuracy0.25":0.6455696225166321,"test_balanced_accuracy0.5":0.4902542372881356,"test_precision0.25":0.2142857164144516,"val_recall0.25":0.23076923191547394}