{"val_balanced_accuracy0.25":0.5791139240506329,"val_recall0.25":0.5,"test_precision0.75":0.20000000298023224,"val_recall0.5":0.42307692766189575,"val_accuracy0.75":0.6190476417541504,"_runtime":1904.578335516,"test_precision0.5":0.1666666716337204,"train_auroc":1,"test_balanced_accuracy0.75":0.46440677966101696,"test_accuracy0.75":0.594936728477478,"val_recall0.75":0.3461538553237915,"val_auroc":0.5971275568008423,"test_accuracy0.5":0.5443037748336792,"test_accuracy0.25":0.5569620132446289,"_timestamp":1.7498505050190601e+09,"val_balanced_accuracy0.5":0.5596397273612463,"val_precision0.5":0.3142857253551483,"test_auroc":0.4131355881690979,"test_balanced_accuracy0.5":0.43050847457627117,"val_precision0.75":0.28125,"_step":499,"_wandb":{"runtime":1904},"train_loss":4.082385203219019e-06,"test_recall0.75":0.20000000298023224,"val_precision0.25":0.32499998807907104,"val_accuracy0.25":0.6190476417541504,"val_balanced_accuracy0.75":0.5275073028237585,"test_recall0.5":0.20000000298023224,"test_balanced_accuracy0.25":0.4555084745762712,"test_recall0.25":0.25,"test_precision0.25":0.20000000298023224,"val_accuracy0.5":0.6285714507102966}