{"test_recall0.5":1,"test_balanced_accuracy0.25":0.5,"val_recall0.25":1,"test_balanced_accuracy0.5":0.5,"val_auroc":0,"test_auroc":1,"test_recall0.25":1,"test_recall0.75":0,"val_recall0.75":0,"train_loss":0.70146244764328,"_step":1,"val_balanced_accuracy0.75":0.5,"val_recall0.5":1,"test_accuracy0.75":0.5,"_wandb":{"runtime":14},"test_accuracy0.25":0.5,"val_balanced_accuracy0.25":0.5,"_timestamp":1.7512932754095232e+09,"val_accuracy0.25":0.3333333432674408,"val_balanced_accuracy0.5":0.5,"val_precision0.5":0.3333333432674408,"test_accuracy0.5":0.5,"test_precision0.5":0.5,"test_balanced_accuracy0.75":0.5,"val_accuracy0.5":0.3333333432674408,"test_precision0.75":0,"test_precision0.25":0.5,"_runtime":14.440376,"val_precision0.75":0,"train_auroc":0,"val_precision0.25":0.3333333432674408,"val_accuracy0.75":0.6666666865348816}