{"_wandb":{"runtime":1426},"_timestamp":1.747824936628694e+09,"val_loss":0.37770360708236694,"val_precision":0,"val_recall":0,"train_loss":0.37391194701194763,"test_recall":0,"test_auroc":0.4084745943546295,"val_auroc":0.359375,"test_precision":0,"val_accuracy":0.75,"train_auroc":0.4890006482601166,"test_accuracy":0.746835470199585,"_runtime":1426.6657645,"_step":46}