{"test_recall":0,"test_balanced_accuracy":0.5,"val_balanced_accuracy":0.5,"_runtime":231.465383068,"test_precision":0,"val_precision":0,"val_recall":0,"_wandb":{"runtime":231},"train_loss":1.6511262655258179,"test_auroc":0.45864900946617126,"train_auroc":0.654984176158905,"val_loss":1.7070096731185913,"test_accuracy":0.7557252049446106,"_step":51,"val_auroc":0.6571428775787354,"_timestamp":1.7494984845501094e+09,"val_accuracy":0.7407407164573669}