{"test_accuracy0.25":0.5,"val_recall0.75":0.19230769574642181,"_timestamp":1.7537416864956858e+09,"test_balanced_accuracy0.75":0.5416666666666667,"val_precision0.25":0.18000000715255737,"test_balanced_accuracy0.5":0.5166666666666667,"val_recall0.25":0.3461538553237915,"test_recall0.75":0.4000000059604645,"val_accuracy0.25":0.4528301954269409,"test_auroc":0.534166693687439,"train_auroc":0.9927343726158142,"val_balanced_accuracy0.75":0.43990384615384615,"_step":253,"val_accuracy0.75":0.5660377144813538,"val_balanced_accuracy0.5":0.4480769230769231,"val_precision0.75":0.1666666716337204,"val_balanced_accuracy0.25":0.41682692307692304,"test_recall0.25":0.5,"test_recall0.5":0.44999998807907104,"_runtime":9719.652535659,"test_precision0.75":0.29629629850387573,"val_precision0.5":0.20000000298023224,"test_precision0.5":0.2647058963775635,"test_accuracy0.75":0.612500011920929,"test_accuracy0.5":0.550000011920929,"train_loss":0.2817023694515228,"_wandb":{"runtime":9719},"test_precision0.25":0.25,"val_recall0.5":0.3461538553237915,"val_accuracy0.5":0.5,"val_auroc":0.4096153974533081,"test_balanced_accuracy0.25":0.5}