{"val_balanced_accuracy":0.5,"test_balanced_accuracy":0.5,"_step":94,"val_auroc":0.5928571820259094,"_timestamp":1.749498252340103e+09,"train_loss":1.5770971775054932,"_runtime":405.348016639,"_wandb":{"runtime":405},"test_accuracy":0.75,"test_auroc":0.5622895956039429,"val_accuracy":0.7407407164573669,"val_precision":0,"val_loss":1.7290228605270386,"test_recall":0,"test_precision":0,"train_auroc":0.7622248530387878,"val_recall":0}