{"val_accuracy0.25":0.6698113083839417,"test_recall0.5":0.25,"test_precision0.75":0.5,"train_loss":6.566828960785642e-05,"_runtime":729.551485478,"test_balanced_accuracy0.5":0.575,"val_balanced_accuracy0.25":0.49567307692307694,"_wandb":{"runtime":729},"val_recall0.5":0.07692307978868484,"val_precision0.25":0.23529411852359772,"test_accuracy0.25":0.699999988079071,"val_precision0.5":0.1538461595773697,"test_accuracy0.5":0.737500011920929,"_step":244,"val_accuracy0.5":0.6698113083839417,"test_precision0.5":0.4545454680919647,"_timestamp":1.7534958609675438e+09,"test_recall0.25":0.25,"test_balanced_accuracy0.25":0.55,"test_accuracy0.75":0.75,"val_recall0.25":0.1538461595773697,"test_auroc":0.6100000143051147,"val_accuracy0.75":0.6792452931404114,"test_recall0.75":0.25,"val_recall0.75":0.07692307978868484,"val_balanced_accuracy0.75":0.47596153846153844,"train_auroc":1,"val_precision0.75":0.1666666716337204,"test_balanced_accuracy0.75":0.5833333333333333,"val_auroc":0.45817306637763977,"test_precision0.25":0.3571428656578064,"val_balanced_accuracy0.5":0.46971153846153846}