{"test_accuracy0.75":0.7250000238418579,"_step":211,"val_balanced_accuracy0.5":0.5098452883263009,"test_balanced_accuracy0.25":0.575,"val_precision0.25":0.2800000011920929,"val_accuracy0.75":0.6603773832321167,"test_recall0.25":0.3499999940395355,"_timestamp":1.753651499910336e+09,"test_recall0.5":0.3499999940395355,"val_balanced_accuracy0.75":0.5039849976558838,"test_balanced_accuracy0.5":0.575,"val_accuracy0.5":0.650943398475647,"test_auroc":0.6037499904632568,"val_precision0.5":0.27272728085517883,"test_precision0.25":0.3684210479259491,"_wandb":{"runtime":1921},"_runtime":1921.937791017,"val_balanced_accuracy0.25":0.5157055789967182,"val_recall0.25":0.25925925374031067,"val_precision0.75":0.2631579041481018,"val_recall0.5":0.2222222238779068,"test_balanced_accuracy0.75":0.6,"val_recall0.75":0.18518517911434174,"test_precision0.75":0.4375,"train_auroc":1,"test_accuracy0.5":0.6875,"test_precision0.5":0.3684210479259491,"train_loss":0.00015824813453946263,"val_auroc":0.4793717861175537,"test_accuracy0.25":0.6875,"test_recall0.75":0.3499999940395355,"val_accuracy0.25":0.6415094137191772}