{"val_accuracy0.25":0.523809552192688,"val_precision0.25":0.25999999046325684,"val_accuracy0.5":0.6095238327980042,"test_recall0.25":0.6499999761581421,"test_precision0.5":0.3076923191547394,"val_recall0.75":0.26923078298568726,"test_balanced_accuracy0.25":0.5453389830508475,"_timestamp":1.7514360405724504e+09,"test_precision0.75":0.375,"test_accuracy0.5":0.6202531456947327,"test_balanced_accuracy0.75":0.5652542372881356,"test_recall0.75":0.30000001192092896,"_wandb":{"runtime":3935},"_step":999,"val_balanced_accuracy0.75":0.5396786757546251,"val_balanced_accuracy0.5":0.5211781888997079,"train_loss":0.4671078622341156,"test_balanced_accuracy0.5":0.5474576271186441,"test_recall0.5":0.4000000059604645,"val_auroc":0.5187439322471619,"test_auroc":0.5728813409805298,"val_accuracy0.75":0.6761904954910278,"test_accuracy0.75":0.6962025165557861,"_runtime":3935.126886059,"val_recall0.5":0.3461538553237915,"val_precision0.5":0.27272728085517883,"val_precision0.75":0.3181818127632141,"val_recall0.25":0.5,"test_precision0.25":0.28260868787765503,"test_accuracy0.25":0.49367088079452515,"val_balanced_accuracy0.25":0.5158227848101266,"train_auroc":0.9902660250663757}