{"_wandb":{"runtime":223},"test_accuracy":0.7557252049446106,"test_balanced_accuracy":0.5,"test_precision":0,"test_recall":0,"val_balanced_accuracy":0.5,"_runtime":223.336136318,"_timestamp":1.7495015597098947e+09,"_step":53,"val_recall":0,"val_auroc":0.6499999761581421,"train_auroc":0.6217561960220337,"val_accuracy":0.7407407164573669,"test_auroc":0.45075756311416626,"val_loss":1.7235108613967896,"train_loss":1.692293405532837,"val_precision":0}