{"val_auroc":0.39099857211112976,"train_auroc":0.4188172221183777,"test_accuracy0.25":0.25,"_runtime":2146.491302491,"val_accuracy0.25":0.25471699237823486,"train_loss":2.0724899768829346,"test_accuracy0.5":0.75,"test_precision0.75":0,"val_balanced_accuracy0.25":0.5,"test_balanced_accuracy0.5":0.5,"test_balanced_accuracy0.25":0.5,"val_balanced_accuracy0.5":0.5,"_step":195,"_timestamp":1.7536328361514707e+09,"val_accuracy0.5":0.7452830076217651,"_wandb":{"runtime":2146},"test_recall0.75":0,"val_precision0.75":0,"val_precision0.25":0.25471699237823486,"test_recall0.5":0,"val_recall0.75":0,"val_recall0.25":1,"val_accuracy0.75":0.7452830076217651,"val_precision0.5":0,"val_recall0.5":0,"test_balanced_accuracy0.75":0.5,"test_recall0.25":1,"test_precision0.5":0,"test_accuracy0.75":0.75,"test_precision0.25":0.25,"test_auroc":0.4570833146572113,"val_balanced_accuracy0.75":0.5}