{"_runtime":6136.600505165,"test_recall0.25":0.699999988079071,"test_balanced_accuracy0.75":0.525,"test_recall0.5":0.30000001192092896,"_wandb":{"runtime":6136},"test_accuracy0.75":0.737500011920929,"val_accuracy0.75":0.6792452931404114,"test_precision0.75":0.4000000059604645,"val_accuracy0.5":0.6603773832321167,"val_accuracy0.25":0.5094339847564697,"val_auroc":0.5236755609512329,"val_balanced_accuracy0.5":0.5405532114392874,"test_recall0.75":0.10000000149011612,"test_precision0.5":0.3333333432674408,"_timestamp":1.7539957538589294e+09,"test_precision0.25":0.3414634168148041,"test_accuracy0.5":0.675000011920929,"val_balanced_accuracy0.25":0.5246132208157525,"val_recall0.75":0.1111111119389534,"train_auroc":0.9582812786102295,"_step":999,"val_precision0.25":0.27272728085517883,"test_accuracy0.25":0.5874999761581421,"test_auroc":0.6133333444595337,"val_recall0.25":0.5555555820465088,"test_balanced_accuracy0.25":0.625,"val_precision0.5":0.3199999928474426,"test_balanced_accuracy0.5":0.55,"val_precision0.75":0.23076923191547394,"train_loss":0.808390736579895,"val_recall0.5":0.29629629850387573,"val_balanced_accuracy0.75":0.49226441631504925}