{"test_recall0.75":0.05000000074505806,"test_recall0.25":0.05000000074505806,"test_accuracy0.75":0.6708860993385315,"val_auroc":0.5467380881309509,"val_balanced_accuracy0.75":0.46859785783836416,"test_accuracy0.25":0.5696202516555786,"test_accuracy0.5":0.6202531456947327,"test_recall0.5":0.05000000074505806,"val_recall0.25":0.1538461595773697,"val_accuracy0.75":0.6857143044471741,"train_auroc":1,"val_recall0.5":0.1538461595773697,"_wandb":{"runtime":1916},"val_balanced_accuracy0.25":0.4946445959104187,"train_loss":2.3257955035660416e-05,"_runtime":1916.45825355,"val_balanced_accuracy0.5":0.5136319376825706,"test_precision0.75":0.125,"test_precision0.5":0.0833333358168602,"_timestamp":1.7498728291841962e+09,"val_accuracy0.25":0.6666666865348816,"val_accuracy0.5":0.6952381134033203,"test_auroc":0.4228813648223877,"test_balanced_accuracy0.25":0.3978813559322034,"val_precision0.25":0.23529411852359772,"test_balanced_accuracy0.75":0.46567796610169493,"val_precision0.75":0.1111111119389534,"val_recall0.75":0.03846153989434242,"test_precision0.25":0.0625,"_step":499,"test_balanced_accuracy0.5":0.4317796610169492,"val_precision0.5":0.2857142984867096}