{"val_precision0.25":0.125,"test_balanced_accuracy0.5":0.45,"test_accuracy0.25":0.6499999761581421,"val_recall0.75":0.03703703731298447,"_step":361,"test_recall0.25":0,"test_precision0.25":0,"train_auroc":1,"val_balanced_accuracy0.75":0.49320206282231593,"test_auroc":0.41750001907348633,"_wandb":{"runtime":2163},"val_balanced_accuracy0.25":0.47421472105016405,"test_precision0.5":0,"val_auroc":0.5067979097366333,"test_precision0.75":0,"test_balanced_accuracy0.25":0.43333333333333335,"val_accuracy0.75":0.7169811129570007,"_timestamp":1.7550192635797064e+09,"val_accuracy0.25":0.6886792182922363,"train_loss":2.318128645129036e-05,"test_accuracy0.75":0.699999988079071,"val_accuracy0.5":0.698113203048706,"val_balanced_accuracy0.5":0.4805438349742147,"test_balanced_accuracy0.75":0.4666666666666667,"val_recall0.25":0.03703703731298447,"test_recall0.75":0,"test_accuracy0.5":0.675000011920929,"val_precision0.5":0.1428571492433548,"val_precision0.75":0.20000000298023224,"_runtime":2163.769951289,"val_recall0.5":0.03703703731298447,"test_recall0.5":0}