{"val_auroc":0.5893108248710632,"val_balanced_accuracy0.25":0.5,"_runtime":1567.943805333,"_step":162,"val_recall0.5":0,"val_accuracy0.5":0.7452830076217651,"test_precision0.75":0,"test_balanced_accuracy0.5":0.5,"test_recall0.5":0,"test_accuracy0.5":0.75,"test_recall0.25":1,"val_precision0.75":0,"val_accuracy0.25":0.25471699237823486,"test_balanced_accuracy0.25":0.5,"val_recall0.25":1,"val_balanced_accuracy0.5":0.5,"test_accuracy0.25":0.25,"_wandb":{"runtime":1567},"test_precision0.5":0,"val_balanced_accuracy0.75":0.5,"val_precision0.5":0,"test_auroc":0.5525000095367432,"test_recall0.75":0,"test_accuracy0.75":0.75,"test_precision0.25":0.25,"val_recall0.75":0,"_timestamp":1.7536268179884431e+09,"val_accuracy0.75":0.7452830076217651,"test_balanced_accuracy0.75":0.5,"train_auroc":0.4138599634170532,"val_precision0.25":0.25471699237823486,"train_loss":2.0725297927856445}