{"test_recall0.5":0.15000000596046448,"train_auroc":1,"val_accuracy0.25":0.6761904954910278,"test_recall0.25":0.15000000596046448,"val_accuracy0.5":0.7047619223594666,"_runtime":2074.177966861,"val_accuracy0.75":0.7428571581840515,"test_accuracy0.75":0.7215189933776855,"test_accuracy0.25":0.6708860993385315,"val_recall0.25":0.19230769574642181,"test_precision0.75":0.375,"val_precision0.5":0.3076923191547394,"test_balanced_accuracy0.5":0.5156779661016949,"val_balanced_accuracy0.5":0.5199610516066212,"test_precision0.25":0.25,"val_precision0.25":0.2777777910232544,"_step":499,"val_recall0.5":0.1538461595773697,"val_auroc":0.5506329536437988,"test_precision0.5":0.30000001192092896,"val_recall0.75":0.1538461595773697,"test_recall0.75":0.15000000596046448,"test_accuracy0.5":0.6962025165557861,"test_balanced_accuracy0.25":0.498728813559322,"val_balanced_accuracy0.25":0.5138753651411879,"test_balanced_accuracy0.75":0.5326271186440678,"val_balanced_accuracy0.75":0.5452775073028238,"_timestamp":1.7498881512544754e+09,"test_auroc":0.5940678119659424,"train_loss":0.0007293347152881324,"val_precision0.75":0.4444444477558136,"_wandb":{"runtime":2074}}