{"val_accuracy0.25":0.6542056202888489,"test_accuracy0.25":0.6625000238418579,"train_auroc":1,"_timestamp":1.7536613493599243e+09,"val_balanced_accuracy0.5":0.4928240740740741,"val_balanced_accuracy0.75":0.49930555555555556,"test_auroc":0.5116666555404663,"val_accuracy0.5":0.663551390171051,"test_precision0.75":0.125,"test_balanced_accuracy0.75":0.4666666666666667,"_wandb":{"runtime":2861},"val_recall0.25":0.14814814925193787,"val_precision0.75":0.25,"test_recall0.25":0.15000000596046448,"train_loss":0.0010192038025707006,"test_accuracy0.75":0.675000011920929,"test_recall0.5":0.05000000074505806,"val_precision0.5":0.23529411852359772,"_step":269,"val_auroc":0.4655092656612396,"val_accuracy0.75":0.6915887594223022,"val_recall0.75":0.1111111119389534,"test_balanced_accuracy0.5":0.45833333333333337,"val_recall0.5":0.14814814925193787,"val_balanced_accuracy0.25":0.48657407407407405,"_runtime":2861.527809875,"test_balanced_accuracy0.25":0.4916666666666667,"val_precision0.25":0.2222222238779068,"test_accuracy0.5":0.6625000238418579,"test_recall0.75":0.05000000074505806,"test_precision0.5":0.1111111119389534,"test_precision0.25":0.23076923191547394}