{"_timestamp":1.7477108712590013e+09,"_runtime":5.434289173,"val_accuracy":0.875,"_wandb":{"runtime":13},"_step":0,"val_auroc":0.5,"val_recall":0,"val_loss":6.492679595947266,"val_precision":0}