{"test_auroc":0.5533897876739502,"val_accuracy0.75":0.6190476417541504,"_runtime":2034.410040448,"val_balanced_accuracy0.75":0.51460564751704,"val_accuracy0.25":0.46666666865348816,"_timestamp":1.7507220048335724e+09,"test_balanced_accuracy0.5":0.5550847457627119,"test_precision0.5":0.3030303120613098,"test_precision0.25":0.27659574151039124,"test_recall0.75":0.4000000059604645,"_step":436,"_wandb":{"runtime":2034},"test_accuracy0.25":0.4810126721858978,"val_accuracy0.5":0.5523809790611267,"test_recall0.5":0.5,"val_precision0.5":0.21621622145175934,"test_precision0.75":0.3199999928474426,"val_balanced_accuracy0.5":0.4703018500486855,"test_accuracy0.75":0.6329113841056824,"val_recall0.25":0.5384615659713745,"train_auroc":1,"val_auroc":0.4790652394294739,"test_balanced_accuracy0.25":0.5368644067796611,"test_accuracy0.5":0.5822784900665283,"val_recall0.5":0.3076923191547394,"val_precision0.75":0.2666666805744171,"val_balanced_accuracy0.25":0.4907497565725414,"val_recall0.75":0.3076923191547394,"test_recall0.25":0.6499999761581421,"test_balanced_accuracy0.75":0.5559322033898305,"train_loss":0.04924805834889412,"val_precision0.25":0.24137930572032928}