{"val_accuracy0.25":0.5981308221817017,"test_balanced_accuracy0.25":0.48333333333333334,"test_auroc":0.4812500476837158,"test_precision0.75":0.25,"test_balanced_accuracy0.5":0.4916666666666667,"test_accuracy0.75":0.675000011920929,"val_recall0.75":0.07407407462596893,"test_precision0.5":0.23076923191547394,"train_loss":5.583537586062448e-06,"val_recall0.25":0.07407407462596893,"train_auroc":1,"val_accuracy0.75":0.6261682510375977,"val_balanced_accuracy0.25":0.42453703703703705,"val_precision0.25":0.10000000149011612,"test_precision0.25":0.2142857164144516,"val_auroc":0.5361111164093018,"test_recall0.5":0.15000000596046448,"test_accuracy0.25":0.6499999761581421,"val_precision0.5":0.1111111119389534,"test_balanced_accuracy0.75":0.5,"test_accuracy0.5":0.6625000238418579,"test_recall0.75":0.15000000596046448,"val_balanced_accuracy0.75":0.44328703703703703,"_wandb":{"runtime":3094},"val_accuracy0.5":0.6168224215507507,"val_precision0.75":0.11764705926179886,"test_recall0.25":0.15000000596046448,"_step":546,"_runtime":3094.468776446,"val_recall0.5":0.07407407462596893,"val_balanced_accuracy0.5":0.43703703703703706,"_timestamp":1.7534561725958476e+09}