{"test_recall0.25":0.949999988079071,"val_accuracy0.25":0.3047619163990021,"val_precision0.5":0.2571428716182709,"_wandb":{"runtime":695},"test_recall0.5":0.75,"test_accuracy0.75":0.746835470199585,"val_precision0.25":0.25773194432258606,"test_balanced_accuracy0.75":0.5,"test_precision0.25":0.25333333015441895,"test_recall0.75":0,"val_balanced_accuracy0.5":0.5170399221032133,"_step":271,"val_recall0.5":0.692307710647583,"test_precision0.75":0,"test_auroc":0.5779660940170288,"test_precision0.5":0.27272728085517883,"train_loss":1.9007246494293213,"test_balanced_accuracy0.5":0.5360169491525424,"val_precision0.75":0,"test_accuracy0.5":0.4303797483444214,"_timestamp":1.7501381191823006e+09,"val_accuracy0.5":0.4285714328289032,"val_balanced_accuracy0.75":0.5,"_runtime":695.287513277,"val_auroc":0.5082765817642212,"val_recall0.25":0.9615384340286255,"test_balanced_accuracy0.25":0.5004237288135593,"train_auroc":0.7890849113464355,"val_accuracy0.75":0.7523809671401978,"val_balanced_accuracy0.25":0.5250730282375852,"val_recall0.75":0,"test_accuracy0.25":0.27848100662231445}