{"val_accuracy0.25":0.6320754885673523,"_timestamp":1.7531224213040402e+09,"test_precision0.5":0.3030303120613098,"val_accuracy0.75":0.6886792182922363,"_runtime":1492.89547528,"test_balanced_accuracy0.25":0.6000000000000001,"test_recall0.5":0.5,"val_balanced_accuracy0.5":0.6125,"val_precision0.5":0.37142857909202576,"val_balanced_accuracy0.25":0.6004807692307692,"val_precision0.75":0.3870967626571655,"val_recall0.75":0.4615384638309479,"test_recall0.75":0.44999998807907104,"val_balanced_accuracy0.75":0.6120192307692307,"test_accuracy0.5":0.5874999761581421,"_step":340,"test_accuracy0.25":0.574999988079071,"test_recall0.25":0.6499999761581421,"test_precision0.75":0.3214285671710968,"train_loss":0.03712598979473114,"train_auroc":0.9999604821205139,"_wandb":{"runtime":1492},"test_balanced_accuracy0.75":0.5666666666666667,"val_auroc":0.6146634817123413,"test_balanced_accuracy0.5":0.5583333333333333,"val_precision0.25":0.3414634168148041,"test_auroc":0.6050000190734863,"test_precision0.25":0.32499998807907104,"val_recall0.5":0.5,"val_recall0.25":0.5384615659713745,"test_accuracy0.75":0.625,"val_accuracy0.5":0.6698113083839417}