{"val_loss":0.9190653562545776,"val_accuracy":0.75,"train_loss":6.909790681675076e-05,"_step":107,"test_precision":0.2777777910232544,"val_precision":0.5,"_wandb":{"runtime":1617},"test_auroc":0.514830470085144,"train_auroc":1,"_runtime":1616.826032061,"test_accuracy":0.6455696225166321,"test_recall":0.25,"val_auroc":0.5833333730697632,"_timestamp":1.7474467055408642e+09,"val_recall":0.25}