{"val_balanced_accuracy0.5":0.5829817158931083,"val_auroc":0.6385372877120972,"test_accuracy0.75":0.637499988079071,"_step":223,"test_balanced_accuracy0.5":0.5249999999999999,"val_balanced_accuracy0.75":0.577121425222691,"val_recall0.75":0.40740740299224854,"_timestamp":1.7539273333433864e+09,"train_auroc":1,"val_recall0.25":0.5555555820465088,"val_precision0.75":0.35483869910240173,"test_balanced_accuracy0.25":0.55,"val_recall0.5":0.4444444477558136,"test_accuracy0.25":0.625,"test_recall0.5":0.3499999940395355,"val_accuracy0.25":0.6698113083839417,"test_recall0.25":0.4000000059604645,"val_accuracy0.75":0.6603773832321167,"val_precision0.25":0.3947368562221527,"test_accuracy0.5":0.612500011920929,"test_auroc":0.5741666555404663,"val_balanced_accuracy0.25":0.6322081575246132,"val_accuracy0.5":0.650943398475647,"test_precision0.75":0.30434781312942505,"_wandb":{"runtime":1404},"val_precision0.5":0.3529411852359772,"test_precision0.25":0.3076923191547394,"_runtime":1404.464380401,"train_loss":0.0014370973221957684,"test_balanced_accuracy0.75":0.5416666666666666,"test_precision0.5":0.2800000011920929,"test_recall0.75":0.3499999940395355}