{"val_recall0.75":0,"val_recall0.25":1,"val_auroc":0.5,"val_balanced_accuracy0.25":0.5,"test_accuracy0.5":0.2531645596027374,"train_auroc":0.4812999665737152,"val_precision0.25":0.24761904776096344,"test_recall0.75":0,"val_balanced_accuracy0.75":0.5,"_timestamp":1.7500588915481687e+09,"test_auroc":0.5,"test_balanced_accuracy0.25":0.5,"test_precision0.5":0.2531645596027374,"test_recall0.25":1,"test_accuracy0.25":0.2531645596027374,"_runtime":3875.716815184,"val_accuracy0.5":0.24761904776096344,"test_precision0.75":0,"_wandb":{"runtime":3875},"val_precision0.75":0,"train_loss":2.093994617462158,"val_recall0.5":1,"test_precision0.25":0.2531645596027374,"_step":999,"test_balanced_accuracy0.75":0.5,"test_balanced_accuracy0.5":0.5,"val_accuracy0.75":0.7523809671401978,"val_accuracy0.25":0.24761904776096344,"test_accuracy0.75":0.746835470199585,"test_recall0.5":1,"val_balanced_accuracy0.5":0.5,"val_precision0.5":0.24761904776096344}