{"val_loss":0.36755090951919556,"val_recall":0,"_step":18,"test_accuracy":0.746835470199585,"val_auroc":0.34375,"val_accuracy":0.75,"val_precision":0,"test_auroc":0.4745762348175049,"test_recall":0,"_wandb":{"runtime":1470},"_timestamp":1.7478016862479029e+09,"train_loss":0.36861273646354675,"train_auroc":0.4315224885940552,"_runtime":1470.442659342,"test_precision":0}