{"val_accuracy0.75":0.7523809671401978,"test_recall0.25":0,"test_precision0.25":0,"test_balanced_accuracy0.5":0.5,"test_balanced_accuracy0.75":0.5,"test_recall0.75":0,"train_auroc":0.6611489653587341,"val_accuracy0.5":0.7523809671401978,"val_recall0.75":0,"test_balanced_accuracy0.25":0.5,"test_precision0.75":0,"val_precision0.75":0,"test_accuracy0.75":0.746835470199585,"_timestamp":1.7504790100223992e+09,"_step":311,"_wandb":{"runtime":947},"train_loss":1.6919621229171753,"val_precision0.25":0,"val_auroc":0.5141187906265259,"_runtime":947.125408247,"val_balanced_accuracy0.25":0.5,"val_recall0.5":0,"val_accuracy0.25":0.7523809671401978,"test_recall0.5":0,"test_accuracy0.5":0.746835470199585,"val_recall0.25":0,"val_precision0.5":0,"test_accuracy0.25":0.746835470199585,"test_auroc":0.5669491291046143,"val_balanced_accuracy0.5":0.5,"test_precision0.5":0,"val_balanced_accuracy0.75":0.5}