{"val_precision0.75":0.2222222238779068,"val_recall0.75":0.14814814925193787,"_timestamp":1.755009259763273e+09,"test_balanced_accuracy0.25":0.5083333333333333,"val_recall0.5":0.14814814925193787,"_runtime":2785.624005354,"test_precision0.5":0.2857142984867096,"train_loss":1.437730770703638e-05,"test_accuracy0.75":0.675000011920929,"val_precision0.25":0.20000000298023224,"test_balanced_accuracy0.5":0.5166666666666667,"test_accuracy0.5":0.675000011920929,"_step":442,"_wandb":{"runtime":2785},"test_recall0.5":0.20000000298023224,"test_precision0.75":0.25,"test_balanced_accuracy0.75":0.5,"test_recall0.25":0.20000000298023224,"val_balanced_accuracy0.5":0.48657407407407405,"val_accuracy0.5":0.6542056202888489,"val_accuracy0.75":0.6542056202888489,"val_balanced_accuracy0.25":0.4740740740740741,"val_precision0.5":0.2222222238779068,"val_accuracy0.25":0.6355140209197998,"train_auroc":1,"test_precision0.25":0.2666666805744171,"test_recall0.75":0.15000000596046448,"test_accuracy0.25":0.6625000238418579,"val_balanced_accuracy0.75":0.48657407407407405,"val_recall0.25":0.14814814925193787,"val_auroc":0.477314829826355,"test_auroc":0.5041666626930237}