{"test_precision0.75":0.2222222238779068,"test_auroc":0.550000011920929,"val_auroc":0.5379746556282043,"val_recall0.25":0.26923078298568726,"test_balanced_accuracy0.25":0.5148305084745763,"val_recall0.75":0.1538461595773697,"val_precision0.75":0.3333333432674408,"val_precision0.5":0.23529411852359772,"test_balanced_accuracy0.75":0.4906779661016949,"train_auroc":1,"val_precision0.25":0.3181818127632141,"_step":499,"test_precision0.25":0.2777777910232544,"_timestamp":1.7498653515289783e+09,"test_accuracy0.25":0.6455696225166321,"test_accuracy0.75":0.6835442781448364,"val_accuracy0.75":0.7142857313156128,"_runtime":1912.568892084,"val_balanced_accuracy0.25":0.5396786757546251,"val_balanced_accuracy0.75":0.5262901655306719,"test_recall0.25":0.25,"val_recall0.5":0.1538461595773697,"val_accuracy0.25":0.6761904954910278,"test_accuracy0.5":0.6962025165557861,"val_balanced_accuracy0.5":0.4946445959104187,"test_recall0.75":0.10000000149011612,"test_recall0.5":0.25,"test_precision0.5":0.3571428656578064,"train_loss":1.3152434803487267e-05,"test_balanced_accuracy0.5":0.548728813559322,"val_accuracy0.5":0.6666666865348816,"_wandb":{"runtime":1912}}