{"test_balanced_accuracy0.25":0.5333333333333334,"val_accuracy0.5":0.5188679099082947,"test_balanced_accuracy0.5":0.5333333333333333,"train_auroc":1,"val_balanced_accuracy0.25":0.5389423076923077,"val_balanced_accuracy0.75":0.5504807692307692,"val_precision0.75":0.2857142984867096,"test_accuracy0.5":0.550000011920929,"val_accuracy0.25":0.5,"test_precision0.5":0.2777777910232544,"test_recall0.25":0.550000011920929,"test_precision0.75":0.29032257199287415,"train_loss":0.01550362166017294,"test_recall0.75":0.44999998807907104,"test_precision0.25":0.2750000059604645,"test_accuracy0.75":0.5874999761581421,"val_recall0.75":0.5384615659713745,"val_auroc":0.5913461446762085,"val_balanced_accuracy0.5":0.5514423076923077,"val_recall0.5":0.6153846383094788,"val_accuracy0.75":0.5566037893295288,"_timestamp":1.753615639515277e+09,"_runtime":10891.917127336,"test_auroc":0.5375000238418579,"val_precision0.25":0.2711864411830902,"test_balanced_accuracy0.75":0.5416666666666666,"test_accuracy0.25":0.5249999761581421,"val_precision0.5":0.28070175647735596,"test_recall0.5":0.5,"val_recall0.25":0.6153846383094788,"_step":282,"_wandb":{"runtime":10891}}