{"test_recall":0,"val_balanced_accuracy":0.5,"_step":58,"val_recall":0,"val_accuracy":0.7407407164573669,"val_precision":0,"train_auroc":0.4629019498825073,"test_auroc":0.5423623919487,"val_auroc":0.6642857193946838,"test_precision":0,"_timestamp":1.7495753443515081e+09,"test_balanced_accuracy":0.5,"train_loss":1.7165950536727905,"_runtime":390.381081685,"val_loss":1.728759527206421,"test_accuracy":0.7480915784835815,"_wandb":{"runtime":390}}