{"val_accuracy":0.75,"val_recall":0,"test_recall":0,"val_auroc":0.5,"_timestamp":1.747454821708684e+09,"_step":35,"test_precision":0,"test_auroc":0.5,"_runtime":549.333273452,"test_accuracy":0.746835470199585,"val_precision":0,"train_loss":0.37773633003234863,"train_auroc":0.5,"val_loss":0.3743572235107422,"_wandb":{"runtime":551}}