{"test_precision":0.5,"val_auroc":1,"val_precision":0.5,"val_recall":0.5,"test_recall":0.5,"_wandb":{"runtime":490},"val_loss":0.6932064294815063,"_step":17,"test_balanced_accuracy":0.5,"val_accuracy":0.5,"val_balanced_accuracy":0.5,"train_auroc":0.6666666269302368,"test_accuracy":0.5,"_timestamp":1.7478488343623352e+09,"test_auroc":0,"_runtime":490.2414325,"train_loss":0.6889511942863464}