{"_runtime":4884.948145853,"test_recall0.75":0.4000000059604645,"test_balanced_accuracy0.75":0.5,"val_precision0.25":0.25641027092933655,"test_accuracy0.5":0.512499988079071,"test_balanced_accuracy0.5":0.47500000000000003,"val_accuracy0.25":0.5700934529304504,"test_accuracy0.25":0.550000011920929,"test_precision0.25":0.30000001192092896,"test_auroc":0.5066666603088379,"val_stage_recall0.5":0.3457943797111511,"val_precision0.5":0.29411765933036804,"train_loss":0.19516901671886444,"val_accuracy0.5":0.6168224215507507,"test_recall0.5":0.4000000059604645,"val_balanced_accuracy0.75":0.5106481481481482,"test_precision0.5":0.22857142984867096,"val_recall0.5":0.37037035822868347,"val_balanced_accuracy0.5":0.5351851851851852,"_wandb":{"runtime":4884},"train_stage_loss":0.28890877962112427,"stage_test_accuracy0.5":0.3375000059604645,"val_stage_accuracy0.5":0.3457943797111511,"val_accuracy0.75":0.6168224215507507,"test_balanced_accuracy0.25":0.5666666666666667,"train_auroc":0.9994857907295227,"val_precision0.75":0.2666666805744171,"stage_train_auroc":0.9903243184089661,"val_stage_auroc":0.46586331725120544,"_timestamp":1.7551370963702888e+09,"test_precision0.75":0.25,"val_balanced_accuracy0.25":0.5039351851851852,"val_recall0.75":0.29629629850387573,"stage_test_balanced_accuracy0.5":0.20641897784754928,"test_accuracy0.75":0.550000011920929,"train_surv_loss":0.05071462318301201,"val_auroc":0.4506944417953491,"val_stage_precision0.5":0.3457943797111511,"stage_test_auroc":0.544579803943634,"stage_test_recall0.5":0.3375000059604645,"_step":402,"val_recall0.25":0.37037035822868347,"val_stage_balanced_accuracy0.5":0.1534215267134522,"stage_test_precision0.5":0.3375000059604645,"test_recall0.25":0.6000000238418579}