{"test_accuracy":0.6742424368858337,"train_auroc":0.8004091382026672,"val_accuracy":0.6296296119689941,"val_recall":0.1428571492433548,"test_auroc":0.5472910404205322,"test_recall":0.3636363744735718,"val_precision":0.20000000298023224,"train_loss":1.311716079711914,"_timestamp":1.749538560129667e+09,"val_loss":5.1513142585754395,"_runtime":456.192386608,"val_auroc":0.4821428656578064,"val_balanced_accuracy":0.4714285714285714,"_step":54,"_wandb":{"runtime":456},"test_precision":0.3529411852359772,"test_balanced_accuracy":0.5707070707070707}