{"test_accuracy0.5":0.75,"test_precision0.5":0,"test_balanced_accuracy0.25":0.5,"test_precision0.25":0.25,"train_loss":2.0795037746429443,"test_recall0.75":0,"val_accuracy0.5":0.7476635575294495,"val_precision0.25":0.25233644247055054,"val_accuracy0.25":0.25233644247055054,"test_auroc":0.5,"val_recall0.75":0,"test_balanced_accuracy0.5":0.5,"train_auroc":0.44691407680511475,"test_accuracy0.75":0.75,"val_accuracy0.75":0.7476635575294495,"val_balanced_accuracy0.75":0.5,"val_balanced_accuracy0.5":0.5,"val_recall0.25":1,"_step":152,"_wandb":{"runtime":6613},"test_balanced_accuracy0.75":0.5,"val_precision0.5":0,"test_precision0.75":0,"val_recall0.5":0,"val_balanced_accuracy0.25":0.5,"_timestamp":1.754501378048839e+09,"test_recall0.25":1,"val_auroc":0.5,"val_precision0.75":0,"test_accuracy0.25":0.25,"test_recall0.5":0,"_runtime":6613.897161158}