{"test_accuracy":0.7404580116271973,"val_balanced_accuracy":0.5714285714285714,"_timestamp":1.749523990571424e+09,"val_precision":1,"test_auroc":0.5681818127632141,"val_accuracy":0.7777777910232544,"_runtime":1418.391537684,"train_auroc":0.829072117805481,"val_auroc":0.6499999761581421,"test_recall":0.03125,"test_precision":0.25,"val_recall":0.1428571492433548,"_step":120,"train_loss":1.3037627935409546,"test_balanced_accuracy":0.5004734848484849,"_wandb":{"runtime":1418},"val_loss":1.7486021518707275}