{"test_precision0.5":0.1599999964237213,"test_balanced_accuracy0.5":0.45454545454545453,"train_loss":0.0005582279991358519,"val_precision0.25":0.6666666865348816,"val_balanced_accuracy0.25":0.6178571428571429,"val_recall0.25":0.2857142984867096,"test_accuracy0.75":0.6439393758773804,"train_auroc":1,"_wandb":{"runtime":1858},"val_balanced_accuracy0.75":0.5464285714285714,"val_accuracy0.25":0.7777777910232544,"test_precision0.25":0.16129031777381897,"val_precision0.5":0.6666666865348816,"test_balanced_accuracy0.75":0.4494949494949495,"test_accuracy0.5":0.6212121248245239,"test_balanced_accuracy0.25":0.4444444444444444,"_timestamp":1.7497217609387581e+09,"test_auroc":0.4545454680919647,"val_accuracy0.75":0.7407407164573669,"test_recall0.25":0.1515151560306549,"test_precision0.75":0.1111111119389534,"test_accuracy0.25":0.5909090638160706,"val_accuracy0.5":0.7777777910232544,"test_recall0.5":0.12121212482452393,"val_recall0.75":0.1428571492433548,"val_recall0.5":0.2857142984867096,"val_precision0.75":0.5,"val_auroc":0.5214285850524902,"test_recall0.75":0.06060606241226196,"_step":499,"val_balanced_accuracy0.5":0.6178571428571429,"_runtime":1858.611898638}