{"val_accuracy0.75":0.7333333492279053,"val_balanced_accuracy0.5":0.5593962999026291,"test_accuracy0.25":0.5696202516555786,"_timestamp":1.750130509090808e+09,"val_precision0.75":0.4166666567325592,"val_recall0.5":0.38461539149284363,"val_balanced_accuracy0.75":0.5518500486854917,"test_accuracy0.5":0.6962025165557861,"val_precision0.25":0.25925925374031067,"val_auroc":0.5900681614875793,"val_accuracy0.25":0.5047619342803955,"_runtime":1919.614195478,"test_precision0.5":0.3888888955116272,"_step":751,"val_balanced_accuracy0.25":0.5160662122687439,"_wandb":{"runtime":1919},"test_recall0.75":0.20000000298023224,"test_balanced_accuracy0.5":0.5817796610169492,"test_accuracy0.75":0.746835470199585,"val_recall0.75":0.19230769574642181,"train_loss":0.23544348776340485,"val_recall0.25":0.5384615659713745,"test_auroc":0.6059322357177734,"train_auroc":1,"val_accuracy0.5":0.6476190686225891,"test_recall0.5":0.3499999940395355,"test_precision0.25":0.31578946113586426,"val_precision0.5":0.32258063554763794,"test_balanced_accuracy0.25":0.5796610169491525,"test_balanced_accuracy0.75":0.5661016949152542,"test_precision0.75":0.5,"test_recall0.25":0.6000000238418579}