{"val_accuracy":1,"val_precision":1,"train_loss":0.11987098306417465,"_wandb":{"runtime":231},"val_recall":1,"train_auroc":0,"val_loss":0.18963229656219482,"_step":28,"val_auroc":0,"_timestamp":1.7477397964160755e+09,"_runtime":207.6890284}