{"val_precision0.75":0,"test_precision0.5":0.1666666716337204,"val_recall0.75":0,"train_loss":1.6047065258026123,"val_accuracy0.75":0.7547169923782349,"val_accuracy0.25":0.30188679695129395,"_step":999,"test_precision0.75":0,"test_accuracy0.5":0.699999988079071,"test_balanced_accuracy0.5":0.48333333333333334,"val_precision0.25":0.25999999046325684,"val_recall0.5":0.07692307978868484,"test_recall0.25":1,"test_auroc":0.47999998927116394,"_wandb":{"runtime":4126},"test_accuracy0.75":0.75,"val_recall0.25":1,"test_recall0.5":0.05000000074505806,"val_balanced_accuracy0.75":0.5,"val_balanced_accuracy0.25":0.5375,"val_balanced_accuracy0.5":0.5134615384615384,"test_accuracy0.25":0.3375000059604645,"test_recall0.75":0,"val_precision0.5":0.3333333432674408,"test_balanced_accuracy0.25":0.5583333333333333,"test_precision0.25":0.27397260069847107,"_timestamp":1.7539159200692139e+09,"test_balanced_accuracy0.75":0.5,"_runtime":4126.628803775,"val_accuracy0.5":0.7358490824699402,"val_auroc":0.5466346144676208,"train_auroc":0.7947865724563599}