{"val_precision0.75":0,"_runtime":473.833079161,"val_auroc":0.5370192527770996,"val_accuracy0.75":0.7547169923782349,"test_precision0.25":0.25,"test_precision0.5":0,"val_balanced_accuracy0.5":0.5,"_timestamp":1.753484636853133e+09,"val_precision0.25":0.24528302252292633,"val_recall0.75":0,"val_balanced_accuracy0.75":0.5,"val_accuracy0.5":0.7547169923782349,"test_recall0.5":0,"test_auroc":0.5425000190734863,"val_precision0.5":0,"val_recall0.5":0,"_wandb":{"runtime":473},"test_recall0.25":1,"test_accuracy0.75":0.75,"test_recall0.75":0,"test_balanced_accuracy0.25":0.5,"train_auroc":0.5708129405975342,"test_balanced_accuracy0.5":0.5,"train_loss":1.74260675907135,"test_accuracy0.25":0.25,"test_balanced_accuracy0.75":0.5,"val_accuracy0.25":0.24528302252292633,"val_balanced_accuracy0.25":0.5,"test_accuracy0.5":0.75,"test_precision0.75":0,"val_recall0.25":1,"_step":171}