{"val_balanced_accuracy0.5":0.47692307692307695,"val_precision0.5":0.20000000298023224,"test_accuracy0.25":0.7124999761581421,"val_balanced_accuracy0.25":0.4706730769230769,"test_precision0.75":0.3333333432674408,"train_auroc":1,"val_recall0.25":0.1538461595773697,"test_balanced_accuracy0.25":0.5416666666666666,"_step":291,"test_balanced_accuracy0.5":0.5,"test_precision0.5":0.25,"val_precision0.75":0.23529411852359772,"test_balanced_accuracy0.75":0.5166666666666667,"test_accuracy0.75":0.7250000238418579,"_runtime":1895.836994593,"val_precision0.25":0.190476194024086,"test_recall0.5":0.10000000149011612,"val_recall0.75":0.1538461595773697,"test_precision0.25":0.3636363744735718,"val_recall0.5":0.1538461595773697,"train_loss":2.0841906007262878e-05,"val_balanced_accuracy0.75":0.49567307692307694,"_wandb":{"runtime":1895},"val_accuracy0.5":0.6415094137191772,"val_accuracy0.25":0.6320754885673523,"test_accuracy0.5":0.699999988079071,"test_recall0.75":0.10000000149011612,"test_recall0.25":0.20000000298023224,"_timestamp":1.7535531173302689e+09,"test_auroc":0.6491667032241821,"val_accuracy0.75":0.6698113083839417,"val_auroc":0.4668269157409668}