{"test_precision0.25":0.1428571492433548,"val_balanced_accuracy0.25":0.4566699123661149,"_wandb":{"runtime":2814},"train_auroc":0.9994522333145142,"val_recall0.5":0.1538461595773697,"test_recall0.5":0.10000000149011612,"test_recall0.75":0.05000000074505806,"val_recall0.25":0.1538461595773697,"test_accuracy0.75":0.6455696225166321,"val_accuracy0.25":0.6095238327980042,"val_precision0.75":0.2222222238779068,"train_loss":0.041278328746557236,"test_precision0.75":0.10000000149011612,"_runtime":2814.730187044,"val_precision0.5":0.21052631735801697,"test_balanced_accuracy0.5":0.4652542372881356,"val_accuracy0.75":0.6571428775787354,"test_balanced_accuracy0.25":0.4483050847457627,"_step":707,"val_recall0.75":0.1538461595773697,"test_accuracy0.25":0.6202531456947327,"val_precision0.25":0.17391304671764374,"test_accuracy0.5":0.6455696225166321,"val_auroc":0.4615384340286255,"test_auroc":0.5194915533065796,"test_precision0.5":0.1666666716337204,"val_accuracy0.5":0.6476190686225891,"val_balanced_accuracy0.75":0.4883154819863681,"test_balanced_accuracy0.75":0.44872881355932204,"test_recall0.25":0.10000000149011612,"val_balanced_accuracy0.5":0.4819863680623174,"_timestamp":1.75057914178007e+09}