{"val_balanced_accuracy0.75":0.5338364167478091,"test_balanced_accuracy0.5":0.5317796610169492,"train_loss":9.464434924666421e-07,"val_accuracy0.5":0.6190476417541504,"val_recall0.5":0.3461538553237915,"val_recall0.25":0.3461538553237915,"test_recall0.25":0.30000001192092896,"val_precision0.75":0.29032257199287415,"test_balanced_accuracy0.25":0.5483050847457627,"_runtime":1291.94901962,"val_precision0.5":0.28125,"test_precision0.5":0.3125,"_timestamp":1.7505544868067753e+09,"_wandb":{"runtime":1291},"val_precision0.25":0.27272728085517883,"val_accuracy0.75":0.6285714507102966,"val_auroc":0.5516065955162048,"test_accuracy0.25":0.6708860993385315,"test_auroc":0.5885593891143799,"val_balanced_accuracy0.25":0.5211781888997079,"test_recall0.75":0.25,"val_accuracy0.25":0.6095238327980042,"test_precision0.25":0.3333333432674408,"_step":213,"test_precision0.75":0.3333333432674408,"val_balanced_accuracy0.5":0.5275073028237585,"test_accuracy0.75":0.6835442781448364,"test_balanced_accuracy0.75":0.5402542372881356,"test_recall0.5":0.25,"train_auroc":1,"test_accuracy0.5":0.6708860993385315,"val_recall0.75":0.3461538553237915}