{"test_precision0.5":0.26923078298568726,"val_recall0.5":0.8148148059844971,"val_recall0.75":0,"val_accuracy0.5":0.42990654706954956,"val_balanced_accuracy0.75":0.5,"_runtime":2811.014963328,"val_precision0.75":0,"test_precision0.75":0,"val_precision0.5":0.28205129504203796,"val_precision0.25":0.25233644247055054,"val_accuracy0.75":0.7476635575294495,"test_accuracy0.5":0.44999998807907104,"val_balanced_accuracy0.25":0.5,"test_recall0.5":0.699999988079071,"_timestamp":1.7550577486949382e+09,"train_loss":2.0494940280914307,"test_balanced_accuracy0.25":0.5,"test_recall0.75":0,"_wandb":{"runtime":2811},"test_auroc":0.5116666555404663,"test_balanced_accuracy0.75":0.5,"test_balanced_accuracy0.5":0.5333333333333333,"test_recall0.25":1,"val_accuracy0.25":0.25233644247055054,"train_auroc":0.570665717124939,"_step":446,"val_recall0.25":1,"test_precision0.25":0.25,"test_accuracy0.25":0.25,"val_auroc":0.5439814329147339,"val_balanced_accuracy0.5":0.5574074074074074,"test_accuracy0.75":0.75}