{"test_accuracy":0.6106870174407959,"val_balanced_accuracy":0.6857142857142857,"test_recall":0.3125,"val_loss":12.467921257019043,"test_precision":0.25641027092933655,"train_loss":3.719939195434563e-05,"train_auroc":1,"val_auroc":0.7571429014205933,"test_balanced_accuracy":0.5097853535353536,"val_precision":0.5,"val_recall":0.5714285969734192,"_timestamp":1.7495128343596594e+09,"test_auroc":0.5216224789619446,"_wandb":{"runtime":780},"val_accuracy":0.7407407164573669,"_step":97,"_runtime":780.490080167}