{"test_auroc":0.550000011920929,"val_precision0.75":0.25,"test_precision0.25":0.4000000059604645,"val_recall0.25":0.14814814925193787,"_step":356,"train_auroc":1,"val_precision0.5":0.27272728085517883,"val_accuracy0.25":0.7102803587913513,"test_recall0.25":0.10000000149011612,"val_precision0.25":0.3333333432674408,"val_auroc":0.5319443941116333,"val_recall0.5":0.1111111119389534,"val_balanced_accuracy0.25":0.5240740740740741,"val_recall0.75":0.07407407462596893,"_runtime":2117.628491569,"val_accuracy0.5":0.7009345889091492,"_timestamp":1.753558146172174e+09,"test_accuracy0.5":0.75,"train_loss":2.8156267944723368e-05,"val_accuracy0.75":0.7102803587913513,"test_recall0.75":0.05000000074505806,"test_precision0.5":0.5,"val_balanced_accuracy0.5":0.5055555555555555,"test_balanced_accuracy0.75":0.5166666666666666,"test_balanced_accuracy0.25":0.525,"test_recall0.5":0.10000000149011612,"test_balanced_accuracy0.5":0.5333333333333333,"test_precision0.75":0.5,"test_accuracy0.25":0.737500011920929,"test_accuracy0.75":0.75,"val_balanced_accuracy0.75":0.49953703703703706,"_wandb":{"runtime":2117}}