{"_step":999,"_runtime":5362.480762258,"train_auroc":0.7347379922866821,"test_accuracy0.25":0.26582279801368713,"val_recall0.25":0.9230769276618958,"_wandb":{"runtime":5362},"test_precision0.25":0.25641027092933655,"test_balanced_accuracy0.75":0.5,"val_balanced_accuracy0.5":0.4703018500486855,"val_precision0.5":0.21621622145175934,"test_accuracy0.5":0.5696202516555786,"val_recall0.5":0.3076923191547394,"_timestamp":1.750777230391778e+09,"test_recall0.5":0.3499999940395355,"test_precision0.75":0,"val_recall0.75":0,"val_accuracy0.25":0.24761904776096344,"val_precision0.25":0.23762376606464386,"test_balanced_accuracy0.5":0.4970338983050847,"test_recall0.75":0,"train_loss":1.8679615259170532,"val_accuracy0.5":0.5523809790611267,"val_balanced_accuracy0.75":0.5,"val_auroc":0.5063291192054749,"val_accuracy0.75":0.7523809671401978,"val_balanced_accuracy0.25":0.47419668938656284,"test_auroc":0.5508474111557007,"test_balanced_accuracy0.25":0.5084745762711864,"test_precision0.5":0.25,"val_precision0.75":0,"test_accuracy0.75":0.746835470199585,"test_recall0.25":1}