{"val_balanced_accuracy0.25":0.5226387536514119,"val_auroc":0.5637780427932739,"test_precision0.25":0.30000001192092896,"val_balanced_accuracy0.75":0.5,"test_precision0.5":0,"test_accuracy0.75":0.746835470199585,"test_recall0.5":0,"val_accuracy0.25":0.4952380955219269,"val_recall0.5":0,"test_balanced_accuracy0.25":0.5783898305084746,"test_balanced_accuracy0.75":0.5,"val_accuracy0.5":0.7523809671401978,"_timestamp":1.7507984067783597e+09,"_step":999,"test_accuracy0.25":0.49367088079452515,"test_balanced_accuracy0.5":0.5,"val_balanced_accuracy0.5":0.5,"val_recall0.75":0,"test_accuracy0.5":0.746835470199585,"test_auroc":0.5906779766082764,"val_recall0.25":0.5769230723381042,"_wandb":{"runtime":7940},"train_loss":1.6165813207626343,"test_recall0.75":0,"_runtime":7940.45325671,"test_recall0.25":0.75,"val_precision0.5":0,"val_precision0.25":0.2631579041481018,"val_precision0.75":0,"test_precision0.75":0,"train_auroc":0.6869522929191589,"val_accuracy0.75":0.7523809671401978}