{"test_precision0.75":0,"test_recall0.5":0.4000000059604645,"test_accuracy0.5":0.607594907283783,"test_auroc":0.4830508530139923,"val_precision0.5":0.1764705926179886,"_wandb":{"runtime":1337},"test_recall0.75":0,"val_recall0.5":0.23076923191547394,"val_accuracy0.5":0.5428571701049805,"_runtime":1337.86162742,"test_accuracy0.75":0.746835470199585,"val_accuracy0.75":0.7523809671401978,"_step":357,"val_recall0.25":1,"train_auroc":0.6909990310668945,"test_precision0.25":0.2531645596027374,"val_precision0.75":0,"_timestamp":1.750290143830815e+09,"val_balanced_accuracy0.75":0.5,"test_balanced_accuracy0.25":0.5,"val_auroc":0.47078871726989746,"test_precision0.5":0.29629629850387573,"val_balanced_accuracy0.5":0.43816942551119764,"val_accuracy0.25":0.24761904776096344,"test_balanced_accuracy0.5":0.5389830508474576,"test_recall0.25":1,"val_balanced_accuracy0.25":0.5,"val_recall0.75":0,"val_precision0.25":0.24761904776096344,"train_loss":2.0791518688201904,"test_balanced_accuracy0.75":0.5,"test_accuracy0.25":0.2531645596027374}