{"val_accuracy":0.7407407164573669,"train_auroc":0.5700370073318481,"test_auroc":0.6336088180541992,"_timestamp":1.7494891121126947e+09,"train_loss":1.68326735496521,"val_auroc":0.3428571820259094,"test_recall":0,"val_recall":0,"val_precision":0,"_wandb":{"runtime":174},"val_loss":1.740329623222351,"val_balanced_accuracy":0.5,"test_balanced_accuracy":0.5,"test_precision":0,"_runtime":174.286416359,"test_accuracy":0.75,"_step":50}