{"val_auroc":0.5625,"_wandb":{"runtime":526},"val_loss":1.072340726852417,"test_recall":0.10000000149011612,"val_accuracy":0.71875,"test_auroc":0.49067798256874084,"_timestamp":1.7476990133814158e+09,"val_recall":0.25,"_step":59,"val_precision":0.4000000059604645,"test_precision":0.2222222238779068,"_runtime":525.57898445,"train_auroc":1,"test_accuracy":0.6835442781448364,"train_loss":0.00625563133507967}