{"val_balanced_accuracy0.5":0.590014064697609,"test_precision0.5":0.2666666805744171,"test_balanced_accuracy0.5":0.5333333333333333,"train_loss":2.0637030601501465,"_wandb":{"runtime":3686},"_runtime":3686.730486876,"val_accuracy0.5":0.4433962404727936,"test_precision0.25":0.25,"test_auroc":0.5441666841506958,"test_accuracy0.5":0.4000000059604645,"_timestamp":1.7536213465495968e+09,"val_accuracy0.75":0.7452830076217651,"test_recall0.5":0.800000011920929,"test_recall0.75":0,"val_precision0.25":0.25471699237823486,"val_recall0.25":1,"test_recall0.25":1,"_step":576,"test_precision0.75":0,"test_balanced_accuracy0.25":0.5,"val_precision0.5":0.30000001192092896,"test_balanced_accuracy0.75":0.5,"val_accuracy0.25":0.25471699237823486,"train_auroc":0.6246612668037415,"test_accuracy0.75":0.75,"val_precision0.75":0,"test_accuracy0.25":0.25,"val_recall0.75":0,"val_balanced_accuracy0.25":0.5,"val_auroc":0.567276120185852,"val_balanced_accuracy0.75":0.5,"val_recall0.5":0.8888888955116272}