{"val_accuracy0.75":0.723809540271759,"val_precision0.75":0.38461539149284363,"test_balanced_accuracy0.25":0.5902542372881356,"val_precision0.25":0.4000000059604645,"val_balanced_accuracy0.75":0.5455209347614411,"test_recall0.75":0.30000001192092896,"test_accuracy0.25":0.7088607549667358,"val_balanced_accuracy0.25":0.5584225900681596,"test_auroc":0.511864423751831,"_wandb":{"runtime":2055},"val_accuracy0.25":0.723809540271759,"test_precision0.75":0.4000000059604645,"val_balanced_accuracy0.5":0.5391918208373905,"_timestamp":1.75090246773494e+09,"_step":204,"val_precision0.5":0.3571428656578064,"val_auroc":0.5331061482429504,"test_precision0.25":0.4117647111415863,"val_accuracy0.5":0.7142857313156128,"val_recall0.75":0.19230769574642181,"val_recall0.5":0.19230769574642181,"test_recall0.5":0.30000001192092896,"test_balanced_accuracy0.75":0.573728813559322,"test_balanced_accuracy0.5":0.573728813559322,"_runtime":2055.806420867,"train_auroc":1,"test_precision0.5":0.4000000059604645,"train_loss":0.00018676074978429824,"test_recall0.25":0.3499999940395355,"test_accuracy0.75":0.7088607549667358,"test_accuracy0.5":0.7088607549667358,"val_recall0.25":0.23076923191547394}