{"val_auroc":0.570107102394104,"val_recall0.75":0.11538461595773697,"test_accuracy0.75":0.6962025165557861,"test_recall0.75":0.10000000149011612,"val_balanced_accuracy0.25":0.5163096397273612,"test_precision0.75":0.25,"train_auroc":1,"val_balanced_accuracy0.5":0.5338364167478091,"test_auroc":0.6101694703102112,"val_recall0.25":0.5769230723381042,"_runtime":2525.943150294,"test_balanced_accuracy0.25":0.5457627118644068,"test_recall0.5":0.4000000059604645,"test_recall0.25":0.6000000238418579,"test_accuracy0.5":0.6708860993385315,"val_accuracy0.75":0.7333333492279053,"val_balanced_accuracy0.75":0.5260467380720545,"val_precision0.25":0.2586206793785095,"test_balanced_accuracy0.5":0.5813559322033899,"_timestamp":1.7501374228847992e+09,"val_precision0.5":0.29032257199287415,"train_loss":0.3923090994358063,"val_recall0.5":0.3461538553237915,"test_precision0.5":0.3636363744735718,"val_accuracy0.5":0.6285714507102966,"val_accuracy0.25":0.48571428656578064,"_step":999,"test_accuracy0.25":0.5189873576164246,"test_precision0.25":0.2857142984867096,"test_balanced_accuracy0.75":0.49915254237288137,"val_precision0.75":0.375,"_wandb":{"runtime":2525}}