{"val_balanced_accuracy0.75":0.5,"val_recall0.75":0,"_runtime":1813.012930832,"test_recall0.5":0,"test_accuracy0.25":0.4177215099334717,"test_precision0.25":0.2291666716337204,"val_accuracy0.5":0.7523809671401978,"_timestamp":1.7499150795021503e+09,"test_balanced_accuracy0.5":0.5,"val_precision0.75":0,"val_auroc":0.5657254457473755,"_wandb":{"runtime":1813},"test_precision0.5":0,"test_accuracy0.75":0.746835470199585,"train_auroc":0.8033106327056885,"test_accuracy0.5":0.746835470199585,"val_recall0.5":0,"val_accuracy0.75":0.7523809671401978,"val_accuracy0.25":0.5142857432365417,"test_balanced_accuracy0.75":0.5,"val_balanced_accuracy0.25":0.5611002921129503,"test_auroc":0.496610164642334,"train_loss":1.4554532766342163,"val_recall0.25":0.6538461446762085,"val_precision0.25":0.2881355881690979,"val_precision0.5":0,"test_recall0.75":0,"test_recall0.25":0.550000011920929,"test_precision0.75":0,"test_balanced_accuracy0.25":0.4614406779661017,"val_balanced_accuracy0.5":0.5,"_step":499}