{"test_balanced_accuracy0.5":0.4733050847457627,"test_accuracy0.75":0.7215189933776855,"test_precision0.5":0.20000000298023224,"val_recall0.25":0.5769230723381042,"test_recall0.75":0,"_runtime":3831.272478547,"test_precision0.75":0,"val_auroc":0.5516066551208496,"val_precision0.25":0.2830188572406769,"train_loss":0.6710484623908997,"test_auroc":0.48644065856933594,"_timestamp":1.750191344951133e+09,"val_accuracy0.25":0.5333333611488342,"val_recall0.75":0.11538461595773697,"val_balanced_accuracy0.5":0.5781402142161636,"val_accuracy0.75":0.7523809671401978,"val_precision0.5":0.375,"test_recall0.25":0.44999998807907104,"val_recall0.5":0.3461538553237915,"val_balanced_accuracy0.75":0.5387049659201558,"test_recall0.5":0.15000000596046448,"train_auroc":0.9869812726974487,"val_balanced_accuracy0.25":0.5479552093476143,"test_balanced_accuracy0.75":0.4830508474576271,"val_precision0.75":0.5,"test_precision0.25":0.2432432472705841,"test_accuracy0.5":0.6329113841056824,"test_accuracy0.25":0.5063291192054749,"test_balanced_accuracy0.25":0.4877118644067797,"_wandb":{"runtime":3831},"val_accuracy0.5":0.6952381134033203,"_step":999}