{"val_precision0.75":0.4444444477558136,"val_balanced_accuracy0.25":0.5781402142161636,"val_balanced_accuracy0.75":0.5905550146056475,"test_accuracy0.5":0.5569620132446289,"val_recall0.5":0.3076923191547394,"val_precision0.25":0.375,"test_recall0.75":0.10000000149011612,"_timestamp":1.7498038856673493e+09,"val_accuracy0.75":0.7333333492279053,"test_accuracy0.25":0.5569620132446289,"val_accuracy0.5":0.7047619223594666,"train_loss":1.2019129371765302e-06,"test_recall0.25":0.10000000149011612,"_runtime":1740.003555007,"val_auroc":0.6859785914421082,"val_accuracy0.25":0.6952381134033203,"test_precision0.5":0.10526315867900848,"test_precision0.25":0.10526315867900848,"test_auroc":0.4652542471885681,"_wandb":{"runtime":1740},"test_precision0.75":0.11764705926179886,"test_balanced_accuracy0.5":0.4059322033898305,"val_recall0.25":0.3461538553237915,"test_accuracy0.75":0.5822784900665283,"test_balanced_accuracy0.25":0.4059322033898305,"train_auroc":1,"val_recall0.75":0.3076923191547394,"_step":499,"val_precision0.5":0.380952388048172,"val_balanced_accuracy0.5":0.5715676728334956,"test_balanced_accuracy0.75":0.4228813559322034,"test_recall0.5":0.10000000149011612}