{"val_balanced_accuracy0.25":0.5,"_step":999,"test_balanced_accuracy0.25":0.5,"val_recall0.5":0.48148149251937866,"_timestamp":1.7531948791189096e+09,"test_recall0.5":0.44999998807907104,"test_auroc":0.5266666412353516,"train_loss":1.8971184492111206,"test_balanced_accuracy0.75":0.5,"_runtime":4174.902436819,"test_accuracy0.75":0.75,"test_accuracy0.5":0.625,"test_precision0.5":0.3214285671710968,"test_precision0.75":0,"_wandb":{"runtime":4174},"test_accuracy0.25":0.25,"val_precision0.25":0.25471699237823486,"val_recall0.75":0,"val_precision0.75":0,"val_accuracy0.25":0.25471699237823486,"val_precision0.5":0.34210526943206787,"val_auroc":0.5700891017913818,"val_accuracy0.75":0.7452830076217651,"val_balanced_accuracy0.75":0.5,"val_balanced_accuracy0.5":0.5825128926394749,"test_recall0.25":1,"val_accuracy0.5":0.6320754885673523,"test_precision0.25":0.25,"test_recall0.75":0,"train_auroc":0.6983203291893005,"val_recall0.25":1,"test_balanced_accuracy0.5":0.5666666666666667}