{"val_balanced_accuracy":0.5,"test_auroc":0.4597490131855011,"_step":52,"_wandb":{"runtime":609},"val_accuracy":0.7407407164573669,"val_recall":0,"val_precision":0,"test_precision":0,"val_auroc":0.5142857432365417,"test_balanced_accuracy":0.5,"val_loss":1.8055129051208496,"train_auroc":0.5258133411407471,"test_recall":0,"_timestamp":1.7495575359204798e+09,"test_accuracy":0.75,"_runtime":609.773950595,"train_loss":1.7919679880142212}