{"val_balanced_accuracy0.5":0.4754807692307692,"test_recall0.5":0.6000000238418579,"test_recall0.75":0,"val_recall0.75":0,"val_accuracy0.5":0.4433962404727936,"val_balanced_accuracy0.75":0.5,"val_accuracy0.25":0.24528302252292633,"val_accuracy0.75":0.7547169923782349,"train_auroc":0.6425513029098511,"test_auroc":0.5516666173934937,"test_recall0.25":1,"test_accuracy0.25":0.25,"test_balanced_accuracy0.5":0.575,"_step":292,"test_precision0.5":0.3076923191547394,"_wandb":{"runtime":992},"_timestamp":1.753510459600486e+09,"val_recall0.5":0.5384615659713745,"val_balanced_accuracy0.25":0.5,"test_precision0.75":0,"test_accuracy0.5":0.5625,"test_balanced_accuracy0.75":0.5,"val_auroc":0.53125,"val_precision0.5":0.2295081913471222,"val_precision0.75":0,"test_accuracy0.75":0.75,"test_precision0.25":0.25,"test_balanced_accuracy0.25":0.5,"val_recall0.25":1,"val_precision0.25":0.24528302252292633,"_runtime":992.283844113,"train_loss":2.030484437942505}