{"test_accuracy0.5":0.637499988079071,"val_balanced_accuracy0.75":0.5,"val_recall0.75":0,"val_accuracy0.5":0.49056604504585266,"test_auroc":0.622499942779541,"_timestamp":1.7542799226699874e+09,"test_recall0.75":0,"test_balanced_accuracy0.25":0.5333333333333333,"_runtime":5777.229322815,"train_auroc":0.705707848072052,"val_balanced_accuracy0.5":0.4028846153846154,"test_precision0.5":0.3333333432674408,"test_precision0.25":0.2631579041481018,"val_recall0.25":0.9615384340286255,"test_recall0.25":1,"test_balanced_accuracy0.5":0.575,"train_loss":1.8557850122451782,"val_accuracy0.25":0.2641509473323822,"test_accuracy0.75":0.75,"test_accuracy0.25":0.30000001192092896,"test_balanced_accuracy0.75":0.5,"val_precision0.25":0.2450980395078659,"val_precision0.5":0.15000000596046448,"val_auroc":0.4399038553237915,"test_recall0.5":0.44999998807907104,"_step":689,"val_balanced_accuracy0.25":0.49951923076923077,"val_accuracy0.75":0.7547169923782349,"_wandb":{"runtime":5777},"val_recall0.5":0.23076923191547394,"test_precision0.75":0,"val_precision0.75":0}