{"val_balanced_accuracy0.75":0.4951923076923077,"val_precision0.5":0.1666666716337204,"test_precision0.75":0.1666666716337204,"test_balanced_accuracy0.75":0.4666666666666667,"test_balanced_accuracy0.5":0.5583333333333333,"_runtime":10912.48040056,"test_accuracy0.5":0.6625000238418579,"val_recall0.75":0.11538461595773697,"_step":264,"val_balanced_accuracy0.25":0.4288461538461539,"val_recall0.25":0.3076923191547394,"test_auroc":0.48750001192092896,"val_accuracy0.5":0.5660377144813538,"test_balanced_accuracy0.25":0.5083333333333333,"val_recall0.5":0.19230769574642181,"val_precision0.25":0.1818181872367859,"train_loss":0.8038662075996399,"_wandb":{"runtime":10912},"val_auroc":0.42788460850715637,"_timestamp":1.753713631640178e+09,"val_precision0.75":0.23076923191547394,"test_accuracy0.25":0.5625,"val_accuracy0.25":0.49056604504585266,"test_recall0.75":0.10000000149011612,"test_accuracy0.75":0.6499999761581421,"val_accuracy0.75":0.6886792182922363,"test_precision0.25":0.25806450843811035,"test_precision0.5":0.3333333432674408,"train_auroc":0.9640234112739563,"test_recall0.5":0.3499999940395355,"val_balanced_accuracy0.5":0.43990384615384615,"test_recall0.25":0.4000000059604645}