{"train_loss":0.37953248620033264,"_step":18,"_runtime":930.641326602,"_timestamp":1.7477928910657327e+09,"test_auroc":0.48728811740875244,"test_recall":0,"val_auroc":0.5416666269302368,"val_loss":0.3748887777328491,"test_precision":0,"_wandb":{"runtime":930},"train_auroc":0.551911473274231,"val_precision":0,"val_recall":0,"val_accuracy":0.75,"test_accuracy":0.746835470199585}