{"train_loss":1.6955077648162842,"test_recall0.25":0,"test_balanced_accuracy0.75":0.5,"_wandb":{"runtime":640},"val_recall0.25":0,"val_precision0.5":0,"test_balanced_accuracy0.25":0.5,"val_balanced_accuracy0.25":0.5,"train_auroc":0.4603213667869568,"test_accuracy0.5":0.746835470199585,"test_balanced_accuracy0.5":0.5,"test_accuracy0.75":0.746835470199585,"val_auroc":0.6146543622016907,"_runtime":640.200920036,"test_precision0.75":0,"val_precision0.25":0,"_step":237,"test_precision0.5":0,"val_precision0.75":0,"val_accuracy0.25":0.7523809671401978,"val_accuracy0.5":0.7523809671401978,"val_accuracy0.75":0.7523809671401978,"val_balanced_accuracy0.75":0.5,"val_recall0.75":0,"val_balanced_accuracy0.5":0.5,"val_recall0.5":0,"test_auroc":0.5279660820960999,"test_recall0.75":0,"_timestamp":1.7504780540559072e+09,"test_precision0.25":0,"test_recall0.5":0,"test_accuracy0.25":0.746835470199585}