{"val_balanced_accuracy0.5":0.5,"val_precision0.25":0.25757575035095215,"test_recall0.75":0.6000000238418579,"val_recall0.25":0.6538461446762085,"_timestamp":1.7535534161572208e+09,"_wandb":{"runtime":10533},"test_precision0.5":0.31111112236976624,"_runtime":10533.261829376,"test_balanced_accuracy0.75":0.6083333333333334,"train_loss":0.08033131062984467,"test_precision0.75":0.34285715222358704,"test_recall0.25":0.75,"val_precision0.5":0.24528302252292633,"test_balanced_accuracy0.5":0.5916666666666667,"val_accuracy0.75":0.5283018946647644,"val_balanced_accuracy0.25":0.520673076923077,"train_auroc":0.9997265338897705,"test_auroc":0.6399999856948853,"val_recall0.5":0.5,"test_accuracy0.25":0.4625000059604645,"val_accuracy0.5":0.5,"val_precision0.75":0.22727273404598236,"val_auroc":0.48557692766189575,"test_accuracy0.5":0.5375000238418579,"val_recall0.75":0.38461539149284363,"test_accuracy0.75":0.612500011920929,"_step":274,"val_balanced_accuracy0.75":0.47980769230769227,"test_recall0.5":0.699999988079071,"test_precision0.25":0.2830188572406769,"val_accuracy0.25":0.4528301954269409,"test_balanced_accuracy0.25":0.5583333333333333}