{"test_precision0.5":0.4545454680919647,"test_recall0.5":0.25,"_wandb":{"runtime":5981},"test_accuracy0.25":0.7088607549667358,"_timestamp":1.7514072176199753e+09,"test_auroc":0.5813559293746948,"val_accuracy0.75":0.723809540271759,"test_precision0.75":0.4444444477558136,"val_balanced_accuracy0.5":0.5778967867575462,"val_precision0.5":0.4000000059604645,"val_auroc":0.5886076092720032,"_step":409,"train_auroc":1,"test_balanced_accuracy0.75":0.5576271186440678,"test_accuracy0.75":0.7341772317886353,"val_accuracy0.5":0.7142857313156128,"test_recall0.25":0.30000001192092896,"val_recall0.25":0.3461538553237915,"val_balanced_accuracy0.75":0.5713242453748782,"val_recall0.75":0.26923078298568726,"val_precision0.75":0.4117647111415863,"val_recall0.5":0.3076923191547394,"test_accuracy0.5":0.7341772317886353,"test_recall0.75":0.20000000298023224,"_runtime":5981.75147771,"test_balanced_accuracy0.5":0.5741525423728814,"val_precision0.25":0.40909090638160706,"val_balanced_accuracy0.25":0.5907984420642649,"train_loss":0.0029613683000206947,"val_accuracy0.25":0.7142857313156128,"test_precision0.25":0.4000000059604645,"test_balanced_accuracy0.25":0.573728813559322}