{"train_loss":0.04061006009578705,"test_precision0.5":0.23076923191547394,"val_balanced_accuracy0.5":0.4128529698149951,"val_precision0.25":0.13953489065170288,"val_accuracy0.75":0.523809552192688,"val_balanced_accuracy0.25":0.381207400194742,"test_precision0.75":0.25,"val_accuracy0.25":0.4571428596973419,"val_balanced_accuracy0.75":0.4255111976630964,"test_recall0.5":0.30000001192092896,"_timestamp":1.7513939157429128e+09,"_step":259,"test_balanced_accuracy0.5":0.4805084745762712,"test_recall0.75":0.30000001192092896,"test_accuracy0.75":0.594936728477478,"test_recall0.25":0.4000000059604645,"val_recall0.5":0.23076923191547394,"test_auroc":0.5635592937469482,"test_accuracy0.25":0.5569620132446289,"test_precision0.25":0.25806450843811035,"_wandb":{"runtime":1170},"test_balanced_accuracy0.75":0.49745762711864405,"val_recall0.25":0.23076923191547394,"val_auroc":0.385102242231369,"val_precision0.75":0.1666666716337204,"test_accuracy0.5":0.5696202516555786,"val_accuracy0.5":0.5047619342803955,"test_balanced_accuracy0.25":0.5050847457627119,"val_recall0.75":0.23076923191547394,"_runtime":1170.562673206,"val_precision0.5":0.15789473056793213,"train_auroc":0.9996394515037537}