{"test_auroc":0.5923728942871094,"test_recall0.5":0.25,"val_precision0.25":0.24528302252292633,"train_loss":0.6309476494789124,"test_accuracy0.25":0.5189873576164246,"test_accuracy0.75":0.7594936490058899,"val_balanced_accuracy0.25":0.49683544303797467,"_wandb":{"runtime":5215},"_step":999,"_timestamp":1.7507500754654627e+09,"test_balanced_accuracy0.5":0.548728813559322,"test_balanced_accuracy0.25":0.5622881355932203,"val_recall0.5":0.19230769574642181,"test_recall0.25":0.6499999761581421,"val_accuracy0.25":0.4952380955219269,"test_precision0.5":0.3571428656578064,"val_accuracy0.75":0.7809523940086365,"val_balanced_accuracy0.75":0.5705939629990263,"val_accuracy0.5":0.6476190686225891,"val_recall0.75":0.1538461595773697,"val_precision0.5":0.2380952388048172,"val_auroc":0.518013596534729,"val_precision0.75":0.800000011920929,"val_recall0.25":0.5,"test_precision0.25":0.2954545319080353,"val_balanced_accuracy0.5":0.49488802336903603,"_runtime":5215.801525051,"test_balanced_accuracy0.75":0.5415254237288136,"test_precision0.75":0.6666666865348816,"train_auroc":0.9855791926383972,"test_accuracy0.5":0.6962025165557861,"test_recall0.75":0.10000000149011612}