{"_runtime":10923.292473751,"test_accuracy0.75":0.5874999761581421,"train_loss":0.07264574617147446,"val_precision0.5":0.24137930572032928,"_wandb":{"runtime":10923},"train_auroc":0.9982421398162842,"test_accuracy0.25":0.512499988079071,"_step":282,"val_balanced_accuracy0.75":0.4861111111111111,"test_balanced_accuracy0.25":0.425,"test_accuracy0.5":0.5625,"val_accuracy0.25":0.5794392228126526,"val_precision0.75":0.23076923191547394,"val_balanced_accuracy0.5":0.4921296296296296,"test_auroc":0.49166667461395264,"test_precision0.75":0.190476194024086,"val_balanced_accuracy0.25":0.4979166666666667,"val_recall0.25":0.3333333432674408,"test_recall0.25":0.25,"val_accuracy0.5":0.6074766516685486,"val_auroc":0.5314815044403076,"_timestamp":1.753670916230145e+09,"test_recall0.5":0.20000000298023224,"test_balanced_accuracy0.5":0.44166666666666665,"val_recall0.75":0.2222222238779068,"val_accuracy0.75":0.6168224215507507,"test_balanced_accuracy0.75":0.45833333333333337,"test_recall0.75":0.20000000298023224,"test_precision0.5":0.17391304671764374,"val_recall0.5":0.25925925374031067,"val_precision0.25":0.25,"test_precision0.25":0.17241379618644714}