{"test_recall0.25":0.3499999940395355,"val_precision0.25":0.3571428656578064,"val_recall0.5":0.3076923191547394,"val_precision0.5":0.4000000059604645,"val_precision0.75":0.42105263471603394,"val_accuracy0.5":0.7142857313156128,"val_balanced_accuracy0.5":0.5778967867575462,"_wandb":{"runtime":3055},"test_accuracy0.75":0.7088607549667358,"test_precision0.25":0.3888888955116272,"val_balanced_accuracy0.25":0.578383641674781,"test_balanced_accuracy0.5":0.5572033898305084,"test_balanced_accuracy0.25":0.5817796610169492,"val_recall0.25":0.38461539149284363,"_step":876,"val_balanced_accuracy0.75":0.5842259006815969,"test_accuracy0.25":0.6962025165557861,"test_accuracy0.5":0.7088607549667358,"_timestamp":1.750271992593801e+09,"_runtime":3055.526394259,"val_auroc":0.5360273122787476,"test_recall0.5":0.25,"test_recall0.75":0.05000000074505806,"val_accuracy0.75":0.723809540271759,"train_auroc":0.9992389678955078,"test_precision0.5":0.38461539149284363,"test_auroc":0.6440677642822266,"train_loss":0.12069687992334366,"test_precision0.75":0.20000000298023224,"val_recall0.75":0.3076923191547394,"val_accuracy0.25":0.6761904954910278,"test_balanced_accuracy0.75":0.49110169491525424}