{"test_balanced_accuracy0.5":0.6135593220338983,"val_precision0.5":0.31111112236976624,"test_auroc":0.6419491767883301,"val_recall0.5":0.5384615659713745,"train_loss":0.0694647952914238,"test_accuracy0.5":0.6202531456947327,"_timestamp":1.7510017015818045e+09,"test_accuracy0.25":0.5443037748336792,"val_recall0.75":0.4615384638309479,"test_recall0.5":0.6000000238418579,"train_auroc":0.9997196197509766,"val_precision0.75":0.3076923191547394,"test_precision0.25":0.3095238208770752,"test_precision0.5":0.3529411852359772,"test_recall0.75":0.5,"val_recall0.25":0.5769230723381042,"val_balanced_accuracy0.75":0.5598831548198637,"test_balanced_accuracy0.25":0.5792372881355932,"val_accuracy0.75":0.6095238327980042,"val_accuracy0.5":0.5904762148857117,"test_precision0.75":0.3448275923728943,"val_accuracy0.25":0.5428571701049805,"val_balanced_accuracy0.25":0.554284323271665,"val_balanced_accuracy0.5":0.5730282375851996,"test_accuracy0.75":0.6329113841056824,"test_balanced_accuracy0.75":0.5889830508474576,"_step":216,"test_recall0.25":0.6499999761581421,"_runtime":2999.59145614,"val_precision0.25":0.2884615361690521,"val_auroc":0.5830087661743164,"_wandb":{"runtime":2999}}