{"test_accuracy0.5":0.5822784900665283,"val_balanced_accuracy0.75":0.5,"test_accuracy0.75":0.746835470199585,"val_balanced_accuracy0.5":0.52190847127556,"val_accuracy0.75":0.7523809671401978,"val_recall0.5":0.4615384638309479,"test_precision0.5":0.3243243098258972,"test_recall0.5":0.6000000238418579,"val_auroc":0.5447906255722046,"test_accuracy0.25":0.2531645596027374,"test_balanced_accuracy0.75":0.5,"test_precision0.75":0,"train_auroc":0.7124580144882202,"_wandb":{"runtime":1860},"val_recall0.75":0,"_runtime":1860.836963722,"val_precision0.5":0.2666666805744171,"val_accuracy0.25":0.24761904776096344,"val_balanced_accuracy0.25":0.5,"val_accuracy0.5":0.5523809790611267,"val_recall0.25":1,"test_balanced_accuracy0.25":0.5,"test_recall0.75":0,"test_precision0.25":0.2531645596027374,"val_precision0.25":0.24761904776096344,"train_loss":2.075835943222046,"test_auroc":0.5516948699951172,"test_balanced_accuracy0.5":0.5881355932203389,"val_precision0.75":0,"_step":201,"test_recall0.25":1,"_timestamp":1.7509575682825925e+09}