{"test_recall0.75":0,"_wandb":{"runtime":6482},"train_loss":2.079625129699707,"val_accuracy0.25":0.24528302252292633,"val_accuracy0.5":0.24528302252292633,"test_precision0.25":0.25,"_step":154,"val_precision0.5":0.24528302252292633,"test_recall0.5":1,"test_accuracy0.75":0.75,"test_accuracy0.5":0.25,"val_balanced_accuracy0.75":0.5,"train_auroc":0.4431249499320984,"_timestamp":1.7543848690857997e+09,"val_recall0.25":1,"val_auroc":0.5,"val_recall0.75":0,"test_balanced_accuracy0.5":0.5,"val_balanced_accuracy0.5":0.5,"val_balanced_accuracy0.25":0.5,"val_recall0.5":1,"test_balanced_accuracy0.25":0.5,"val_precision0.75":0,"_runtime":6482.791667473,"test_precision0.75":0,"test_precision0.5":0.25,"val_precision0.25":0.24528302252292633,"test_auroc":0.5,"val_accuracy0.75":0.7547169923782349,"test_balanced_accuracy0.75":0.5,"test_recall0.25":1,"test_accuracy0.25":0.25}