{"_timestamp":1.7535214292362745e+09,"val_accuracy0.5":0.3644859790802002,"val_auroc":0.5625,"val_recall0.5":0.8888888955116272,"test_accuracy0.75":0.75,"train_loss":2.0665786266326904,"val_balanced_accuracy0.5":0.5381944444444444,"_wandb":{"runtime":1089},"test_balanced_accuracy0.25":0.5,"_step":320,"val_balanced_accuracy0.75":0.5,"test_auroc":0.5375000238418579,"test_recall0.75":0,"test_precision0.25":0.25,"val_precision0.5":0.26966291666030884,"test_balanced_accuracy0.5":0.5166666666666667,"test_precision0.75":0,"val_precision0.25":0.25233644247055054,"val_precision0.75":0,"test_recall0.5":0.800000011920929,"val_balanced_accuracy0.25":0.5,"val_accuracy0.75":0.7476635575294495,"test_balanced_accuracy0.75":0.5,"val_accuracy0.25":0.25233644247055054,"val_recall0.25":1,"_runtime":1089.334179615,"val_recall0.75":0,"train_auroc":0.5977554321289062,"test_accuracy0.5":0.375,"test_accuracy0.25":0.25,"test_recall0.25":1,"test_precision0.5":0.25806450843811035}