{"_wandb":{"runtime":6340},"val_accuracy0.25":0.25233644247055054,"test_accuracy0.25":0.25,"val_accuracy0.75":0.7476635575294495,"val_balanced_accuracy0.25":0.5,"test_precision0.5":0,"test_recall0.75":0,"val_recall0.5":0,"test_auroc":0.5,"_runtime":6340.75777859,"train_auroc":0.43796873092651367,"test_precision0.75":0,"test_accuracy0.5":0.75,"val_recall0.25":1,"val_precision0.75":0,"test_balanced_accuracy0.75":0.5,"val_precision0.5":0,"val_auroc":0.5,"test_precision0.25":0.25,"test_recall0.5":0,"_step":150,"test_balanced_accuracy0.25":0.5,"test_balanced_accuracy0.5":0.5,"train_loss":2.0800740718841553,"val_balanced_accuracy0.75":0.5,"_timestamp":1.7543719581934407e+09,"test_recall0.25":1,"val_accuracy0.5":0.7476635575294495,"val_recall0.75":0,"test_accuracy0.75":0.75,"val_balanced_accuracy0.5":0.5,"val_precision0.25":0.25233644247055054}