{"train_auroc":1,"val_loss":14.65725040435791,"val_balanced_accuracy":0.6857142857142857,"val_precision":0.5,"_wandb":{"runtime":671},"val_accuracy":0.7407407164573669,"_runtime":671.779957336,"test_auroc":0.5748106241226196,"_step":84,"test_balanced_accuracy":0.5405618686868687,"test_accuracy":0.6412213444709778,"test_precision":0.29729729890823364,"val_auroc":0.7571429014205933,"test_recall":0.34375,"train_loss":5.678522484231507e-06,"_timestamp":1.7495404550277355e+09,"val_recall":0.5714285969734192}