{"_step":321,"val_recall0.75":0.03703703731298447,"train_loss":1.2412744581524748e-05,"val_auroc":0.4356481432914734,"test_auroc":0.4191666543483734,"test_recall0.25":0.15000000596046448,"test_accuracy0.5":0.75,"test_precision0.25":0.3333333432674408,"test_recall0.5":0.15000000596046448,"val_accuracy0.25":0.5887850522994995,"train_auroc":1,"val_balanced_accuracy0.5":0.41226851851851853,"test_balanced_accuracy0.25":0.525,"test_balanced_accuracy0.75":0.5333333333333333,"test_precision0.5":0.5,"_runtime":1087.529321549,"test_precision0.75":0.5,"test_accuracy0.75":0.75,"_timestamp":1.7534924310832467e+09,"test_balanced_accuracy0.5":0.5499999999999999,"val_accuracy0.75":0.6168224215507507,"val_precision0.25":0.05263157933950424,"val_balanced_accuracy0.25":0.40601851851851856,"test_recall0.75":0.10000000149011612,"val_accuracy0.5":0.5981308221817017,"val_precision0.75":0.0625,"_wandb":{"runtime":1087},"val_recall0.25":0.03703703731298447,"test_accuracy0.25":0.7124999761581421,"val_balanced_accuracy0.75":0.4247685185185185,"val_precision0.5":0.0555555559694767,"val_recall0.5":0.03703703731298447}