{"test_recall0.25":0.20000000298023224,"test_accuracy0.75":0.7215189933776855,"val_recall0.5":0.19230769574642181,"test_recall0.5":0.05000000074505806,"test_precision0.75":0.25,"val_auroc":0.5401655435562134,"val_recall0.25":0.38461539149284363,"_runtime":2941.538617242,"val_balanced_accuracy0.5":0.5138753651411879,"val_accuracy0.75":0.7333333492279053,"_step":893,"test_recall0.75":0.05000000074505806,"test_balanced_accuracy0.25":0.4898305084745763,"val_balanced_accuracy0.75":0.5389483933787731,"val_balanced_accuracy0.25":0.5340798442064265,"val_accuracy0.5":0.6761904954910278,"test_balanced_accuracy0.5":0.4826271186440678,"_wandb":{"runtime":2941},"val_recall0.75":0.1538461595773697,"val_precision0.25":0.2857142984867096,"test_precision0.25":0.23529411852359772,"val_accuracy0.25":0.6095238327980042,"val_precision0.5":0.2777777910232544,"train_loss":0.09627766162157059,"test_precision0.5":0.1666666716337204,"test_balanced_accuracy0.75":0.4995762711864407,"val_precision0.75":0.4000000059604645,"test_accuracy0.25":0.6329113841056824,"test_accuracy0.5":0.6962025165557861,"test_auroc":0.6093220114707947,"train_auroc":1,"_timestamp":1.7502695214304805e+09}