{"val_balanced_accuracy0.75":0.5,"val_recall0.75":0,"val_auroc":0.5408958196640015,"test_accuracy0.25":0.2531645596027374,"_timestamp":1.7507718666001787e+09,"test_precision0.75":0,"test_accuracy0.75":0.746835470199585,"val_accuracy0.75":0.7523809671401978,"val_balanced_accuracy0.25":0.5,"test_precision0.25":0.2531645596027374,"test_recall0.25":1,"test_balanced_accuracy0.25":0.5,"val_accuracy0.25":0.24761904776096344,"val_precision0.25":0.24761904776096344,"test_auroc":0.5415254235267639,"train_loss":2.059542179107666,"test_recall0.75":0,"test_balanced_accuracy0.5":0.5716101694915254,"val_recall0.5":0.3461538553237915,"val_precision0.5":0.25,"_runtime":2182.896623505,"test_accuracy0.5":0.5822784900665283,"train_auroc":0.7137077450752258,"val_precision0.75":0,"_step":377,"test_recall0.5":0.550000011920929,"test_balanced_accuracy0.75":0.5,"val_recall0.25":1,"_wandb":{"runtime":2182},"test_precision0.5":0.3142857253551483,"val_balanced_accuracy0.5":0.502190847127556,"val_accuracy0.5":0.5809524059295654}