{"val_precision0.25":0.23170731961727142,"_runtime":1018.772454777,"val_balanced_accuracy0.25":0.4716346153846154,"val_precision0.75":0,"test_recall0.5":0,"test_accuracy0.25":0.44999998807907104,"test_balanced_accuracy0.75":0.5,"_wandb":{"runtime":1018},"val_accuracy0.25":0.3396226465702057,"test_balanced_accuracy0.25":0.55,"test_recall0.25":0.75,"test_recall0.75":0,"val_recall0.25":0.7307692170143127,"val_accuracy0.75":0.7547169923782349,"train_auroc":0.5786163806915283,"test_auroc":0.5508333444595337,"test_balanced_accuracy0.5":0.5,"train_loss":1.686653733253479,"test_precision0.75":0,"test_accuracy0.5":0.75,"val_precision0.5":0,"val_recall0.75":0,"test_precision0.25":0.2777777910232544,"val_balanced_accuracy0.5":0.5,"_step":169,"val_auroc":0.5567307472229004,"val_balanced_accuracy0.75":0.5,"_timestamp":1.753513644710796e+09,"test_accuracy0.75":0.75,"val_recall0.5":0,"test_precision0.5":0,"val_accuracy0.5":0.7547169923782349}