{"test_precision":0,"train_loss":1.6916496753692627,"_runtime":239.210156538,"test_accuracy":0.7480915784835815,"val_auroc":0.5642857551574707,"val_balanced_accuracy":0.5,"_wandb":{"runtime":239},"test_recall":0,"val_accuracy":0.7407407164573669,"train_auroc":0.5178225040435791,"val_loss":1.729522705078125,"test_balanced_accuracy":0.5,"_timestamp":1.7495038224703312e+09,"val_precision":0,"_step":57,"test_auroc":0.5831787586212158,"val_recall":0}