{"val_accuracy":0.7407407164573669,"val_balanced_accuracy":0.5,"test_precision":0,"train_loss":1.6973243951797485,"val_recall":0,"val_auroc":0.6071428656578064,"_timestamp":1.749555138452804e+09,"_runtime":516.736230139,"test_recall":0,"val_loss":1.7265188694000244,"_wandb":{"runtime":516},"val_precision":0,"test_accuracy":0.7557252049446106,"test_auroc":0.5233585834503174,"_step":132,"train_auroc":0.5334674119949341,"test_balanced_accuracy":0.5}