{"val_accuracy0.5":0.7196261882781982,"val_balanced_accuracy0.75":0.5118055555555555,"_runtime":1712.528017267,"test_precision0.5":0.1428571492433548,"test_balanced_accuracy0.75":0.4916666666666667,"_wandb":{"runtime":1712},"test_precision0.25":0.10000000149011612,"val_balanced_accuracy0.25":0.5363425925925925,"_timestamp":1.753474754009223e+09,"val_recall0.25":0.18518517911434174,"test_accuracy0.75":0.7124999761581421,"_step":282,"test_auroc":0.4908333420753479,"val_recall0.5":0.14814814925193787,"val_precision0.25":0.3571428656578064,"test_recall0.5":0.05000000074505806,"val_accuracy0.75":0.7102803587913513,"train_auroc":1,"test_accuracy0.5":0.6875,"test_balanced_accuracy0.25":0.45,"val_precision0.5":0.3636363744735718,"train_loss":1.6945637980825268e-05,"test_recall0.25":0.05000000074505806,"val_auroc":0.5013889074325562,"val_precision0.75":0.30000001192092896,"test_accuracy0.25":0.6499999761581421,"test_balanced_accuracy0.5":0.47500000000000003,"test_recall0.75":0.05000000074505806,"val_accuracy0.25":0.7102803587913513,"val_recall0.75":0.1111111119389534,"val_balanced_accuracy0.5":0.530324074074074,"test_precision0.75":0.20000000298023224}