{"train_kld_loss":0.001046517281793058,"test_accuracy0.25":0.25,"val_balanced_accuracy0.5":0.5,"val_precision0.5":0,"val_recall0.75":0,"val_precision0.25":0.25471699237823486,"_wandb":{"runtime":1251},"val_balanced_accuracy0.25":0.5,"train_auroc":0.49964845180511475,"test_recall0.5":0,"train_logvar":2.9254774744913448e-06,"_step":50,"val_balanced_accuracy0.75":0.5,"test_accuracy0.75":0.75,"val_recall0.25":1,"val_precision0.75":0,"val_auroc":0.49671822786331177,"_timestamp":1.754973804963271e+09,"test_balanced_accuracy0.75":0.5,"test_recall0.75":0,"test_precision0.5":0,"val_accuracy0.75":0.7452830076217651,"test_precision0.75":0,"train_surv_loss":1.018640398979187,"train_loss":1.509564995765686,"_runtime":1251.32259526,"val_recall0.5":0,"test_auroc":0.4933333098888397,"test_recall0.25":1,"test_balanced_accuracy0.5":0.5,"val_accuracy0.25":0.25471699237823486,"train_recon_loss_no_kld":0.9808025360107422,"test_precision0.25":0.25,"train_mu":-7.580893424119495e-08,"test_balanced_accuracy0.25":0.5,"val_accuracy0.5":0.7452830076217651,"test_accuracy0.5":0.75}