{"val_recall0.5":0.5384615659713745,"test_accuracy0.75":0.5189873576164246,"test_auroc":0.5495762825012207,"val_balanced_accuracy0.5":0.6046738072054527,"test_balanced_accuracy0.75":0.5292372881355932,"val_auroc":0.5744887590408325,"val_precision0.5":0.3499999940395355,"test_recall0.25":0.6499999761581421,"_runtime":3060.543789263,"test_precision0.5":0.2888889014720917,"val_precision0.25":0.3414634168148041,"test_precision0.75":0.2750000059604645,"val_accuracy0.5":0.6380952596664429,"test_accuracy0.25":0.4810126721858978,"train_auroc":1,"_wandb":{"runtime":3060},"test_balanced_accuracy0.25":0.5368644067796611,"val_accuracy0.75":0.6190476417541504,"test_recall0.75":0.550000011920929,"_timestamp":1.7510142763750439e+09,"_step":227,"test_balanced_accuracy0.5":0.5538135593220339,"test_recall0.5":0.6499999761581421,"test_precision0.25":0.27659574151039124,"val_recall0.25":0.5384615659713745,"train_loss":1.3579081496573053e-05,"val_balanced_accuracy0.25":0.598344693281402,"val_accuracy0.25":0.6285714507102966,"val_recall0.75":0.4615384638309479,"test_accuracy0.5":0.5063291192054749,"val_balanced_accuracy0.75":0.5662122687439144,"val_precision0.75":0.31578946113586426}