{"val_accuracy0.25":0.24761904776096344,"test_precision0.5":0.239130437374115,"val_balanced_accuracy0.5":0.5228821811100293,"val_accuracy0.5":0.4761904776096344,"val_recall0.5":0.6153846383094788,"test_balanced_accuracy0.5":0.4783898305084746,"val_balanced_accuracy0.75":0.5,"test_precision0.75":0,"val_auroc":0.48149949312210083,"_timestamp":1.7502822715616803e+09,"test_recall0.25":1,"test_precision0.25":0.2531645596027374,"_wandb":{"runtime":1209},"train_loss":2.051030158996582,"train_auroc":0.6794755458831787,"val_precision0.75":0,"val_balanced_accuracy0.25":0.5,"test_balanced_accuracy0.75":0.5,"test_recall0.75":0,"_step":357,"val_precision0.25":0.24761904776096344,"test_recall0.5":0.550000011920929,"test_accuracy0.25":0.2531645596027374,"test_auroc":0.47288137674331665,"val_recall0.75":0,"val_recall0.25":1,"test_balanced_accuracy0.25":0.5,"val_precision0.5":0.26229506731033325,"test_accuracy0.5":0.4430379867553711,"test_accuracy0.75":0.746835470199585,"_runtime":1209.816809988,"val_accuracy0.75":0.7523809671401978}