{"val_accuracy":0.7407407164573669,"val_loss":1.7272707223892212,"test_balanced_accuracy":0.5,"test_precision":0,"test_accuracy":0.75,"val_precision":0,"train_loss":1.6022298336029053,"train_auroc":0.7243327498435974,"val_recall":0,"test_recall":0,"_timestamp":1.7494880459825172e+09,"val_auroc":0.5571428537368774,"_runtime":350.819972717,"_wandb":{"runtime":350},"_step":124,"test_auroc":0.519436776638031,"val_balanced_accuracy":0.5}