{"test_accuracy":0.746835470199585,"train_auroc":0.5,"val_accuracy":0.75,"train_loss":0.3954678177833557,"test_precision":0,"_runtime":566.396905745,"val_recall":0,"test_auroc":0.5,"_step":35,"test_recall":0,"_timestamp":1.7474277476989725e+09,"_wandb":{"runtime":566},"val_precision":0,"val_auroc":0.5,"val_loss":0.3954678177833557}