{"val_balanced_accuracy0.5":0.5807692307692307,"test_recall0.5":0.550000011920929,"val_balanced_accuracy0.75":0.5610576923076923,"test_precision0.75":0.2800000011920929,"test_precision0.5":0.3333333432674408,"val_precision0.75":0.32258063554763794,"train_loss":0.01448261458426714,"val_balanced_accuracy0.25":0.5625,"test_balanced_accuracy0.75":0.5249999999999999,"val_precision0.5":0.3333333432674408,"test_balanced_accuracy0.5":0.5916666666666667,"test_accuracy0.75":0.612500011920929,"test_recall0.25":0.6499999761581421,"val_accuracy0.25":0.5943396091461182,"_runtime":10256.004716326,"val_recall0.5":0.4615384638309479,"val_accuracy0.75":0.650943398475647,"_timestamp":1.7535214154438217e+09,"val_recall0.25":0.5,"test_balanced_accuracy0.25":0.6416666666666666,"test_recall0.75":0.3499999940395355,"test_accuracy0.25":0.637499988079071,"val_recall0.75":0.38461539149284363,"_step":251,"val_auroc":0.5884615182876587,"train_auroc":1,"test_auroc":0.6183333396911621,"test_precision0.25":0.37142857909202576,"val_precision0.25":0.302325576543808,"test_accuracy0.5":0.612500011920929,"_wandb":{"runtime":10256},"val_accuracy0.5":0.6415094137191772}