{"_timestamp":1.7504767327604685e+09,"val_balanced_accuracy0.5":0.5,"test_balanced_accuracy0.25":0.5,"val_precision0.5":0,"test_recall0.5":0,"test_precision0.75":0,"train_auroc":0.4989045560359955,"_step":243,"_runtime":656.186052699,"test_accuracy0.75":0.746835470199585,"val_precision0.25":0.24761904776096344,"val_recall0.75":0,"test_recall0.25":1,"train_loss":1.690895915031433,"test_accuracy0.5":0.746835470199585,"test_balanced_accuracy0.5":0.5,"val_balanced_accuracy0.75":0.5,"val_precision0.75":0,"val_accuracy0.5":0.7523809671401978,"test_precision0.5":0,"_wandb":{"runtime":656},"val_accuracy0.25":0.24761904776096344,"val_balanced_accuracy0.25":0.5,"test_auroc":0.5203390121459961,"val_recall0.5":0,"val_auroc":0.5131450891494751,"test_recall0.75":0,"val_recall0.25":1,"val_accuracy0.75":0.7523809671401978,"test_precision0.25":0.2531645596027374,"test_balanced_accuracy0.75":0.5,"test_accuracy0.25":0.2531645596027374}