{"test_auroc":0.5416666269302368,"test_recall0.25":1,"test_accuracy0.75":0.75,"test_accuracy0.25":0.25,"test_precision0.75":0,"val_auroc":0.5719643831253052,"_step":205,"val_accuracy0.5":0.7452830076217651,"val_accuracy0.75":0.7452830076217651,"test_recall0.5":0,"train_loss":1.682234764099121,"test_accuracy0.5":0.75,"val_recall0.25":1,"val_balanced_accuracy0.75":0.5,"test_balanced_accuracy0.25":0.5,"test_recall0.75":0,"val_balanced_accuracy0.5":0.5,"val_recall0.75":0,"test_precision0.5":0,"test_precision0.25":0.25,"train_auroc":0.5573112964630127,"val_accuracy0.25":0.25471699237823486,"val_precision0.75":0,"test_balanced_accuracy0.75":0.5,"val_precision0.25":0.25471699237823486,"test_balanced_accuracy0.5":0.5,"_runtime":1304.989922168,"val_recall0.5":0,"_timestamp":1.7535293904145968e+09,"val_precision0.5":0,"_wandb":{"runtime":1304},"val_balanced_accuracy0.25":0.5}