{"val_balanced_accuracy0.25":0.48880233690360275,"val_balanced_accuracy0.5":0.5009737098344693,"val_recall0.25":0.23076923191547394,"_timestamp":1.7501266611934352e+09,"test_balanced_accuracy0.5":0.5156779661016949,"train_loss":0.0050138868391513824,"_step":328,"test_recall0.75":0.15000000596046448,"test_accuracy0.75":0.7088607549667358,"test_balanced_accuracy0.75":0.5241525423728813,"test_precision0.5":0.30000001192092896,"test_accuracy0.5":0.6962025165557861,"test_recall0.25":0.3499999940395355,"val_recall0.75":0.1538461595773697,"_wandb":{"runtime":959},"_runtime":959.018771173,"train_auroc":1,"test_auroc":0.6050847172737122,"test_precision0.75":0.3333333432674408,"test_accuracy0.25":0.6329113841056824,"test_balanced_accuracy0.25":0.5394067796610169,"val_precision0.25":0.23076923191547394,"val_precision0.5":0.25,"val_accuracy0.5":0.6761904954910278,"val_precision0.75":0.4000000059604645,"val_recall0.5":0.1538461595773697,"test_recall0.5":0.15000000596046448,"val_balanced_accuracy0.75":0.5389483933787731,"test_precision0.25":0.30434781312942505,"val_accuracy0.25":0.6190476417541504,"val_auroc":0.5530672073364258,"val_accuracy0.75":0.7333333492279053}