{"test_recall0.75":0.15000000596046448,"_step":999,"val_recall0.75":0.11538461595773697,"val_precision0.75":0.15789473056793213,"val_precision0.5":0.25531914830207825,"test_precision0.5":0.3414634168148041,"test_recall0.25":0.8999999761581421,"test_precision0.25":0.29032257199287415,"test_precision0.75":0.1875,"val_precision0.25":0.26923078298568726,"train_auroc":0.9991587400436401,"test_balanced_accuracy0.5":0.6211864406779661,"test_balanced_accuracy0.75":0.4648305084745763,"test_accuracy0.75":0.6202531456947327,"val_balanced_accuracy0.75":0.4564264849074976,"val_balanced_accuracy0.5":0.5092502434274586,"val_accuracy0.75":0.6285714507102966,"test_recall0.5":0.699999988079071,"val_accuracy0.25":0.4095238149166107,"val_auroc":0.5467380285263062,"_runtime":4373.837107111,"test_accuracy0.5":0.5822784900665283,"test_auroc":0.5864406824111938,"test_balanced_accuracy0.25":0.5771186440677967,"_wandb":{"runtime":4373},"_timestamp":1.75018328015806e+09,"val_recall0.5":0.4615384638309479,"val_recall0.25":0.807692289352417,"train_loss":0.442658931016922,"val_accuracy0.5":0.5333333611488342,"val_balanced_accuracy0.25":0.5430866601752677,"test_accuracy0.25":0.4177215099334717}