{"test_balanced_accuracy0.25":0.5,"val_balanced_accuracy0.5":0.5,"test_recall0.25":1,"val_recall0.25":1,"val_precision0.25":0.24761904776096344,"_step":292,"train_auroc":0.5270812511444092,"test_accuracy0.75":0.746835470199585,"val_auroc":0.4695715606212616,"val_balanced_accuracy0.75":0.5,"test_precision0.25":0.2531645596027374,"_runtime":3325.883334456,"val_precision0.5":0,"train_loss":1.6908705234527588,"test_balanced_accuracy0.75":0.5,"val_recall0.5":0,"val_recall0.75":0,"test_recall0.75":0,"val_precision0.75":0,"test_accuracy0.25":0.2531645596027374,"val_accuracy0.75":0.7523809671401978,"test_precision0.5":0,"val_balanced_accuracy0.25":0.5,"test_recall0.5":0,"test_balanced_accuracy0.5":0.5,"val_accuracy0.25":0.24761904776096344,"test_accuracy0.5":0.746835470199585,"_timestamp":1.7507020883838072e+09,"test_auroc":0.6372881531715393,"val_accuracy0.5":0.7523809671401978,"test_precision0.75":0,"_wandb":{"runtime":3325}}