{"_wandb":{"runtime":660},"val_accuracy":0.6666666865348816,"val_precision":0.25,"val_auroc":0.5285714268684387,"test_auroc":0.5321969389915466,"_runtime":660.035403759,"train_loss":0.02459593117237091,"val_recall":0.1428571492433548,"test_precision":0.1599999964237213,"val_loss":3.3042194843292236,"train_auroc":1,"test_recall":0.125,"_step":170,"test_accuracy":0.6259542107582092,"test_balanced_accuracy":0.4564393939393939,"val_balanced_accuracy":0.49642857142857144,"_timestamp":1.7494729717862413e+09}