{"train_mu":-1.1486964712759118e-09,"test_balanced_accuracy0.25":0.5,"test_precision0.25":0.25,"train_auroc":0.4681640863418579,"val_precision0.75":0,"val_auroc":0.5,"val_precision0.25":0.25471699237823486,"train_logvar":-1.1723114035078197e-08,"test_balanced_accuracy0.5":0.5,"val_balanced_accuracy0.5":0.5,"_step":95,"val_recall0.75":0,"val_balanced_accuracy0.25":0.5,"train_recon_loss_no_kld":1.49837064743042,"test_accuracy0.25":0.25,"test_precision0.75":0,"test_recall0.25":1,"test_accuracy0.75":0.75,"test_balanced_accuracy0.75":0.5,"val_balanced_accuracy0.75":0.5,"test_accuracy0.5":0.75,"_runtime":1542.32960099,"train_surv_loss":1.0011093616485596,"val_accuracy0.75":0.7452830076217651,"test_precision0.5":0,"val_accuracy0.5":0.7452830076217651,"test_auroc":0.5,"test_recall0.5":0,"_wandb":{"runtime":1542},"train_kld_loss":0.2052878588438034,"test_recall0.75":0,"val_accuracy0.25":0.25471699237823486,"train_loss":1.8529386520385742,"_timestamp":1.7549244018689969e+09,"val_recall0.5":0,"val_precision0.5":0,"val_recall0.25":1}