{"test_accuracy0.75":0.6708860993385315,"test_recall0.25":0.30000001192092896,"test_auroc":0.5906779766082764,"val_balanced_accuracy0.25":0.5209347614410906,"val_precision0.75":0.2631579041481018,"val_precision0.25":0.27586206793785095,"val_accuracy0.25":0.6285714507102966,"_timestamp":1.7502399670201614e+09,"train_loss":0.029115943238139153,"val_recall0.25":0.3076923191547394,"val_recall0.75":0.19230769574642181,"test_precision0.5":0.31578946113586426,"test_balanced_accuracy0.75":0.5317796610169492,"test_precision0.75":0.3125,"val_recall0.5":0.23076923191547394,"_runtime":825.927116296,"val_accuracy0.75":0.6666666865348816,"train_auroc":0.9997997283935547,"test_balanced_accuracy0.5":0.5398305084745763,"test_balanced_accuracy0.25":0.5228813559322034,"test_recall0.5":0.30000001192092896,"test_precision0.25":0.2857142984867096,"_wandb":{"runtime":825},"test_accuracy0.5":0.6582278609275818,"val_auroc":0.5146056413650513,"val_precision0.5":0.27272728085517883,"val_balanced_accuracy0.75":0.5075462512171374,"test_recall0.75":0.25,"val_accuracy0.5":0.6571428775787354,"val_balanced_accuracy0.5":0.5141187925998053,"test_accuracy0.25":0.6329113841056824,"_step":256}