{"train_loss":0.6814023852348328,"train_auroc":0.6666666269302368,"val_loss":0.6896482706069946,"val_accuracy":0.5,"_wandb":{"runtime":19},"val_precision":0,"_runtime":19.1787165,"val_auroc":0,"val_recall":0,"_step":0,"_timestamp":1.7477413233503325e+09}