{"val_balanced_accuracy0.25":0.4824732229795521,"_step":234,"test_recall0.25":0.05000000074505806,"test_auroc":0.48432204127311707,"test_precision0.75":0.0714285746216774,"_wandb":{"runtime":1279},"test_precision0.5":0.0714285746216774,"test_recall0.5":0.05000000074505806,"val_precision0.75":0.260869562625885,"val_accuracy0.5":0.6285714507102966,"val_auroc":0.5051119923591614,"train_loss":0.04443713650107384,"test_precision0.25":0.06666667014360428,"test_accuracy0.5":0.594936728477478,"val_balanced_accuracy0.5":0.4951314508276534,"val_recall0.75":0.23076923191547394,"val_accuracy0.25":0.6095238327980042,"val_recall0.25":0.23076923191547394,"val_precision0.5":0.23999999463558197,"test_accuracy0.25":0.5822784900665283,"test_recall0.75":0.05000000074505806,"val_balanced_accuracy0.75":0.5077896786757546,"test_accuracy0.75":0.594936728477478,"test_balanced_accuracy0.25":0.40635593220338984,"val_accuracy0.75":0.6476190686225891,"val_recall0.5":0.23076923191547394,"test_balanced_accuracy0.75":0.4148305084745763,"test_balanced_accuracy0.5":0.4148305084745763,"val_precision0.25":0.2222222238779068,"_timestamp":1.7505531938139594e+09,"train_auroc":0.9992697238922119,"_runtime":1279.635871489}