{"val_accuracy":0.75,"_timestamp":1.747689020898951e+09,"_step":83,"test_recall":0.30000001192092896,"test_accuracy":0.6962025165557861,"_wandb":{"runtime":1233},"test_auroc":0.5652542114257812,"_runtime":1233.295886726,"val_precision":0.5,"test_precision":0.375,"val_recall":0.125,"val_loss":0.42813995480537415,"train_loss":0.24065235257148743,"val_auroc":0.5416666865348816,"train_auroc":0.6907109022140503}