{"val_precision":0,"val_accuracy":0.75,"test_recall":0,"_runtime":591.419724633,"train_loss":0.3718227446079254,"test_accuracy":0.746835470199585,"_wandb":{"runtime":591},"_step":18,"val_loss":0.37402617931365967,"test_precision":0,"val_auroc":0.390625,"test_auroc":0.4796610176563263,"_timestamp":1.747779071789101e+09,"train_auroc":0.46814215183258057,"val_recall":0}