{"val_recall0.5":0,"train_auroc":0.43937498331069946,"test_balanced_accuracy0.5":0.5,"test_auroc":0.5,"test_accuracy0.75":0.75,"train_loss":2.0797455310821533,"test_recall0.75":0,"test_precision0.5":0,"val_precision0.75":0,"_wandb":{"runtime":6366},"_step":151,"val_auroc":0.5,"val_accuracy0.25":0.24528302252292633,"test_precision0.25":0.25,"test_precision0.75":0,"_runtime":6366.282070473,"test_accuracy0.5":0.75,"test_balanced_accuracy0.75":0.5,"val_balanced_accuracy0.25":0.5,"val_recall0.75":0,"val_accuracy0.5":0.7547169923782349,"_timestamp":1.7544043388862078e+09,"val_balanced_accuracy0.5":0.5,"val_recall0.25":1,"test_balanced_accuracy0.25":0.5,"val_accuracy0.75":0.7547169923782349,"test_recall0.25":1,"val_precision0.5":0,"val_precision0.25":0.24528302252292633,"test_recall0.5":0,"test_accuracy0.25":0.25,"val_balanced_accuracy0.75":0.5}