{"val_recall0.25":1,"val_auroc":0.5,"train_loss":2.093916177749634,"test_balanced_accuracy0.75":0.5,"test_precision0.5":0,"test_recall0.25":1,"val_balanced_accuracy0.25":0.5,"_timestamp":1.7508653619781961e+09,"test_recall0.75":0,"val_recall0.75":0,"val_precision0.75":0,"val_precision0.5":0,"test_precision0.75":0,"test_accuracy0.5":0.746835470199585,"val_precision0.25":0.24761904776096344,"val_balanced_accuracy0.5":0.5,"_step":192,"test_balanced_accuracy0.25":0.5,"train_auroc":0.5325741767883301,"val_accuracy0.25":0.24761904776096344,"test_balanced_accuracy0.5":0.5,"test_accuracy0.25":0.2531645596027374,"test_accuracy0.75":0.746835470199585,"_runtime":2076.327403773,"val_balanced_accuracy0.75":0.5,"test_auroc":0.5,"_wandb":{"runtime":2076},"val_accuracy0.5":0.7523809671401978,"test_precision0.25":0.2531645596027374,"test_recall0.5":0,"val_accuracy0.75":0.7523809671401978,"val_recall0.5":0}