{"test_precision0.5":0.21875,"_runtime":1650.786707928,"_step":189,"train_loss":2.073838949203491,"test_accuracy0.25":0.25,"val_accuracy0.75":0.7452830076217651,"val_balanced_accuracy0.25":0.5,"val_precision0.75":0,"val_accuracy0.25":0.25471699237823486,"val_recall0.25":1,"val_auroc":0.5963431596755981,"test_balanced_accuracy0.25":0.5,"test_auroc":0.5058333873748779,"val_accuracy0.5":0.5849056839942932,"train_auroc":0.5392968654632568,"test_accuracy0.5":0.5249999761581421,"val_recall0.5":0.3333333432674408,"test_precision0.75":0,"test_balanced_accuracy0.75":0.5,"val_balanced_accuracy0.5":0.5021097046413502,"test_recall0.5":0.3499999940395355,"_wandb":{"runtime":1650},"test_recall0.75":0,"val_precision0.5":0.2571428716182709,"test_precision0.25":0.25,"val_precision0.25":0.25471699237823486,"val_recall0.75":0,"test_recall0.25":1,"_timestamp":1.7542815746254015e+09,"test_balanced_accuracy0.5":0.4666666666666667,"test_accuracy0.75":0.75,"val_balanced_accuracy0.75":0.5}