{"test_recall0.25":1,"test_balanced_accuracy0.5":0.5083333333333333,"val_recall0.75":0,"_timestamp":1.754285932236008e+09,"val_balanced_accuracy0.75":0.5,"test_precision0.75":0,"val_recall0.25":1,"test_auroc":0.5016666650772095,"_step":175,"test_balanced_accuracy0.75":0.5,"val_auroc":0.47980767488479614,"val_balanced_accuracy0.25":0.5,"val_accuracy0.25":0.24528302252292633,"train_auroc":0.5983149409294128,"test_recall0.5":0.05000000074505806,"val_precision0.25":0.24528302252292633,"val_balanced_accuracy0.5":0.5072115384615384,"train_loss":2.073758602142334,"test_balanced_accuracy0.25":0.5,"_wandb":{"runtime":1561},"test_recall0.75":0,"val_recall0.5":0.07692307978868484,"test_precision0.5":0.3333333432674408,"test_precision0.25":0.25,"val_precision0.5":0.2857142984867096,"test_accuracy0.25":0.25,"test_accuracy0.5":0.737500011920929,"val_accuracy0.5":0.7264150977134705,"val_accuracy0.75":0.7547169923782349,"val_precision0.75":0,"_runtime":1561.472571581,"test_accuracy0.75":0.75}