{"_runtime":491.655901179,"test_accuracy":0.7557252049446106,"val_recall":0,"train_auroc":0.5995403528213501,"_step":70,"_wandb":{"runtime":491},"test_precision":0,"test_recall":0,"val_auroc":0.7142857313156128,"val_balanced_accuracy":0.5,"test_balanced_accuracy":0.5,"val_loss":1.8191814422607422,"test_auroc":0.4995265007019043,"val_precision":0,"train_loss":1.8072125911712646,"_timestamp":1.7495902087558649e+09,"val_accuracy":0.7407407164573669}