{"val_loss":1.6989506483078003,"train_loss":1.6432708501815796,"val_precision":0,"_runtime":202.578832463,"val_accuracy":0.7407407164573669,"val_balanced_accuracy":0.5,"val_auroc":0.6642856597900391,"val_recall":0,"test_auroc":0.4409722089767456,"train_auroc":0.6353538036346436,"_step":50,"test_balanced_accuracy":0.5,"test_accuracy":0.7557252049446106,"_wandb":{"runtime":202},"test_precision":0,"_timestamp":1.7494976176199005e+09,"test_recall":0}