{"test_recall0.5":0.3499999940395355,"_runtime":1950.153623753,"test_balanced_accuracy0.25":0.623728813559322,"test_recall0.25":0.4000000059604645,"val_precision0.25":0.375,"_step":213,"test_accuracy0.5":0.746835470199585,"val_balanced_accuracy0.5":0.5652385589094451,"val_recall0.5":0.3076923191547394,"val_precision0.75":0.3636363744735718,"val_precision0.5":0.3636363744735718,"_wandb":{"runtime":1950},"test_accuracy0.25":0.7341772317886353,"val_auroc":0.570107102394104,"test_precision0.5":0.5,"test_balanced_accuracy0.75":0.5906779661016949,"val_recall0.75":0.3076923191547394,"test_precision0.25":0.47058823704719543,"test_recall0.75":0.30000001192092896,"test_accuracy0.75":0.7341772317886353,"test_balanced_accuracy0.5":0.6156779661016949,"val_balanced_accuracy0.25":0.5781402142161636,"train_auroc":1,"val_recall0.25":0.3461538553237915,"test_precision0.75":0.4615384638309479,"val_accuracy0.75":0.6952381134033203,"val_accuracy0.25":0.6952381134033203,"val_accuracy0.5":0.6952381134033203,"train_loss":1.6339804460585583e-06,"_timestamp":1.7508834819334168e+09,"test_auroc":0.6635593175888062,"val_balanced_accuracy0.75":0.5652385589094451}