{"val_precision0.25":0.1428571492433548,"test_recall0.25":0.4000000059604645,"test_balanced_accuracy0.5":0.47966101694915253,"val_accuracy0.25":0.46666666865348816,"test_precision0.25":0.22857142984867096,"test_accuracy0.25":0.5063291192054749,"test_balanced_accuracy0.25":0.4711864406779661,"test_precision0.5":0.23529411852359772,"train_auroc":0.9995131492614746,"val_balanced_accuracy0.5":0.40019474196689386,"test_auroc":0.49957630038261414,"val_recall0.75":0.19230769574642181,"test_balanced_accuracy0.75":0.47966101694915253,"test_recall0.5":0.4000000059604645,"_runtime":1849.116554354,"val_recall0.5":0.23076923191547394,"test_accuracy0.75":0.5189873576164246,"val_precision0.5":0.15000000596046448,"val_balanced_accuracy0.25":0.38753651411879264,"train_loss":0.04349983111023903,"_timestamp":1.7504900124980793e+09,"val_recall0.25":0.23076923191547394,"test_accuracy0.5":0.5189873576164246,"test_recall0.75":0.4000000059604645,"_step":646,"val_accuracy0.75":0.5047619342803955,"_wandb":{"runtime":1849},"val_auroc":0.3332521915435791,"val_balanced_accuracy0.75":0.39995131450827653,"val_precision0.75":0.1388888955116272,"val_accuracy0.5":0.48571428656578064,"test_precision0.75":0.23529411852359772}