{"test_precision":0,"val_recall":0,"val_loss":0.37340447306632996,"_wandb":{"runtime":582},"_timestamp":1.7476646319827719e+09,"test_accuracy":0.746835470199585,"val_precision":0,"test_auroc":0.5,"val_auroc":0.5,"train_auroc":0.5,"train_loss":0.348880797624588,"val_accuracy":0.75,"_runtime":581.372796274,"test_recall":0,"_step":35}