{"test_auroc":0.5,"val_precision0.25":0.24761904776096344,"test_accuracy0.25":0.2531645596027374,"test_accuracy0.75":0.746835470199585,"test_precision0.75":0,"val_balanced_accuracy0.75":0.5,"val_accuracy0.5":0.7523809671401978,"train_auroc":0.5154622793197632,"val_balanced_accuracy0.5":0.5,"val_recall0.25":1,"val_accuracy0.25":0.24761904776096344,"test_precision0.25":0.2531645596027374,"test_balanced_accuracy0.75":0.5,"test_balanced_accuracy0.25":0.5,"test_accuracy0.5":0.746835470199585,"test_recall0.25":1,"test_precision0.5":0,"val_auroc":0.5,"test_recall0.75":0,"val_balanced_accuracy0.25":0.5,"val_accuracy0.75":0.7523809671401978,"val_recall0.75":0,"val_recall0.5":0,"_step":340,"test_balanced_accuracy0.5":0.5,"val_precision0.75":0,"_wandb":{"runtime":1297},"_timestamp":1.750239129736754e+09,"test_recall0.5":0,"val_precision0.5":0,"_runtime":1297.957626405,"train_loss":2.095447063446045}