{"val_auroc":0.5,"val_precision0.5":0.24761904776096344,"test_recall0.5":1,"_runtime":1268.113722204,"val_precision0.25":0.24761904776096344,"test_recall0.75":0,"test_accuracy0.25":0.2531645596027374,"test_balanced_accuracy0.5":0.5,"val_accuracy0.25":0.24761904776096344,"train_auroc":0.4842955470085144,"val_balanced_accuracy0.25":0.5,"test_precision0.5":0.2531645596027374,"train_loss":2.0947206020355225,"_step":157,"val_precision0.75":0,"val_recall0.75":0,"_timestamp":1.751378596518454e+09,"test_auroc":0.5,"test_accuracy0.5":0.2531645596027374,"val_balanced_accuracy0.5":0.5,"val_accuracy0.75":0.7523809671401978,"val_recall0.5":1,"val_recall0.25":1,"_wandb":{"runtime":1268},"test_accuracy0.75":0.746835470199585,"test_precision0.25":0.2531645596027374,"test_precision0.75":0,"val_accuracy0.5":0.24761904776096344,"test_balanced_accuracy0.25":0.5,"val_balanced_accuracy0.75":0.5,"test_recall0.25":1,"test_balanced_accuracy0.75":0.5}