{"val_precision":0.5,"_step":0,"val_loss":4.966905117034912,"val_accuracy":0.5,"val_auroc":0,"_wandb":{"runtime":21},"_timestamp":1.7477504509096053e+09,"val_recall":1,"_runtime":21.3644666}