{"test_auroc":0.4601694941520691,"val_balanced_accuracy0.5":0.4819863680623174,"test_balanced_accuracy0.25":0.4055084745762712,"test_accuracy0.5":0.5316455960273743,"test_precision0.75":0.0555555559694767,"test_recall0.5":0.05000000074505806,"val_balanced_accuracy0.25":0.46299902629016554,"val_accuracy0.5":0.6476190686225891,"val_recall0.75":0.1538461595773697,"train_auroc":0.9997277855873108,"test_precision0.5":0.05263157933950424,"test_balanced_accuracy0.75":0.3809322033898305,"test_recall0.25":0.15000000596046448,"_timestamp":1.7513985041700613e+09,"val_accuracy0.25":0.6190476417541504,"test_recall0.75":0.05000000074505806,"test_balanced_accuracy0.5":0.3724576271186441,"val_accuracy0.75":0.6761904954910278,"_wandb":{"runtime":1303},"_runtime":1303.369987487,"train_loss":0.03442253917455673,"val_balanced_accuracy0.75":0.5009737098344693,"test_accuracy0.25":0.5316455960273743,"val_auroc":0.48831549286842346,"val_precision0.25":0.1818181872367859,"val_recall0.5":0.1538461595773697,"_step":229,"test_precision0.25":0.1304347813129425,"val_recall0.25":0.1538461595773697,"test_accuracy0.75":0.5443037748336792,"val_precision0.75":0.25,"val_precision0.5":0.21052631735801697}