{"test_recall0.75":0.5,"val_accuracy0.5":0.4528301954269409,"val_recall0.25":0.5,"_runtime":5405.053094874,"test_balanced_accuracy0.75":0.55,"test_balanced_accuracy0.5":0.5,"val_accuracy0.25":0.4150943458080292,"val_recall0.75":0.42307692766189575,"test_precision0.25":0.2708333432674408,"test_balanced_accuracy0.25":0.5333333333333333,"test_precision0.75":0.29411765933036804,"test_recall0.5":0.550000011920929,"_wandb":{"runtime":5405},"test_accuracy0.5":0.4749999940395355,"val_auroc":0.4730769395828247,"test_auroc":0.5425000190734863,"test_recall0.25":0.6499999761581421,"test_precision0.5":0.25,"val_precision0.25":0.20967741310596466,"train_auroc":1,"test_accuracy0.25":0.4749999940395355,"val_balanced_accuracy0.75":0.46778846153846154,"val_balanced_accuracy0.5":0.4557692307692308,"_step":225,"_timestamp":1.7539152884231966e+09,"val_balanced_accuracy0.25":0.44375,"val_recall0.5":0.4615384638309479,"val_accuracy0.75":0.49056604504585266,"test_accuracy0.75":0.574999988079071,"val_precision0.5":0.2142857164144516,"val_precision0.75":0.2199999988079071,"train_loss":0.002145481528714299}