{"val_balanced_accuracy":0.5625,"train_loss":0.35441648960113525,"val_loss":1.6748512983322144,"test_accuracy":0.6202531456947327,"val_recall":0.65625,"_step":131,"val_precision":0.65625,"val_accuracy":0.65625,"_wandb":{"runtime":5622},"_timestamp":1.747874759700644e+09,"_runtime":5622.334208656,"test_recall":0.6202531456947327,"train_auroc":0.901341438293457,"test_precision":0.6202531456947327,"test_balanced_accuracy":0.4978813559322034,"test_auroc":0.47288134694099426,"val_auroc":0.546875}