{"_runtime":4635.191379573,"test_precision0.5":0.5,"test_precision0.75":0,"test_recall0.5":0.20000000298023224,"val_recall0.25":0.9615384340286255,"val_accuracy0.25":0.3113207519054413,"test_recall0.75":0,"test_accuracy0.25":0.3375000059604645,"_wandb":{"runtime":4635},"test_balanced_accuracy0.75":0.49166666666666664,"val_precision0.25":0.25773194432258606,"val_balanced_accuracy0.5":0.5144230769230769,"val_accuracy0.5":0.698113203048706,"test_balanced_accuracy0.25":0.5416666666666666,"train_loss":1.3778579235076904,"val_auroc":0.5586538314819336,"test_balanced_accuracy0.5":0.5666666666666667,"test_precision0.25":0.26760563254356384,"val_recall0.5":0.1538461595773697,"val_balanced_accuracy0.75":0.5192307692307693,"test_auroc":0.5691666603088379,"test_accuracy0.75":0.737500011920929,"_timestamp":1.753902719714539e+09,"val_precision0.5":0.2857142984867096,"train_auroc":0.8492543697357178,"val_balanced_accuracy0.25":0.5307692307692308,"test_recall0.25":0.949999988079071,"val_recall0.75":0.03846153989434242,"_step":999,"test_accuracy0.5":0.75,"val_precision0.75":1,"val_accuracy0.75":0.7641509175300598}