{"_runtime":3450.713005978,"test_recall0.75":0.05000000074505806,"test_recall0.5":0.15000000596046448,"test_precision0.25":0.3636363744735718,"test_precision0.75":0.5,"train_auroc":1,"val_accuracy0.25":0.7169811129570007,"val_balanced_accuracy0.25":0.5785278949835913,"test_accuracy0.25":0.7124999761581421,"test_auroc":0.6241666674613953,"_step":550,"val_accuracy0.75":0.7264150977134705,"val_accuracy0.5":0.7264150977134705,"val_recall0.25":0.29629629850387573,"test_balanced_accuracy0.25":0.5416666666666666,"train_loss":0.012559828348457813,"val_precision0.5":0.3333333432674408,"_wandb":{"runtime":3450},"test_balanced_accuracy0.5":0.5416666666666666,"val_balanced_accuracy0.75":0.4995311767463666,"test_recall0.25":0.20000000298023224,"val_recall0.5":0.07407407462596893,"val_recall0.75":0.03703703731298447,"val_precision0.75":0.25,"test_accuracy0.5":0.737500011920929,"test_precision0.5":0.4285714328289032,"val_precision0.25":0.42105263471603394,"val_auroc":0.5452414751052856,"test_balanced_accuracy0.75":0.5166666666666666,"test_accuracy0.75":0.75,"val_balanced_accuracy0.5":0.5117205813408345,"_timestamp":1.7535811340277112e+09}