{"val_recall0.5":0,"test_precision0.75":0,"test_accuracy0.25":0.5375000238418579,"val_recall0.25":0.5925925970077515,"test_balanced_accuracy0.25":0.5583333333333333,"test_recall0.5":0,"_timestamp":1.7535049798079383e+09,"test_precision0.5":0,"val_accuracy0.75":0.7476635575294495,"val_auroc":0.5481481552124023,"test_recall0.75":0,"train_auroc":0.5794470310211182,"_step":151,"train_loss":1.6680423021316528,"test_accuracy0.75":0.75,"test_balanced_accuracy0.5":0.5,"test_precision0.25":0.2926829159259796,"val_balanced_accuracy0.75":0.5,"test_recall0.25":0.6000000238418579,"val_accuracy0.25":0.47663551568984985,"_wandb":{"runtime":857},"val_precision0.25":0.26229506731033325,"test_balanced_accuracy0.75":0.5,"test_accuracy0.5":0.75,"val_precision0.5":0,"_runtime":857.283503406,"val_balanced_accuracy0.25":0.5150462962962963,"val_accuracy0.5":0.7476635575294495,"val_balanced_accuracy0.5":0.5,"val_precision0.75":0,"val_recall0.75":0,"test_auroc":0.5366666316986084}