{"val_balanced_accuracy0.75":0.5260467380720545,"test_recall0.75":0,"test_precision0.5":0.30000001192092896,"test_precision0.25":0.23728813230991364,"val_accuracy0.75":0.7333333492279053,"test_balanced_accuracy0.5":0.5313559322033898,"val_recall0.25":0.5769230723381042,"_runtime":4765.671684874,"test_balanced_accuracy0.25":0.46864406779661016,"test_auroc":0.5262712240219116,"test_recall0.5":0.30000001192092896,"test_recall0.25":0.699999988079071,"_wandb":{"runtime":4765},"val_accuracy0.5":0.6571428775787354,"val_balanced_accuracy0.25":0.4530185004868549,"val_auroc":0.47638756036758423,"test_accuracy0.5":0.6455696225166321,"val_recall0.75":0.11538461595773697,"val_balanced_accuracy0.5":0.5270204479065238,"_timestamp":1.7514552059745288e+09,"val_recall0.5":0.26923078298568726,"val_precision0.5":0.2916666567325592,"val_precision0.75":0.375,"val_precision0.25":0.22058823704719543,"test_precision0.75":0,"test_accuracy0.25":0.3544303774833679,"train_loss":1.2011157274246216,"_step":999,"test_balanced_accuracy0.75":0.4745762711864407,"test_accuracy0.75":0.7088607549667358,"val_accuracy0.25":0.39047619700431824,"train_auroc":0.9097099900245667}