{"test_precision":0.2857142984867096,"test_accuracy":0.7088607549667358,"_wandb":{"runtime":446},"val_loss":0.6004481911659241,"val_accuracy":0.75,"_runtime":445.633971691,"val_recall":0.25,"train_auroc":0.9287726283073425,"_timestamp":1.747702464837526e+09,"test_auroc":0.5076271295547485,"val_precision":0.5,"val_auroc":0.5833333730697632,"train_loss":0.10546286404132843,"test_recall":0.10000000149011612,"_step":55}