{"test_precision0.75":0,"val_accuracy0.75":0.7476635575294495,"_timestamp":1.7534793717664948e+09,"val_accuracy0.5":0.7476635575294495,"val_precision0.25":0.2884615361690521,"test_precision0.25":0.23529411852359772,"_wandb":{"runtime":426},"test_precision0.5":0,"train_loss":1.6758538484573364,"test_auroc":0.5349999666213989,"test_balanced_accuracy0.25":0.48333333333333334,"test_balanced_accuracy0.75":0.5,"test_accuracy0.25":0.5249999761581421,"val_balanced_accuracy0.75":0.5,"test_accuracy0.75":0.75,"val_precision0.75":0,"val_auroc":0.5699074268341064,"_step":162,"test_recall0.25":0.4000000059604645,"val_precision0.5":0,"train_auroc":0.5662750601768494,"test_recall0.75":0,"test_balanced_accuracy0.5":0.5,"test_accuracy0.5":0.75,"test_recall0.5":0,"val_balanced_accuracy0.25":0.5465277777777777,"val_accuracy0.25":0.5420560836791992,"val_recall0.25":0.5555555820465088,"val_recall0.5":0,"val_balanced_accuracy0.5":0.5,"val_recall0.75":0,"_runtime":426.163330695}