{"val_balanced_accuracy0.5":0.5,"val_recall0.5":0,"val_recall0.75":0,"_runtime":17.236828902,"val_accuracy0.5":0.78125,"val_accuracy0.75":0.78125,"val_precision0.25":0.21875,"val_precision0.5":0,"val_precision0.75":0,"val_recall0.25":1,"val_auroc":0.4285714626312256,"_wandb":{"runtime":17},"_timestamp":1.7501050464290543e+09,"val_balanced_accuracy0.25":0.5,"val_balanced_accuracy0.75":0.5,"val_accuracy0.25":0.21875,"_step":0}