{"test_precision0.25":0.1666666716337204,"train_loss":0.001137104001827538,"val_recall0.5":0.07692307978868484,"val_balanced_accuracy0.5":0.46884128529698155,"val_auroc":0.5452775359153748,"val_accuracy0.5":0.6666666865348816,"val_recall0.75":0.07692307978868484,"test_recall0.5":0.10000000149011612,"test_precision0.5":0.20000000298023224,"test_accuracy0.25":0.6455696225166321,"test_balanced_accuracy0.25":0.4652542372881356,"val_precision0.75":0.25,"val_balanced_accuracy0.75":0.5004868549172347,"val_precision0.5":0.1538461595773697,"val_accuracy0.25":0.6571428775787354,"test_precision0.75":0.25,"val_balanced_accuracy0.25":0.5012171372930867,"test_accuracy0.5":0.6708860993385315,"test_recall0.25":0.10000000149011612,"_wandb":{"runtime":2082},"test_accuracy0.75":0.6962025165557861,"test_balanced_accuracy0.75":0.49915254237288137,"_timestamp":1.749898750546113e+09,"test_balanced_accuracy0.5":0.4822033898305085,"val_precision0.25":0.25,"_runtime":2082.93774476,"_step":499,"val_accuracy0.75":0.7142857313156128,"test_recall0.75":0.10000000149011612,"train_auroc":1,"test_auroc":0.43474578857421875,"val_recall0.25":0.19230769574642181}