{"val_recall0.75":0.03703703731298447,"val_precision0.25":0.2916666567325592,"_step":999,"train_loss":0.7518733739852905,"test_precision0.5":0,"val_balanced_accuracy0.5":0.524537037037037,"val_auroc":0.5310184955596924,"val_accuracy0.25":0.6542056202888489,"test_recall0.5":0,"_runtime":4884.368991703,"val_recall0.5":0.07407407462596893,"_timestamp":1.7538829355603397e+09,"test_accuracy0.75":0.7250000238418579,"test_balanced_accuracy0.75":0.48333333333333334,"test_accuracy0.25":0.6875,"test_accuracy0.5":0.699999988079071,"train_auroc":0.9670108556747437,"val_balanced_accuracy0.75":0.5185185185185185,"val_accuracy0.75":0.7570093274116516,"test_balanced_accuracy0.5":0.4666666666666667,"_wandb":{"runtime":4884},"test_recall0.25":0.30000001192092896,"val_precision0.75":1,"val_precision0.5":0.5,"test_balanced_accuracy0.25":0.5583333333333333,"val_recall0.25":0.25925925374031067,"val_accuracy0.5":0.7476635575294495,"val_balanced_accuracy0.25":0.5233796296296296,"test_auroc":0.5450000166893005,"test_precision0.25":0.3529411852359772,"test_recall0.75":0,"test_precision0.75":0}