{"test_balanced_accuracy0.75":0.3898305084745763,"test_precision0.5":0.0555555559694767,"_wandb":{"runtime":2114},"_step":499,"test_precision0.75":0,"_timestamp":1.7498548122809727e+09,"val_accuracy0.75":0.6857143044471741,"test_accuracy0.75":0.5822784900665283,"_runtime":2114.167057862,"val_auroc":0.5029211044311523,"test_balanced_accuracy0.5":0.3809322033898305,"val_precision0.5":0.2777777910232544,"test_recall0.5":0.05000000074505806,"test_auroc":0.4381355941295624,"test_balanced_accuracy0.25":0.3809322033898305,"test_precision0.25":0.0555555559694767,"val_balanced_accuracy0.25":0.49488802336903603,"val_precision0.75":0.2666666805744171,"train_loss":3.487436742943828e-06,"val_accuracy0.25":0.6476190686225891,"val_recall0.25":0.19230769574642181,"test_accuracy0.25":0.5443037748336792,"val_recall0.5":0.19230769574642181,"test_recall0.25":0.05000000074505806,"val_precision0.25":0.2380952388048172,"val_accuracy0.5":0.6761904954910278,"test_recall0.75":0,"val_recall0.75":0.1538461595773697,"test_accuracy0.5":0.5443037748336792,"train_auroc":1,"val_balanced_accuracy0.75":0.50730282375852,"val_balanced_accuracy0.5":0.5138753651411879}