{"val_precision0.25":0.18867924809455872,"train_auroc":0.9691347479820251,"_step":999,"test_precision0.25":0.31578946113586426,"test_recall0.75":0,"val_recall0.75":0.03703703731298447,"val_auroc":0.37834039330482483,"val_precision0.75":0.25,"val_accuracy0.5":0.6886792182922363,"test_accuracy0.75":0.7250000238418579,"test_recall0.25":0.6000000238418579,"test_recall0.5":0.15000000596046448,"val_precision0.5":0.20000000298023224,"val_recall0.25":0.37037035822868347,"_timestamp":1.7535138367635572e+09,"test_auroc":0.5758333206176758,"test_precision0.75":0,"_runtime":3376.14050488,"val_recall0.5":0.07407407462596893,"train_loss":1.113139271736145,"test_balanced_accuracy0.75":0.48333333333333334,"test_accuracy0.25":0.574999988079071,"_wandb":{"runtime":3376},"val_balanced_accuracy0.25":0.41303328645100795,"test_balanced_accuracy0.5":0.5583333333333333,"test_balanced_accuracy0.25":0.5833333333333333,"test_precision0.5":0.6000000238418579,"val_accuracy0.75":0.7264150977134705,"val_accuracy0.25":0.43396225571632385,"val_balanced_accuracy0.75":0.4995311767463666,"val_balanced_accuracy0.5":0.486404125644632,"test_accuracy0.5":0.762499988079071}