{"val_recall0.5":0.14814814925193787,"test_accuracy0.75":0.7250000238418579,"val_recall0.75":0.07407407462596893,"val_accuracy0.25":0.5981308221817017,"test_precision0.75":0.25,"test_recall0.75":0.05000000074505806,"test_precision0.5":0.30000001192092896,"train_auroc":0.9621850252151489,"test_balanced_accuracy0.75":0.5,"val_balanced_accuracy0.25":0.5104166666666666,"val_balanced_accuracy0.5":0.530324074074074,"val_precision0.5":0.3636363744735718,"val_precision0.75":0.5,"_step":999,"val_balanced_accuracy0.75":0.524537037037037,"_runtime":5327.765378738,"train_loss":0.7984614968299866,"_timestamp":1.7531572058768466e+09,"val_accuracy0.75":0.7476635575294495,"val_auroc":0.57962965965271,"test_balanced_accuracy0.5":0.5166666666666666,"test_recall0.25":0.44999998807907104,"val_accuracy0.5":0.7196261882781982,"test_precision0.25":0.27272728085517883,"test_accuracy0.25":0.5625,"test_recall0.5":0.15000000596046448,"_wandb":{"runtime":5327},"val_recall0.25":0.3333333432674408,"test_balanced_accuracy0.25":0.525,"test_accuracy0.5":0.699999988079071,"val_precision0.25":0.2647058963775635,"test_auroc":0.5366666913032532}