{"test_accuracy":0.6363636255264282,"val_balanced_accuracy":0.5678571428571428,"val_loss":21.98936653137207,"val_auroc":0.47857144474983215,"test_balanced_accuracy":0.505050505050505,"_timestamp":1.7495107275346882e+09,"_step":117,"test_precision":0.25806450843811035,"_wandb":{"runtime":615},"_runtime":615.754320059,"train_auroc":1,"train_loss":6.996239972067997e-05,"test_recall":0.24242424964904785,"val_precision":0.4000000059604645,"val_recall":0.2857142984867096,"val_accuracy":0.7037037014961243,"test_auroc":0.5399448871612549}