{"test_balanced_accuracy0.25":0.5166666666666667,"test_auroc":0.5408333539962769,"_wandb":{"runtime":680},"val_precision0.5":0.0833333358168602,"test_precision0.5":0.3076923191547394,"val_balanced_accuracy0.5":0.45048076923076924,"test_precision0.25":0.2857142984867096,"val_precision0.25":0.0833333358168602,"val_accuracy0.25":0.6603773832321167,"val_recall0.5":0.03846153989434242,"_runtime":680.550608274,"val_accuracy0.5":0.6603773832321167,"test_accuracy0.5":0.6875,"val_balanced_accuracy0.75":0.4567307692307692,"val_accuracy0.75":0.6698113083839417,"val_auroc":0.42644229531288147,"_step":265,"test_accuracy0.25":0.675000011920929,"test_precision0.75":0.30000001192092896,"train_auroc":1,"test_recall0.75":0.15000000596046448,"test_recall0.5":0.20000000298023224,"val_recall0.25":0.03846153989434242,"train_loss":1.2346060429990757e-05,"_timestamp":1.7534596207719698e+09,"val_recall0.75":0.03846153989434242,"test_balanced_accuracy0.75":0.5166666666666666,"val_balanced_accuracy0.25":0.45048076923076924,"test_accuracy0.75":0.699999988079071,"test_recall0.25":0.20000000298023224,"test_balanced_accuracy0.5":0.525,"val_precision0.75":0.09090909361839294}