{"test_balanced_accuracy0.25":0.5,"test_accuracy0.5":0.5569620132446289,"val_accuracy0.75":0.7523809671401978,"test_recall0.5":0.4000000059604645,"val_balanced_accuracy0.75":0.5,"val_balanced_accuracy0.5":0.598344693281402,"_step":362,"test_balanced_accuracy0.5":0.5050847457627119,"val_precision0.75":0,"val_recall0.75":0,"train_loss":2.00799298286438,"test_recall0.75":0,"test_accuracy0.25":0.2531645596027374,"val_balanced_accuracy0.25":0.5,"val_recall0.5":0.5384615659713745,"test_precision0.5":0.25806450843811035,"test_auroc":0.501694917678833,"val_accuracy0.25":0.24761904776096344,"_timestamp":1.7503117689589498e+09,"test_precision0.25":0.2531645596027374,"_runtime":1469.200272446,"test_accuracy0.75":0.746835470199585,"test_balanced_accuracy0.75":0.5,"test_recall0.25":1,"_wandb":{"runtime":1469},"val_auroc":0.5907984375953674,"train_auroc":0.6426053643226624,"val_recall0.25":1,"val_precision0.5":0.3414634168148041,"val_accuracy0.5":0.6285714507102966,"val_precision0.25":0.24761904776096344,"test_precision0.75":0}