{"test_accuracy":0.7480915784835815,"val_loss":1.6992799043655396,"test_precision":0,"train_auroc":0.5230530500411987,"test_recall":0,"val_precision":0,"_wandb":{"runtime":613},"val_balanced_accuracy":0.5,"_step":51,"train_loss":1.684211015701294,"test_auroc":0.4857761561870575,"test_balanced_accuracy":0.5,"val_auroc":0.6142857074737549,"val_accuracy":0.7407407164573669,"val_recall":0,"_runtime":613.141854648,"_timestamp":1.7495294859396045e+09}