{"train_auroc":1,"test_balanced_accuracy0.25":0.5499999999999999,"test_accuracy0.5":0.762499988079071,"val_precision0.5":0.25,"val_recall0.5":0.3076923191547394,"_step":244,"test_precision0.25":0.5,"test_precision0.5":0.6000000238418579,"val_balanced_accuracy0.5":0.5038461538461538,"val_auroc":0.48076921701431274,"val_balanced_accuracy0.25":0.47259615384615383,"val_recall0.25":0.3076923191547394,"test_auroc":0.5491666793823242,"test_recall0.75":0.15000000596046448,"test_accuracy0.75":0.762499988079071,"test_precision0.75":0.6000000238418579,"val_accuracy0.5":0.6037735939025879,"val_accuracy0.75":0.6132075190544128,"test_recall0.5":0.15000000596046448,"_timestamp":1.7535655162661679e+09,"test_balanced_accuracy0.5":0.5583333333333333,"_runtime":2888.84458581,"_wandb":{"runtime":2888},"test_accuracy0.25":0.75,"val_accuracy0.25":0.5566037893295288,"test_recall0.25":0.15000000596046448,"val_precision0.75":0.24137930572032928,"val_recall0.75":0.26923078298568726,"test_balanced_accuracy0.75":0.5583333333333333,"train_loss":0.0002035135985352099,"val_precision0.25":0.21621622145175934,"val_balanced_accuracy0.75":0.4971153846153846}