{"test_recall0.5":1,"val_auroc":0.5,"test_precision0.25":0.2531645596027374,"val_recall0.5":1,"val_balanced_accuracy0.25":0.5,"test_accuracy0.75":0.746835470199585,"val_recall0.75":0,"test_balanced_accuracy0.25":0.5,"test_recall0.75":0,"test_precision0.75":0,"train_auroc":0.4936586916446686,"test_precision0.5":0.2531645596027374,"val_balanced_accuracy0.75":0.5,"val_accuracy0.75":0.7523809671401978,"val_precision0.25":0.24761904776096344,"val_accuracy0.5":0.24761904776096344,"test_balanced_accuracy0.5":0.5,"test_accuracy0.5":0.2531645596027374,"val_balanced_accuracy0.5":0.5,"val_precision0.75":0,"val_recall0.25":1,"train_loss":2.092252492904663,"test_accuracy0.25":0.2531645596027374,"_runtime":4120.323043797,"val_accuracy0.25":0.24761904776096344,"val_precision0.5":0.24761904776096344,"_wandb":{"runtime":4120},"_timestamp":1.750055583607758e+09,"test_balanced_accuracy0.75":0.5,"test_auroc":0.5,"_step":999,"test_recall0.25":1}