{"_wandb":{"runtime":38},"_runtime":17.977327,"val_loss":22.897571563720703,"_timestamp":1.7474271868316772e+09,"val_auroc":0.5,"val_recall":0,"val_precision":0,"_step":0,"val_accuracy":0.5}