{"val_balanced_accuracy0.5":0.5,"test_recall0.5":0,"val_accuracy0.5":0.7476635575294495,"test_balanced_accuracy0.25":0.5,"test_recall0.25":1,"val_balanced_accuracy0.75":0.5,"test_accuracy0.75":0.75,"test_balanced_accuracy0.5":0.5,"val_recall0.5":0,"_timestamp":1.753484161947884e+09,"val_accuracy0.75":0.7476635575294495,"val_precision0.5":0,"val_precision0.75":0,"val_recall0.75":0,"_wandb":{"runtime":585},"val_precision0.25":0.25233644247055054,"test_precision0.5":0,"_runtime":585.813098576,"test_recall0.75":0,"train_auroc":0.5572564601898193,"test_accuracy0.25":0.25,"test_accuracy0.5":0.75,"test_precision0.25":0.25,"val_accuracy0.25":0.25233644247055054,"_step":217,"train_loss":1.6943689584732056,"val_balanced_accuracy0.25":0.5,"val_auroc":0.5652778148651123,"test_auroc":0.5258333683013916,"val_recall0.25":1,"test_precision0.75":0,"test_balanced_accuracy0.75":0.5}