{"train_loss":2.0795209407806396,"val_accuracy0.25":0.24528302252292633,"val_auroc":0.5,"val_accuracy0.5":0.7547169923782349,"test_balanced_accuracy0.25":0.5,"test_auroc":0.5,"_step":154,"test_precision0.5":0,"val_recall0.75":0,"test_precision0.75":0,"test_accuracy0.75":0.75,"test_accuracy0.5":0.75,"test_balanced_accuracy0.75":0.5,"_timestamp":1.7545277206303163e+09,"test_balanced_accuracy0.5":0.5,"_wandb":{"runtime":6624},"test_accuracy0.25":0.25,"test_recall0.5":0,"val_recall0.25":1,"val_balanced_accuracy0.75":0.5,"val_accuracy0.75":0.7547169923782349,"val_precision0.75":0,"val_recall0.5":0,"test_recall0.75":0,"val_precision0.25":0.24528302252292633,"test_recall0.25":1,"_runtime":6624.363273418,"val_balanced_accuracy0.25":0.5,"val_balanced_accuracy0.5":0.5,"val_precision0.5":0,"train_auroc":0.4437890648841858,"test_precision0.25":0.25}