{"test_precision0.25":0.2884615361690521,"val_precision0.5":0.261904776096344,"val_accuracy0.25":0.523809552192688,"val_precision0.25":0.2931034564971924,"_wandb":{"runtime":2394},"train_auroc":0.9999599456787109,"test_balanced_accuracy0.5":0.5961864406779661,"test_precision0.75":0.26923078298568726,"test_recall0.25":0.75,"val_balanced_accuracy0.25":0.567429406037001,"test_balanced_accuracy0.25":0.5614406779661016,"val_recall0.25":0.6538461446762085,"train_loss":0.1034974604845047,"test_precision0.5":0.32499998807907104,"val_balanced_accuracy0.75":0.5143622200584226,"val_recall0.75":0.26923078298568726,"test_accuracy0.75":0.594936728477478,"test_auroc":0.5593219995498657,"val_auroc":0.5584225654602051,"_runtime":2394.793768031,"val_balanced_accuracy0.5":0.5153359298928919,"val_recall0.5":0.42307692766189575,"test_accuracy0.5":0.5696202516555786,"_step":424,"test_accuracy0.25":0.4683544337749481,"val_accuracy0.5":0.561904788017273,"_timestamp":1.7501644426913683e+09,"val_precision0.75":0.26923078298568726,"test_recall0.75":0.3499999940395355,"val_accuracy0.75":0.6380952596664429,"test_balanced_accuracy0.75":0.5139830508474577,"test_recall0.5":0.6499999761581421}