{"train_auroc":0.5,"test_auroc":0.5,"val_auroc":0.5,"test_recall":0,"_runtime":585.804050569,"_wandb":{"runtime":586},"_step":37,"val_accuracy":0.75,"test_accuracy":0.746835470199585,"val_recall":0,"_timestamp":1.747696623213898e+09,"train_loss":0.3408655822277069,"test_precision":0,"val_loss":0.38596653938293457,"val_precision":0}