{"val_balanced_accuracy0.5":0.5,"test_precision0.5":0,"test_precision0.25":0,"train_auroc":0.46397271752357483,"val_auroc":0.5618305802345276,"val_balanced_accuracy0.25":0.5,"val_accuracy0.25":0.7523809671401978,"val_precision0.25":0,"test_accuracy0.75":0.746835470199585,"_step":524,"_runtime":1329.850021529,"_timestamp":1.7502248965893052e+09,"val_accuracy0.5":0.7523809671401978,"test_balanced_accuracy0.75":0.5,"test_recall0.25":0,"test_accuracy0.5":0.746835470199585,"test_recall0.5":0,"test_auroc":0.45084744691848755,"val_recall0.5":0,"val_precision0.5":0,"val_recall0.25":0,"val_precision0.75":0,"test_recall0.75":0,"val_balanced_accuracy0.75":0.5,"test_balanced_accuracy0.5":0.5,"test_balanced_accuracy0.25":0.5,"val_accuracy0.75":0.7523809671401978,"_wandb":{"runtime":1329},"train_loss":1.696380376815796,"test_accuracy0.25":0.746835470199585,"test_precision0.75":0,"val_recall0.75":0}