{"test_accuracy0.5":0.75,"test_recall0.5":0,"_timestamp":1.7550133266205554e+09,"val_accuracy0.25":0.25471699237823486,"_wandb":{"runtime":1043},"test_accuracy0.25":0.25,"val_balanced_accuracy0.25":0.5,"train_auroc":0.5547618865966797,"test_balanced_accuracy0.75":0.5,"val_accuracy0.5":0.7452830076217651,"val_precision0.25":0.25471699237823486,"test_precision0.75":0,"train_loss":2.0749776363372803,"test_recall0.25":1,"val_precision0.5":0,"_step":164,"val_recall0.25":1,"test_balanced_accuracy0.5":0.5,"val_recall0.5":0,"val_auroc":0.5691514015197754,"test_precision0.25":0.25,"test_accuracy0.75":0.75,"test_auroc":0.5816666483879089,"_runtime":1043.002859273,"val_recall0.75":0,"val_precision0.75":0,"val_balanced_accuracy0.5":0.5,"val_accuracy0.75":0.7452830076217651,"val_balanced_accuracy0.75":0.5,"test_balanced_accuracy0.25":0.5,"test_recall0.75":0,"test_precision0.5":0}