{"test_accuracy0.5":0.612500011920929,"test_accuracy0.25":0.574999988079071,"test_recall0.25":0.44999998807907104,"_runtime":852.566198738,"val_balanced_accuracy0.75":0.5182692307692307,"_step":292,"test_recall0.5":0.44999998807907104,"val_accuracy0.5":0.5471698045730591,"test_precision0.25":0.28125,"val_precision0.75":0.260869562625885,"val_accuracy0.25":0.5188679099082947,"test_precision0.5":0.3103448152542114,"_timestamp":1.7537437368387427e+09,"val_balanced_accuracy0.25":0.5125,"test_balanced_accuracy0.75":0.55,"train_auroc":1,"test_balanced_accuracy0.25":0.5333333333333333,"val_balanced_accuracy0.5":0.53125,"test_auroc":0.5204166769981384,"val_recall0.25":0.5,"val_recall0.75":0.4615384638309479,"val_precision0.25":0.2549019753932953,"test_balanced_accuracy0.5":0.5583333333333333,"val_auroc":0.5040864944458008,"test_precision0.75":0.3076923191547394,"val_precision0.5":0.2708333432674408,"_wandb":{"runtime":852},"train_loss":1.7775473679648712e-05,"test_accuracy0.75":0.625,"val_recall0.5":0.5,"test_recall0.75":0.4000000059604645,"val_accuracy0.75":0.5471698045730591}