{"test_precision0.25":0.25,"test_precision0.5":0.2777777910232544,"test_recall0.75":0,"test_balanced_accuracy0.75":0.5,"test_precision0.75":0,"test_accuracy0.75":0.75,"test_accuracy0.5":0.6499999761581421,"_step":999,"train_loss":1.6990731954574585,"val_recall0.75":0,"val_accuracy0.75":0.7452830076217651,"val_auroc":0.5175808668136597,"_runtime":4934.734166441,"_wandb":{"runtime":4934},"test_balanced_accuracy0.5":0.5166666666666666,"val_balanced_accuracy0.5":0.4664791373652133,"test_auroc":0.4833333492279053,"val_precision0.5":0.190476194024086,"val_precision0.75":0,"val_recall0.25":1,"test_recall0.5":0.25,"_timestamp":1.7539235927051156e+09,"val_recall0.5":0.14814814925193787,"test_recall0.25":0.949999988079071,"val_accuracy0.5":0.6226415038108826,"val_precision0.25":0.2571428716182709,"test_balanced_accuracy0.25":0.5,"test_accuracy0.25":0.2750000059604645,"train_auroc":0.7723437547683716,"val_balanced_accuracy0.25":0.5063291139240507,"val_balanced_accuracy0.75":0.5,"val_accuracy0.25":0.2641509473323822}