{"test_precision0.25":0.1875,"val_precision0.75":0.2142857164144516,"test_recall0.75":0.30000001192092896,"test_balanced_accuracy0.25":0.43333333333333335,"_wandb":{"runtime":4220},"_step":521,"val_balanced_accuracy0.25":0.56875,"test_accuracy0.25":0.5,"val_balanced_accuracy0.75":0.47788461538461535,"val_recall0.5":0.38461539149284363,"_timestamp":1.7541411132063916e+09,"val_recall0.25":0.5,"test_accuracy0.75":0.6625000238418579,"val_precision0.25":0.3095238208770752,"val_accuracy0.5":0.6132075190544128,"test_auroc":0.4816666841506958,"test_precision0.75":0.31578946113586426,"_runtime":4220.417246088,"test_balanced_accuracy0.75":0.5416666666666666,"val_accuracy0.75":0.6037735939025879,"val_precision0.5":0.2857142984867096,"val_balanced_accuracy0.5":0.5360576923076923,"val_auroc":0.5379807949066162,"test_recall0.25":0.30000001192092896,"val_accuracy0.25":0.6037735939025879,"test_precision0.5":0.2142857164144516,"train_auroc":0.9993671178817749,"train_loss":0.08890356123447418,"val_recall0.75":0.23076923191547394,"test_recall0.5":0.30000001192092896,"test_accuracy0.5":0.550000011920929,"test_balanced_accuracy0.5":0.4666666666666667}