{"train_loss":1.7060558795928955,"val_precision":0,"test_precision":0,"_wandb":{"runtime":244},"val_balanced_accuracy":0.5,"_timestamp":1.7495032993725233e+09,"_step":54,"_runtime":244.12518814,"val_auroc":0.4285714328289032,"train_auroc":0.5194817781448364,"val_accuracy":0.7407407164573669,"test_accuracy":0.75,"val_loss":1.740862250328064,"test_balanced_accuracy":0.5,"test_auroc":0.6369758248329163,"test_recall":0,"val_recall":0}