{"test_accuracy":0.6793892979621887,"val_precision":0,"val_auroc":0.5857142806053162,"_wandb":{"runtime":632},"test_auroc":0.46559345722198486,"val_accuracy":0.7407407164573669,"test_recall":0.03125,"test_balanced_accuracy":0.4600694444444444,"_runtime":632.001384618,"_timestamp":1.7495781778116887e+09,"train_loss":0.00014499468670692295,"val_recall":0,"_step":97,"test_precision":0.0833333358168602,"val_balanced_accuracy":0.5,"val_loss":3.799177408218384,"train_auroc":1}