{"_runtime":3511.559756829,"test_auroc":0.5338983535766602,"test_precision0.25":0.2531645596027374,"_wandb":{"runtime":3511},"test_precision0.5":0,"val_auroc":0.39240509271621704,"_timestamp":1.750698761362227e+09,"test_recall0.5":0,"_step":333,"test_accuracy0.25":0.2531645596027374,"train_loss":1.6981157064437866,"val_balanced_accuracy0.5":0.5,"val_recall0.25":1,"val_recall0.5":0,"test_precision0.75":0,"val_precision0.5":0,"test_balanced_accuracy0.5":0.5,"val_precision0.25":0.24761904776096344,"val_precision0.75":0,"test_recall0.75":0,"val_balanced_accuracy0.75":0.5,"val_recall0.75":0,"test_recall0.25":1,"train_auroc":0.442307710647583,"test_accuracy0.5":0.746835470199585,"test_accuracy0.75":0.746835470199585,"val_accuracy0.25":0.24761904776096344,"val_balanced_accuracy0.25":0.5,"test_balanced_accuracy0.25":0.5,"test_balanced_accuracy0.75":0.5,"val_accuracy0.75":0.7523809671401978,"val_accuracy0.5":0.7523809671401978}