{"test_precision0.25":0.3030303120613098,"test_accuracy0.75":0.6202531456947327,"test_recall0.25":0.5,"test_balanced_accuracy0.5":0.5389830508474576,"val_accuracy0.25":0.4952380955219269,"val_balanced_accuracy0.25":0.41942551119766314,"test_accuracy0.25":0.5822784900665283,"_step":265,"val_recall0.75":0.26923078298568726,"test_precision0.5":0.29629629850387573,"train_auroc":0.9994792342185974,"val_precision0.25":0.17073170840740204,"test_precision0.75":0.3076923191547394,"test_recall0.5":0.4000000059604645,"val_recall0.25":0.26923078298568726,"test_accuracy0.5":0.607594907283783,"test_auroc":0.6220338940620422,"val_recall0.5":0.26923078298568726,"test_balanced_accuracy0.25":0.5550847457627119,"val_accuracy0.5":0.6000000238418579,"val_balanced_accuracy0.75":0.4953748782862707,"val_precision0.75":0.24137930572032928,"val_accuracy0.75":0.6095238327980042,"test_balanced_accuracy0.75":0.5474576271186441,"val_auroc":0.4435248374938965,"_wandb":{"runtime":1443},"val_balanced_accuracy0.5":0.48904576436222,"train_loss":0.0610959455370903,"_runtime":1443.891499587,"test_recall0.75":0.4000000059604645,"val_precision0.5":0.23333333432674408,"_timestamp":1.7513977127272165e+09}