{"val_auroc":0.5,"val_accuracy":0.7037037014961243,"test_accuracy":0.7480915784835815,"val_precision":0,"val_balanced_accuracy":0.475,"_wandb":{"runtime":582},"test_precision":0.5,"val_loss":2.4480996131896973,"_runtime":582.698822369,"train_loss":0.9402029514312744,"val_recall":0,"train_auroc":0.9167958498001099,"test_recall":0.1515151560306549,"_timestamp":1.749549758148938e+09,"test_auroc":0.5739023089408875,"test_balanced_accuracy":0.5502473716759432,"_step":56}