{"test_accuracy":0.6717557311058044,"test_balanced_accuracy":0.5501893939393939,"val_balanced_accuracy":0.6178571428571429,"val_auroc":0.7571427822113037,"test_recall":0.3125,"val_loss":3.8384251594543457,"val_recall":0.2857142984867096,"_step":142,"test_precision":0.32258063554763794,"train_auroc":1,"_runtime":596.083490928,"val_accuracy":0.7777777910232544,"_timestamp":1.7495582194673698e+09,"val_precision":0.6666666865348816,"train_loss":0.00014665143680758774,"test_auroc":0.529356062412262,"_wandb":{"runtime":596}}