{"_timestamp":1.7476615792425451e+09,"_runtime":860.588947271,"test_auroc":0.4911016821861267,"train_loss":0.02115604467689991,"train_auroc":0.9905097484588623,"test_precision":0.20000000298023224,"val_accuracy":0.75,"_step":67,"_wandb":{"runtime":861},"test_accuracy":0.7088607549667358,"test_recall":0.05000000074505806,"val_precision":0.5,"val_recall":0.125,"val_auroc":0.5416666865348816,"val_loss":0.6507672071456909}