{"val_precision0.5":0.18518517911434174,"val_precision0.25":0.2525252401828766,"val_balanced_accuracy0.5":0.4569133398247322,"_step":999,"val_auroc":0.45082762837409973,"test_recall0.25":0.8999999761581421,"_wandb":{"runtime":7194},"_timestamp":1.7515283339750526e+09,"val_balanced_accuracy0.25":0.512414800389484,"test_balanced_accuracy0.25":0.4669491525423729,"test_accuracy0.25":0.2531645596027374,"val_recall0.5":0.19230769574642181,"train_auroc":0.7377222776412964,"test_precision0.25":0.23999999463558197,"val_precision0.75":0,"test_accuracy0.5":0.6455696225166321,"val_accuracy0.25":0.2857142984867096,"val_balanced_accuracy0.75":0.5,"val_recall0.75":0,"test_recall0.75":0,"test_precision0.75":0,"test_recall0.5":0.5,"val_accuracy0.5":0.5904762148857117,"val_recall0.25":0.9615384340286255,"_runtime":7194.532804326,"test_auroc":0.5135593414306641,"test_balanced_accuracy0.5":0.597457627118644,"train_loss":1.8164067268371582,"test_balanced_accuracy0.75":0.5,"val_accuracy0.75":0.7523809671401978,"test_precision0.5":0.3571428656578064,"test_accuracy0.75":0.746835470199585}