{"test_precision0.25":0.2711864411830902,"val_precision0.25":0.24719101190567017,"test_balanced_accuracy0.5":0.575,"test_accuracy0.75":0.75,"_wandb":{"runtime":2747},"test_accuracy0.25":0.4124999940395355,"val_auroc":0.46296295523643494,"val_accuracy0.5":0.663551390171051,"_step":756,"test_precision0.5":0.4545454680919647,"val_recall0.5":0.18518517911434174,"test_recall0.25":0.800000011920929,"val_recall0.25":0.8148148059844971,"val_balanced_accuracy0.75":0.5,"test_auroc":0.5099999904632568,"val_precision0.75":0,"_timestamp":1.7538000740153086e+09,"val_accuracy0.25":0.32710281014442444,"val_recall0.75":0,"test_precision0.75":0,"test_balanced_accuracy0.25":0.5416666666666667,"val_balanced_accuracy0.5":0.5050925925925925,"_runtime":2747.383502871,"test_recall0.75":0,"train_auroc":0.8165816068649292,"val_precision0.5":0.2631579041481018,"train_loss":1.5315498113632202,"test_recall0.5":0.25,"val_balanced_accuracy0.25":0.4886574074074074,"val_accuracy0.75":0.7476635575294495,"test_accuracy0.5":0.737500011920929,"test_balanced_accuracy0.75":0.5}