{"val_accuracy0.75":0.4285714328289032,"_runtime":1639.010911018,"val_auroc":0.5002434253692627,"test_balanced_accuracy0.5":0.5279661016949152,"val_recall0.25":0.6153846383094788,"test_recall0.5":0.699999988079071,"test_balanced_accuracy0.25":0.5360169491525424,"test_recall0.25":0.75,"test_recall0.75":0.699999988079071,"test_precision0.5":0.26923078298568726,"val_balanced_accuracy0.75":0.49123661148977604,"test_accuracy0.75":0.4683544337749481,"val_precision0.5":0.22535210847854614,"_wandb":{"runtime":1639},"val_accuracy0.25":0.3333333432674408,"test_precision0.75":0.2800000011920929,"val_recall0.75":0.6153846383094788,"val_recall0.5":0.6153846383094788,"test_precision0.25":0.27272728085517883,"train_auroc":1,"val_precision0.75":0.24242424964904785,"test_auroc":0.48813557624816895,"test_accuracy0.5":0.4430379867553711,"val_balanced_accuracy0.25":0.4279454722492697,"val_precision0.25":0.21052631735801697,"test_balanced_accuracy0.75":0.5449152542372881,"val_accuracy0.5":0.380952388048172,"_step":342,"val_balanced_accuracy0.5":0.45959104186952293,"test_accuracy0.25":0.4303797483444214,"train_loss":0.01502071600407362,"_timestamp":1.750683115405182e+09}