{"test_accuracy0.75":0.75,"_runtime":6470.294731606,"val_precision0.5":0.25233644247055054,"val_precision0.25":0.25233644247055054,"test_precision0.75":0,"val_recall0.25":1,"test_balanced_accuracy0.5":0.5,"test_recall0.75":0,"val_recall0.5":1,"val_balanced_accuracy0.5":0.5,"val_accuracy0.5":0.25233644247055054,"_wandb":{"runtime":6470},"test_recall0.25":1,"test_recall0.5":1,"test_precision0.5":0.25,"val_accuracy0.75":0.7476635575294495,"val_balanced_accuracy0.25":0.5,"test_balanced_accuracy0.25":0.5,"val_recall0.75":0,"_timestamp":1.754359101540963e+09,"val_balanced_accuracy0.75":0.5,"test_balanced_accuracy0.75":0.5,"train_auroc":0.4442187249660492,"test_precision0.25":0.25,"test_auroc":0.5,"_step":152,"test_accuracy0.25":0.25,"test_accuracy0.5":0.25,"val_accuracy0.25":0.25233644247055054,"train_loss":2.0797808170318604,"val_auroc":0.5,"val_precision0.75":0}