{"val_balanced_accuracy0.5":0.5,"test_recall0.5":0,"test_accuracy0.75":0.746835470199585,"val_precision0.25":0.24761904776096344,"_timestamp":1.7513794350096807e+09,"val_precision0.75":0,"test_balanced_accuracy0.75":0.5,"val_auroc":0.5,"test_balanced_accuracy0.5":0.5,"test_recall0.25":1,"val_recall0.5":0,"test_precision0.5":0,"val_accuracy0.25":0.24761904776096344,"test_recall0.75":0,"test_precision0.75":0,"val_accuracy0.5":0.7523809671401978,"test_balanced_accuracy0.25":0.5,"test_precision0.25":0.2531645596027374,"val_balanced_accuracy0.75":0.5,"val_recall0.75":0,"val_recall0.25":1,"_wandb":{"runtime":646},"test_accuracy0.5":0.746835470199585,"train_auroc":0.4498477578163147,"val_balanced_accuracy0.25":0.5,"train_loss":2.0936830043792725,"test_accuracy0.25":0.2531645596027374,"val_precision0.5":0,"_step":150,"_runtime":646.645374534,"test_auroc":0.5,"val_accuracy0.75":0.7523809671401978}