{"test_recall0.75":0,"val_accuracy0.5":0.7476635575294495,"val_balanced_accuracy0.25":0.5,"_wandb":{"runtime":1814},"test_precision0.75":0,"test_accuracy0.25":0.25,"test_recall0.25":1,"test_accuracy0.5":0.75,"_timestamp":1.7542891692076328e+09,"val_recall0.75":0,"val_precision0.75":0,"val_precision0.25":0.25233644247055054,"val_recall0.5":0,"test_balanced_accuracy0.5":0.5,"test_accuracy0.75":0.75,"_runtime":1814.722522505,"test_balanced_accuracy0.25":0.5,"train_loss":2.0848517417907715,"val_accuracy0.25":0.25233644247055054,"test_auroc":0.4958333373069763,"val_balanced_accuracy0.75":0.5,"val_precision0.5":0,"val_accuracy0.75":0.7476635575294495,"_step":184,"test_precision0.25":0.25,"test_recall0.5":0,"train_auroc":0.4453542232513428,"val_recall0.25":1,"val_balanced_accuracy0.5":0.5,"test_precision0.5":0,"test_balanced_accuracy0.75":0.5,"val_auroc":0.4782407283782959}