{"_step":278,"_wandb":{"runtime":1209},"val_recall0.25":0.48148149251937866,"val_auroc":0.5285982489585876,"val_recall0.75":0.25925925374031067,"test_balanced_accuracy0.25":0.525,"test_precision0.5":0.3199999928474426,"val_accuracy0.75":0.6320754885673523,"test_recall0.5":0.4000000059604645,"test_precision0.25":0.27586206793785095,"train_auroc":0.9999999403953552,"val_recall0.5":0.40740740299224854,"_runtime":1209.94831452,"test_auroc":0.5583333373069763,"test_balanced_accuracy0.75":0.5416666666666666,"val_balanced_accuracy0.25":0.5571964369432724,"val_precision0.25":0.3095238208770752,"test_accuracy0.25":0.5874999761581421,"train_loss":0.0012903203023597598,"test_balanced_accuracy0.5":0.5583333333333333,"test_recall0.75":0.3499999940395355,"_timestamp":1.753826446890803e+09,"val_balanced_accuracy0.75":0.5093764650726677,"val_accuracy0.5":0.6415094137191772,"test_precision0.75":0.30434781312942505,"test_accuracy0.5":0.637499988079071,"val_precision0.75":0.26923078298568726,"test_accuracy0.75":0.637499988079071,"val_accuracy0.25":0.5943396091461182,"val_balanced_accuracy0.5":0.5644631973745897,"test_recall0.25":0.4000000059604645,"val_precision0.5":0.3333333432674408}