{"val_accuracy0.75":0.6320754885673523,"test_accuracy0.25":0.699999988079071,"_step":193,"test_balanced_accuracy0.5":0.6083333333333334,"test_recall0.5":0.4000000059604645,"test_precision0.5":0.42105263471603394,"val_recall0.5":0.25925925374031067,"test_recall0.25":0.4000000059604645,"_timestamp":1.7535403573484695e+09,"val_recall0.25":0.25925925374031067,"test_precision0.25":0.4000000059604645,"val_recall0.75":0.25925925374031067,"val_accuracy0.5":0.6037735939025879,"_wandb":{"runtime":2050},"test_accuracy0.5":0.7124999761581421,"train_auroc":1,"val_balanced_accuracy0.75":0.5093764650726677,"train_loss":1.0994249350915197e-06,"val_auroc":0.4097515344619751,"val_precision0.75":0.26923078298568726,"val_accuracy0.25":0.6037735939025879,"test_balanced_accuracy0.75":0.6083333333333334,"val_precision0.5":0.24137930572032928,"test_precision0.75":0.42105263471603394,"test_accuracy0.75":0.7124999761581421,"test_recall0.75":0.4000000059604645,"_runtime":2050.180084817,"val_balanced_accuracy0.25":0.49038912330051565,"test_auroc":0.5358333587646484,"val_precision0.25":0.24137930572032928,"val_balanced_accuracy0.5":0.49038912330051565,"test_balanced_accuracy0.25":0.6000000000000001}