{"test_recall0.25":0.6499999761581421,"test_precision0.75":0.3636363744735718,"_runtime":22652.825624473,"test_precision0.5":0.3214285671710968,"test_balanced_accuracy0.5":0.5666666666666667,"test_precision0.25":0.3513513505458832,"_timestamp":1.7547101321178074e+09,"val_auroc":0.6019231081008911,"_step":522,"val_precision0.25":0.3333333432674408,"val_accuracy0.25":0.6037735939025879,"test_accuracy0.25":0.612500011920929,"val_precision0.75":0.29411765933036804,"test_balanced_accuracy0.75":0.5833333333333334,"val_accuracy0.5":0.6132075190544128,"val_recall0.75":0.38461539149284363,"test_accuracy0.75":0.675000011920929,"val_balanced_accuracy0.75":0.5423076923076923,"val_balanced_accuracy0.25":0.6076923076923078,"val_balanced_accuracy0.5":0.5879807692307693,"train_auroc":0.9987890720367432,"test_accuracy0.5":0.625,"test_balanced_accuracy0.25":0.625,"val_recall0.25":0.6153846383094788,"train_loss":0.14374688267707825,"val_precision0.5":0.3255814015865326,"test_recall0.5":0.44999998807907104,"val_accuracy0.75":0.6226415038108826,"test_auroc":0.6445833444595337,"test_recall0.75":0.4000000059604645,"val_recall0.5":0.5384615659713745,"_wandb":{"runtime":22652}}