{"val_precision0.75":0.6666666865348816,"val_recall0.75":0.07407407462596893,"val_accuracy0.75":0.7570093274116516,"test_precision0.25":0,"test_accuracy0.75":0.75,"val_balanced_accuracy0.25":0.5307870370370371,"test_balanced_accuracy0.75":0.5,"val_balanced_accuracy0.5":0.5307870370370371,"val_precision0.25":0.6666666865348816,"_step":263,"test_accuracy0.25":0.75,"val_recall0.25":0.07407407462596893,"train_loss":0.14358188211917877,"test_precision0.5":0,"test_recall0.5":0,"test_accuracy0.5":0.75,"test_recall0.75":0,"val_recall0.5":0.07407407462596893,"val_balanced_accuracy0.75":0.5307870370370371,"_runtime":1148.224583156,"val_auroc":0.510185182094574,"test_auroc":0.5558333396911621,"test_recall0.25":0,"test_balanced_accuracy0.25":0.5,"val_precision0.5":0.6666666865348816,"val_accuracy0.25":0.7570093274116516,"_wandb":{"runtime":1148},"test_balanced_accuracy0.5":0.5,"train_auroc":0.999327540397644,"_timestamp":1.753108992415399e+09,"test_precision0.75":0,"val_accuracy0.5":0.7570093274116516}