{"_timestamp":1.7502540631486113e+09,"val_recall0.75":0.19230769574642181,"test_accuracy0.75":0.6582278609275818,"test_precision0.75":0.1818181872367859,"test_accuracy0.25":0.6962025165557861,"val_recall0.25":0.19230769574642181,"test_recall0.5":0.15000000596046448,"test_balanced_accuracy0.5":0.4902542372881356,"val_precision0.25":0.2631579041481018,"val_balanced_accuracy0.75":0.5328627069133398,"val_accuracy0.75":0.7047619223594666,"test_balanced_accuracy0.75":0.473728813559322,"val_accuracy0.5":0.6857143044471741,"test_precision0.5":0.23076923191547394,"test_recall0.75":0.10000000149011612,"val_auroc":0.45350536704063416,"val_balanced_accuracy0.5":0.5202044790652386,"_step":288,"_wandb":{"runtime":975},"val_balanced_accuracy0.25":0.5075462512171374,"test_balanced_accuracy0.25":0.5817796610169492,"train_auroc":1,"val_precision0.75":0.3333333432674408,"test_recall0.25":0.3499999940395355,"test_accuracy0.5":0.6582278609275818,"val_accuracy0.25":0.6666666865348816,"train_loss":0.00016996543854475021,"val_precision0.5":0.29411765933036804,"test_precision0.25":0.3888888955116272,"val_recall0.5":0.19230769574642181,"_runtime":975.573311248,"test_auroc":0.5652542114257812}