{"val_recall0.75":0.1111111119389534,"test_accuracy0.75":0.699999988079071,"test_accuracy0.5":0.6499999761581421,"val_precision0.75":0.1428571492433548,"val_accuracy0.75":0.6074766516685486,"val_accuracy0.25":0.4859813153743744,"val_recall0.25":0.2222222238779068,"val_accuracy0.5":0.6074766516685486,"train_auroc":0.99671870470047,"test_recall0.5":0.10000000149011612,"test_balanced_accuracy0.25":0.45833333333333337,"test_recall0.75":0.10000000149011612,"val_balanced_accuracy0.25":0.3986111111111111,"_step":442,"train_loss":0.24023950099945068,"_wandb":{"runtime":19612},"val_precision0.5":0.2222222238779068,"test_recall0.25":0.20000000298023224,"test_balanced_accuracy0.75":0.5,"val_auroc":0.3828703761100769,"test_precision0.25":0.190476194024086,"test_accuracy0.25":0.5874999761581421,"test_auroc":0.5066666603088379,"val_balanced_accuracy0.75":0.44305555555555554,"val_recall0.5":0.2222222238779068,"val_balanced_accuracy0.5":0.4798611111111111,"test_balanced_accuracy0.5":0.4666666666666667,"_timestamp":1.7546456341595955e+09,"_runtime":19612.748402892,"test_precision0.5":0.1666666716337204,"val_precision0.25":0.15000000596046448,"test_precision0.75":0.25}