{"_runtime":1099.51073508,"test_precision0.25":0.25,"val_balanced_accuracy0.25":0.5,"train_auroc":0.569648265838623,"val_precision0.25":0.24528302252292633,"test_recall0.75":0,"test_recall0.25":1,"test_balanced_accuracy0.25":0.5,"test_recall0.5":0,"test_balanced_accuracy0.5":0.5,"test_accuracy0.75":0.75,"val_recall0.75":0,"test_accuracy0.25":0.25,"val_recall0.5":0,"val_accuracy0.75":0.7547169923782349,"test_auroc":0.5783333778381348,"val_balanced_accuracy0.75":0.5,"val_precision0.5":0,"_step":169,"_timestamp":1.7535280844362848e+09,"test_precision0.5":0,"val_auroc":0.5620192885398865,"train_loss":1.7105976343154907,"val_balanced_accuracy0.5":0.5,"test_balanced_accuracy0.75":0.5,"_wandb":{"runtime":1099},"val_accuracy0.5":0.7547169923782349,"val_precision0.75":0,"test_precision0.75":0,"test_accuracy0.5":0.75,"val_recall0.25":1,"val_accuracy0.25":0.24528302252292633}