{"test_recall0.5":1,"test_balanced_accuracy0.25":0.5,"_wandb":{"runtime":2049},"val_precision0.5":0.24761904776096344,"val_balanced_accuracy0.75":0.5,"val_recall0.25":1,"test_auroc":0.5,"test_accuracy0.25":0.2531645596027374,"test_balanced_accuracy0.75":0.5,"train_auroc":0.44856590032577515,"val_balanced_accuracy0.5":0.5,"test_recall0.25":1,"val_auroc":0.5,"val_accuracy0.75":0.7523809671401978,"val_accuracy0.5":0.24761904776096344,"_step":159,"_timestamp":1.7509786762373157e+09,"test_accuracy0.75":0.746835470199585,"test_precision0.75":0,"test_precision0.5":0.2531645596027374,"val_balanced_accuracy0.25":0.5,"val_precision0.75":0,"val_recall0.75":0,"val_precision0.25":0.24761904776096344,"test_accuracy0.5":0.2531645596027374,"val_recall0.5":1,"test_recall0.75":0,"_runtime":2049.653449541,"test_precision0.25":0.2531645596027374,"train_loss":2.0936388969421387,"test_balanced_accuracy0.5":0.5,"val_accuracy0.25":0.24761904776096344}