{"test_balanced_accuracy0.5":0.5533898305084746,"val_balanced_accuracy0.75":0.48977604673807207,"val_accuracy0.75":0.5428571701049805,"test_precision0.5":0.2857142984867096,"_wandb":{"runtime":1417},"train_auroc":1,"test_balanced_accuracy0.75":0.5042372881355932,"val_recall0.75":0.38461539149284363,"val_balanced_accuracy0.25":0.5038948393378773,"test_recall0.25":0.800000011920929,"_step":327,"test_precision0.75":0.25641027092933655,"val_accuracy0.25":0.4476190507411957,"test_balanced_accuracy0.25":0.5610169491525424,"test_accuracy0.25":0.4430379867553711,"test_recall0.5":0.699999988079071,"test_accuracy0.5":0.4810126721858978,"_timestamp":1.7501607252039313e+09,"val_accuracy0.5":0.5142857432365417,"test_recall0.75":0.5,"val_precision0.25":0.25,"test_accuracy0.75":0.5063291192054749,"test_auroc":0.5254237651824951,"val_auroc":0.5126582384109497,"val_precision0.75":0.2380952388048172,"val_recall0.5":0.5769230723381042,"train_loss":0.015269697643816471,"val_recall0.25":0.6153846383094788,"test_precision0.25":0.2857142984867096,"val_balanced_accuracy0.5":0.5352969814995131,"val_precision0.5":0.27272728085517883,"_runtime":1417.864583955}