{"val_balanced_accuracy0.75":0.5,"_runtime":16.001672601,"val_recall0.75":0,"val_accuracy0.5":0.21875,"val_recall0.25":1,"_step":0,"_timestamp":1.7550896628487194e+09,"_wandb":{"runtime":16},"val_accuracy0.25":0.21875,"val_recall0.5":1,"val_balanced_accuracy0.25":0.5,"val_accuracy0.75":0.78125,"val_precision0.25":0.21875,"val_balanced_accuracy0.5":0.5,"val_precision0.75":0,"val_auroc":0.40642857551574707,"val_precision0.5":0.21875}