{"test_recall0.5":0.20000000298023224,"_wandb":{"runtime":984},"_timestamp":1.750545049631461e+09,"test_balanced_accuracy0.25":0.49830508474576274,"test_accuracy0.75":0.6582278609275818,"test_precision0.25":0.25,"test_precision0.5":0.2666666805744171,"val_balanced_accuracy0.25":0.5457643622200584,"test_balanced_accuracy0.75":0.5067796610169492,"train_loss":0.03941527381539345,"test_balanced_accuracy0.5":0.5067796610169492,"val_auroc":0.5141187906265259,"val_precision0.75":0.3333333432674408,"test_accuracy0.25":0.6455696225166321,"test_recall0.25":0.20000000298023224,"val_accuracy0.75":0.7142857313156128,"val_recall0.5":0.1538461595773697,"val_recall0.75":0.1538461595773697,"_step":274,"test_auroc":0.5855932235717773,"train_auroc":0.9994522929191589,"test_recall0.75":0.20000000298023224,"val_precision0.5":0.2857142984867096,"test_precision0.75":0.2666666805744171,"val_precision0.25":0.3529411852359772,"val_accuracy0.25":0.7047619223594666,"_runtime":984.448488516,"test_accuracy0.5":0.6582278609275818,"val_recall0.25":0.23076923191547394,"val_accuracy0.5":0.6952381134033203,"val_balanced_accuracy0.75":0.5262901655306719,"val_balanced_accuracy0.5":0.5136319376825706}