{"val_balanced_accuracy0.25":0.5110576923076923,"val_auroc":0.48028847575187683,"val_accuracy0.25":0.5754716992378235,"val_accuracy0.75":0.6320754885673523,"test_accuracy0.5":0.762499988079071,"test_balanced_accuracy0.75":0.5416666666666666,"test_accuracy0.75":0.762499988079071,"val_recall0.75":0.26923078298568726,"_runtime":3989.908671077,"_wandb":{"runtime":3989},"train_auroc":1,"_timestamp":1.7535871945176342e+09,"test_precision0.25":0.5,"val_balanced_accuracy0.5":0.4913461538461539,"test_recall0.75":0.10000000149011612,"val_recall0.25":0.38461539149284363,"test_auroc":0.5408333539962769,"val_precision0.5":0.23529411852359772,"test_precision0.5":0.6000000238418579,"train_loss":0.0032458603382110596,"test_precision0.75":0.6666666865348816,"test_recall0.5":0.15000000596046448,"test_balanced_accuracy0.25":0.5666666666666667,"test_accuracy0.25":0.75,"val_recall0.5":0.3076923191547394,"val_precision0.25":0.25641027092933655,"val_precision0.75":0.25925925374031067,"test_recall0.25":0.20000000298023224,"_step":442,"val_balanced_accuracy0.75":0.5096153846153846,"val_accuracy0.5":0.5849056839942932,"test_balanced_accuracy0.5":0.5583333333333333}