{"val_recall0.5":1,"_wandb":{"runtime":3732},"test_accuracy0.5":0.2531645596027374,"test_recall0.25":1,"val_recall0.25":1,"_timestamp":1.7500512202124712e+09,"test_auroc":0.5,"_step":999,"test_precision0.75":0,"test_precision0.25":0.2531645596027374,"val_precision0.5":0.24761904776096344,"test_accuracy0.75":0.746835470199585,"test_precision0.5":0.2531645596027374,"_runtime":3732.356287058,"test_recall0.75":0,"val_recall0.75":0,"train_auroc":0.4936586916446686,"val_balanced_accuracy0.75":0.5,"test_balanced_accuracy0.75":0.5,"test_balanced_accuracy0.5":0.5,"val_balanced_accuracy0.5":0.5,"val_balanced_accuracy0.25":0.5,"test_accuracy0.25":0.2531645596027374,"val_accuracy0.75":0.7523809671401978,"val_accuracy0.5":0.24761904776096344,"test_balanced_accuracy0.25":0.5,"test_recall0.5":1,"val_accuracy0.25":0.24761904776096344,"val_precision0.25":0.24761904776096344,"val_precision0.75":0,"train_loss":2.092252016067505,"val_auroc":0.5}