{"val_recall0.5":0.42307692766189575,"test_precision0.5":0.28125,"test_recall0.25":0.550000011920929,"val_precision0.25":0.25,"val_balanced_accuracy0.75":0.5912852969814996,"val_accuracy0.75":0.6761904954910278,"train_loss":0.2361074537038803,"test_balanced_accuracy0.5":0.5300847457627119,"_step":436,"val_balanced_accuracy0.25":0.5026777020447907,"_timestamp":1.7502440230388968e+09,"test_recall0.75":0.25,"val_recall0.25":0.42307692766189575,"val_auroc":0.5265336036682129,"test_precision0.25":0.3055555522441864,"val_precision0.75":0.36666667461395264,"val_recall0.75":0.42307692766189575,"test_balanced_accuracy0.25":0.563135593220339,"val_balanced_accuracy0.5":0.5406523855890945,"val_accuracy0.25":0.5428571701049805,"test_auroc":0.5957626700401306,"test_accuracy0.75":0.6202531456947327,"test_accuracy0.25":0.5696202516555786,"train_auroc":0.9962946772575378,"test_recall0.5":0.44999998807907104,"_wandb":{"runtime":1402},"test_accuracy0.5":0.5696202516555786,"_runtime":1402.885937766,"test_balanced_accuracy0.75":0.4978813559322034,"test_precision0.75":0.25,"val_precision0.5":0.28947368264198303,"val_accuracy0.5":0.6000000238418579}