{"test_precision":0,"_runtime":1149.059717677,"train_auroc":0.4244801998138428,"val_loss":0.3641449511051178,"val_accuracy":0.75,"val_auroc":0.4166666865348816,"train_loss":0.37139081954956055,"test_accuracy":0.746835470199585,"val_precision":0,"val_recall":0,"test_recall":0,"_step":19,"_timestamp":1.747784021654917e+09,"test_auroc":0.45000001788139343,"_wandb":{"runtime":1149}}