{"val_auroc":0.5223953127861023,"val_recall0.25":0.5,"test_auroc":0.5169491171836853,"val_balanced_accuracy0.5":0.48758519961051605,"test_recall0.75":0,"test_recall0.5":0.05000000074505806,"val_balanced_accuracy0.75":0.5,"val_accuracy0.5":0.7142857313156128,"val_accuracy0.75":0.7523809671401978,"test_balanced_accuracy0.75":0.5,"val_accuracy0.25":0.4571428596973419,"test_accuracy0.25":0.49367088079452515,"val_balanced_accuracy0.25":0.4715189873417721,"train_loss":1.2330689430236816,"test_precision0.5":0.1666666716337204,"test_balanced_accuracy0.5":0.4826271186440678,"_runtime":1789.361921077,"test_precision0.25":0.27272728085517883,"_step":499,"_timestamp":1.7499095767276616e+09,"val_recall0.75":0,"test_recall0.25":0.6000000238418579,"test_precision0.75":0,"_wandb":{"runtime":1789},"val_precision0.75":0,"test_accuracy0.75":0.746835470199585,"val_precision0.25":0.22807016968727112,"test_balanced_accuracy0.25":0.5288135593220339,"val_precision0.5":0.1666666716337204,"val_recall0.5":0.03846153989434242,"test_accuracy0.5":0.6962025165557861,"train_auroc":0.9116358757019043}