{"val_balanced_accuracy0.5":0.43816942551119764,"_runtime":2833.175373317,"train_auroc":0.6966431736946106,"test_precision0.75":0,"val_accuracy0.75":0.7523809671401978,"val_precision0.5":0.1764705926179886,"train_loss":2.005825996398926,"test_auroc":0.5983051061630249,"val_accuracy0.25":0.24761904776096344,"test_precision0.5":0.27586206793785095,"val_balanced_accuracy0.75":0.5,"test_balanced_accuracy0.25":0.5,"test_recall0.5":0.4000000059604645,"val_precision0.75":0,"test_accuracy0.75":0.746835470199585,"val_auroc":0.5199610590934753,"test_recall0.25":1,"_wandb":{"runtime":2833},"_step":192,"val_recall0.25":1,"val_recall0.75":0,"val_balanced_accuracy0.25":0.5,"test_accuracy0.5":0.5822784900665283,"test_precision0.25":0.2531645596027374,"test_recall0.75":0,"val_precision0.25":0.24761904776096344,"test_accuracy0.25":0.2531645596027374,"test_balanced_accuracy0.75":0.5,"_timestamp":1.7511644012168727e+09,"val_recall0.5":0.23076923191547394,"test_balanced_accuracy0.5":0.5220338983050847,"val_accuracy0.5":0.5428571701049805}