{"val_precision":0,"val_accuracy":0.7407407164573669,"test_accuracy":0.7557252049446106,"test_auroc":0.44160354137420654,"val_recall":0,"test_precision":0,"val_auroc":0.6142857074737549,"val_loss":1.7181026935577393,"_wandb":{"runtime":1122},"_timestamp":1.7495828129184191e+09,"val_balanced_accuracy":0.5,"_step":155,"_runtime":1122.715972785,"test_balanced_accuracy":0.5,"train_loss":1.4978184700012207,"test_recall":0,"train_auroc":0.8082926273345947}