{"_timestamp":1.7495477680383327e+09,"test_auroc":0.5886133909225464,"test_accuracy":0.7424242496490479,"_wandb":{"runtime":446},"test_balanced_accuracy":0.5050505050505051,"_step":50,"val_precision":0,"train_loss":1.2293369770050049,"test_recall":0.03030303120613098,"val_recall":0,"test_precision":0.3333333432674408,"val_accuracy":0.7407407164573669,"_runtime":446.552646327,"val_auroc":0.3571428656578064,"val_loss":2.896789073944092,"val_balanced_accuracy":0.5,"train_auroc":0.8653808832168579}