{"val_loss":1.7266626358032227,"_step":188,"test_auroc":0.5325987339019775,"val_recall":0,"train_loss":1.6425763368606567,"_wandb":{"runtime":770},"val_balanced_accuracy":0.5,"test_recall":0,"val_auroc":0.5357142686843872,"test_precision":0,"_runtime":770.454764753,"val_precision":0,"test_balanced_accuracy":0.5,"train_auroc":0.7156633138656616,"test_accuracy":0.75,"val_accuracy":0.7407407164573669,"_timestamp":1.7495007139211502e+09}