{"test_precision0.75":0.3333333432674408,"test_precision0.5":0.3333333432674408,"test_balanced_accuracy0.75":0.5644067796610169,"val_precision0.5":0.28205129504203796,"test_precision0.25":0.3333333432674408,"val_precision0.75":0.2702702581882477,"test_balanced_accuracy0.5":0.5644067796610169,"val_accuracy0.5":0.5904762148857117,"val_balanced_accuracy0.25":0.5343232716650438,"_timestamp":1.7504858877416525e+09,"test_recall0.75":0.4000000059604645,"val_balanced_accuracy0.75":0.5214216163583252,"test_balanced_accuracy0.25":0.5644067796610169,"test_accuracy0.5":0.6455696225166321,"test_auroc":0.5555084943771362,"val_accuracy0.25":0.5904762148857117,"_runtime":1249.43960737,"val_recall0.5":0.42307692766189575,"_wandb":{"runtime":1249},"test_accuracy0.75":0.6455696225166321,"val_precision0.25":0.28205129504203796,"test_accuracy0.25":0.6455696225166321,"val_recall0.25":0.42307692766189575,"val_balanced_accuracy0.5":0.5343232716650438,"test_recall0.25":0.4000000059604645,"val_recall0.75":0.38461539149284363,"train_auroc":0.9992697238922119,"val_accuracy0.75":0.5904762148857117,"train_loss":0.0434303842484951,"_step":464,"val_auroc":0.48393380641937256,"test_recall0.5":0.4000000059604645}