{"test_balanced_accuracy0.25":0.5,"val_precision0.75":0,"val_balanced_accuracy0.75":0.5,"test_balanced_accuracy0.5":0.5,"train_auroc":0.44533205032348633,"_wandb":{"runtime":8175},"val_accuracy0.75":0.7476635575294495,"val_recall0.75":0,"test_accuracy0.75":0.75,"test_recall0.5":1,"train_loss":2.0803284645080566,"val_balanced_accuracy0.5":0.5,"val_recall0.25":1,"val_balanced_accuracy0.25":0.5,"_step":186,"test_precision0.25":0.25,"test_auroc":0.5537500381469727,"val_recall0.5":1,"val_auroc":0.45023149251937866,"val_precision0.25":0.25233644247055054,"val_accuracy0.5":0.25233644247055054,"val_accuracy0.25":0.25233644247055054,"val_precision0.5":0.25233644247055054,"test_recall0.25":1,"test_recall0.75":0,"test_precision0.75":0,"_timestamp":1.7546124061895308e+09,"test_accuracy0.25":0.25,"test_accuracy0.5":0.25,"test_precision0.5":0.25,"_runtime":8175.210584937,"test_balanced_accuracy0.75":0.5}