{"val_auroc":0.421875,"test_recall":0.2531645596027374,"test_precision":0.2531645596027374,"test_accuracy":0.2531645596027374,"val_recall":0.21875,"val_loss":0.6934719085693359,"val_balanced_accuracy":0.4375,"_wandb":{"runtime":3843},"_step":53,"val_precision":0.21875,"test_auroc":0.47288134694099426,"val_accuracy":0.21875,"train_loss":0.6928756833076477,"train_auroc":0.5385144352912903,"test_balanced_accuracy":0.5,"_timestamp":1.7479651665081754e+09,"_runtime":3843.297838188}