{"_runtime":16.9464281,"_step":0,"val_recall":0,"train_loss":0.6814004182815552,"val_accuracy":0.5,"val_auroc":0,"_timestamp":1.7477414680389953e+09,"train_auroc":0.6666666269302368,"val_loss":0.6896471977233887,"_wandb":{"runtime":16},"val_precision":0}