{"val_accuracy0.25":0.3333333432674408,"test_balanced_accuracy0.75":0.5,"val_recall0.75":0,"val_precision0.75":0,"test_recall0.25":1,"test_precision0.25":0.5,"val_balanced_accuracy0.25":0.5,"_timestamp":1.7512815635770302e+09,"train_auroc":1,"test_auroc":1,"val_precision0.25":0.3333333432674408,"test_accuracy0.25":0.5,"test_precision0.75":0,"val_recall0.5":0,"val_precision0.5":0,"test_accuracy0.75":0.5,"test_balanced_accuracy0.5":0.5,"train_loss":0.587995707988739,"test_balanced_accuracy0.25":0.5,"val_accuracy0.5":0.3333333432674408,"_step":21,"_runtime":15.4934754,"_wandb":{"runtime":15},"val_balanced_accuracy0.75":0.5,"val_balanced_accuracy0.5":0.25,"test_recall0.75":0,"test_precision0.5":0.5,"test_accuracy0.5":0.5,"val_accuracy0.75":0.6666666865348816,"test_recall0.5":1,"val_recall0.25":1,"val_auroc":0}