{"val_recall0.5":0.6296296119689941,"val_balanced_accuracy0.5":0.5426629160806375,"test_recall0.5":0.6499999761581421,"_runtime":1032.07256024,"val_accuracy0.25":0.25471699237823486,"test_auroc":0.6016666889190674,"test_balanced_accuracy0.25":0.5,"train_loss":2.0689027309417725,"test_precision0.25":0.25,"test_balanced_accuracy0.75":0.5,"test_precision0.5":0.302325576543808,"test_accuracy0.75":0.75,"val_accuracy0.5":0.5,"val_recall0.75":0,"test_recall0.25":1,"_wandb":{"runtime":1032},"train_auroc":0.6197071075439453,"test_accuracy0.5":0.5375000238418579,"val_precision0.25":0.25471699237823486,"test_accuracy0.25":0.25,"val_precision0.5":0.28333333134651184,"val_balanced_accuracy0.75":0.5,"val_recall0.25":1,"val_accuracy0.75":0.7452830076217651,"val_auroc":0.5813407897949219,"test_precision0.75":0,"val_precision0.75":0,"_timestamp":1.753523504950296e+09,"_step":284,"test_recall0.75":0,"test_balanced_accuracy0.5":0.575,"val_balanced_accuracy0.25":0.5}