{"_timestamp":1.7476497605897229e+09,"train_loss":0.3742588758468628,"train_auroc":0.5,"val_loss":0.37451231479644775,"val_accuracy":0.75,"test_precision":0,"test_accuracy":0.746835470199585,"test_recall":0,"test_auroc":0.5,"val_auroc":0.5,"val_recall":0,"_wandb":{"runtime":1228},"val_precision":0,"_runtime":1224.837102249,"_step":35}