{"test_accuracy0.5":0.4556961953639984,"train_auroc":0.9996795058250427,"val_accuracy0.25":0.46666666865348816,"test_auroc":0.5313559770584106,"val_precision0.25":0.27272728085517883,"test_accuracy0.25":0.4683544337749481,"test_balanced_accuracy0.75":0.5233050847457628,"_timestamp":1.750739245161613e+09,"_step":999,"test_accuracy0.75":0.6582278609275818,"val_recall0.5":0.38461539149284363,"test_precision0.75":0.29411765933036804,"_runtime":5483.056643244,"val_precision0.5":0.25641027092933655,"val_precision0.75":0.1666666716337204,"test_precision0.25":0.29629629850387573,"test_recall0.75":0.25,"test_precision0.5":0.2195121943950653,"val_balanced_accuracy0.75":0.4627555988315482,"val_recall0.75":0.11538461595773697,"val_recall0.25":0.692307710647583,"val_accuracy0.5":0.5714285969734192,"train_loss":0.3132605254650116,"test_recall0.25":0.800000011920929,"test_balanced_accuracy0.5":0.45381355932203393,"val_accuracy0.75":0.6380952596664429,"val_auroc":0.5379747152328491,"val_balanced_accuracy0.5":0.508763388510224,"test_recall0.5":0.44999998807907104,"test_balanced_accuracy0.25":0.5779661016949152,"_wandb":{"runtime":5483},"val_balanced_accuracy0.25":0.5423563777994158}