{"val_balanced_accuracy0.75":0.4995311767463666,"val_auroc":0.5241443514823914,"test_recall0.75":0.10000000149011612,"_step":292,"test_accuracy0.25":0.26249998807907104,"test_precision0.75":0.2857142984867096,"test_accuracy0.75":0.7124999761581421,"val_recall0.75":0.03703703731298447,"train_loss":1.5338284969329834,"val_balanced_accuracy0.5":0.4285044538209095,"val_accuracy0.5":0.5660377144813538,"test_precision0.25":0.232876718044281,"val_recall0.5":0.14814814925193787,"_runtime":1259.295975039,"val_accuracy0.75":0.7264150977134705,"val_precision0.75":0.25,"_wandb":{"runtime":1259},"train_auroc":0.8118749856948853,"test_balanced_accuracy0.25":0.4583333333333333,"test_balanced_accuracy0.75":0.5083333333333333,"test_balanced_accuracy0.5":0.475,"test_recall0.5":0.20000000298023224,"val_balanced_accuracy0.25":0.5131270511017346,"_timestamp":1.7530962633853552e+09,"test_accuracy0.5":0.612500011920929,"test_precision0.5":0.21052631735801697,"val_recall0.25":0.9629629850387573,"test_auroc":0.3841666579246521,"val_precision0.5":0.14814814925193787,"val_precision0.25":0.25999999046325684,"test_recall0.25":0.8500000238418579,"val_accuracy0.25":0.2924528419971466}