{"train_auroc":0.9994391798973083,"test_recall0.25":0.699999988079071,"test_precision0.75":0.2857142984867096,"train_loss":0.0975596085190773,"test_balanced_accuracy0.5":0.5707627118644067,"test_auroc":0.5508474111557007,"val_auroc":0.5236124992370605,"val_balanced_accuracy0.25":0.5102239532619279,"test_balanced_accuracy0.25":0.561864406779661,"test_recall0.5":0.6499999761581421,"test_precision0.25":0.2916666567325592,"test_accuracy0.25":0.49367088079452515,"val_precision0.75":0.23999999463558197,"test_precision0.5":0.302325576543808,"val_recall0.5":0.5384615659713745,"val_accuracy0.25":0.4571428596973419,"val_balanced_accuracy0.75":0.4902629016553067,"val_recall0.25":0.6153846383094788,"val_accuracy0.75":0.5047619342803955,"val_recall0.75":0.4615384638309479,"_step":334,"_wandb":{"runtime":1458},"test_accuracy0.5":0.5316455960273743,"val_precision0.25":0.2539682686328888,"test_accuracy0.75":0.5569620132446289,"test_balanced_accuracy0.75":0.538135593220339,"_runtime":1458.427999796,"val_precision0.5":0.25925925374031067,"test_recall0.75":0.5,"val_accuracy0.5":0.5047619342803955,"val_balanced_accuracy0.5":0.5160662122687439,"_timestamp":1.7506787374776692e+09}