{"val_recall0.5":0.1111111119389534,"test_precision0.25":0.25,"val_precision0.25":0.2298850566148758,"test_accuracy0.5":0.737500011920929,"val_recall0.75":0,"train_loss":1.505763292312622,"train_auroc":0.8286328315734863,"test_balanced_accuracy0.5":0.575,"_timestamp":1.7538043632055833e+09,"val_accuracy0.25":0.30188679695129395,"test_precision0.75":0,"_wandb":{"runtime":3757},"val_balanced_accuracy0.75":0.4936708860759494,"test_recall0.25":0.8500000238418579,"test_precision0.5":0.4545454680919647,"test_accuracy0.75":0.737500011920929,"test_recall0.75":0,"test_balanced_accuracy0.25":0.5,"val_recall0.25":0.7407407164573669,"_runtime":3757.476344924,"val_accuracy0.5":0.6320754885673523,"val_balanced_accuracy0.5":0.460618846694796,"test_auroc":0.6308333873748779,"test_balanced_accuracy0.75":0.49166666666666664,"val_precision0.75":0,"test_accuracy0.25":0.32499998807907104,"val_balanced_accuracy0.25":0.44631973745897796,"test_recall0.5":0.25,"val_precision0.5":0.1666666716337204,"val_accuracy0.75":0.7358490824699402,"_step":999,"val_auroc":0.4463197588920593}