{"test_recall":0.4683544337749481,"val_precision":0.40625,"val_balanced_accuracy":0.47916666666666663,"test_auroc":0.5237288475036621,"test_accuracy":0.4683544337749481,"val_auroc":0.5364583134651184,"train_loss":0.25936776399612427,"test_precision":0.4683544337749481,"_timestamp":1.7478811660794308e+09,"train_auroc":0.9462776184082031,"test_balanced_accuracy":0.49533898305084745,"val_loss":0.9538654088973999,"val_accuracy":0.40625,"_step":115,"val_recall":0.40625,"_runtime":2439.846700085,"_wandb":{"runtime":2439}}