{"test_recall0.5":0.20000000298023224,"val_balanced_accuracy0.5":0.4484294421003282,"val_auroc":0.37834036350250244,"test_recall0.75":0.05000000074505806,"val_accuracy0.5":0.6320754885673523,"_runtime":2920.590665527,"train_auroc":1,"val_precision0.75":0.1428571492433548,"test_balanced_accuracy0.75":0.4916666666666667,"test_precision0.25":0.2777777910232544,"_timestamp":1.753508394394906e+09,"_step":960,"val_accuracy0.25":0.5660377144813538,"val_accuracy0.75":0.698113203048706,"test_accuracy0.75":0.7124999761581421,"val_precision0.25":0.17241379618644714,"val_balanced_accuracy0.75":0.4805438349742147,"test_accuracy0.5":0.699999988079071,"val_precision0.5":0.125,"val_balanced_accuracy0.25":0.44069385841537745,"test_recall0.25":0.25,"test_balanced_accuracy0.5":0.5333333333333333,"val_recall0.25":0.18518517911434174,"val_recall0.75":0.03703703731298447,"_wandb":{"runtime":2920},"test_precision0.75":0.20000000298023224,"train_loss":0.1965889185667038,"test_auroc":0.5875000357627869,"test_balanced_accuracy0.25":0.5166666666666666,"test_precision0.5":0.3333333432674408,"val_recall0.5":0.07407407462596893,"test_accuracy0.25":0.6499999761581421}