{"test_accuracy0.25":0.6582278609275818,"_wandb":{"runtime":1117},"test_recall0.75":0.15000000596046448,"test_auroc":0.45889830589294434,"val_balanced_accuracy0.25":0.5652385589094451,"test_balanced_accuracy0.5":0.49830508474576274,"test_balanced_accuracy0.25":0.5233050847457628,"test_precision0.75":0.2142857164144516,"val_precision0.25":0.3636363744735718,"val_auroc":0.5664557218551636,"test_accuracy0.75":0.6455696225166321,"train_loss":0.03967269882559776,"_step":283,"val_balanced_accuracy0.75":0.5331061343719572,"_runtime":1117.688545606,"val_accuracy0.25":0.6952381134033203,"val_precision0.75":0.31578946113586426,"val_accuracy0.75":0.6857143044471741,"_timestamp":1.7505482934628744e+09,"val_recall0.5":0.26923078298568726,"val_recall0.25":0.3076923191547394,"train_auroc":0.9995739459991455,"test_recall0.25":0.25,"val_balanced_accuracy0.5":0.5460077896786758,"test_precision0.25":0.29411765933036804,"test_balanced_accuracy0.75":0.4817796610169492,"test_accuracy0.5":0.6455696225166321,"val_recall0.75":0.23076923191547394,"val_precision0.5":0.3333333432674408,"test_precision0.5":0.25,"test_recall0.5":0.20000000298023224,"val_accuracy0.5":0.6857143044471741}