{"val_auroc":0.6263388395309448,"test_accuracy0.5":0.5822784900665283,"val_recall0.75":0.26923078298568726,"_timestamp":1.7513855441624734e+09,"val_balanced_accuracy0.75":0.5333495618305745,"test_precision0.75":0.1666666716337204,"test_balanced_accuracy0.25":0.45593220338983054,"_step":189,"test_accuracy0.25":0.5822784900665283,"test_recall0.25":0.20000000298023224,"val_precision0.75":0.30434781312942505,"_wandb":{"runtime":1224},"_runtime":1224.08342088,"val_balanced_accuracy0.25":0.5654819863680622,"train_loss":1.1522449312906247e-05,"test_balanced_accuracy0.5":0.43940677966101693,"test_balanced_accuracy0.75":0.4478813559322034,"val_accuracy0.75":0.6666666865348816,"test_recall0.5":0.15000000596046448,"train_auroc":0.9999999403953552,"val_recall0.5":0.3076923191547394,"test_accuracy0.75":0.594936728477478,"val_accuracy0.5":0.6666666865348816,"test_auroc":0.5406779050827026,"val_accuracy0.25":0.6761904954910278,"val_precision0.25":0.3461538553237915,"test_precision0.25":0.190476194024086,"val_precision0.5":0.3199999928474426,"val_recall0.25":0.3461538553237915,"test_precision0.5":0.15789473056793213,"test_recall0.75":0.15000000596046448,"val_balanced_accuracy0.5":0.5462512171372931}