{"val_precision0.75":0.27272728085517883,"val_accuracy0.75":0.6571428775787354,"val_balanced_accuracy0.5":0.5077896786757546,"test_precision0.25":0.2777777910232544,"test_accuracy0.5":0.6708860993385315,"val_balanced_accuracy0.25":0.5080331061343719,"test_precision0.5":0.3125,"test_balanced_accuracy0.75":0.5572033898305084,"train_loss":8.292142592836171e-05,"test_recall0.75":0.25,"test_precision0.75":0.38461539149284363,"test_accuracy0.25":0.6455696225166321,"test_accuracy0.75":0.7088607549667358,"val_precision0.5":0.260869562625885,"_step":316,"test_auroc":0.5220338702201843,"_timestamp":1.750178606698353e+09,"val_accuracy0.25":0.6285714507102966,"val_accuracy0.5":0.6476190686225891,"test_balanced_accuracy0.25":0.5148305084745763,"val_recall0.25":0.26923078298568726,"_wandb":{"runtime":1152},"val_recall0.75":0.23076923191547394,"train_auroc":0.9999999403953552,"test_balanced_accuracy0.5":0.5317796610169492,"val_balanced_accuracy0.75":0.5141187925998053,"val_precision0.25":0.25925925374031067,"test_recall0.5":0.25,"test_recall0.25":0.25,"_runtime":1152.019363237,"val_auroc":0.5209347605705261,"val_recall0.5":0.23076923191547394}