{"test_recall0.25":0.24242424964904785,"val_recall0.25":0.1428571492433548,"test_precision0.5":0.21052631735801697,"test_accuracy0.75":0.6106870174407959,"val_accuracy0.75":0.7407407164573669,"train_loss":4.943184194416972e-06,"test_balanced_accuracy0.75":0.4684601113172542,"_runtime":1914.413126539,"train_auroc":1,"test_precision0.75":0.20000000298023224,"val_balanced_accuracy0.25":0.5464285714285714,"val_balanced_accuracy0.5":0.5464285714285714,"val_precision0.25":0.5,"test_balanced_accuracy0.5":0.4681508967223253,"_step":499,"test_precision0.25":0.20512820780277252,"test_auroc":0.44124919176101685,"val_precision0.5":0.5,"val_recall0.5":0.1428571492433548,"_wandb":{"runtime":1914},"test_recall0.75":0.1818181872367859,"val_accuracy0.25":0.7407407164573669,"val_auroc":0.5642857551574707,"test_accuracy0.25":0.572519063949585,"test_balanced_accuracy0.25":0.46304885590599876,"val_accuracy0.5":0.7407407164573669,"test_recall0.5":0.24242424964904785,"val_balanced_accuracy0.75":0.5464285714285714,"_timestamp":1.7497093242030113e+09,"test_accuracy0.5":0.580152690410614,"val_recall0.75":0.1428571492433548,"val_precision0.75":0.5}