{"val_precision":0,"test_recall":0,"test_accuracy":0.7480915784835815,"val_loss":1.7252243757247925,"val_balanced_accuracy":0.5,"_timestamp":1.7495813280353787e+09,"test_precision":0,"train_loss":1.6651551723480225,"val_recall":0,"val_accuracy":0.7407407164573669,"_wandb":{"runtime":371},"_runtime":371.544527188,"test_balanced_accuracy":0.5,"test_auroc":0.5343228578567505,"val_auroc":0.5500000715255737,"train_auroc":0.6597249507904053,"_step":55}