{"val_recall":0,"_runtime":454.174046311,"_step":35,"test_auroc":0.5,"test_recall":0,"train_loss":0.3734850287437439,"test_precision":0,"val_precision":0,"val_accuracy":0.75,"val_auroc":0.5,"_wandb":{"runtime":456},"val_loss":0.37451133131980896,"test_accuracy":0.746835470199585,"train_auroc":0.5,"_timestamp":1.747697943637767e+09}