{"val_precision0.75":0,"test_precision0.5":0.22727273404598236,"test_accuracy0.5":0.6000000238418579,"test_balanced_accuracy0.75":0.5,"_timestamp":1.7538163670459037e+09,"val_recall0.5":0.40740740299224854,"test_accuracy0.75":0.75,"_runtime":1324.76150912,"val_accuracy0.25":0.25233644247055054,"val_recall0.25":1,"test_balanced_accuracy0.5":0.48333333333333334,"train_loss":1.9913995265960693,"test_balanced_accuracy0.25":0.5,"test_precision0.75":0,"test_recall0.5":0.25,"train_auroc":0.6555516123771667,"_wandb":{"runtime":1324},"_step":288,"val_accuracy0.75":0.7476635575294495,"test_auroc":0.528333306312561,"test_accuracy0.25":0.25,"val_balanced_accuracy0.75":0.5,"val_accuracy0.5":0.6074766516685486,"test_recall0.75":0,"val_balanced_accuracy0.5":0.5412037037037037,"test_precision0.25":0.25,"val_precision0.25":0.25233644247055054,"val_auroc":0.5324074029922485,"test_recall0.25":1,"val_balanced_accuracy0.25":0.5,"val_precision0.5":0.29729729890823364,"val_recall0.75":0}