{"_step":52,"_runtime":204.009446285,"test_recall":0,"test_accuracy":0.7480915784835815,"test_auroc":0.5476190447807312,"test_precision":0,"val_balanced_accuracy":0.5,"val_accuracy":0.7407407164573669,"_wandb":{"runtime":204},"test_balanced_accuracy":0.5,"val_precision":0,"train_auroc":0.4734598994255066,"val_loss":1.724062442779541,"_timestamp":1.749493358186579e+09,"val_recall":0,"val_auroc":0.6142857074737549,"train_loss":1.6880137920379639}