{"val_auroc":0.5038948655128479,"val_balanced_accuracy0.75":0.547711781888997,"test_balanced_accuracy0.25":0.49533898305084745,"test_precision0.5":0.22857142984867096,"train_loss":0.04062329977750778,"_step":299,"val_precision0.75":0.2857142984867096,"test_precision0.25":0.25,"_runtime":1469.972423416,"val_accuracy0.25":0.46666666865348816,"val_recall0.25":0.6153846383094788,"val_accuracy0.75":0.5523809790611267,"test_recall0.75":0.30000001192092896,"test_auroc":0.5,"val_accuracy0.5":0.4952380955219269,"test_accuracy0.25":0.4683544337749481,"train_auroc":0.9999599456787109,"test_recall0.5":0.4000000059604645,"val_balanced_accuracy0.25":0.5165530671859786,"test_accuracy0.5":0.5063291192054749,"val_recall0.75":0.5384615659713745,"test_precision0.75":0.19354838132858276,"_wandb":{"runtime":1469},"_timestamp":1.7507107731827676e+09,"test_accuracy0.75":0.5063291192054749,"test_balanced_accuracy0.5":0.4711864406779661,"val_balanced_accuracy0.5":0.5355404089581305,"val_precision0.5":0.2711864411830902,"val_recall0.5":0.6153846383094788,"test_balanced_accuracy0.75":0.438135593220339,"val_precision0.25":0.25806450843811035,"test_recall0.25":0.550000011920929}