{"train_auroc":0.9987738132476807,"test_balanced_accuracy0.75":0.48333333333333334,"test_accuracy0.75":0.7250000238418579,"test_accuracy0.25":0.7250000238418579,"test_balanced_accuracy0.25":0.5166666666666667,"_runtime":1193.651286678,"val_balanced_accuracy0.5":0.4826923076923077,"val_precision0.5":0.20000000298023224,"test_precision0.75":0,"test_accuracy0.5":0.699999988079071,"val_recall0.25":0.11538461595773697,"test_auroc":0.6416667103767395,"test_recall0.25":0.10000000149011612,"test_balanced_accuracy0.5":0.4666666666666667,"_timestamp":1.753925927942754e+09,"val_precision0.25":0.1764705926179886,"test_precision0.25":0.3333333432674408,"test_recall0.5":0,"val_accuracy0.75":0.650943398475647,"test_recall0.75":0,"val_precision0.75":0.07692307978868484,"val_balanced_accuracy0.25":0.4701923076923077,"_wandb":{"runtime":1193},"val_recall0.75":0.03846153989434242,"val_auroc":0.4663461446762085,"val_balanced_accuracy0.75":0.4442307692307692,"train_loss":0.17639411985874176,"_step":204,"val_accuracy0.5":0.6698113083839417,"val_recall0.5":0.11538461595773697,"val_accuracy0.25":0.650943398475647,"test_precision0.5":0}