{"val_auroc":0.5,"val_loss":0.4633219838142395,"val_recall":1,"_wandb":{"runtime":27},"_step":0,"val_precision":0.25,"val_accuracy":0.25,"_runtime":17.580727483,"_timestamp":1.747669971112096e+09}