{"val_balanced_accuracy0.5":0.5,"test_accuracy0.5":0.746835470199585,"test_precision0.75":0,"_runtime":1277.330529851,"test_balanced_accuracy0.5":0.5,"val_accuracy0.5":0.7523809671401978,"val_precision0.75":0,"test_balanced_accuracy0.25":0.5,"train_auroc":0.42465919256210327,"train_loss":1.7114149332046509,"val_balanced_accuracy0.75":0.5,"val_balanced_accuracy0.25":0.5,"val_accuracy0.25":0.24761904776096344,"test_recall0.25":1,"test_accuracy0.25":0.2531645596027374,"test_balanced_accuracy0.75":0.5,"val_recall0.5":0,"val_precision0.25":0.24761904776096344,"val_auroc":0.5,"test_recall0.5":0,"val_precision0.5":0,"test_precision0.5":0,"_wandb":{"runtime":1277},"_step":410,"test_accuracy0.75":0.746835470199585,"test_recall0.75":0,"test_auroc":0.5,"_timestamp":1.7505346089431922e+09,"test_precision0.25":0.2531645596027374,"val_accuracy0.75":0.7523809671401978,"val_recall0.75":0,"val_recall0.25":1}