{"val_recall0.25":0.3333333432674408,"test_accuracy0.75":0.7250000238418579,"train_auroc":0.9985547065734863,"test_accuracy0.5":0.7124999761581421,"val_auroc":0.4721050262451172,"val_recall0.75":0.07407407462596893,"val_recall0.5":0.18518517911434174,"test_auroc":0.5641666650772095,"val_balanced_accuracy0.25":0.47679324894514763,"test_balanced_accuracy0.5":0.575,"train_loss":0.22206783294677734,"val_accuracy0.25":0.5471698045730591,"test_accuracy0.25":0.574999988079071,"test_recall0.5":0.30000001192092896,"test_recall0.75":0.15000000596046448,"test_balanced_accuracy0.75":0.5333333333333333,"val_accuracy0.75":0.6320754885673523,"test_balanced_accuracy0.25":0.5333333333333333,"val_balanced_accuracy0.5":0.45968120018752934,"val_precision0.75":0.125,"val_balanced_accuracy0.75":0.4484294421003282,"test_recall0.25":0.44999998807907104,"val_accuracy0.5":0.5943396091461182,"_wandb":{"runtime":3411},"_step":999,"val_precision0.25":0.23076923191547394,"_runtime":3411.527637841,"test_precision0.75":0.375,"test_precision0.25":0.28125,"_timestamp":1.7537754443526044e+09,"test_precision0.5":0.4000000059604645,"val_precision0.5":0.19230769574642181}