{"val_auroc":0.5301850438117981,"test_balanced_accuracy0.75":0.4576271186440678,"test_recall0.5":0.3499999940395355,"_wandb":{"runtime":4315},"val_recall0.5":0.38461539149284363,"_timestamp":1.7502010985828402e+09,"test_recall0.25":0.699999988079071,"val_recall0.75":0,"test_recall0.75":0,"test_precision0.75":0,"test_accuracy0.75":0.6835442781448364,"_step":999,"_runtime":4315.738796911,"test_precision0.25":0.2641509473323822,"test_balanced_accuracy0.5":0.4800847457627119,"train_auroc":0.9661112427711487,"val_accuracy0.75":0.7047619223594666,"val_accuracy0.5":0.6476190686225891,"val_balanced_accuracy0.75":0.46835443037974683,"val_recall0.25":0.807692289352417,"val_precision0.75":0,"val_balanced_accuracy0.25":0.5430866601752677,"val_accuracy0.25":0.4095238149166107,"test_auroc":0.5008474588394165,"test_precision0.5":0.23333333432674408,"train_loss":0.8904927372932434,"test_accuracy0.25":0.4303797483444214,"test_accuracy0.5":0.5443037748336792,"val_precision0.5":0.32258063554763794,"test_balanced_accuracy0.25":0.5194915254237288,"val_balanced_accuracy0.5":0.5593962999026291,"val_precision0.25":0.26923078298568726}