{"_step":0,"val_loss":5157.904296875,"val_precision":0.125,"_timestamp":1.7474353548897712e+09,"val_accuracy":0.125,"val_auroc":0.5,"_runtime":4.621336259,"_wandb":{"runtime":9},"val_recall":1}