{"val_precision0.25":0.36000001430511475,"_timestamp":1.7510346731187272e+09,"test_balanced_accuracy0.75":0.4817796610169492,"test_precision0.75":0.2142857164144516,"test_recall0.25":0.25,"val_auroc":0.664313554763794,"val_balanced_accuracy0.25":0.5718111002921129,"test_accuracy0.5":0.6202531456947327,"val_balanced_accuracy0.75":0.5649951314508277,"val_balanced_accuracy0.5":0.5525803310613437,"test_precision0.25":0.25,"val_accuracy0.25":0.6857143044471741,"test_balanced_accuracy0.5":0.4813559322033898,"train_loss":0.000811612349934876,"test_recall0.5":0.20000000298023224,"test_recall0.75":0.15000000596046448,"test_accuracy0.75":0.6455696225166321,"_wandb":{"runtime":2824},"val_accuracy0.75":0.7142857313156128,"val_accuracy0.5":0.6761904954910278,"val_recall0.25":0.3461538553237915,"test_accuracy0.25":0.6202531456947327,"test_balanced_accuracy0.25":0.4978813559322034,"val_precision0.75":0.3888888955116272,"val_recall0.5":0.3076923191547394,"val_precision0.5":0.3333333432674408,"test_auroc":0.503389835357666,"_runtime":2824.068575227,"_step":198,"train_auroc":1,"val_recall0.75":0.26923078298568726,"test_precision0.5":0.2222222238779068}