{"train_loss":1.6275224685668945,"val_balanced_accuracy0.5":0.5,"val_precision0.25":0.2531645596027374,"train_auroc":0.725170373916626,"val_auroc":0.5710808038711548,"test_accuracy0.25":0.37974682450294495,"val_recall0.75":0,"test_precision0.75":0,"val_recall0.25":0.7692307829856873,"test_recall0.5":0,"val_accuracy0.25":0.380952388048172,"val_balanced_accuracy0.25":0.5111976630963972,"val_precision0.75":0,"val_recall0.5":0,"test_accuracy0.5":0.746835470199585,"test_accuracy0.75":0.746835470199585,"_runtime":2138.398090874,"test_balanced_accuracy0.75":0.5,"_step":499,"_wandb":{"runtime":2138},"test_balanced_accuracy0.5":0.5,"test_precision0.5":0,"_timestamp":1.7499297195690114e+09,"val_accuracy0.75":0.7523809671401978,"val_balanced_accuracy0.75":0.5,"test_balanced_accuracy0.25":0.5186440677966102,"test_recall0.75":0,"test_precision0.25":0.26229506731033325,"test_auroc":0.45508477091789246,"val_accuracy0.5":0.7523809671401978,"test_recall0.25":0.800000011920929,"val_precision0.5":0}