{"test_accuracy0.25":0.675000011920929,"test_auroc":0.559166669845581,"_runtime":27420.423357987,"test_recall0.5":0.15000000596046448,"train_auroc":0.9996874332427979,"val_precision0.5":0.21739129722118378,"val_recall0.25":0.29629629850387573,"val_balanced_accuracy0.75":0.4615740740740741,"val_precision0.25":0.2666666805744171,"_timestamp":1.7547375723448715e+09,"val_accuracy0.25":0.6168224215507507,"val_accuracy0.5":0.6261682510375977,"test_precision0.5":0.2142857164144516,"val_balanced_accuracy0.5":0.4800925925925926,"val_accuracy0.75":0.6168224215507507,"test_accuracy0.75":0.6625000238418579,"test_recall0.75":0.15000000596046448,"train_loss":0.05195135623216629,"val_auroc":0.5317129492759705,"val_recall0.75":0.14814814925193787,"test_balanced_accuracy0.75":0.4916666666666667,"_wandb":{"runtime":27420},"test_balanced_accuracy0.25":0.5333333333333333,"test_recall0.25":0.25,"test_precision0.75":0.23076923191547394,"test_precision0.25":0.3125,"test_accuracy0.5":0.6499999761581421,"val_precision0.75":0.1818181872367859,"_step":629,"val_balanced_accuracy0.25":0.5106481481481482,"test_balanced_accuracy0.5":0.48333333333333334,"val_recall0.5":0.18518517911434174}