{"val_recall0.75":0,"_timestamp":1.7534648338499992e+09,"val_accuracy0.25":0.3333333432674408,"val_accuracy0.5":0.3333333432674408,"val_balanced_accuracy0.5":0.5,"_runtime":59.5489375,"val_recall0.5":1,"val_recall0.25":1,"val_balanced_accuracy0.25":0.5,"val_balanced_accuracy0.75":0.5,"val_precision0.5":0.3333333432674408,"_wandb":{"runtime":59},"val_accuracy0.75":0.6666666865348816,"val_auroc":0.5,"val_precision0.25":0.3333333432674408,"val_precision0.75":0,"_step":0}