{"val_recall0.75":0,"val_precision0.5":0.2068965584039688,"test_balanced_accuracy0.5":0.4898305084745763,"val_accuracy0.75":0.7523809671401978,"val_recall0.5":0.23076923191547394,"test_auroc":0.5508474111557007,"_step":175,"val_balanced_accuracy0.25":0.46153846153846156,"val_precision0.25":0.2330097109079361,"train_loss":1.7996538877487183,"val_recall0.25":0.9230769276618958,"val_balanced_accuracy0.75":0.5,"test_recall0.5":0.20000000298023224,"test_accuracy0.25":0.2531645596027374,"test_recall0.75":0,"test_balanced_accuracy0.25":0.5,"val_accuracy0.5":0.5904762148857117,"val_balanced_accuracy0.5":0.46981499513145086,"train_auroc":0.7622376680374146,"test_accuracy0.75":0.746835470199585,"val_accuracy0.25":0.22857142984867096,"test_recall0.25":1,"test_balanced_accuracy0.75":0.5,"test_precision0.25":0.2531645596027374,"test_precision0.5":0.23529411852359772,"val_auroc":0.49707886576652527,"test_precision0.75":0,"val_precision0.75":0,"_runtime":752.695678555,"_timestamp":1.751440769139199e+09,"_wandb":{"runtime":752},"test_accuracy0.5":0.6329113841056824}