{"test_accuracy0.75":0.6329113841056824,"test_recall0.25":0.20000000298023224,"test_precision0.5":0.25,"train_loss":5.212269115872914e-06,"test_accuracy0.5":0.6455696225166321,"test_precision0.25":0.21052631735801697,"test_precision0.75":0.20000000298023224,"val_accuracy0.75":0.723809540271759,"val_recall0.75":0.38461539149284363,"_runtime":2274.277146535,"val_precision0.75":0.43478259444236755,"val_balanced_accuracy0.5":0.5973709834469328,"val_recall0.25":0.42307692766189575,"val_precision0.5":0.4000000059604645,"test_auroc":0.550000011920929,"_timestamp":1.7507193314393313e+09,"val_accuracy0.25":0.7142857313156128,"test_balanced_accuracy0.5":0.49830508474576274,"val_recall0.5":0.38461539149284363,"test_accuracy0.25":0.607594907283783,"train_auroc":1,"_wandb":{"runtime":2274},"val_precision0.25":0.42307692766189575,"val_balanced_accuracy0.75":0.6100292112950341,"val_balanced_accuracy0.25":0.616601752677702,"test_recall0.5":0.20000000298023224,"test_balanced_accuracy0.25":0.4728813559322034,"test_balanced_accuracy0.75":0.4733050847457627,"val_auroc":0.6219571828842163,"test_recall0.75":0.15000000596046448,"val_accuracy0.5":0.7047619223594666,"_step":242}