{"test_recall0.75":0.25,"val_recall0.5":0.11538461595773697,"val_auroc":0.4639727473258972,"val_precision0.5":0.2142857164144516,"val_accuracy0.25":0.6190476417541504,"val_accuracy0.75":0.6952381134033203,"test_recall0.5":0.25,"test_accuracy0.5":0.6708860993385315,"train_loss":0.0003207921690773219,"_wandb":{"runtime":690},"test_auroc":0.5538135766983032,"test_balanced_accuracy0.5":0.5317796610169492,"test_precision0.5":0.3125,"val_balanced_accuracy0.75":0.48782862706913344,"test_recall0.25":0.25,"val_balanced_accuracy0.5":0.48807205452775076,"test_balanced_accuracy0.25":0.5148305084745763,"test_balanced_accuracy0.75":0.5317796610169492,"val_accuracy0.5":0.6761904954910278,"val_balanced_accuracy0.25":0.45009737098344693,"_step":272,"test_accuracy0.75":0.6708860993385315,"val_recall0.75":0.07692307978868484,"test_precision0.25":0.2777777910232544,"test_precision0.75":0.3125,"train_auroc":1,"_timestamp":1.7501228024878771e+09,"val_recall0.25":0.11538461595773697,"val_precision0.25":0.15000000596046448,"_runtime":690.332568238,"val_precision0.75":0.20000000298023224,"test_accuracy0.25":0.6455696225166321}