{"val_precision0.5":0.3529411852359772,"test_precision0.25":0.1111111119389534,"val_balanced_accuracy0.5":0.5915287244401168,"test_recall0.5":0.10000000149011612,"test_precision0.75":0.10526315867900848,"test_balanced_accuracy0.75":0.4059322033898305,"val_auroc":0.5861732959747314,"val_recall0.25":0.5,"train_loss":1.0184559187109699e-06,"val_recall0.75":0.4615384638309479,"test_accuracy0.5":0.5189873576164246,"val_accuracy0.25":0.6666666865348816,"test_accuracy0.75":0.5569620132446289,"val_accuracy0.75":0.6571428775787354,"test_accuracy0.25":0.4810126721858978,"test_balanced_accuracy0.25":0.3716101694915254,"val_accuracy0.5":0.6571428775787354,"test_recall0.25":0.15000000596046448,"val_precision0.75":0.3529411852359772,"val_precision0.25":0.37142857909202576,"_timestamp":1.7498391048961973e+09,"val_balanced_accuracy0.25":0.610759493670886,"_runtime":1862.86845939,"val_balanced_accuracy0.75":0.5915287244401168,"test_recall0.75":0.10000000149011612,"test_auroc":0.36228811740875244,"test_precision0.5":0.09090909361839294,"_step":499,"train_auroc":1,"test_balanced_accuracy0.5":0.3805084745762712,"val_recall0.5":0.4615384638309479,"_wandb":{"runtime":1862}}