{"val_precision0.25":0.2711864411830902,"test_balanced_accuracy0.75":0.5466101694915254,"val_precision0.75":0.28947368264198303,"test_accuracy0.5":0.5822784900665283,"test_precision0.5":0.3243243098258972,"train_loss":0.07341708242893219,"_runtime":1110.98424675,"val_recall0.25":0.6153846383094788,"test_accuracy0.75":0.5696202516555786,"val_accuracy0.25":0.4952380955219269,"val_auroc":0.585686445236206,"test_auroc":0.6093220114707947,"val_accuracy0.5":0.5428571701049805,"val_recall0.5":0.5,"_timestamp":1.7502566248026538e+09,"val_accuracy0.75":0.6000000238418579,"test_recall0.75":0.5,"test_balanced_accuracy0.25":0.6542372881355932,"test_balanced_accuracy0.5":0.5881355932203389,"val_balanced_accuracy0.25":0.5355404089581305,"test_accuracy0.25":0.5822784900665283,"val_balanced_accuracy0.75":0.5406523855890945,"val_balanced_accuracy0.5":0.5284810126582278,"test_precision0.25":0.35555556416511536,"test_recall0.25":0.800000011920929,"val_recall0.75":0.42307692766189575,"val_precision0.5":0.2708333432674408,"_wandb":{"runtime":1110},"test_recall0.5":0.6000000238418579,"test_precision0.75":0.29411765933036804,"_step":365,"train_auroc":0.9995192289352417}