{"test_precision0.25":0.3636363744735718,"_timestamp":1.751420251526541e+09,"_step":391,"val_precision0.25":0.3125,"test_balanced_accuracy0.5":0.5326271186440678,"val_accuracy0.5":0.7142857313156128,"test_balanced_accuracy0.25":0.5406779661016949,"_runtime":6312.826817138,"test_accuracy0.75":0.7341772317886353,"val_recall0.5":0.19230769574642181,"test_recall0.25":0.20000000298023224,"val_recall0.75":0.07692307978868484,"train_auroc":1,"test_precision0.75":0.4285714328289032,"test_precision0.5":0.375,"val_auroc":0.5209347605705261,"test_accuracy0.5":0.7215189933776855,"val_balanced_accuracy0.5":0.5391918208373905,"test_balanced_accuracy0.75":0.5411016949152542,"val_accuracy0.25":0.6952381134033203,"val_accuracy0.75":0.7047619223594666,"val_balanced_accuracy0.75":0.494157740993184,"test_recall0.5":0.15000000596046448,"val_balanced_accuracy0.25":0.5265335929892893,"val_precision0.5":0.3571428656578064,"test_accuracy0.25":0.7088607549667358,"test_recall0.75":0.15000000596046448,"test_auroc":0.5093220472335815,"train_loss":0.002372724935412407,"_wandb":{"runtime":6312},"val_recall0.25":0.19230769574642181,"val_precision0.75":0.2222222238779068}