{"train_auroc":0.9548960328102112,"test_precision":0.3333333432674408,"val_accuracy":0.84375,"test_recall":0.10000000149011612,"test_accuracy":0.7215189933776855,"test_auroc":0.5161017179489136,"val_recall":0.375,"val_precision":1,"_step":85,"train_loss":0.06462053209543228,"val_auroc":0.6875,"val_loss":0.5736643075942993,"_timestamp":1.7474409037540085e+09,"_wandb":{"runtime":781},"_runtime":781.242074287}