{"val_auroc":0.47777777910232544,"test_recall0.25":0.6000000238418579,"val_precision0.5":0.2142857164144516,"test_accuracy0.75":0.625,"test_precision0.25":0.2926829159259796,"_runtime":7950.135413095,"test_accuracy0.5":0.5625,"train_loss":0.4383006691932678,"val_accuracy0.25":0.4579439163208008,"test_balanced_accuracy0.25":0.5583333333333333,"val_accuracy0.5":0.44859811663627625,"_wandb":{"runtime":7950},"train_auroc":0.985781192779541,"test_balanced_accuracy0.5":0.5416666666666667,"val_accuracy0.75":0.5887850522994995,"test_precision0.75":0.2916666567325592,"val_recall0.5":0.4444444477558136,"test_accuracy0.25":0.5375000238418579,"val_balanced_accuracy0.5":0.4472222222222222,"test_precision0.5":0.2857142984867096,"val_recall0.75":0.25925925374031067,"val_balanced_accuracy0.25":0.4902777777777778,"_step":340,"_timestamp":1.7539633704468539e+09,"test_balanced_accuracy0.75":0.5333333333333333,"val_precision0.75":0.22580644488334656,"test_auroc":0.5475000143051147,"val_recall0.25":0.5555555820465088,"val_precision0.25":0.24590164422988892,"test_recall0.5":0.5,"test_recall0.75":0.3499999940395355,"val_balanced_accuracy0.75":0.47962962962962963}