{"val_accuracy":0.25,"val_balanced_accuracy":0.5,"val_precision":0.25,"_wandb":{"runtime":3119},"_timestamp":1.7478589316292894e+09,"test_balanced_accuracy":0.5,"test_auroc":0.6211864948272705,"val_auroc":0.5729166269302368,"test_precision":0.2531645596027374,"val_recall":0.25,"test_accuracy":0.2531645596027374,"test_recall":0.2531645596027374,"train_loss":0.6985138058662415,"val_loss":0.6934381127357483,"_runtime":3119.607059421,"_step":72,"train_auroc":0.49349430203437805}