{"val_accuracy0.5":0.6603773832321167,"test_precision0.5":0.25,"test_balanced_accuracy0.25":0.5,"test_accuracy0.25":0.6499999761581421,"test_accuracy0.75":0.7124999761581421,"val_recall0.5":0.19230769574642181,"test_accuracy0.5":0.699999988079071,"val_balanced_accuracy0.25":0.5168269230769231,"train_loss":0.28314507007598877,"test_precision0.25":0.25,"val_accuracy0.75":0.7358490824699402,"_wandb":{"runtime":4415},"test_auroc":0.5416666865348816,"val_precision0.75":0.4166666567325592,"test_balanced_accuracy0.5":0.5,"test_balanced_accuracy0.75":0.475,"val_balanced_accuracy0.75":0.5524038461538462,"val_recall0.75":0.19230769574642181,"_runtime":4415.910344072,"_timestamp":1.7538739108496065e+09,"train_auroc":0.9982991218566895,"val_precision0.25":0.2647058963775635,"test_recall0.5":0.10000000149011612,"val_accuracy0.25":0.6037735939025879,"val_auroc":0.6019231081008911,"test_recall0.75":0,"test_precision0.75":0,"val_precision0.5":0.25,"val_recall0.25":0.3461538553237915,"val_balanced_accuracy0.5":0.5024038461538461,"test_recall0.25":0.20000000298023224,"_step":999}