{"test_auroc":0.5652542114257812,"val_recall0.25":1,"test_accuracy0.25":0.26582279801368713,"test_precision0.25":0.25641027092933655,"val_auroc":0.4760638177394867,"val_precision0.25":0.2539682686328888,"train_loss":1.7093501091003418,"val_balanced_accuracy0.5":0.5,"_wandb":{"runtime":36},"val_precision0.75":0,"val_accuracy0.75":0.7460317611694336,"test_recall0.5":0,"test_recall0.25":1,"train_auroc":0.4570458233356476,"test_accuracy0.75":0.746835470199585,"test_precision0.75":0,"val_balanced_accuracy0.25":0.5,"_runtime":36.979861263,"test_balanced_accuracy0.75":0.5,"val_precision0.5":0,"val_accuracy0.5":0.7460317611694336,"_timestamp":1.7497377145922604e+09,"_step":4,"test_recall0.75":0,"test_balanced_accuracy0.25":0.5084745762711864,"val_balanced_accuracy0.75":0.5,"val_recall0.5":0,"val_recall0.75":0,"test_precision0.5":0,"test_balanced_accuracy0.5":0.5,"test_accuracy0.5":0.746835470199585,"val_accuracy0.25":0.2539682686328888}