{"_step":206,"train_auroc":0.4572070240974426,"val_balanced_accuracy0.75":0.5,"test_balanced_accuracy0.75":0.5,"test_balanced_accuracy0.5":0.5,"val_accuracy0.5":0.25233644247055054,"val_recall0.5":1,"test_accuracy0.75":0.75,"val_accuracy0.75":0.7476635575294495,"_wandb":{"runtime":9180},"test_precision0.5":0.25,"test_auroc":0.5250000357627869,"val_recall0.75":0,"_timestamp":1.754654815746559e+09,"test_precision0.75":0,"test_accuracy0.5":0.25,"val_auroc":0.4826388955116272,"val_accuracy0.25":0.25233644247055054,"val_precision0.25":0.25233644247055054,"val_recall0.25":1,"test_recall0.25":1,"test_balanced_accuracy0.25":0.5,"val_precision0.75":0,"test_precision0.25":0.25,"val_precision0.5":0.25233644247055054,"_runtime":9180.52142559,"train_loss":2.080883741378784,"val_balanced_accuracy0.25":0.5,"val_balanced_accuracy0.5":0.5,"test_recall0.5":1,"test_accuracy0.25":0.25,"test_recall0.75":0}