{"val_balanced_accuracy0.5":0.5,"val_balanced_accuracy0.25":0.5,"_runtime":888.60050765,"val_precision0.25":0.24761904776096344,"val_accuracy0.25":0.24761904776096344,"test_balanced_accuracy0.75":0.5,"_timestamp":1.750170145638643e+09,"train_auroc":0.5132534503936768,"test_accuracy0.25":0.2531645596027374,"val_auroc":0.51947420835495,"test_recall0.25":1,"val_recall0.5":0,"val_accuracy0.5":0.7523809671401978,"test_precision0.5":0,"val_precision0.5":0,"test_balanced_accuracy0.25":0.5,"val_balanced_accuracy0.75":0.5,"test_accuracy0.5":0.746835470199585,"test_precision0.25":0.2531645596027374,"val_accuracy0.75":0.7523809671401978,"test_accuracy0.75":0.746835470199585,"test_recall0.5":0,"test_recall0.75":0,"val_recall0.75":0,"val_recall0.25":1,"test_balanced_accuracy0.5":0.5,"train_loss":2.0935773849487305,"val_precision0.75":0,"test_precision0.75":0,"_wandb":{"runtime":888},"test_auroc":0.5254237651824951,"_step":241}